screening_ordinal,batch_id,pmid,doi,title,abstract,year,journal,assisted_recommendation,assisted_confidence,assisted_rationale,primary_decision,reason_code,primary_screener,decision_timestamp,evidence_note,decision_version,second_verification_state,adjudication_state,run71_flags,run71_audit_state
501,TA-03,42814962,10.2196/86725,From Prototype to Practice: Mixed Methods Study of Human-Centered Design and Usability Evaluation of Augmented Reality for Complex Oncology Surgical Workflows.,"Hepato-pancreato-biliary (HPB) oncology involves complex surgical planning and multidisciplinary decision-making that present significant cognitive, spatial, and communicative challenges. While augmented reality (AR) technologies are emerging as valuable tools in surgical planning, most existing systems are developed in a technologically deterministic manner, often without consideration of patients' lived experiences or the collaborative needs of multidisciplinary clinical teams. This limits their integration into complex workflows and their potential for meaningful clinical impact. This study aimed to co-design and evaluate a human-centered AR system that supports spatial understanding, emotional sensitivity, and collaborative decision-making in HPB surgical oncology. This mixed methods human-centered design study was conducted between February 2024 and September 2025 and comprised 2 phases. In Phase 1, convenience sampling was used to recruit 14 oncology health care professionals (surgeons, oncologists, and psycho-oncology specialists) and 10 patients with cancer from multidisciplinary oncology care settings to participate in co-design workshops and semistructured interviews exploring the cognitive, communicative, emotional, and workflow requirements for an AR system supporting HPB surgical oncology. Qualitative data were analyzed using reflexive thematic analysis and informed iterative prototype development. In Phase 2, the resulting AR prototype was evaluated through usability testing with 10 hepatobiliary clinicians using simulated multidisciplinary tumor board planning scenarios. Usability was assessed using the System Usability Scale (SUS), supplemented by observational data and qualitative feedback. The co-design process identified intersecting spatial, cognitive, emotional, and communicative challenges in HPB surgical oncology. These findings informed the iterative development of an AR prototype that functioned as a shared cognitive and communicative workspace. The system enabled collaborative manipulation of 3D anatomical models, emotionally calibrated visualizations, and seamless integration with existing planning workflows. The prototype achieved a mean SUS score of 67.25 (SD 7.95), indicating acceptable usability. In simulated multidisciplinary tumor board scenarios, clinicians reported improved spatial understanding, reduced cognitive load, and enhanced interdisciplinary communication. Patients with cancer participating in the co-design phase valued the ability to engage with their own anatomy in an emotionally manageable way and reported that interactive visualization improved their understanding and sense of agency. Overall, the findings suggest that AR systems designed with human-centered methods can function not only as visualization tools but also as boundary objects that support communication and distributed cognition in complex cancer care settings. A human-centered co-design process can guide the development of AR systems that extend beyond technical novelty to become emotionally attuned, cognitively supportive, and workflow-compatible tools in surgical oncology. By foregrounding the needs of both patients and professionals, AR can function as a boundary object that facilitates collaborative decision-making, empathetic communication, and multidisciplinary coordination in complex oncology care. This study provides actionable design recommendations for developing AR technologies that are meaningfully integrated into complex clinical contexts.",2026,JMIR human factors,INCLUDE_CANDIDATE,HIGH,Explicit AR/MR signal: augmented reality,,,,,,,,,,LIKELY_ADVANCE_PENDING_PRIMARY_REVIEW
502,TA-03,42813391,10.1002/1545-5017.70721,"Augmented Reality-Supported Cognitive Behavioral Therapy for Children With Cancer: A Multicenter, Three-Arm Randomized Controlled Trial.","Children undergoing cancer treatment experience high anxiety, procedural distress, and impaired quality of life (QoL), yet scalable psychosocial interventions remain scarce. We tested whether an augmented reality (AR)-supported, manualized cognitive behavioral therapy program (AR-CBT; the ""My Hospital Buddy Ida"" application plus a workbook) improves psychosocial outcomes more than standard CBT or usual care. In a multicenter, three-arm, assessor-blinded randomized controlled trial at six recruiting sites in Türkiye, 114 children aged 6-12 years within the first 4 months of chemotherapy were randomized to AR-CBT, standard CBT (workbook only), or usual care; both active arms received nine clinician-delivered sessions. The primary outcome was the child-reported Pediatric Quality of Life Inventory (PedsQL) Cancer Module total score. Pre-specified secondary outcomes included resilience, parent-reported behavior problems, state anxiety, parent-proxy QoL, and anticipatory fatigue, nausea, and distress. Analyses adjusted for baseline and age. Ninety-three children completed the trial (AR-CBT n = 36; standard CBT n = 28; usual care n = 29). AR-CBT yielded higher post-treatment PedsQL total scores than both comparators (F[2,88] = 12.98, p < 0.001, partial η2 = 0.23), with parallel gains across most subscales. Resilience was higher after AR-CBT (p < 0.001), parent-reported anxiety problems decreased (F = 5.75, p = 0.004), and anticipatory fatigue, nausea, and distress all declined (p ≤ 0.014). Acceptability was high in all arms (97.2% in AR-CBT; between-arm differences nonsignificant). AR-supported CBT was feasible, acceptable, and superior to standard CBT and usual care for QoL, resilience, and symptom-related distress, supporting AR-CBT as a scalable vehicle for evidence-based psychotherapy in pediatric oncology. ClinicalTrials.gov: NCT07742059 (first submitted July 21, 2026, first posted August 3, 2026). Enrollment began in April 2024, so registration was retrospective. The study design and primary outcome were pre-specified in the Institutional Review Board (IRB)-approved protocol (2023.128.IRB1.040, approved April 12, 2023) before enrollment began.",2026,Pediatric blood & cancer,INCLUDE_CANDIDATE,HIGH,Explicit AR/MR signal: augmented reality,,,,,,,,,,LIKELY_ADVANCE_PENDING_PRIMARY_REVIEW
503,TA-03,42810801,10.1136/bmjopen-2026-119628,"Home-based virtual reality telerehabilitation for people with Parkinson's disease: a scoping review of delivery, supervision and implementation.","To map the delivery models, supervision approaches and implementation characteristics of home-based virtual reality (VR) telerehabilitation for people with Parkinson's disease (PD). This scoping review was reported in accordance with the Preferred Reporting Items for Systematic Reviews and Meta-Analyses extension for Scoping Reviews checklist. PubMed, Scopus, CENTRAL and PEDro were searched from inception to 10 January 2026. Searches were restricted to English-language publications. Studies evaluating immersive or non-immersive VR-based telerehabilitation delivered at home for adults with clinician-diagnosed PD, with a remote support component (synchronous, asynchronous or structured remote monitoring). Observational, qualitative and review designs were excluded. Two reviewers independently screened records, selected studies and charted data on delivery model, technology, onboarding, supervision, monitoring, dose and feasibility/safety. Results were synthesised using descriptive numerical summary and narrative analysis. 18 studies (745 participants) met the inclusion criteria. 16 studies (89%) used fully home-based delivery; structured clinic-to-home transitions were rare. Technologies ranged from commercial gaming consoles (Nintendo Wii, Microsoft Kinect) to custom-built augmented reality, tablet-based and sensor-integrated platforms, with no dominant system. Asynchronous supervision, mainly through scheduled telephone calls, was used in most studies (50%), while only two (11%) employed real-time synchronous supervision. Dose prescriptions varied widely: programme durations spanned 2 weeks to 6 months, session frequencies ranged from two to five times per week and session lengths ranged from approximately 15 to 50 min. Adherence was generally high across studies; however, adverse event monitoring was inconsistently reported. Most evidence came from Europe and Oceania, with limited representation from other world regions. Home-based VR telerehabilitation for PD is predominantly delivered through fully home-based, asynchronously supervised models, with considerable variability in technologies, dose prescriptions and safety reporting. Standardised dose reporting, structured adverse event monitoring, evidence-based supervision guidelines and geographically diverse trials are needed to support translation into routine clinical care.",2026,BMJ open,INCLUDE_CANDIDATE,HIGH,Explicit AR/MR signal: augmented reality,,,,,,,,,SECONDARY_OR_COMMENTARY_TITLE,PRIORITY_VERIFY
505,TA-03,42807040,10.3389/fpsyt.2026.1948675,Augmented reality-supported self-care training and clinical outcomes in patients with major depressive disorder: a retrospective propensity score-matched cohort study.,"Augmented reality (AR) has emerged as a promising educational tool in mental health care; however, evidence regarding its integration into routine psychiatric nursing practice remains limited. This study examined whether participation in an AR-supported self-care training program was associated with improved clinical and functional outcomes among patients with Major Depressive Disorder (MDD) receiving standard psychiatric nursing care. A retrospective propensity score-matched cohort study was conducted using electronic medical record data from 342 inpatients and outpatients treated at a tertiary psychiatric hospital in Changsha, Hunan, China between January 2023 and June 2025. All patients received routine psychiatric nursing services. A subgroup additionally participated in an AR-supported self-care education program focused on illness management, daily self-care, emotion regulation, and social functioning. Propensity score methods were used to balance baseline demographic and clinical characteristics between exposure groups. Primary outcomes included changes in depressive symptom severity measured by the Hamilton Depression Rating Scale (HAM-D-17) and self-care agency measured by the Exercise of Self-Care Agency (ESCA) Scale. Secondary outcomes included medication adherence and healthcare utilization indicators. Within the propensity score-matched cohort, participation in the AR-supported program was associated with significantly greater improvement in self-care agency and modestly greater reduction in depressive symptoms compared with standard care alone (both p <.001). Medication adherence was also higher among AR participants. Within the AR group, the number of completed sessions was positively correlated with improvement in self-care agency (r = 0.29, p <.001), whereas the association with symptom reduction was weaker. Multivariable analyses identified AR participation as an independent predictor of both functional and clinical improvement. AR-supported self-care education may represent a useful adjunct to psychiatric nursing practice by enhancing patient engagement, self-management capacity, and treatment adherence among individuals with MDD. Prospective studies are needed to confirm these findings and evaluate long-term outcomes.",2026,Frontiers in psychiatry,INCLUDE_CANDIDATE,HIGH,Explicit AR/MR signal: augmented reality,,,,,,,,,,LIKELY_ADVANCE_PENDING_PRIMARY_REVIEW
506,TA-03,42804754,10.2196/95904,Refining the Immersive Technology Evaluation Measure for Virtual Reality Clinical Skills Among Native Arabic-Speaking Medical Students: Qualitative Study.,"Extended reality technologies, including virtual reality (VR), augmented reality, and mixed reality, are increasingly used in medical education to create immersive and interactive learning environments. As these modalities expand, validated instruments are needed to measure learners' experiences accurately. The Immersive Technology Evaluation Measure (ITEM) is a multidomain questionnaire assessing immersion, motivation, cognitive load, usability, and debriefing. Although cognitive interviewing informed its original development, less is known about how ITEM questions function when used in a different linguistic and educational context. This study aimed to evaluate the clarity, comprehensibility, and response processes of ITEM among native Arabic-speaking medical students enrolled in an English-medium medical program. We also sought to identify linguistic, referential, and contextual sources of comprehension difficulty and use these findings to inform proposed item-level refinements. We conducted a qualitative cognitive interviewing study with 10 third-year and fourth-year medical students at United Arab Emirates University following VR-based clinical skills activities. Using concurrent think-aloud and verbal probing techniques, participants explained how they interpreted each ITEM question and arrived at their responses. Interview transcripts, recordings, and interviewer notes were independently reviewed using a descriptive, item-focused approach. Participant feedback was examined for recurring comprehension problems, and proposed item-level decisions were reviewed through research team consensus. Item-level saturation was reached after 8 interviews and confirmed with 2 additional interviews. Participants identified comprehension or response-process problems in 47.5% (19/40) of ITEM questions. Difficulties occurred across all 5 domains and were most frequent in immersion (6/9, 66.7%) and usability (6/10, 60%), followed by debriefing (4/5, 80%), motivation (2/10, 20%), and cognitive load (1/6, 16.7%). Common difficulties involved nonspecific references such as ""activity"" and ""technology,"" unfamiliar or abstract terminology, negative wording, and unclear temporal or contextual framing. For example, ""concern"" was interpreted by some participants as worry rather than focus, and ""mentally demanding"" was interpreted in relation to mental health rather than cognitive effort. Cognitive interviewing informed different item-level decisions rather than a uniform revision: 11 problematic questions received proposed wording or contextual revisions, 2 received presentation-only modifications, and 6 were retained unchanged where clarification could introduce a meaning not clearly established in the original item. Six additional questions received limited contextual or terminology-standardizing changes for consistency. No items were removed, and the original 5-domain structure was retained. Cognitive interviewing identified response-process difficulties that were not apparent from the questionnaire wording alone and provided a systematic basis for determining when clarification was warranted and when the original wording should be preserved. The findings extend response-process evidence for ITEM and illustrate the value of examining established educational measures in new linguistic and educational settings. The proposed refinements provide a foundation for further cognitive testing and psychometric evaluation across immersive learning contexts.",2026,JMIR medical education,INCLUDE_CANDIDATE,HIGH,"Explicit AR/MR signal: augmented reality, mixed reality, extended reality",,,,,,,,,AR_MENTION_MAY_BE_CONTEXT_ONLY,PRIORITY_VERIFY
507,TA-03,42803643,10.33963/v.phj.115040,Malignant left atrial appendage closure in augmented reality.,,2026,Kardiologia polska,INCLUDE_CANDIDATE,HIGH,Explicit AR/MR signal: augmented reality,,,,,,,,,ABSTRACT_MISSING,PRIORITY_VERIFY
508,TA-03,42803629,10.1167/jov.26.9.11,"Lightness perception in augmented reality: Effects of context, background, motion, and disparity.","Lightness constancy-the ability to form a stable percept of surface reflectance despite changes in illumination and context-is critical for the accurate interpretation of visual scenes, including virtual content in optical see-through augmented reality (OST-AR). However, the additive blending of virtual and real-world scenes in AR elevates the luminance of stimuli, which can make it difficult to create a convincing visual impression of low-reflectance surfaces. Here we investigated how a range of visual cues affects lightness perception in OST-AR, with the goal of identifying viewing conditions that expand the range of perceived reflectance for virtual stimuli. In two experiments, participants viewed virtual test patches in a foreground plane and rated their lightness relative to real patches on a paper reference palette. We manipulated four factors: the composition of surrounding elements in the foreground plane, the content and luminance of the background plane, the motion of the background plane, and the relative disparity between foreground and background. We found that the strongest effects on perceived reflectance came from changes to the foreground context: Isolating the test patch or eliminating luminance variation in the surrounding texture substantially reduced the range of perceived reflectance. Surprisingly, even large changes to the background, such as removing texture, introducing motion, or eliminating the depth disparity between foreground and background layers, had much smaller effects. These findings show that lightness perception in OST-AR depends heavily on how the foreground is structured and that including a rich foreground context can help virtual surfaces to generate a wide and realistic range of perceived reflectance.",2026,Journal of vision,INCLUDE_CANDIDATE,HIGH,"Explicit AR/MR signal: augmented reality, optical see-through",,,,,,,,,,LIKELY_ADVANCE_PENDING_PRIMARY_REVIEW
509,TA-03,42801292,10.3791/71617,Protocol for Integrating Augmented Reality Into the Cosmetic Rhinoplasty Workflow.,"Cosmetic rhinoplasty often relies on intraoperative reference images to help achieve the patient's desired aesthetic outcome. However, these images are typically displayed in a two-dimensional (2D) format, which oversimplifies three-dimensional (3D) nasal anatomy and requires the surgeon to divert attention away from the operative field. Augmented reality (AR) technology may address these limitations by projecting patient-specific 3D holographic images into the surgeon's field of view, providing real-time spatial visualization. This article describes a protocol for integrating AR into the cosmetic rhinoplasty workflow using a 3D facial imaging system and a head-mounted mixed-reality display. Preoperative 3D facial images are acquired, collaboratively morphed with the patient to represent the desired surgical outcome, exported as holographic models, and displayed intraoperatively for visual comparison with the surgical field. The protocol was successfully incorporated into the surgical workflow, allowing surgeons to manipulate holographic models in real space during preoperative planning and intraoperative assessment. This protocol provides a reproducible workflow for incorporating AR into cosmetic rhinoplasty and may enhance intraoperative visualization, support surgical decision-making, and facilitate comparison between preoperative planning and intraoperative anatomy.",2026,Journal of visualized experiments : JoVE,INCLUDE_CANDIDATE,HIGH,"Explicit AR/MR signal: augmented reality, mixed-reality",,,,,,,,,,LIKELY_ADVANCE_PENDING_PRIMARY_REVIEW
510,TA-03,42799971,10.1007/s10803-026-07555-2,Multimodal Human-Computer Interaction Interventions for Children and Adolescents With Autism Spectrum Disorder: A Scoping Review.,"Multimodal human-computer interaction (HCI) is increasingly used in interventions for children and adolescents with autism spectrum disorder (ASD), but technological and methodological heterogeneity limits cross-study comparison. This scoping review mapped recent evidence using a pathway framework defined by the dominant interaction mechanism. Following JBI and PRISMA-ScR guidance, we searched Web of Science, Scopus, PubMed, and IEEE Xplore for peer-reviewed empirical publications from 2019 to 2025 and conducted backward and forward citation searches. Publications were classified into four mutually exclusive pathways: extended reality (XR), socially assistive robotics (SAR), exergames or embodied-interaction systems (EXG), and hybrid or adaptive systems (HYB). Seventy-two publications were included: XR (n = 25, 34.7%), SAR (n = 23, 31.9%), EXG (n = 13, 18.1%), and HYB (n = 11, 15.3%). Social communication appeared in 49 publications (68.1%) and cognition or executive function in 32 (44.4%), whereas daily-living or safety-related skills appeared in 5 (6.9%) and sensory processing in 3 (4.2%). Eighteen publications (25.0%) used randomized designs, and five (6.9%) used physiologically or neurally driven closed-loop adaptation. The pathway framework moves beyond device-based categories by focusing on the mechanisms that organize intervention. This framework helps align system design with intervention goals and participant needs in ASD research. Future research should strengthen pathway-specific reporting, longitudinal evaluation in real-world settings, and transparency of adaptive mechanisms.",2026,Journal of autism and developmental disorders,INCLUDE_CANDIDATE,HIGH,Explicit AR/MR signal: extended reality,,,,,,,,,SECONDARY_OR_COMMENTARY_TITLE;AR_MENTION_MAY_BE_CONTEXT_ONLY,PRIORITY_VERIFY
511,TA-03,42799917,10.1007/s00590-026-04971-z,Accuracy of acetabular cup installation angles using two augmented reality navigation systems: computed tomography-based and noninvasive portable systems in total hip arthroplasty.,"This study compared the accuracy of acetabular cup installation angles in total hip arthroplasty (THA) between a CT-based augmented reality (AR) navigation system and a noninvasive AR portable navigation system used simultaneously during surgery. Both navigation systems can be used with acetabular components from multiple manufacturers. This study included 48 hips across 44 patients who underwent primary cementless THA in the supine position. Acetabular cup placement was guided by the AR CT-based navigation system, whereas the noninvasive AR portable navigation system provided a single static measurement after cup fixation. The cohort consisted of 12 male and 36 female hips, with a mean age of 69 years and a mean body mass index (BMI) of 24 kg/m². The target angles for cup placement were 40° for radiographic inclination (RI) and 15° for radiographic anteversion (RA). Navigation errors were defined as the absolute difference between intraoperative navigation values and postoperative CT measurements and compared between groups. RI navigation errors were similar (CT-based AR group vs. noninvasive AR portable group: 2.4°±2.0° vs. 2.8°±2.4°; not significant). In contrast, RA navigation errors were significantly smaller in the CT-based AR group (2.3°±1.8°) than in the noninvasive AR portable group (3.2°±2.4°; p < 0.05). No significant factors influencing navigation errors were identified in either group. In supine THA, under these static measurement conditions, RI navigation error did not differ significantly between the two systems, whereas RA navigation error was significantly greater with the noninvasive AR portable navigation system than with the AR CT-based navigation system.",2026,European journal of orthopaedic surgery & traumatology : orthopedie traumatologie,INCLUDE_CANDIDATE,HIGH,Explicit AR/MR signal: augmented reality,,,,,,,,,,LIKELY_ADVANCE_PENDING_PRIMARY_REVIEW
512,TA-03,42798430,10.3389/fmed.2026.1932798,Toward visualized pathophenotyping: a multimodal imaging-guided conceptual framework for chronic low back pain.,"Chronic low back pain (CLBP) remains a leading cause of disability, yet many current interventions are limited by operator dependence and an inability to target deep pathophysiological drivers. This Perspective proposes Visualized Pathophenotyping, a conceptual precision paradigm that integrates multimodal imaging to characterize patient-specific deep structural and perfusion abnormalities and guide targeted interventions. The framework comprises three pillars: (1) precise assessment using shear wave elastography and infrared thermography or laser Doppler flowmetry to define mechanical and ischemic phenotypes; (2) ultrasound-guided deep mechanical stimulation for accurate targeting of fascial adhesions and myofascial trigger points; and (3) phenotype-specific intelligent monitoring with virtual/augmented reality and wearable AI to sustain tissue remodeling and prevent recurrence. Emerging evidence from randomized trials and meta-analyses suggests that visualization-guided approaches yield superior short-term pain relief and functional improvement compared with blind techniques. Digital therapeutics may enhance adherence and some functional outcomes, although broader biopsychosocial effects remain to be confirmed. By shifting CLBP management from operator-dependent procedures toward objective, data-driven care, this hypothesis-generating framework may reduce recurrence, minimize opioid reliance, and improve scalability, pending validation through prospective multicenter trials of diagnostic accuracy, clinical utility, and cost-effectiveness.",2026,Frontiers in medicine,INCLUDE_CANDIDATE,HIGH,Explicit AR/MR signal: augmented reality,,,,,,,,,AR_MENTION_MAY_BE_CONTEXT_ONLY,PRIORITY_VERIFY
513,TA-03,42796396,10.3390/medicina62091790,"Augmented Reality, Mixed Reality, Computer Vision, and Three-Dimensional Modeling in Fertility-Preserving Minimally Invasive Gynecologic Surgery: A Scoping Review with Narrative Synthesis.","Background and Objectives: Augmented reality (AR), mixed reality (MR), computer vision, artificial intelligence (AI), and three-dimensional (3D) modeling may be particularly relevant in fertility-preserving gynecologic surgery, where disease must be treated while uterine architecture, reproductive anatomy, and future fertility potential are preserved. This scoping review mapped and appraised the current evidence, with emphasis on myomectomy, adenomyomectomy, and endometriosis surgery. Materials and Methods: A scoping review with narrative synthesis was conducted and reported according to the PRISMA Extension for Scoping Reviews (PRISMA-ScR). PubMed/MEDLINE, Scopus, and Google Scholar were searched from database inception to 16 May 2026. Records were appraised with design-appropriate instruments: Joanna Briggs Institute (JBI) principles, Risk Of Bias In Non-randomized Studies of Interventions (ROBINS-I), randomized-trial risk-of-bias domains, and structured feasibility criteria. Results: Of 528 records identified, 20 were included. Eleven involved application of the technology in the care of patients; of these, only two were comparative-one retrospective matched case-control study of AR-assisted myomectomy and adenomyomectomy, and one single-center randomized controlled trial of 3D-printed model-assisted myomectomy. The remaining nine were enabling technologies validated on image datasets, operative video, ex vivo models, or animal models. Only one study reported a reproductive outcome-pregnancy rates in a retrospective matched series of 34 patients, which did not differ between groups-and no study reported live birth, obstetric, or long-term reproductive-safety outcomes. Conclusions: Current evidence supports technical feasibility and preoperative planning value but does not demonstrate improvement in reproductive outcomes; here ""fertility-preserving"" denotes the clinical context of the surgery rather than a demonstrated reproductive benefit. Adequately powered controlled studies reporting fertility-relevant endpoints are required.",2026,"Medicina (Kaunas, Lithuania)",INCLUDE_CANDIDATE,HIGH,"Explicit AR/MR signal: augmented reality, mixed reality",,,,,,,,,SECONDARY_OR_COMMENTARY_TITLE,PRIORITY_VERIFY
514,TA-03,42796131,10.3390/mi17091012,"Transparent, Low-Hysteresis Complementary Inverters Using p-Channel SWNT and n-Channel IGZO TFTs for Light-to-Frequency Conversion.","Transparent and stable complementary inverters that can simultaneously support analog amplification and digital oscillation under optical stimulation are highly demanded for future see-through optoelectronic systems such as smart windows, augmented-reality interfaces, and on-skin photonic sensors. In this work, we report fully transparent, low hysteresis complementary inverters composed of a p-channel single-walled carbon nanotube (SWNT) thin-film transistor (TFT) with a top-gate iCVD pC1D1 polymer dielectric and an n-channel indium-gallium-zinc oxide (IGZO) TFT with a bottom-gate Al2O3 dielectric, both fabricated on ITO-coated glass substrates. The two TFTs exhibit well-matched output characteristics in opposite carrier polarities, enabling a CMOS-like inverter operation that delivers rail-to-rail switching, high voltage gain and a small hysteresis of less than 200 mV between forward and reverse sweeps. Furthermore, the UV photoresponse of the IGZO channel allows for systematic modulation of the inverter switching voltage (VM) and small-signal gain with the incident UV intensity. Cascading the proposed inverter into three-, five-, and seven-stage ring oscillators yields stable rail-to-rail oscillation in which the oscillation frequency (fosc) and the power consumption (P = CL · VDD2 · fosc · N) are tunable in real time by the UV intensity, realizing transparent light-to-frequency conversion at the circuit level. These results establish a route to low-power, see-through optoelectronic logic platforms that combine carbon-nanotube and oxide-semiconductor technologies on a common transparent substrate.",2026,Micromachines,INCLUDE_CANDIDATE,HIGH,Explicit AR/MR signal: augmented-reality,,,,,,,,,AR_MENTION_MAY_BE_CONTEXT_ONLY,PRIORITY_VERIFY
515,TA-03,42794184,10.3390/children13091164,Effects of Augmented Reality Motor Training on Gait and Balance in Children with Cerebral Palsy: Randomized Controlled Trial.,"Background: The current evidence regarding the impact of augmented reality (AR) rehabilitation on motor function in children with cerebral palsy (CP) remains limited. Objectives: This study aimed to evaluate whether integrating AR motor training (ARMT) into conventional rehabilitation enhances gait and balance outcomes compared to conventional rehabilitation alone. Methods: Forty children aged 7 to 12 years with unilateral or bilateral spastic CP were randomly assigned to receive either ARMT integrated into a 4-week conventional rehabilitation program (n = 20) or conventional rehabilitation alone (n = 20). The ARMT replaced 20-30 min of standard motor therapy five days per week. Gait and balance were assessed pre- and post-intervention using an instrumented 10 m walk test with the G-Walk sensor, the MABC-2 one-leg balance task, and the Pediatric Balance Scale. Due to unavailability of data from five control-group participants, analyses were conducted on 35 children using available-case mixed-model approaches. Results: Nominally significant between-group differences in pre- to post-intervention changes were observed for left stride cycle duration (mean difference: -0.083 s; 95% confidence interval [CI]: [-0.166, -0.0002]; p = 0.049), right stride cycle duration (-0.095 s; 95% CI: [-0.185, -0.006]; p = 0.038), the coefficient of variation of the first double-support phase on the right side (-8.91 percentage points; 95% CI: [-17.39, -0.44]; p = 0.040), and the left propulsion index (2.42 m/s2; 95% CI: [0.39, 4.45]; p = 0.021). No statistically significant differences were detected between groups for balance measures, gait speed, stride length, gait quality, or symmetry. Conclusions: Incorporation of four weeks of ARMT into conventional rehabilitation did not yield substantial additional benefits for gait or balance in this cohort. The observed effects on gait timing, variability, and propulsion are exploratory and warrant validation in larger, adequately powered studies with pre-specified primary outcomes.",2026,"Children (Basel, Switzerland)",INCLUDE_CANDIDATE,HIGH,Explicit AR/MR signal: augmented reality,,,,,,,,,,LIKELY_ADVANCE_PENDING_PRIMARY_REVIEW
516,TA-03,42793357,10.3390/brainsci16090932,Patient-Specific 3D-Printed Models and Mixed-Reality Head-Mounted Display Visualization for Aneurysm Clip Ligation Planning: A Methodological Workflow Study.,"Mixed-reality head-mounted display (MR-HMD) visualization and 3D-printed models may improve three-dimensional visualization in neurosurgical planning. Detailed, reproducible descriptions of the workflows, technical requirements, and practical limitations of these techniques in aneurysm clip ligation planning remain limited. Between February 2020 and June 2021, patient-specific MR-HMD visualizations and 3D-printed models were generated for 29 patients undergoing elective surgical clip ligation of intracranial aneurysms. CT and 3D rotational angiography were fused to create patient-specific holograms for MR-HMD visualization and 3D-printed models. All cases underwent standardized modality-specific processing. Preparation and manufacturing times as well as recorded workflow-related usability observations, technical advantages, and limitations were assessed. The mean total preparation time (mean ± standard deviation, SD) was 40.6 ± 10.3 min for MR-HMD visualization and 108.8 ± 17.8 min for 3D-printed models, excluding printing, washing, and curing time. The average printing time for 3D-printed models was 894.9 ± 41.6 min. MR-HMD setup in the operating room averaged 7.0 ± 2.8 min. Identified limitations included manual hologram registration and repositioning after table or patient position changes, as well as the inability to track instruments or interact with the hologram. Both modalities could be integrated into a standardized patient-specific workflow and serve complementary functions. MR-HMD visualization supported flexible short-term visualization, whereas 3D-printed models provided a physical model for clip planning and patient education at the cost of longer preparation and production. These findings support a combined workflow in which modality selection is guided by clinical tasks and time constraints.",2026,Brain sciences,INCLUDE_CANDIDATE,HIGH,"Explicit AR/MR signal: mixed-reality, head-mounted display",,,,,,,,,,LIKELY_ADVANCE_PENDING_PRIMARY_REVIEW
517,TA-03,42791950,10.3390/bioengineering13091078,A Projector-Based Augmented-Reality Localization Device for Breast-Conserving Surgery: Phantom Pipeline and End-to-End Error Budget.,"Breast-conserving surgery (BCS) requires accurate intraoperative localization of the tumor, which moves between the prone diagnostic and supine surgical positions. We present a projector-based augmented-reality (AR) localization system that projects a crosshair directly onto the patient's skin at the predicted tumor location. The pipeline combines rigid registration of ceramic fiducials between prone and supine CT (tumor error 0.30 mm on a real phantom), a SOFA finite-element simulation of gravity-driven prone-to-supine soft-tissue deformation (mean bead displacement 24.7 mm on a synthetic mesh; not validated on a deformable phantom), two-stage ICP surface alignment (RMSE 0.92 mm on a simulated camera; not yet validated on real D415 acquisitions), and projector-camera (ProCam) extrinsic calibration driving the crosshair projection. Because the tumor and sub-surface fiducials are not visible in the live RGB-D scene, a direct non-circular in vivo target registration error (TRE) on the tumor cannot be measured in the present phantom configuration. We instead report a component-based end-to-end error budget obtained as the root-sum-square of three independently measured component errors: 2.7 mm (RSS planning estimate, not a directly measured end-to-end accuracy) -rigid CT 0.30 mm, ProCam physical projection 2.50 mm, ICP 0.92 mm. The ProCam term is largest but sub-3 mm. The Gray-code reprojection residual (~11 mm in 15-pose recalibration; 8.62 mm in the deployed 4-pose calibration) overestimates the actual projection error by ~4× (resp. ~3.4×): least-squares calibration averages the consumer-DLP vertical quantization (16-level Gray-code decode on XPR-DLP) into an accurate rigid transform, so the per-observation residual reflects observation quantization, not projection accuracy. The quantization's measurable cost is projection variance (max 5.5 mm), which motivates phase-shifting structured light. Boundary conditions on phantom rigidity, sub-surface fiducials, and simulated-camera ICP are stated explicitly.",2026,"Bioengineering (Basel, Switzerland)",INCLUDE_CANDIDATE,HIGH,Explicit AR/MR signal: augmented-reality,,,,,,,,,,LIKELY_ADVANCE_PENDING_PRIMARY_REVIEW
518,TA-03,42788406,10.1177/02683555261493221,Transdermal 1064-NM ND:YAG laser for reticular veins larger than 4 mm: ONE-YEAR outcomes and seven-year follow-up.,"ObjectivesTo evaluate the efficacy, safety, and long-term durability of transdermal 1064-nm Nd:YAG laser treatment, alone or combined with liquid sclerotherapy, for varicose veins ≥4 mm in diameter.MethodsThis prospective cohort study included 25 patients treated between May 2017 and November 2024. Assessment and follow-up were performed using Doppler ultrasound, augmented reality, phleboscopy, and standardized photography. Treatment was delivered with a 1064-nm Nd:YAG laser using 6- or 9-mm spot sizes, fluences of 50-100 J/cm2, and pulse durations of 40-60 ms. Adjunctive liquid sclerotherapy was used when complete vein obliteration was not achieved. Outcomes were evaluated up to 1 year and, when available, at 7 years.ResultsTwenty-five patients were included, 88% of whom were women. Mean pre-treatment vein diameter was 5.66 mm. At 1 year, complete vein occlusion was achieved in 44% of patients, while 44% showed diameter reduction and absence of reflux. Persistent reflux was observed in 12%, although all remained asymptomatic. Mean vein diameter decreased from 5.66 mm to 2.16 mm (p < 0.05). Hyperpigmentation occurred in 24% of patients and matting in 8%; no burns, ulcerations, deep vein thrombosis, or other major adverse events were observed. All patients reported symptomatic improvement, and 94% were satisfied or very satisfied with the aesthetic outcome. Seven-year follow-up was available for nine patients. Mean vein diameter decreased from 6.1 mm to 2.34 mm (p = 0.0016), and 88.9% had no reflux in the treated vein.ConclusionsTransdermal 1064-nm Nd:YAG laser treatment, alone or combined with liquid sclerotherapy, was associated with significant and durable reduction in vein diameter, high patient satisfaction, and a low complication rate. These findings support its use as a treatment option for selected large varicose veins.",2026,Phlebology,INCLUDE_CANDIDATE,HIGH,Explicit AR/MR signal: augmented reality,,,,,,,,,AR_MENTION_MAY_BE_CONTEXT_ONLY,PRIORITY_VERIFY
519,TA-03,42787294,10.3389/fspor.2026.1938037,Perceived usability and psychological responses to augmented reality feedback in beginner golf: a mixed-methods pilot study.,"Augmented reality (AR) is increasingly used in physical education, but little is known about learners' psychological responses to AR-assisted visual feedback in beginner golf instruction. This exploratory mixed-methods pilot study examined learner perceptions and preliminary pretest-posttest changes in learning motivation and perceived sources of self-efficacy. Twenty-four undergraduates completed an eight-week multicomponent AR-supported golf program, and six participated in semi-structured interviews. Learning motivation was assessed using ARCS dimensions, and perceived sources of self-efficacy using four Bandura-based dimensions. Descriptively, overall learning motivation increased by 0.31 [95% CI (0.04, 0.59)], with Cohen's d = 0.49 [95% CI (0.06, 0.91)]. Attention (d = 0.55, Holm-adjusted p = .052) and Relevance (d = 0.51, Holm-adjusted p = .060) showed moderate positive differences but did not reach statistical significance after adjustment. None of the four sources-of-self-efficacy dimensions reached statistical significance after Holm adjustment. Wilcoxon sensitivity analyses showed a broadly similar pattern, although Attention reached statistical significance after adjustment. Interviewed participants generally described the system as useful and easy to operate, particularly for observing, comparing, and adjusting movements. These findings provide preliminary information about learner experiences during AR-supported golf instruction rather than evidence of effectiveness. The small sample, single-group design, multicomponent program, and absence of objective performance measures preclude causal conclusions.",2026,Frontiers in sports and active living,INCLUDE_CANDIDATE,HIGH,Explicit AR/MR signal: augmented reality,,,,,,,,,,LIKELY_ADVANCE_PENDING_PRIMARY_REVIEW
520,TA-03,42785254,10.1109/TVCG.2026.3733895,Impact of localized diminished illumination for needle targeting procedures in optical see-through head-mounted displays.,"The use of Optical see-through (OST) Head- Mounted Displays (HMDs) in Surgical Navigation Systems (SNSs) has seen a stark increase in recent years due to the release of consumer-grade HMDs such as the Microsoft HoloLens 2. Despite the promise of in situ visualization methods in enhancing surgical navigation for minimally-invasive procedures, failure to address the incorrect occlusion cue will lead to errors in depth perception, eliciting potential procedural mistakes from the physician. Rendering methods alone fall short in addressing this limitation, as lighting from the physical world, in contrast to Video see-through devices, cannot be digitally manipulated in OSTs. We propose the incorporation of a ""black hole"" projector into an OST-based Augmented Reality (AR)-SNS to mitigate these perceptual issues. In the context of surgical needle guidance, we integrated electromagnetic tracking into the HoloLens 2 environment through a co-calibration process to enable accurate needle tracking with no user-centric line-of-sight limitations. Employing a generic foam-based phantom with a skin-mimicking layer on top, we conduct a user study (n = 16) to evaluate the efficacy of our projector approach for needle insertion procedures against standard surgical lighting conditions. Quantitative results from the study show that, while the BlackHole projector had no significant impact in pure depth estimation capabilities, when employed to a needle targeting task it significantly improved the mean relative targeting error from 4.58mm with the standard lighting conditions to 2.69mm with the BlackHole approach (p = 0.047). Qualitative results showed the projector effectively reduced the mental strain associated with both depth estimation and needle targeting tasks.",2026,IEEE transactions on visualization and computer graphics,INCLUDE_CANDIDATE,HIGH,"Explicit AR/MR signal: augmented reality, head-mounted display, hololens",,,,,,,,,AR_MENTION_MAY_BE_CONTEXT_ONLY,PRIORITY_VERIFY
521,TA-03,42783876,10.3390/jimaging12090452,Comparative Analysis of Automated Cloud-Based Mapping and Manual 3D Modeling for AR-Based Indoor Navigation.,"Modern building infrastructures are becoming increasingly complex, creating a need for intuitive indoor navigation systems that can assist users in unfamiliar environments. Augmented Reality (AR) has emerged as a promising solution by providing spatially contextual guidance directly within the user's field of view. However, many AR indoor navigation systems rely on manually constructed 3D environments, a development process that is time-consuming and prone to spatial inconsistencies with the real-world environment. This study presents a comparative evaluation of two environment creation workflows for AR indoor navigation development: a traditional manual 3D modeling approach and an automated cloud-based spatial mapping workflow using the Immersal SDK. A counterbalanced within-subject experiment was conducted with 48 participants, each of whom completed equivalent indoor navigation development tasks using both workflows in a real-world campus building environment. The development process was divided into three stages: environment acquisition, environment generation, and system integration. Development efficiency was evaluated using stage-based development time measurements, while perceived workload was assessed using the NASA Task Load Index (NASA-TLX). Statistical analysis was performed using repeated-measures analysis to compare workflow performance across development stages. Results show that the automated workflow significantly reduced overall development time by approximately 38% compared to the manual modeling approach, with the most substantial time reductions occurring during the environment acquisition and environment generation stages. NASA-TLX results indicate an approximately 31% reduction in overall perceived workload. Descriptively, the automated workflow had lower mental-demand and effort scores but a higher physical-demand score. A separate researcher-conducted spatial validation of one implementation per workflow showed a higher mean three-dimensional positional error for the automated implementation (22.47 cm) than for the manual implementation (19.14 cm), with a mean paired difference of 3.33 cm across 13 anchor locations. These findings indicate that automated spatial mapping can substantially improve development efficiency and reduce overall perceived workload, while introducing trade-offs in physical demand and spatial alignment accuracy relative to manual environment reconstruction.",2026,Journal of imaging,INCLUDE_CANDIDATE,HIGH,Explicit AR/MR signal: augmented reality,,,,,,,,,AR_MENTION_MAY_BE_CONTEXT_ONLY,PRIORITY_VERIFY
522,TA-03,42783845,10.3390/jimaging12090421,An Augmented Reality-Based Concept for Anchor-Free Assessment of Tremor-Related Hand Movement Patterns.,"Neurological disorders are a major cause of disability and mortality worldwide, and accessible methods for detecting tremor-related trajectory deviations remain an important research challenge. We present an augmented reality (AR)-based approach for evaluating trajectory deviations associated with tremor-related hand movements in Parkinson's disease (PD) and neurological sequelae of traumatic brain injury (TBI). Unlike conventional surface-based drawing tests, the proposed approach removes the physical support point that may facilitate compensatory stabilization of hand movements during task performance. The method implementing this concept was preliminarily evaluated in a pilot cohort of 131 participants, including 50 healthy controls, 6 patients with PD, and 75 combat veterans with TBI, and was compared with a standard geometric figure drawing test. In the PD subgroup, the AR protocol flagged algorithmically detected trajectory deviations in all six participants. Given the small PD sample and the limited number of additional findings in the TBI group, these observations should be interpreted as preliminary and hypothesis-generating rather than as evidence of proof-of-concept accuracy or sensitivity. The results suggest that the anchor-free AR-based trajectory-assessment method may warrant further investigation as a potential approach for tremor-related movement analysis. Larger clinically validated studies with independent confirmation and standard concept metrics will be required to determine the clinical utility of the proposed method.",2026,Journal of imaging,INCLUDE_CANDIDATE,HIGH,Explicit AR/MR signal: augmented reality,,,,,,,,,,LIKELY_ADVANCE_PENDING_PRIMARY_REVIEW
523,TA-03,42778639,10.1007/s00270-026-04615-z,Feasibility and Usability of Head-Mounted Display Augmented Reality During Routine Radiological Interventions: The Prospective AZURION-AR Study.,"To evaluate the feasibility, usability, and perceived workload of the AZURION-AR augmented reality (AR) medical device during routine interventional radiology procedures in a real-world clinical setting. This prospective, single-center, single-arm feasibility study included six interventional radiologists performing 34 AR-assisted vascular and non-vascular procedures. The AZURION-AR system projected virtual monitor and touchscreen interfaces within the operator's visual field. Post-procedural structured interviews and standardized 5-point Likert questionnaires assessed usability (System Usability Scale, SUS; 1-5 per item, max score: 100), workload (NASA Task Load Index, NASA-TLX; 0-21 per domain), and image quality (1-5 scale). Continuous head-mounted display use throughout the procedure occurred in 20 cases (58%); mean wearing time was 40 min [5-140 min] versus a mean procedure duration of 59 min [20-240 min]. Mean SUS score was 64.5 ± 11.1, indicating moderate usability with considerable inter-operator variability. Mean NASA-TLX score was 7.6 ± 1.4, reflecting acceptable workload. Mean image quality score was 3.5 ± 0.6, with substantial variability across interventions. Scores tended to be lower in vascular and complex drainage procedures, reflecting increased effort and frustration, reduced anatomical detail, limited spatial resolution, and technical issues such as battery depletion and signal lag. The AZURION-AR medical device proved feasible for use during routine interventional radiology offering unanimously rated perceived ergonomic advantages. Although usability was moderate, limitations in image resolution, technical reliability, and battery life require further refinement before reliable routine clinical implementation can be achieved, particularly for procedures requiring high spatial resolution and detailed anatomical assessment.",2026,Cardiovascular and interventional radiology,INCLUDE_CANDIDATE,HIGH,"Explicit AR/MR signal: augmented reality, head-mounted display",,,,,,,,,,LIKELY_ADVANCE_PENDING_PRIMARY_REVIEW
524,TA-03,42776865,10.1109/TVCG.2026.3736595,Label-aware Gaussian Splatting for Medical Volume Visualization in Mixed Reality.,"Volume visualization is an important tool in exploring and understanding 3D medical data. Though the recent 3D Gaussian Splatting (3DGS) offers great potential for realtime high-quality medical volume visualization, directly applying 3DGS to visualize medical volume data often overlooks important anatomical structures, especially for vascular structures that are vital in disease detection and surgical planning. This paper presents a new framework called Label-aware Gaussian Splatting (LAGS) to leverage the inherent structural information of medical volumes and optimize the Gaussian representations, especially for fine-grained details of medical volume data. First, we introduce a new label attribute for Gaussian points and propose fine label initialization to enhance subsequent Gaussian training. Then, we devise a Label-aware Rasterizer (LAR) consisting of dual branches of differentiable rasterizers to jointly optimize photorealistic and structural representations. Next, we develop Label-aware Densification (LAD) to adaptively supplement Gaussians in regions with inferior structural representation. The above modules work synergistically during Gaussian training to encourage accurate reconstruction of delicate anatomical structures. We generate a dataset called MedVol-GS including medical scenes from various volumes and evaluate our method on it. Experiments show that LAGS outperforms existing NeRF and GS-based methods in rendering quality, with over 3 dB improvement in PSNR on average. Qualitative results reveal that our method has advantages in reconstructing intricate geometric structures even with occlusion and preventing floaters in nonlabeled areas. In addition, we enable real-time interaction at 72 FPS with labeled structures of reconstructed Gaussians in mixed reality (MR) for intuitive observation. A user study demonstrates that LAGS significantly improves medical volume visualization quality and experience for both clinicians and engineers in MR environments.",2026,IEEE transactions on visualization and computer graphics,INCLUDE_CANDIDATE,HIGH,Explicit AR/MR signal: mixed reality,,,,,,,,,,LIKELY_ADVANCE_PENDING_PRIMARY_REVIEW
525,TA-03,42775457,10.1097/BSD.0000000000002178,Instrumentation Strategies and New Technologies in Treating Cervical Spine Tumors.,"Narrative review. This paper summarizes instrumentation strategies and emerging technologies for the treatment of cervical spine tumors. The management of cervical spine tumors involves unique challenges due to inherent anatomic differences between the cervical spine compared with the remainder of the spine. Existing and emerging technologies, such as CT-based navigation, robotic-assisted surgery, ultrasound, and augmented reality, allow for increased efficiency and efficacy with instrumentation and surgical decompression. A thorough review of the cervical spine oncologic literature was performed using the PubMed database, and articles addressing the topic of instrumentation strategies and emerging technologies were included within the narrative review. Cervical spine approaches in the oncologic patient involve a multidisciplinary approach, careful consideration of the patient's systemic disease, and thorough anatomic and preoperative imaging review. Depending on the approach and extent of resection and expected structural instability, reconstruction methods vary from anterior-based, posterior-based, and circumferential. The unique considerations of the oncologic spine inform implant, graft, and reconstruction choice. Use of neuronavigation and, increasingly, robotic systems provides safe and beneficial adjuncts to the operative workflow. Future directions in cervical oncologic surgery include patient-specific implant design, artificial intelligence and machine-learning-based models, and augmented and mixed-reality systems to aid in intraoperative decision-making and navigation. Existing reconstruction and navigation technologies provide safe and accurate tools for cervical spine reconstruction after tumor resection. With improved systemic disease control, future surgical innovations may enhance intraoperative workflow, minimize imaging artifacts, and improve postoperative fusion in oncologic patients.",2026,Clinical spine surgery,INCLUDE_CANDIDATE,HIGH,"Explicit AR/MR signal: augmented reality, mixed-reality",,,,,,,,,AR_MENTION_MAY_BE_CONTEXT_ONLY,PRIORITY_VERIFY
526,TA-03,42772062,10.1016/j.nepr.2026.104975,Between campus and clinic: Reciprocal learning between universities of applied sciences and hospitals in implementing extended reality for nursing education.,"This discussion paper aims to examine how educational institutions and healthcare organisations can learn from one another when implementing extended reality (XR)-based training in nursing education and clinical practice. XR is attracting growing attention in nursing education. Its value lies not in immersion alone, but in its capacity to support safe, repeatable and pedagogically aligned practice. Although previous research suggests XR's potential, its effectiveness depends on instructional design, alignment with learning objectives and contextual fit, making collaboration between educational institutions and experienced clinical nurses essential. Drawing on cases from the Netherlands and Belgium, this paper addresses challenges related to usability, technical friction, educator preparation, organisational integration and clinical authenticity. Two cases were included: a longitudinal implementation case where a VR training was progressively scaled across first-year students for a communication-skills course from 2024 to 2026 and an exploratory student-preference study among second-year bachelor nursing students comparing VR simulation, immersive-room training and real-life role play. Implementation design, learner experience, logistical conditions and perceived educational value were analysed across both cases. Universities of applied sciences can play a crucial role in integrating XR training for working nurses in healthcare organisations. Educational institutions contribute pedagogical expertise, including scaffolding and learner support, while hospitals contribute workflow realism, operational resilience and clinical authenticity. Five domains for collaboration are identified: scenario design, onboarding, educator development, evaluation and student bridging roles. Together, these domains can support XR initiatives that are educationally meaningful, clinically relevant and organisationally sustainable.",2026,Nurse education in practice,INCLUDE_CANDIDATE,HIGH,Explicit AR/MR signal: extended reality,,,,,,,,,,LIKELY_ADVANCE_PENDING_PRIMARY_REVIEW
527,TA-03,42771409,10.1364/OL.607599,Electrically tunable achromatic liquid crystal bifocal lens.,"In this Letter, a longitudinally achromatic liquid crystal bifocal lens (LABLs) is proposed. The relative intensities of the two foci can be electrically controlled, with applied voltages of 0 and 15 V corresponding to focal positions of f = 150 mm and f = 250 mm, respectively. The LABLs are composed of three individual lenses targeting 445 nm, 520 nm, and 638 nm, respectively. Each individual lens achieves a transmittance exceeding 95% at the corresponding target wavelength and has an aperture of approximately 5 mm. The integrated LABLs experimentally demonstrate tunable focal lengths and effective suppression of chromatic aberration. These features make the proposed device promising for applications in industrial machine vision, astronomical telescope systems, spectral imaging, and virtual and augmented reality (VR and AR) displays.",2026,Optics letters,INCLUDE_CANDIDATE,HIGH,Explicit AR/MR signal: augmented reality,,,,,,,,,AR_MENTION_MAY_BE_CONTEXT_ONLY,PRIORITY_VERIFY
528,TA-03,42770516,10.1177/19437676261488791,Outcomes of Mirror Therapy Preceding Augmented Reality in Stroke Rehabilitation: A Randomized Controlled Trial.,"ImportanceAlthough augmented reality (AR) may improve functional outcomes after stroke, the added benefit of mirror therapy (MT) as a priming strategy before AR remains uncertain. A three-arm comparison of MT + AR, AR alone, and conventional therapy (CT) is needed to clarify whether MT priming provides additional benefit.ObjectiveTo examine whether AR, with or without MT priming, improves sensorimotor function, balance, quality of life, and self-efficacy after stroke.DesignSingle-blind randomized controlled trial with 3-month follow-up.SettingFive outpatient rehabilitation clinics.ParticipantsSeventy-seven individuals with first-ever stroke were randomized to MT + AR (n = 26), AR (n = 26), or CT (n = 25).InterventionParticipants received 90-min sessions, 3 times/week for 6 weeks.Outcome MeasuresPrimary outcomes were the Fugl-Meyer Assessment-Upper Extremity (FMA-UE) and Berg Balance Scale. Secondary outcomes included sensory function, arm activity/use, self-efficacy, and quality of life. Clinical significance was determined using the minimal clinically important difference (MCID).ResultsThe MT + AR group showed greater improvements in motor and sensory outcomes than AR and CT, with the highest portion of participants exceeding MCID among the three groups. Both MT + AR and AR demonstrated superior gains in balance, arm use, self-efficacy, and quality of life compared with CT, with a higher percentage exceeding MCID. Improvements were maintained at follow-up.Conclusions and RelevanceMT priming enhances AR effects on motor and sensory recovery. AR yields clinically meaningful improvements in function, participation, and quality of life after stroke.",2026,The American journal of occupational therapy : official publication of the American Occupational Therapy Association,INCLUDE_CANDIDATE,HIGH,Explicit AR/MR signal: augmented reality,,,,,,,,,,LIKELY_ADVANCE_PENDING_PRIMARY_REVIEW
529,TA-03,42769768,10.1016/j.arrct.2026.100636,Feasibility and Immediate Effects of Dynamic Exercise Using Mixed Reality for Balance Improvement in Older Adults and Individuals With Neurologic Disorders.,"To investigate the feasibility and immediate effects of dynamic exercise using mixed reality (MR), a technology that allows real-time interaction between physical surroundings and computer-generated virtual objects, in older adults and individuals with Parkinson's disease and stroke. Prospective single-arm intervention study. Rehabilitation ward in the hospital. Thirty-one participants, including 10 community-dwelling older adults without neurologic or neuromuscular disorders (4 women; mean age, 70.4 y; SD, 3.0), 11 outpatients with Parkinson's disease (4 women; mean age, 68.4 y; SD, 7.6), and 10 individuals with a stroke (3 women; mean age, 62.8 y; SD, 16.2) in a subacute rehabilitation ward were recruited. Participants performed MR-based exercise for approximately 20 minutes. After exercise, participants rated their level of simulator sickness using the Simulator Sickness Questionnaire (SSQ). They further rated their enjoyment, continuation, exercise effectiveness, and fatigue using a Numerical Rating Scale. The Timed Up and Go test and Functional Reach Test were performed both before and after the exercise. The median SSQ-nausea, SSQ-oculomotor, SSQ-disorientation, and SSQ-total scores were 9.5, 7.6, 0.0, and 7.5, respectively, indicating a low likelihood of simulator sickness. The median Numerical Rating Scale scores for enjoyment, continuation, effectiveness, and fatigue were 8.0, 8.0, 7.5, and 2.0, respectively. The Timed Up and Go test in individuals with stroke and Functional Reach Test in older adults showed significant improvement after exercise (P<.05). Dynamic exercises with MR may be sufficiently feasible to perform balance exercises with less risk of simulator sickness, offering the potential to improve balance ability.",2026,Archives of rehabilitation research and clinical translation,INCLUDE_CANDIDATE,HIGH,Explicit AR/MR signal: mixed reality,,,,,,,,,,LIKELY_ADVANCE_PENDING_PRIMARY_REVIEW
530,TA-03,42769756,10.2196/98090,User Experience Comparison of a Traditional Mannequin-Based and an Augmented Reality Lumbar Puncture Simulator in Geriatric Medicine Training: Questionnaire Study.,"Lumbar puncture (LP) is a diagnostic procedure in geriatric medicine but may be technically challenging in older adults with spinal deformities, osteoarthritis, frailty, or cognitive impairment. Simulation-based training can provide repeated practice without patient risk. Augmented reality (AR) systems may improve anatomical visualization and sensory feedback, but their added value compared with mannequin-based simulators and whether perceptions differ according to clinical experience remain uncertain. This study aimed to compare the user experience (UX) of a traditional mannequin-based LP simulator (M43E; T-S) and an augmented reality simulator with haptic feedback (Sim&Care 2; AR-S) across levels of expertise. We conducted a single-center, randomized-order, within-participant comparative UX study at Angers University Hospital, France, in June 2025. A total of 30 participants (n=7, 23.3% sixth-year medical students; n=16, 53.3% postgraduate medical students; and n=7, 23.3% graduated physicians) used both simulators for 15 minutes each, with the exposure order randomized. After each session, participants completed an exploratory 5-point Likert questionnaire assessing face validity (FV), usability, perceived educational value (PEV), and overall satisfaction. After both sessions, they reported simulator preference, reasons for preference, and intention to reuse each simulator; open-ended comments were collected. Dimension-level paired comparisons were performed using the Wilcoxon signed-rank test, expertise-group comparisons used the Kruskal-Wallis test, and categorical outcomes were analyzed using the chi-square test. Item-level analyses were considered exploratory. The AR-S achieved higher composite scores than the T-S for FV (median 3.8 [IQR 3.6-4.2] vs 3.4 [IQR 3.2-3.8]; P=.02) and PEV (median 4 [IQR 3.8-4.6] vs 3.6 [IQR 3.4-4.2]; P=.02). No significant differences were observed for usability (median 4.3 [IQR 4-4.95] vs 4.6 [IQR 4.4-4.8]; P=.11) or overall satisfaction (median 4 [IQR 4-5] vs 4 [IQR 3-4]; P=.16). Exploratory item-level analyses indicated higher ratings for the AR-S for anatomical realism (P=.03), tactile sensations (P=.003), and perceived acquisition of new knowledge (P=.005), whereas the T-S was rated higher for ease of use (P=.01), clarity of instructions (P=.01), and ease of operation during the procedure (P=.003). Overall preference was balanced: 53.3% (16/30) of participants preferred the AR-S, and 46.7% (14/30) of participants preferred the T-S. Preference was not significantly associated with expertise group (P=.09), although graduated physicians descriptively favored the AR-S and sixth-year students favored the T-S. In total, 76.7% (23/30) of participants reported willingness to reuse both simulators. AR and traditional mannequin-based LP simulation appear to offer distinct and complementary educational advantages rather than one modality being uniformly superior. The AR-S was valued for anatomical and sensory realism and PEV, whereas the T-S retained advantages related to procedural familiarity and ease of use with conventional equipment. These findings support tailoring simulator selection to learner expertise and educational objectives. Larger studies incorporating objective procedural performance are needed to determine how the modalities should be integrated into LP curricula.",2026,JMIR XR and spatial computing,INCLUDE_CANDIDATE,HIGH,Explicit AR/MR signal: augmented reality,,,,,,,,,,LIKELY_ADVANCE_PENDING_PRIMARY_REVIEW
531,TA-03,42769303,10.1002/lio2.70564,From Innovation to Implementation: A Scoping Review of Simulation in Otolaryngology Education.,"To systematically map the otolaryngology simulation literature according to learner stage, primary educational objective, and depth of outcome measurement, and to propose a structured implementation framework for integrating emerging technologies and developing standardized, national simulation curricula. A scoping review was conducted in accordance with the Preferred Reporting Items for Systematic Reviews and Meta-Analyses extension for Scoping Reviews (PRISMA-ScR). PubMed/MEDLINE, Embase, and Web of Science were searched for studies published from January 2010 through August 2026 describing simulation used for education, training, or assessment in otolaryngology. Included studies were charted across three domains: learner stage (medical students, residents, practicing otolaryngologists), primary educational objective (exposure, acquisition, refinement, assessment), and outcome depth (face/content validity, pre-post or construct validity, behavior/clinical correlation). Evidence from adjacent surgical specialties and emerging technologies was synthesized narratively to inform a stepwise implementation framework. Of 9081 records identified, 979 unique studies met inclusion criteria, yielding 1142 learner entries. Simulation efforts were heavily concentrated in resident education (56.0% of learner entries) and skill acquisition (53.0%), with skill refinement concentrated among practicing otolaryngologists and almost no studies designed primarily for assessment. Face or content validity remained the most common highest measured outcome (53.7%); behavior-level outcomes were rare (1.1%). These distributions demonstrate insufficient alignment between learner stage, educational intent, and validation depth. Lessons from adjacent surgical specialties, together with emerging technologies such as artificial intelligence and extended reality, offer a practical pathway toward scalable, objective assessment. Otolaryngology is poised to advance simulation education beyond historically fragmented initiatives toward a deliberately designed simulation ecosystem aligned with learner level, educational intent, and outcome depth. A coordinated national framework that leverages emerging technologies while building on existing infrastructure, implemented through phased pilot programs and attentive to cost, faculty, and technical barriers, can position the field as a leader in surgical education.",2026,Laryngoscope investigative otolaryngology,INCLUDE_CANDIDATE,HIGH,Explicit AR/MR signal: extended reality,,,,,,,,,SECONDARY_OR_COMMENTARY_TITLE,PRIORITY_VERIFY
532,TA-03,42761675,10.1016/j.device.2026.101221,Interface Design and Material Strategies for High-Fidelity Electrotactile Haptic Displays.,"Electrotactile devices can convey touch information in wearable and extended reality hardware. They offer cutaneous stimuli while being free from moving parts. Electrotactile systems often yield sensations that are inconsistent, skin-irritating, and unnatural. The dynamism and heterogeneity of skin, the disparate properties between skin and electrode, and the challenge of targeting receptors selectively, can cause the inconsistency in stimulation. Previous research has examined stimulus modulation to address these problems. Recent works, however, expand into electrode design, materials, and mechanics for improved stimulation. Conductive polymer and nano-textured electrodes have reduced and stabilized impedances while minimizing obstruction to wearability. Here, we discuss these challenges and their proposed solutions in literature. We emphasize the role of psychophysical evaluation in obtaining desired tactile percepts. We highlight advancements in electrotactile applications in wearables and interactive surfaces. The convergence of insight in materials, electronics, and perceptual study aims to broaden acceptance and deployment of this technology.",2026,Device,INCLUDE_CANDIDATE,HIGH,Explicit AR/MR signal: extended reality,,,,,,,,,,LIKELY_ADVANCE_PENDING_PRIMARY_REVIEW
533,TA-03,42761545,10.1021/acsphotonics.6c00860,Finite-Size Effects in Nonlocal Metasurfaces.,"Metasurfaces leveraging nonlocal resonances enable narrowband spectral control and strong near-fields, with applications spanning augmented reality, biosensing, and nonlinear optics. However, the large spatial extent of these modes also poses new challenges: finite-size effects often deteriorate the performance of practical, footprint-limited devices. Here, we develop a spatiotemporal coupled-mode theory model that intuitively and quantitatively captures how finite size affects the scattering response of nonlocal metasurfaces. This reveals that, when the modal propagation length becomes constrained by the physical interaction length, the scattered field shows strong interference fringes and line width broadening. We derive an expression for the quality factor that incorporates an additional edge-loss channel, demonstrating that the stored energy and effective lifetime scale exponentially with the interaction length. We validate these predictions experimentally using position- and momentum-resolved spectroscopy on a 30-μm-wide metasurface. Overall, this work formalizes the impact of finite size on the scattering response of nonlocal photonic systems, and provides handles on how to minimize the impact of finite-size effects in metasurface design.",2026,ACS photonics,INCLUDE_CANDIDATE,HIGH,Explicit AR/MR signal: augmented reality,,,,,,,,,,LIKELY_ADVANCE_PENDING_PRIMARY_REVIEW
535,TA-03,42756661,10.1002/pne2.70047,Parents' Perspectives on XR Distraction During Pediatric Needle Procedures.,"Parents play a crucial role in supporting their children during pediatric hospital visits, where needle-related procedures are commonly performed. Both children and parents may experience distress related to needles, which can make these procedures more challenging. Adequate distraction, such as extended reality, may help to mitigate these potential difficulties. The aim of this study was to explore parents' perspectives on their child's use of extended reality as a distraction during a needle-related procedure. In this exploratory and prospective mixed-methods study, a total of 30 parents completed a study-specific survey and 26 were interviewed. Quantitative data were analyzed using descriptive statistics, and qualitative data were analyzed using reflexive thematic analysis informed by Braun and Clarke. Parents generally reported positive experiences with XR distraction, with high mean scores for recommending the XR device to other children undergoing a similar procedure (VR 5.00; AR 4.86, scale 1-5). Parent-reported child pain was low in both groups (mean 0.93 for VR and 1.38 for AR, NRS 0-10). Some differences in parents' responses between virtual and augmented reality were observed; however, the study was not designed or powered to detect differences between the two approaches. Nevertheless, parents perceived both approaches as supporting pain and anxiety relief during the needle-related procedure. Five themes were developed through the qualitative analysis: A rewarding addition for the child, Redirection of the child's attention, The importance of the user perspective, Diversified emotional reactions among parents, and Modified roles for nurses and parents. In conclusion, parents viewed extended reality distraction as a valuable tool for supporting children during needle-related procedures. They described its potential to alleviate distress, redirect attention, and provide moments of calm and reassurance for both children and adults. While some concerns were raised, the overall parental perspective was that extended reality can serve as a meaningful resource in clinical care. The findings suggest that future implementation should adopt a flexible, family-centered approach that balances the technological benefits with the preservation of therapeutic relationships.",2026,Paediatric & neonatal pain,INCLUDE_CANDIDATE,HIGH,"Explicit AR/MR signal: augmented reality, extended reality",,,,,,,,,,LIKELY_ADVANCE_PENDING_PRIMARY_REVIEW
536,TA-03,42756299,10.3389/fvets.2026.1846733,A cross-cultural comparison on perception for extended reality (XR) learning environmental simulation of animal drug administration.,"The integration of Extended Reality (XR) technologies into animal-handling training provides science students working with animals in experimental research with an innovative platform for developing practical and ethical skills that contribute to medical advancement. As laboratory practices become increasingly globalized and guided by the 3Rs principle of Replacement, Reduction, and Refinement, understanding cross-cultural perceptions of animal-handling protocols has become increasingly important. A single-player XR platform with an immersive one-in-one virtual reality (VR) system, the Virtual Animal-handling Simulation (VAnS), was integrated into aligned curricula at VIVES University of Applied Sciences and the Chinese University of Hong Kong. After lectures and hands-on practice with anatomical dummies, 85 undergraduates completed VAnS and then an online questionnaire with 17 questions, comprising six domains: Engagement with 3D World, Realistic Interaction, Active Learning, Concentrated Involvement, Learning Capability, and Overall Perception. Each of the 17 items was rated on a five-point Likert scale. Median scores in all categories were significantly above the neutral midpoint, indicating strong endorsement of the VR environment, its realism, and its contribution to active learning and perceived capability. Chinese students consistently rated the VR module more favorably than Belgian students across all six learning domains. Effect sizes ranged from small to medium, with the largest differences observed for learning capability and overall perception. Ordinal logistic regression confirmed country as a significant predictor for several domains, while gender showed no meaningful influence. Prior VR experience was negatively associated with Learning Capability (p = 0.036). Within the Belgian cohort, animal-care background had no significant effect, whereas educational track showed a non-significant trend toward higher ratings for Learning Capability. Our study revealed that VAnS were widely accepted as an engaging, and 3Rs-aligned supplement to animal-handling training, with students reporting positive perceptions of its potential to support learning. Cultural differences underscoring the need for context-sensitive implementation.",2026,Frontiers in veterinary science,INCLUDE_CANDIDATE,HIGH,Explicit AR/MR signal: extended reality,,,,,,,,,,LIKELY_ADVANCE_PENDING_PRIMARY_REVIEW
537,TA-03,42755979,10.3389/fpsyg.2026.1785568,Instructional design communication through AI-assisted storytelling: a hybrid model grounded in educational psychology.,"Artificial intelligence (AI)-assisted storytelling is increasingly transforming educational communication and instructional design, particularly in isolated and remote learning environments. However, challenges related to collaboration, meaningful interaction, technological accessibility, and ethical use remain. Drawing on educational psychology, this study investigates how AI-assisted storytelling communication strategies can support cognitive engagement, motivation, creativity, collaboration, and stakeholder engagement in AI-supported educational communication systems. It also examines how digital communication technologies are restructuring instructional design communication and how storytelling can be integrated with AI-mediated communication to address emerging educational challenges. This qualitative study employed narrative interviews with 16 digital instructional designers and AI developers selected through purposive sampling. Data were collected through semi-structured interviews, case studies, and content analysis of relevant instructional design and educational communication practices. The collected data were analyzed using thematic analysis to identify recurring patterns related to instructional design communication, educational communication, storytelling practices, digital collaboration, and AI-mediated communication. The findings indicate that although digital technologies have facilitated communication and collaboration among educational teams, particularly in remote environments, they may also reduce opportunities for deep interpersonal interaction. Technologies such as Artificial Intelligence (AI), WeChat, and VooV Meeting have enhanced communication dynamics but have introduced challenges, including the absence of non-verbal cues and unequal access to technology. Emerging technologies such as AI, Virtual Reality (VR), and Augmented Reality (AR) are reshaping instructional design by creating more engaging learning experiences; however, concerns regarding ethical use, accessibility, equity, and fairness remain. Storytelling emerged as an effective strategy for strengthening educators' engagement, improving understanding, fostering creativity, and promoting stakeholder collaboration. The findings suggest that AI-assisted storytelling can provide a meaningful communication strategy for addressing the collaborative and interactional limitations of digitally mediated educational environments. The study therefore proposes the ""Hybrid Storytelling-Digital Communication (HSDC) Model"", which integrates storytelling with AI-supported digital communication tools to promote meaningful interaction, creativity, collaboration, and stakeholder engagement while addressing ethical, accessibility, and equity concerns.",2026,Frontiers in psychology,INCLUDE_CANDIDATE,HIGH,Explicit AR/MR signal: augmented reality,,,,,,,,,AR_MENTION_MAY_BE_CONTEXT_ONLY,PRIORITY_VERIFY
538,TA-03,42753407,10.1016/j.aap.2026.108777,Assessing the impact of AR-HUD warning systems on cyclists' crash risk in connected environments: incorporating crash probability and severity.,"In connected environments, Head-Up Display (HUD) and Augmented Reality Head-Up Display (AR-HUD) alert drivers within their line of sight, yet their effects on crash risk in cyclist occupying lane scenarios remain unclear. This study aims to quantify the impact of different warning systems on the ""probability-severity"" integrated crash risk of cyclists and explore potential crash risk characteristics across different driver groups. Using a driving simulation platform, the cyclist occupying road scenario and three warning systems (Baseline/HUD/AR-HUD) were constructed in a connected environment. Driving behavior data from 38 participants were collected. Based on the research objective and conflict mechanism, DRAC was selected as the primary indicator to develop an Extreme Value Theory (EVT)-based crash probability model. In addition, a Delta-V-based crash severity probability model was established, and crash probability was further integrated with conditional injury severity to derive standardized expected-risk estimates for severe and non-severe crashes. The results showed that the DRAC-based EVT model reasonably characterized extreme conflict risk under the three warning conditions. Compared with the Baseline, both HUD and AR-HUD were associated with lower crash probabilities, severe crash probabilities, and standardized expected-risk estimates for severe and non-severe crashes, with larger reductions observed under AR-HUD. Exploratory subgroup analyses further indicated that driver groups defined by gender, age, and driving experience may exhibit different crash risk characteristics across warning conditions, while AR-HUD generally corresponded to lower crash risk levels across the subgroups. These findings provide a reference for the safety evaluation and further optimization of HUD and AR-HUD warning systems in connected environments. Because the findings were derived from surrogate safety indicators and statistical models based on driving simulation, their applicability to real-world traffic conditions requires further validation using real-vehicle experiments and observed crash data.",2026,Accident; analysis and prevention,INCLUDE_CANDIDATE,HIGH,Explicit AR/MR signal: augmented reality,,,,,,,,,AR_MENTION_MAY_BE_CONTEXT_ONLY,PRIORITY_VERIFY
539,TA-03,42752422,10.1109/TMI.2026.3734640,SurgDepth: Test-Time Adaptation of Depth Foundation Models for Surgical Scene Understanding.,"Accurate depth estimation from endoscopic images is fundamental to surgical navigation, augmented reality, and robotic assistance, yet depth foundation models trained on natural images degrade severely on surgical endoscopy, and existing adaptation methods require surgical training data for each new camera and clinical environment. We propose SurgDepth, a test-time adaptation (TTA) framework that adapts pre-trained depth foundation models to surgical endoscopy without any labeled surgical data. SurgDepth combines two self-supervised signals-stereo photometric consistency for rectified stereo pairs, and flip equivariance requiring only single images-with selective decoder adaptation and two tuning-free reliability mechanisms: a progress-aware anchor regularization and a structural-trust safeguard for poorly-illuminated sequences. Through the first systematic study of TTA for dense depth regression (eight baselines), we show that existing TTA methods consistently fail in this setting: entropy-based methods degrade regardless of the number of adapted parameters, and temporal-photometric adaptation diverges on non-rigid tissue. SurgDepth reduces AbsRel by up to 63% with stereo pairs and 42% without, improves four of five cross-domain evaluation settings (three of four unseen datasets; Hamlyn is evaluated under two protocols), generalizes across seven foundation models, and attains the lowest AbsRel (0.128) on the complete standard Hamlyn benchmark among all reported methods. All results evaluate relative (median-scaled) depth; 20-step convergence (0.4 s) makes SurgDepth practical for relative-depth applications such as augmented-reality overlay and reconstruction initialization.",2026,IEEE transactions on medical imaging,INCLUDE_CANDIDATE,HIGH,"Explicit AR/MR signal: augmented reality, augmented-reality",,,,,,,,,,LIKELY_ADVANCE_PENDING_PRIMARY_REVIEW
540,TA-03,42750764,10.3389/fspor.2026.1938500,The portable wearBands resistance system increases exercise intensity during mixed-reality boxing without reducing enjoyment or flow.,"Physical activity in a mixed-reality (MR) environment may be an attractive exercise; however, its intensity depends on application characteristics and the extent of whole-body involvement. One method of increasing exercise load during activities based primarily on upper-limb movements may be additional elastic resistance. The aim of this study was to assess the effects of elastic resistance applied to the upper limbs on exercise intensity, perceived exertion, enjoyment, and flow state during boxing in MR. The study included 36 university students, comprising 20 women (age: 22.25 ± 1.52 years) and 16 men (age: 22.00 ± 1.46 years). Each participant completed three 10-minute simulated boxing bouts against an artificial intelligence-controlled opponent in the Golden Gloves application using a Meta Quest 3 headset in mixed-reality mode. Trials were performed without resistance and with lower or higher elastic resistance generated on the participant's body using the WearBands system. The order of conditions was counterbalanced. Exercise intensity was assessed based on the percentage of maximum heart rate (%HRmax) and the Borg 6-20 scale. Enjoyment was assessed using the short Physical Activity Enjoyment Scale, whereas flow state was evaluated using the short Flow State Scale. Increasing elastic resistance resulted in a significant increase in mean heart rate, from 156.61 ± 15.26 beats/min without resistance to 164.97 ± 13.99 beats/min with lower resistance and 169.75 ± 13.42 beats/min with higher resistance (p < 0.001; η2p = 0.63). A similar relationship was found for %HRmax, which increased from 81.34 ± 7.83% to 85.68 ± 7.21% and 88.17 ± 6.96%, respectively (p < 0.001; η2p = 0.63). Perceived exertion also increased with resistance, reaching 10.86 ± 2.32, 13.50 ± 2.13, and 15.83 ± 1.84 points, respectively (p < 0.001; W = 0.84). No significant differences were found in enjoyment or flow state. The portable elastic resistance system for upper limbs progressively increased heart rate-based and perceived intensity during a 10-minute MR boxing bout without reducing enjoyment or flow in active university students. These findings suggest WearBands may practically manipulate MR exercise load; longitudinal studies are needed to assess safety, adherence, metabolic demand, and training effects.",2026,Frontiers in sports and active living,INCLUDE_CANDIDATE,HIGH,Explicit AR/MR signal: mixed-reality,,,,,,,,,,LIKELY_ADVANCE_PENDING_PRIMARY_REVIEW
541,TA-03,42747938,10.1109/JBHI.2026.3734494,Calibration-Efficient Dual-Frequency SSVEP-BCI for Head-Mounted AR-Based UAV Control.,"Steady-state visual evoked potential (SSVEP)-based brain-computer interfaces (BCIs) integrated with head-mounted augmented reality (AR) enable wearable, intuitive interaction, yet two fundamental issues limit practical adoption: (i) the role of different dual-frequency stimulation paradigms in head-mounted optical see-through displays is not systematically understood, and (ii) calibration-efficient decoding under multi-target settings remains challenging. This study presents a 16-target AR-SSVEP-BCI on HoloLens 2 and conducts a controlled comparison between a conventional single-frequency paradigm and three dual-frequency binocular paradigms derived from joint frequency-phase modulation. To address calibration burden, we propose a calibration-efficient encoding-decoding framework that leverages a row-column encoding strategy and a row-column decoding strategy with a task-related component analysis (TRCA)-based ensemble spatial filtering scheme, enabling reuse of shared frequency-phase components across targets. In offline evaluations, the best-performing right-and-left field dual-frequency and phase modulation paradigm achieved an average information transfer rate of 99.79 ± 18.96 bits/min with only five calibration blocks. Building on this paradigm, we developed an online AR-SSVEP-BCI with a training-free dynamic stopping strategy and a control-state detection module for asynchronous decision making. In online tasks, under the optimal world-referenced mode, the system reached 89.32 ± 8.43% accuracy in a 16-target Random Cue Task and 95.13 ± 4.39% accuracy in an 8-command Unmanned Aerial Vehicle (UAV) Control Task, demonstrating robust, calibration-efficient multi-command control. These findings provide practical guidance for designing calibration-efficient, wearable AR-SSVEP BCIs that can support accessible assistive control-an important step toward real-world applications.",2026,IEEE journal of biomedical and health informatics,INCLUDE_CANDIDATE,HIGH,"Explicit AR/MR signal: augmented reality, hololens, optical see-through",,,,,,,,,AR_MENTION_MAY_BE_CONTEXT_ONLY,PRIORITY_VERIFY
542,TA-03,42747762,10.1007/s11845-026-04612-8,Integrating mixed reality navigation in spine surgery: experience from a national spinal injuries unit and logistical-economic analysis.,"Mixed Reality (MR) navigation is an emerging technology that overlays three-dimensional anatomical reconstructions into the surgeon's operative field. This study presents the first-in-world case series describing the clinical application, workflow integration, and logistical-economic considerations of the Brainlab Spine Mixed Reality Navigation System in spinal surgery. National Spinal Injuries Unit, Dublin, Ireland. A retrospective review was performed of prospectively collected demographic and operative data from all spinal procedures using the Brainlab MR navigation platform at a national spinal injuries unit between September 2024 and March 2025. Fifteen patients (9 female, 6 male; mean Accepted manuscript age 57 years, range 18-76 years) underwent posterior spinal procedures, including trauma, degenerative, oncologic, and deformity cases. Operative approach, levels fused, use of minimally ACCEPTED MANUSCRIPT invasive techniques, setup time, and intraoperative workflow integration were documented. Postoperative imaging was reviewed for hardware placement and alignment. The MR platform was implemented in six trauma cases, five degenerative pathologies, three oncologic resections, and one deformity correction. Four procedures (27%) used percutaneous techniques. The mean number of levels fused was 2.9 (range 1-8). All cases were posterior approaches with the patient prone. The MR system added approximately 3-5 minutes for registration, with headset re-registration required in three cases, resolved without significant delay. No intraoperative complications were attributable to MR use. Postoperative imaging confirmed correct hardware positioning and satisfactory alignment in all patients. Surgeons reported particular benefit in percutaneous stabilisations and tumour resections due to continuous 3D anatomical overlays. The 3-year cost for a dual-headset system was €59,660, with no ongoing per-case consumable costs. This initial institutional experience demonstrates the feasibility and safety of MR navigation across a diverse posterior spinal case mix. The system integrates efficiently into existing workflows, enhances spatial awareness, and may offer particular value in minimally invasive and tumour cases. Further prospective, comparative studies are required to validate clinical outcomes, cost-effectiveness, and broader adoption potential.",2026,Irish journal of medical science,INCLUDE_CANDIDATE,HIGH,Explicit AR/MR signal: mixed reality,,,,,,,,,,LIKELY_ADVANCE_PENDING_PRIMARY_REVIEW
543,TA-03,42746635,10.4103/tcmj.TCMJ-D-25-00083,The affective impact of mixed reality on medical students' learning outcomes in clinical skills: A preliminary study.,"This study aimed to investigate the relationship between affective responses to mixed reality (MR)-assisted learning and clinical skill performance among medical students in a preclinical training setting. A preliminary study was conducted among 33 fourth-year medical students who participated in an MR-assisted clinical skills curriculum. After initial traditional lectures, students engaged in MR-assisted sessions using Microsoft HoloLens 2® for themes of oropharyngeal management. Learning outcomes were evaluated via written tests, Objective Structured Clinical Examinations (OSCEs), and a validated Mixed-Reality Learning Environment (MRLE) questionnaire assessing satisfaction and affective attitudes. A total of 33 students were analyzed. Checklist scores for Group A and Group B differed significantly (88.61 ± 4.79 vs. 75.45 ± 11.11, P < 0.001), while written test scores were comparable (P = 0.094). Regression showed a positive correlation between written and OSCE scores (P = 0.003). Female students reported higher affective responses (P = 0.022), while males achieved slightly higher, although nonsignificant, OSCE scores. MRLE satisfaction was not significantly associated with academic performance. MR-assisted learning potentially supported clinical skill acquisition and learner engagement, although affective attitudes and satisfaction might not directly predict performance. These findings highlighted MR's value in bridging theoretical instruction and hands-on practice, with implications for curriculum design that account for individual learning differences.",2026,Tzu chi medical journal,INCLUDE_CANDIDATE,HIGH,"Explicit AR/MR signal: mixed reality, mixed-reality, hololens",,,,,,,,,,LIKELY_ADVANCE_PENDING_PRIMARY_REVIEW
544,TA-03,42744486,10.1016/j.jsr.2026.07.004,Ergonomic evaluation of knee exoskeleton assistance in construction: A multimodal study.,"Construction work involves physically strenuous tasks that heighten the risk of work-related musculoskeletal disorders and productivity loss. Wearable exoskeletons have shown a promising potential to help prevent work-related musculoskeletal disorders and decrease physical demands of human workers. Most existing studies evaluate wearable exoskeletons in simplified settings or isolated tasks and do not fully reflect the diverse and dynamic task demands of construction-related activities. To address this gap, this study presents an integrated framework that combines wearable knee exoskeleton assistance, immersive virtual- and augmented-reality (VR/AR) tasks, and synchronized multi-sensor data to quantify safety and performance in construction-like workspaces. Twenty-one adults completed multi-task protocols on a modular stair-ramp-deck platform with and without exoskeleton assistance while motion capture, force plates, electromyography, inertial sensors, and metabolic data recorded biomechanics and effort. The analyses and results indicate that exoskeleton assistance reduces lower-limb muscular demand and improves postural stability during kneeling and VR/AR tasks. Human subject survey results show perceived stability gains but note comfort and weight concerns. The evaluation framework provides a reproducible, task-relevant method for evaluating ergonomic and productivity outcomes with wearable sensing and exoskeletons in construction. Conclusions and Pracical Applications: The complete multimodal dataset and protocols are openly released to facilitate benchmarking and the development of future adaptive, task-aware wearable exoskeletons for workplace applications.",2026,Journal of safety research,INCLUDE_CANDIDATE,HIGH,Explicit AR/MR signal: augmented-reality,,,,,,,,,AR_MENTION_MAY_BE_CONTEXT_ONLY,PRIORITY_VERIFY
545,TA-03,42743042,10.1109/TIP.2026.3731941,PanoGS: Panorama-Based 3D Scene Stylization With Style and Geometry Consistency.,"3D scene stylization offers enhanced immersion and visual coherence for 3D experiences in digital content creation and augmented reality applications. Existing approaches frequently struggle to balance style consistency across different viewpoints, geometry consistency as reference, and zero-shot generalization to unseen styles. To overcome these problems, we present PanoGS, a panorama-based 3D scene stylization framework incorporating two innovative designs: Circular Consistent Stylization and Progressive Propagation Refinement. Circular Consistent Stylization imposes style priors, geometric structure, and circular denoising on a Stable Diffusion-based stylization, ensuring both faithful style transfer from reference images and preservation of original scene geometry with seamless circular continuity. Progressive Propagation Refinement extends single-viewpoint panorama stylization to multi-viewpoint panoramas through color propagation and novel-view refinement, effectively addressing the stylization of occluded regions under sparse viewpoints. Experiments demonstrate that PanoGS outperforms existing methods in quantitative metrics, with an average improvement of 9.23% on CLIP and 29.43% and 28.58% on short-range LPIPS and RMSE. Furthermore, user studies indicate strong preference rates for our method regarding geometric (75.00%), stylistic (66.37%), and semantic consistency (74.11%). Overall, our approach achieves high-quality 3D stylization with superior style consistency and geometric alignment to input in a zero-shot manner.",2026,IEEE transactions on image processing : a publication of the IEEE Signal Processing Society,INCLUDE_CANDIDATE,HIGH,Explicit AR/MR signal: augmented reality,,,,,,,,,,LIKELY_ADVANCE_PENDING_PRIMARY_REVIEW
546,TA-03,42742959,10.2196/96262,Dynamic Adoption of Immersive Tai Chi Training Among Older Adults: Exploratory Qualitative-Dominant Longitudinal Mixed Methods Follow-Up Study of Virtual and Mixed Reality Delivery.,"Immersive exercise systems may support guided movement practice and physical activity among older adults, but adoption of head-mounted systems cannot be inferred from single-session usability or intention ratings. Older adults must negotiate unfamiliar equipment, movement safety, comfort, perceived control, trust, and perceived benefit. Virtual reality (VR) and mixed reality (MR) are often grouped as extended reality despite different sensory and safety affordances. This study examined how older adults' barriers and facilitators evolved during repeated immersive Tai Chi training and how VR and MR delivery appeared to shape immersion, control, trust, safety appraisal, and conditional willingness to continue use. We conducted an exploratory, qualitative-dominant longitudinal mixed methods follow-up study in Hunan, China. Community-dwelling adults aged 60 years or older completed guided Tai Chi training in VR or MR while retaining parent-study allocation; comparisons were descriptive and hypothesis-generating. The completed-protocol quantitative sample and the main qualitative denominator each included 34 participants (VR: n=16; MR: n=18). Data sources comprised semistructured interviews, Game Experience Questionnaire dimensions, Virtual Reality Sickness Questionnaire (VRSQ) scores, safety observations, and task performance logs from days 1, 3, and 6. Qualitative data were coded using a Dynamic Barrier Framework-informed codebook and integrated with descriptive quantitative summaries. Adoption unfolded as a staged process. During entry, unfamiliarity, competence concerns, and mild physical discomfort shaped responses. Initial uncertainty was endorsed by 7 of 16 (43.8%, 95% CI 23.1-66.8) VR participants and 6 of 18 (33.3%, 95% CI 16.3-56.3) MR participants. During adaptation, participants described practice, feedback, social reinforcement, and environmental experience; accuracy improved from day 1 to day 6 by 0.083 (95% CI 0.024-0.142) in VR and 0.103 (95% CI 0.037-0.169) in MR. Late-stage willingness remained conditional on comfort, safety, content variety, and usefulness. VR accounts more often emphasized environmental immersion and affective value, whereas MR accounts more often emphasized reality grounding, perceived control, and trust. Standardized VRSQ scores were low overall (VR 8.65 and MR 5.65, on a 0-100 scale), with no falls, serious adverse events, or session terminations. This study combines repeated qualitative accounts with symptom, safety, and performance evidence while holding the Tai Chi content constant across VR and MR delivery. Unlike single-session acceptance studies, broad extended reality comparisons, or endpoint-only evaluations, it shows adoption as a phase-sensitive and conditional process rather than a one-time decision. The Dynamic Barrier Framework explains how entry barriers may soften, persist, or change meaning and how modality-sensitive affordances shape experience without implying device superiority. In practice, immersive exercise should combine gradual orientation, monitored exposure, comfort and safety safeguards, understandable feedback, social support, and modality-sensitive design. Longer community or home follow-up remains necessary before inferring sustained adherence or unsupervised safety.",2026,JMIR serious games,INCLUDE_CANDIDATE,HIGH,"Explicit AR/MR signal: mixed reality, extended reality",,,,,,,,,,LIKELY_ADVANCE_PENDING_PRIMARY_REVIEW
547,TA-03,42741243,10.1016/j.mex.2026.104122,A protocol for assessing virtual and mixed reality environments with real-time electromyographic (EMG) biofeedback during upper limb physical exercises.,"This paper describes a protocol for a controlled laboratory study designed to evaluate how immersive real-time electromyographic (EMG) biofeedback affects standardized shoulder exercise performance and user experience in healthy adults. Participants aged 20-30 years will be randomly allocated to virtual reality (VR), mixed reality (MR), or a non-immersive control condition. Within the immersive arms, each participant will experience three EMG visualization modes (an anatomically mapped avatar, a dynamic bar display, and a live waveform graph) in randomized order. During five standardized shoulder exercises, bilateral deltoid activity will be recorded using six wireless EMG sensors, while three-dimensional kinematics will be captured with an optical motion-capture system. Outcomes will include joint-angle accuracy, normalized muscle activation, compensatory motion, range of motion, movement speed, task completion time, together with perceived exertion, simulator sickness, and system usability. By integrating synchronized EMG and motion-capture data with immersive feedback delivery, this protocol provides a reproducible framework for comparing VR and MR biofeedback environments and evaluating how visualization mode may influence exercise execution and user experience.•Compares VR, MR, and non-immersive shoulder exercise conditions.•Evaluates avatar, bar, and waveform EMG visualization modes.•Combines EMG, motion capture, and subjective assessments.",2026,MethodsX,INCLUDE_CANDIDATE,HIGH,Explicit AR/MR signal: mixed reality,,,,,,,,,,LIKELY_ADVANCE_PENDING_PRIMARY_REVIEW
548,TA-03,42740279,10.3390/s26175658,Mixed Reality as an Environment for Reaction Speed Assessment in Physically Active Young Adults: Measurement Reliability and Participant Experience Compared with Immersive Virtual Reality.,"Mixed reality (MR) delivered through video see-through headsets could enable reaction-speed assessment while preserving awareness of the physical environment, but its measurement properties remain unclear. This study assessed the reliability of reaction-speed measurements in MR and compared performance and user experience with immersive virtual reality (VR). Forty university students (20 women; age 22.9 ± 2.3 years) completed three 1 min Reaction-Micro Wall trials in each environment in counterbalanced order using Meta Quest 3 and Rezzil Player. Mean reaction speed (RS) and the number of hits per minute (hits/min) were analyzed; enjoyment, flow, and presence were assessed with validated questionnaires. Single-trial intraclass correlation coefficients were good in both environments (0.797-0.884; all p < 0.001) and slightly higher in MR. RS (VR: 517.4 ± 44.6; MR: 521.9 ± 60.3 ms; p = 0.600), hits/min (p = 0.742), and presence (p = 0.577) did not differ significantly. VR elicited greater enjoyment (p = 0.011) and flow (p = 0.003). Cross-environment associations were moderate (RS r = 0.494), and Bland-Altman analysis showed negligible bias (-4.6 ms) but wide limits of agreement (-111.3 to +102.2 ms). MR enables reliable group-level reaction-speed assessment; no significant differences between the environments were detected, although equivalence was not formally tested, and longitudinal monitoring of individuals should be conducted consistently within one environment.",2026,"Sensors (Basel, Switzerland)",INCLUDE_CANDIDATE,HIGH,"Explicit AR/MR signal: mixed reality, video see-through",,,,,,,,,,LIKELY_ADVANCE_PENDING_PRIMARY_REVIEW
549,TA-03,42740129,10.3390/s26175509,An AR 3D Tracking and Registration Method That Integrates Optical Flow Tracking and Mean Shift.,"Augmented reality (AR) enhances the real world scene by overlaying virtual information onto it. Vision-based 3D tracking and registration is the key technology for ensuring the fusion of virtual and real content in monocular AR systems. Existing mainstream visual tracking and registration methods are susceptible to illumination variations, motion blur, target occlusion, and dynamic background interference in complex scenarios. They also suffer from low computational efficiency, cumulative pose errors, and insufficient stability, making them difficult to deploy on low power edge devices such as embedded systems and mobile terminals. To address these issues, this paper proposes a lightweight monocular AR 3D tracking and registration method that integrates ORB-FREAK features, mismatching outlier filtering, background weighted mean shift, and template-based relocalization. The method does not rely on depth sensors or neural network inference, enabling efficient and accurate lightweight pose estimation. Specifically, we first combine the ORB (Oriented FAST and Rotated BRIEF) descriptor with the FREAK (Fast Retina Keypoint) algorithm for feature detection and initial matching. Hamming distance is used for coarse filtering of mismatched point pairs, and an ascending sort combined with an iterative sequential sampling strategy is applied to solve the optimal homography matrix, significantly improving the accuracy and efficiency of matrix estimation. Then, distance constraints among feature points are imposed on the target registration region to optimize the selection, and camera pose is computed based on the matching between 2D feature points and their corresponding 3D spatial coordinates, eliminating the error accumulation problem of conventional algorithms. Real-time feature matching is further used to correct the optical flow tracking sequence and camera pose, ensuring the continuity of the AR tracking process. Finally, a background weighted mean shift algorithm is introduced to narrow the feature detection range and suppress background interference, complemented by a template-matching relocalization module and a dynamic model update strategy, which effectively enhance the robustness of continuous tracking and registration under complex conditions. Experimental results demonstrate that, in extreme scenarios such as low light conditions, high speed motion, and occlusion, the proposed method achieves AR 3D tracking and registration success rates of 86.7%, 82.3%, and 78.5%, respectively. It exhibits superior performance in pose estimation accuracy and anti-interference capability in complex environments, with significantly reduced computational overhead. Moreover, it can achieve robust and continuous AR 3D tracking and registration on low power edge devices, effectively adapting to demanding AR application scenarios and providing reliable technical support for lightweight AR applications.",2026,"Sensors (Basel, Switzerland)",INCLUDE_CANDIDATE,HIGH,Explicit AR/MR signal: augmented reality,,,,,,,,,,LIKELY_ADVANCE_PENDING_PRIMARY_REVIEW
551,TA-03,42735903,10.2196/94312,Development of a Mixed-Reality Application for Volitional Step Training in People With Multiple Sclerosis: Cross-Sectional Qualitative User-Centered Co-Design Study.,"People with multiple sclerosis (MS) are at high risk of falls, with approximately half experiencing at least 1 fall within 6 months. Multidirectional step training has shown potential for fall prevention, but evidence in people with MS remains inconsistent. Mixed reality (MR) offers adaptive and home-based rehabilitation opportunities. However, successful implementation of MR-based serious games requires structured co-design processes integrating patient, clinician, and technical perspectives. This qualitative study describes the co-design and prototyping of a home-based MR serious game called Head Your Limits for volitional step training in people with MS, aiming to identify patient-, clinician-, and technology-driven design requirements and translate them into an MR rehabilitation application. We implemented a cross-sectional qualitative user-centered co-design process. Phase 1 involved 2 online focus groups with people with MS to identify experiential and design preferences related to MR-based training. Phase 2 included a focus group with 4 clinicians and 1 engineer to define clinical and technical requirements. Phase 3 consisted of in-person hands-on testing of 2 MR prototypes (""clock"" and ""grapes""), developed in Unity and deployed on Meta Quest 3. Twenty people with MS were purposively screened from among individuals referred for motor rehabilitation; 14 participated in the online focus groups and 9 in in-person prototype testing (mean age 56.2, SD 7.0 years; mean Expanded Disability Status Scale score 5.1, SD 1.3; 6/9, 66.7% female). Iterative refinement followed each phase, translating stakeholder-derived requirements into architectural modifications of the MR application. Focus group recordings and moderator notes were reviewed to identify themes and design requirements guiding iterative prototype refinement. Five primary patient-derived requirements emerged: multisensory feedback, gamification, progress tracking, visual accessibility, and ergonomic comfort. Clinicians emphasized adaptive difficulty, cognitive-motor integration, biomechanical validity, and caregiver compatibility. Prototype comparison showed that floor-level targets induced cervical discomfort and postural compensation, whereas auditory guidance reduced head flexion. The final application repositioned targets at eye level and implemented head-mounted display tracking to ensure appropriate center-of-mass displacement, preserve proprioceptive engagement, enable caregiver proximity, and integrate gamified feedback and performance reporting. Iterative stakeholder engagement resolved key design tensions related to ergonomics, sensory reliance, biomechanical validity, and motivation. The transition to eye-level, head-mediated interaction emerged as a core solution integrating therapeutic and user-experience goals. Through a rigorous user-centered co-design process, aligned with contemporary human-centered development models, we developed an MR serious game for volitional step training in people with MS. This study contributes to the field by providing a transparent methodological framework integrating biomechanical validity, usability, and engagement. Although clinical effectiveness remains to be tested, these findings may inform the design of accessible, personalized home-based rehabilitation for people with MS and other neurological populations.",2026,JMIR serious games,INCLUDE_CANDIDATE,HIGH,"Explicit AR/MR signal: mixed reality, mixed-reality, head-mounted display",,,,,,,,,,LIKELY_ADVANCE_PENDING_PRIMARY_REVIEW
552,TA-03,42735190,10.1521/bumc.2026.90.3.221,Stepping into fear safely: A case study on mixed reality exposure in spider phobia.,"Arachnophobia is a common specific phobia, yet access to therapy is limited. This single-case study examined the use of a mixed reality exposure therapy (MRET) for spider phobia, enabling room-aware spatial mapping and passthrough vision for safety. Its core feature is a spider behavior system that simulates naturalistic, unpredictable movements animated procedurally for ecological validity. The study participant was a 56-year-old female patient with chronic spider phobia who had shown limited response to two previous cognitive behavioral treatments. Progress was assessed at nine time points over one year using the Spider Phobia Questionnaire (SPQ), Fear of Spiders Questionnaire (FSQ), and Patient Health Questionnaire (PHQ-9). Results showed a 48% reduction in FSQ scores. Decreases in the SPQ avoidance and vigilance subscale scores were notable. MRET produced substantial and lasting reductions in spider phobia severity over a period of 12 months, with improved tolerance, reduced avoidance, and stable mood. The approach was well accepted.",2026,Bulletin of the Menninger Clinic,INCLUDE_CANDIDATE,HIGH,Explicit AR/MR signal: mixed reality,,,,,,,,,,LIKELY_ADVANCE_PENDING_PRIMARY_REVIEW
553,TA-03,42733152,10.1097/PHM.0000000000003159,Effect of Sequential Electroacupuncture Combined With Augmented Reality Gait Training on Walking Function and Neuromuscular Control in Subacute Stroke: A Randomized Controlled Trial.,"To investigate the effects of sequential electroacupuncture (EA) combined with augmented reality (AR) gait training on walking function and neuromuscular control in patients with subacute stroke (onset 1-6 mo). A single-blind, randomized controlled trial allocating 40 patients with subacute stroke to an experimental (EA+AR, n=20) or control group (AR alone, n=20) for 4 weeks. The primary outcome was gait speed. Generalized estimating equations (GEE) analyses revealed that the experimental group demonstrated significantly greater improvement in gait speed (Wald χ²=6.509, P=0.011) compared with controls. Significant improvements were also observed in stride length, gait symmetry, FMA-LE, BBS, and CCI (all P <0.05). No significant between-group differences were found for step width, cadence, or joint kinematics (all P >0.05). No adverse events occurred. The sequential EA-AR protocol significantly improved gait speed-the primary outcome-as well as stride length, gait symmetry, motor function, balance, and neuromuscular control. These findings suggest that temporally structured EA prior to AR training may facilitate motor relearning, potentially through transient neuromodulatory states induced by EA, though this mechanistic interpretation requires further confirmation.",2026,American journal of physical medicine & rehabilitation,INCLUDE_CANDIDATE,HIGH,Explicit AR/MR signal: augmented reality,,,,,,,,,,LIKELY_ADVANCE_PENDING_PRIMARY_REVIEW
554,TA-03,42729479,10.3389/fdgth.2026.1764807,Next viewer-development of a software for the spatial computing data glasses apple vision pro for patient-specific preoperative planning and navigation.,"This study aims to evaluate the clinical utility of nextViewer, a novel spatial computing application for the Apple Vision Pro, to determine its efficacy in enhancing patient-specific neurosurgical preoperative planning, spatial comprehension, and multi-user team communication. A complete translational workflow was established, encompassing the segmentation of high-resolution CT/MRI scans into patient-specific 3D models and their integration into the spatial computing environment. The software leverages integrated eye- and hand-tracking to enable controller-free interaction, including 3D model manipulation, surgical trajectory drawing, and multiplanar finger-navigation. A systematic clinical evaluation was conducted with 15 experienced neurosurgeons. User satisfaction regarding user-friendliness, surgical planning benefits, system stability, and visualization quality was assessed utilizing a Likert-scale questionnaire ranging from -2 (strongly disagree) to +2 (strongly agree). The application successfully facilitated intuitive, real-time manipulation of complex anatomical models, utilizing transparencies to visualize underlying critical structures. The finger-navigation feature-providing immediate crosshair updates in corresponding coronal, sagittal, and axial planes-was identified as a unique selling point for spatial orientation. Furthermore, the collaboration mode enabled synchronized, multi-user case discussions. The systematic evaluation yielded a highly positive total score of +1.7. Surgeons specifically highlighted the controller-free interaction and the exceptional graphical resolution as significant advantages over legacy visualization systems. Controller-free spatial computing via the Apple Vision Pro significantly enhances neurosurgical preoperative planning. By improving real-time spatial awareness and enabling seamless interactive simulations, the nextViewer app bridges the gap between theoretical augmented reality concepts and practical clinical application. The system demonstrates strong potential to become a standard tool in neurosurgery, establishing a robust foundation for future integration with telemedicine and advanced surgical navigation.",2026,Frontiers in digital health,INCLUDE_CANDIDATE,HIGH,"Explicit AR/MR signal: augmented reality, spatial computing",,,,,,,,,AR_MENTION_MAY_BE_CONTEXT_ONLY,PRIORITY_VERIFY
555,TA-03,42728650,10.1111/eje.70308,A Reflection on the Populist Challenge for Oral Health Professions Education.,"Oral Health Professions (OHP) education is undergoing rapid digital transformation through the integration of artificial intelligence (AI), extended reality, haptic simulation, CAD-CAM technologies and additive manufacturing. Embracing these innovations is essential to prepare future OHP for contemporary clinical practice, enhance learning and improve patient care. At the same time, this transformation is unfolding within a societal landscape increasingly characterized by misinformation, declining trust in expertise and intensified commercialization of knowledge. This convergence creates conditions in which scientific credibility may become influenced by visibility, marketability and persuasive communication rather than methodological rigour and critical evaluation. We introduce academic populism as a conceptual framework to describe this shift and to articulate its implications for OHP education. Predatory publishing, non-transparent industry influence, generative AI and the rapid dissemination of unverified content further challenge established mechanisms of quality assurance and evidence-based decision-making. Preserving academic integrity therefore requires responsible governance of emerging technologies, transparent collaborations, critical digital literacy and continued adherence to principles of research integrity, academic independence and ethical scholarship. Sustaining these values alongside technological innovation is essential for preparing OHP who can critically evaluate evidence, responsibly adopt new technologies and maintain public trust in the profession.",2026,European journal of dental education : official journal of the Association for Dental Education in Europe,INCLUDE_CANDIDATE,HIGH,Explicit AR/MR signal: extended reality,,,,,,,,,AR_MENTION_MAY_BE_CONTEXT_ONLY,PRIORITY_VERIFY
556,TA-03,42726130,10.1007/s00261-026-05777-7,Augmented and virtual reality for preprocedural planning and intraprocedural guidance in transplant hepatic artery stenting.,"Hepatic artery stenosis is a recognized vascular complication after orthotopic liver transplantation, and endovascular treatment is technically demanding because of variable post-surgical anatomy. Augmented and virtual reality (AR/VR) allows immersive review of patient-specific three-dimensional imaging, but its clinical application to transplant hepatic artery interventions remains poorly described. This study evaluated the feasibility, usability, and perceived impact of AR/VR for preprocedural planning and intraprocedural guidance in transplant hepatic artery (HA) stenting. This IRB-approved single-center pilot study included eight consecutive patients undergoing transplant HA stenting from January 2025 to May 2026. Preprocedural planning was performed using an AR/VR headset and spatial computing software. In the final three cases, AR was used intraprocedurally to display live fluoroscopy during the procedure. Postprocedure surveys assessed workflow integration, anatomic visualization, confidence, usability, and comfort using 5-point Likert scales. Cases were emergent in 12.5% and elective in 87.5%; 62.5% were high complexity. All cases were technically successful without major complications. Median case, fluoroscopy, and AR/VR planning times were 159.5, 34.8, and 4.5 min, respectively; median air kerma was 678 mGy. AR/VR planning represented 3.6% of case time and was perceived to change the approach in 6/8 cases (75%). Visualization, workflow integration, confidence, and anatomic understanding each received median scores of 5. Headset comfort was lowest-rated. Intraprocedural AR was successful in all 3 cases. AR/VR planning for transplant HA stenting is feasible, influencing procedural strategy in 75% of cases with maximum operator ratings for visualization, confidence, and workflow integration. Intraprocedural AR during transradial access was feasible.",2026,Abdominal radiology (New York),INCLUDE_CANDIDATE,HIGH,Explicit AR/MR signal: spatial computing,,,,,,,,,,LIKELY_ADVANCE_PENDING_PRIMARY_REVIEW
557,TA-03,42726077,10.1121/10.0046466,Time-varying voice directivity in real-time room acoustic simulation: Implementation and perceptual evaluation.,"Source directivity is an integral part of room acoustic simulation, affecting not only the intensity and frequency balance of the direct sound depending on source orientation, but also room-acoustic parameters, such as the direct-to-reverberant energy ratio. While the directivity of a loudspeaker is time-invariant, the directivity of other sound sources, such as the human voice, varies over time. Whether these time-dependent directivity changes must be fully considered for a plausible binaural rendering of speech remains an open question, requiring rendering solutions that can reproduce time-varying directivity. This work provides three key contributions. First, it introduces a feature for liveRAZR-a real-time, six-degrees-of-freedom room acoustic simulator-to render sound sources with time-varying directivity from Ambisonics input. Second, it proposes a method to generate speech material with time-varying directivity from monaural recordings using phoneme-dependent directivity filters. Third, it presents a listening experiment comparing fluent speech with multiple time-varying and static directivities regarding transfer-plausibility and perceptual qualities. Time-varying directivity did not significantly improve transfer-plausibility or liveliness and source-orientation clarity ratings compared to static, measurement-based directivity in the tested scenario. However, analytically obtained spherical head model directivity reduced these perceptual qualities, indicating that measurement-based voice directivity is preferable for demanding immersive extended reality applications.",2026,The Journal of the Acoustical Society of America,INCLUDE_CANDIDATE,HIGH,Explicit AR/MR signal: extended reality,,,,,,,,,,LIKELY_ADVANCE_PENDING_PRIMARY_REVIEW
558,TA-03,42721973,10.1016/j.cub.2026.08.047,Adult zebrafish favor vision over flow sensing in increasingly complex hydrodynamic environments.,"Vertebrate life originated in water, where attenuated light and hydrodynamic currents challenge the sensorimotor abilities of animals differently than in terrestrial environments.1,2,3 The mechanosensory lateral line system, which evolved alongside vision from deep genetic blueprints inherited from invertebrate ancestors,4,5 allows fish to sense changes in water velocity and pressure.6,7 Vision and the lateral line have been shown to work inextricably in tandem to detect predators, prey, and conspecifics.8,9,10 Despite the growing interest in elucidating the sensory integration underlying ecological behaviors,11,12 our understanding of how mechanosensation and vision interact in fish remains limited. Here, we challenge the lateral line system of adult zebrafish (Danio rerio) with hydrodynamic conditions ranging from more predictable (i.e., still water)13,14 to less predictable (i.e., turbulent flow)15,16 and quantify their behavioral responses to controlled visual perturbations using an augmented reality flow-tank assay. We find that fish exhibit compensatory optomotor responses to maintain position under turbulent, but not uniform, flow conditions during station-holding behavior. Furthermore, escape responses to looming visual stimuli are heightened when fish swim against water flow compared with still water, whether individually or in a group. Our results demonstrate an elevated role of vision in fish as hydrodynamic complexity increases. We propose that fish sensory strategies are not fixed but are dynamically tuned to the predictability of external water flow, thus favoring lateral line input under more predictable environments and visual cues under less predictable environments.",2026,Current biology : CB,INCLUDE_CANDIDATE,HIGH,Explicit AR/MR signal: augmented reality,,,,,,,,,,LIKELY_ADVANCE_PENDING_PRIMARY_REVIEW
559,TA-03,42721385,10.2196/83347,Attitudes Toward and Preconditions for Digital Game-Based Learning Among Public Health and Health Sciences Students: Cross-Sectional Online Survey Study.,"Digital game-based learning (DGBL) is gaining traction in medical and nursing education, but its integration into public health and health sciences curricula remains limited. This study addresses this research gap by exploring student perspectives, use patterns, and expectations regarding DGBL within German public health study programs. The study investigated how public health and health sciences students perceive DGBL and identified conditions that promote or hinder its integration into academic training for public health professionals. A cross-sectional online survey was conducted from January 2021 to March 2024. A total of 444 students participated, with 326 completing the questionnaire. The instrument combined closed- and open-ended questions on sociodemographic characteristics, digital media use, attitudes toward DGBL, and structural and pedagogical requirements. Quantitative data were analyzed descriptively using SPSS; qualitative data were evaluated using MAXQDA and Kuckartz structured content analysis. The sample consisted predominantly of full-time students enrolled in bachelor's or master's programs in public health and health communication. Digital media are widely used for communication (n=320, 98.2%), information search (n=291, 89.3%), and entertainment (n=268, 82.2%) in daily student routines. In contrast, video gaming and online shopping play a minor role. Students expressed a generally positive attitude toward DGBL, particularly in practical learning contexts such as exam preparation, visualizing complex content, and knowledge checks. High agreement was found for using DGBL in modules such as Prevention and Health Promotion (n=277, 84.9%), Epidemiology and Statistics (n=271, 83.2%), and Population Medicine (n=251, 76.7%). Preferred devices include desktop PCs, tablets, and smartphones, while immersive technologies such as virtual reality or augmented reality glasses or consoles are less favored. Students highlighted specific prerequisites for DGBL integration: a functioning technical infrastructure (n=321, 98.5%), media-literate teaching staff (n=311, 95.4%), and compliance with data protection standards (n=303, 93%). Furthermore, students valued user-friendly design (n=255, 78.2%), technical reliability (n=299, 91.7%), clear feedback (n=236, 72.4%), and flexibility regarding the time and place of use (n=307, 94.2%). Game elements such as animations, multimedia, and reward systems were appreciated, whereas features such as 3D graphics, avatars, and multiplayer modes were considered less important. The findings show a high willingness among students to engage with DGBL, especially when its design emphasizes clarity, usability, and relevance to course content. Emotional safety, flexible access, and pedagogical integration are more decisive than immersive game features. To effectively implement DGBL in public health education, developers and educators should cocreate low-threshold, didactically sound applications that align with students' preferences and study realities. Future research should assess learning outcomes and emotional effects longitudinally and explore scalable implementation strategies.",2026,JMIR medical education,INCLUDE_CANDIDATE,HIGH,Explicit AR/MR signal: augmented reality,,,,,,,,,AR_MENTION_MAY_BE_CONTEXT_ONLY,PRIORITY_VERIFY
560,TA-03,42719206,10.21037/jss-2026-0084,Augmented reality-enabled image-guided surgical navigation in minimally invasive spine surgery: application beyond screw placement in prone lateral transpsoas interbody fusion-a cadaveric surgical technique study.,"Augmented reality-enabled image-guided surgical navigation (ARE-IGSN) has demonstrated high accuracy for pedicle screw placement in spine surgery, but its application to interbody phases of minimally invasive fusion remains largely unexplored. Interbody work typically requires repeated fluoroscopic confirmation, increasing radiation exposure and forcing frequent gaze shifts away from the operative field. This study aims to evaluate the feasibility and accuracy of ARE-IGSN for key interbody steps in prone lateral transpsoas interbody fusion, including skin marking, corridor selection, disc preparation, evaluation of endplate integrity, and cage trajectory and depth control. A fresh frozen cadaver specimen was positioned in a prone lateral configuration with pelvic reference frame registration to a preprocedural computed tomography (CT) scan. An ARE-IGSN platform was used to provide in-field navigation overlays throughout the procedure. The workflow included navigated skin marking, docking, disc preparation using calibrated instruments, and interbody cage placement. Primary endpoints were technical feasibility, implant placement accuracy assessed by comparison of ARE-IGSN data with postprocedural CT imaging, and endplate integrity. Secondary endpoints included fluoroscopy utilization and qualitative ergonomic assessment. ARE-IGSN guidance was used throughout the procedure for skin marking, corridor selection, docking, disc preparation, endplate evaluation, trialing, and cage placement. The procedure was completed without the use of procedural fluoroscopy following system registration. Postprocedural CT demonstrated close agreement between the implant position displayed by the ARE-IGSN system and the final implant position. Retrospective comparison of measurements obtained from the saved ARE-IGSN data and postprocedural CT imaging demonstrated less than 1 mm difference across all assessed parameters, with no evidence of endplate violation. Visualization of navigational information was provided directly through the headset display throughout the procedure. This cadaveric study demonstrates the technical feasibility of applying ARE-IGSN guidance to multiple phases of prone lateral transpsoas interbody fusion beyond pedicle screw placement. Retrospective comparison of saved ARE-IGSN navigational data with postprocedural CT imaging demonstrated close agreement between the implant position displayed by the system and the final implant position. These findings support further prospective clinical investigation of implant placement accuracy, workflow integration, radiation utilization, and ergonomic outcomes.",2026,Journal of spine surgery (Hong Kong),INCLUDE_CANDIDATE,HIGH,Explicit AR/MR signal: augmented reality,,,,,,,,,,LIKELY_ADVANCE_PENDING_PRIMARY_REVIEW
561,TA-03,42718945,10.1177/20552076261488207,"Evaluation of an augmented reality-assisted system for standardizing spirometry (AR-SPIRO trial): Protocol for three-stage system development, agreement validation, and pragmatic implementation.","Spirometry, the gold-standard diagnostic tool for chronic obstructive pulmonary disease, is limited in primary care due to shortages of qualified technicians and inconsistent testing quality. Evidence for augmented reality (AR)-assisted spirometry remains limited. This three-stage study aims to evaluate the task performance, operational efficiency, cost-effectiveness, and usability of an AR-assisted spirometry system, AR-SPIRO. The pre-evaluation stage included system development, technical verification, and usability testing. In Phase 1, a single-center randomized crossover agreement validation and usability evaluation study will compare the quality of spirometry between the AR-assisted and senior technician-led modes using weighted Kappa coefficients. In Phase 2, a multi-center, open-label, pragmatic, randomized implementation evaluation will be conducted at 14 primary care institutions. High-risk participants will be randomly assigned to AR-assisted or technician-led guidance. AR-SPIRO integrates a portable spirometer, a mobile terminal for real-time flow data processing, and AR glasses for synchronized visual-auditory feedback. The AR-SPIRO system has been developed, and technical verification and preliminary usability testing have been completed. The study protocol has been finalized, and the Phase 1 agreement validation and Phase 2 pragmatic implementation evaluation are planned according to the predefined protocol. AR-SPIRO is expected to provide standardized spirometry guidance in primary care. This trial will provide evidence for the usability and implementation value of AR-SPIRO in resource-limited settings.",2026,Digital health,INCLUDE_CANDIDATE,HIGH,Explicit AR/MR signal: augmented reality,,,,,,,,,,LIKELY_ADVANCE_PENDING_PRIMARY_REVIEW
562,TA-03,42717530,10.1111/ajco.70172,"Augmented Reality, Mixed Reality, Virtual Reality, and Extended Reality Applications in Personalized Oncology and Patient-Centered Cancer Care: A Narrative Review.","Extended reality (XR) technologies, including augmented reality (AR), mixed reality (MR), and virtual reality (VR), are an appealing technology in clinical oncology. This narrative review evaluates the current evidence of XR applications throughout the cancer care continuum in terms of the clinical implementation, patient outcome, and the relevance of the practice to practicing clinical oncologists. A literature search on PubMed, Scopus, Web of Science, and Cochrane Library (January 2015-December 2025) was conducted at the right time to select the articles related to AR, VR, MR, XR, and cancer/oncology. Randomized controlled trials (RCTs), systematic reviews, meta-analyses, and clinical implementation studies were given priority. VR contains the strongest evidence base in which 15 RCTs meta-analysis (n = 864) found large reductions in the level of anxiety related to chemotherapy (standardized mean difference [SMD] = -1.40) among adult patients with cancer and fatigue (SMD = -3.85). Cancer-related pain (SMD = -0.86, 95% CI: -1.89 to -0.85, p < 0.001) affected significantly VR interventions as well when implemented in 28 RCTs. In hepatic, glioma, and gastrointestinal tumor resection, AR-guided surgical navigation has been clinically workable, and prospective research has indicated that it is capable of better tumor localization. Depression (SMD = -1.86, p < 0.001) was also reduced. The 3D holographic visualization with the help of MR enables the treatment planning of the multidisciplinary type. The XR technologies possess immense potential in the field of personalized oncology. The sphere of VR-based supportive care intervention is clinically prepared, and still the uses of AR and MR in surgical oncology require confirmation of multicenter trials. Standardization of the protocols, cost-effectiveness studies and its integration into the clinical processes are yet to remain on the list of the top priorities.",2026,Asia-Pacific journal of clinical oncology,INCLUDE_CANDIDATE,HIGH,"Explicit AR/MR signal: augmented reality, mixed reality, extended reality",,,,,,,,,SECONDARY_OR_COMMENTARY_TITLE,PRIORITY_VERIFY
563,TA-03,42716817,10.1016/j.ijom.2026.08.032,"Comparative evaluation of mixed reality, CTA-based digital guide, and hand-held Doppler for anterolateral thigh perforator localization in head and neck reconstruction.","Accurate perforator localization is critical for safe and efficient harvest of the anterolateral thigh perforator flap (ALTF) in head and neck reconstruction. This study evaluated the feasibility and accuracy of computed tomography angiography (CTA) with integrated mixed reality (CTA-MR) for perforator localization compared with hand-held Doppler ultrasound (HHD) and CTA-based digital guides (CTA-guide). Twelve patients requiring ALTF reconstruction following oral and maxillofacial tumour resection were enrolled. Each patient underwent preoperative perforator mapping using HHD, CTA-guide, and CTA-MR. The intraoperatively confirmed fascial emergence point of each perforator was used as the reference standard. Localization accuracy, sensitivity, distance error, preparation and localization times, and postoperative outcomes were analysed. Thirty-two perforators were confirmed intraoperatively. The accuracy of perforator localization was 75.7% for HHD, 85.3% for CTA-guide, and 91.2% for CTA-MR; sensitivity was 87.5%, 90.6%, and 96.9%, respectively. Localization error differed significantly among the three methods (linear mixed-effects model, P < 0.001). The estimated marginal mean localization error was 11.56 ± 0.94 mm for HHD (95% confidence interval (CI) 9.69-13.42), 8.01 ± 0.92 mm for CTA-guide (95% CI 6.18-9.84), and 5.82 ± 0.89 mm for CTA-MR (95% CI 4.05-7.59). CTA-MR required less preparation time than guide fabrication but a longer intraoperative localization time than guide placement. All flaps survived; no donor site complications were observed. CTA-MR appears to be a feasible method for ALTF perforator localization and demonstrated favourable localization performance in this exploratory cohort. Further studies are needed to confirm its clinical utility and potential advantages over established localization techniques.",2026,International journal of oral and maxillofacial surgery,INCLUDE_CANDIDATE,HIGH,Explicit AR/MR signal: mixed reality,,,,,,,,,,LIKELY_ADVANCE_PENDING_PRIMARY_REVIEW
564,TA-03,42714941,10.1111/jmi.70170,Development and evaluation of a deep learning framework for screening of cervical lymph node metastasis in microscopic images of oral squamous cell carcinoma: A proof of concept study.,"Lymph node (LN) metastasis serves as a critical prognostic indicator in oral squamous cell carcinoma (OSCC), profoundly influencing treatment approaches and survival outcomes. This proof-of-concept study developed and internally evaluated an economical, deep learning (DL)-assisted screening framework for identifying metastatic deposits in microscopic images of LNs from OSCC. The accessibility and operational costs of a WSI pose a major constraint in developing nations and resource-limited environments. An in-house dataset of conventional microscopic images (×400 magnification) was prepared from slides of LNs collected from 77 patients (one slide from each patient, 40 metastatic and 37 non-metastatic cases). The 'Training and Validation' subset of this dataset contained 16,426 metastasis-positive and 14,192 non-metastatic image patches of 256 × 256 pixels prepared from the microscopic images and were later augmented and used for training five deep-learning image classification models using the transfer learning approach. Among the five, fine-tuned convolutional neural network model, 'Xception', achieved the best performance metrics without evident overfitting. The in-house dataset also had a strictly separate EVALUATION component/EV subset that contained a total of 1938 metastasis-positive and 1604 metastasis-free microscopic images of LNs of size 1024 × 768 pixels (×400 magnification). Using a custom Python-based framework and the fine-tuned 'Xception' model, a software tool META_DETECT-AI was developed and tested over the whole microscopic images of the EV subset. The proposed tool demonstrated 97.94% specificity, 99.85% sensitivity, and 98.98% accuracy with visually explainable heatmap generation capabilities over the microscopic images of the EV subset. At the slide level, it showed 100% sensitivity, 71.43% specificity, and 88.24% accuracy. The developed framework is intended as a decision-support tool for pathologist support and screening and prioritisation of suspicious microscopic images and not as a replacement for slide-level diagnosis or immunohistochemistry. Upon further validation on a larger, heterogeneous, multicentre dataset, this framework may be integrated with augmented reality microscopy/digital pathology workflow.",2026,Journal of microscopy,INCLUDE_CANDIDATE,HIGH,Explicit AR/MR signal: augmented reality,,,,,,,,,AR_MENTION_MAY_BE_CONTEXT_ONLY,PRIORITY_VERIFY
565,TA-03,42714790,10.1007/s11548-026-03792-z,A real-time metric for quantifying registration stability in mixed reality neurosurgical navigation.,"Mixed reality (MR) guidance enables real-time superimposition of virtual anatomical models onto the surgical field but is inherently affected by spatial instability due to tracking limitations, sensor noise and head-mounted display dynamics. These frame-to-frame fluctuations may lead to transient mislocalisation of neuroanatomical structures and are not adequately captured by conventional static registration metrics. This study aimed to develop and validate a clinically interpretable metric for continuous assessment of registration stability in MR-guided neurosurgery. The Registration Quality Index (RQI) was introduced as an automated, surface-based metric quantifying virtual-physical alignment through pixel-level boundary proximity analysis. A higher RQI value indicates greater boundary displacement, corresponding to worse registration quality. Validation was performed using a rigid skull phantom, a Varjo XR-3 mixed reality headset and ArUco-based optical tracking across fifteen experimental trials and seventy-five viewing configurations. RQI values were compared with established neuronavigation accuracy metrics, including Fiducial Registration Error (FRE) and Target Registration Error (TRE). Strong correlations were observed between RQI and FRE (r = 0.89 (95% CI 0.69-0.96), p < 0.001) and between RQI and TRE (r = 0.93 (95% CI 0.80-0.98), p < 0.001). Regression analysis demonstrated that each 1% increase in RQI corresponded to a 0.195 mm increase in FRE and a 0.244 mm increase in TRE. Real-time computation at 30 Hz was achieved without workflow disruption. RQI variability was significantly influenced by viewing angle, with lateral perspectives yielding higher displacement values than frontal views. As a technical proof of concept, RQI enables continuous, automated monitoring of registration stability in MR-guided neurosurgical navigation, addressing a critical limitation of current static accuracy assessments. While the current proof-of-concept validation on rigid phantoms demonstrates strong construct validity, the interpretability ranges reported here are exploratory and further clinical studies involving in vivo conditions are required to establish clinically actionable decision boundaries and assess performance in the presence of brain shift and soft tissue deformation.",2026,International journal of computer assisted radiology and surgery,INCLUDE_CANDIDATE,HIGH,"Explicit AR/MR signal: mixed reality, head-mounted display",,,,,,,,,,LIKELY_ADVANCE_PENDING_PRIMARY_REVIEW
566,TA-03,42714028,10.3791/73393,Camera-Based Augmented Reality Navigation for Assisting the Extraction of Impacted Supernumerary Teeth.,"The surgical removal of deeply impacted supernumerary teeth is a demanding pediatric procedure due to their hidden positions and proximity to vital structures, such as tooth germs and nerves. Conventional freehand methods often rely on subjective mental reconstruction of 3D imaging, which can lead to excessive bone removal and iatrogenic injury. This study presents a standardized protocol that uses a camera-based 3D AR navigation system to assist in localizing impacted supernumerary teeth. A digital workflow was established by integrating preoperative cone-beam computed tomography (CBCT) data with intraoral scans to create a patient-specific virtual plan. During surgery, a high-resolution camera captures the operative field, and the virtual model of the impacted supernumerary tooth is overlaid on the live camera image displayed on the computer screen, providing a visual reference for assisted localization. The AR navigation interface allows surgeons to adjust the transparency of various tissue layers to enhance internal observation and fine-tune image registration via an adjustable localization confidence threshold. Furthermore, the system enables fixing the display once the most accurate alignment is achieved, ensuring visual stability during critical maneuvers. This protocol was demonstrated in a clinical case involving a patient with a deeply impacted supernumerary tooth. The preliminary outcome showed that the system provided intuitive spatial guidance for assisted localization of the impacted supernumerary tooth. The workflow proved clinically feasible, and no intraoperative complications, such as damage to adjacent roots, were observed. In conclusion, camera-based AR navigation may serve as a potential adjunctive approach to conventional techniques for the assisted extraction of impacted supernumerary teeth. By providing real-time visualization of internal structures and interactive control over registration and transparency, this protocol supports the clinical adoption of digital innovations in complex pediatric dental interventions.",2026,Journal of visualized experiments : JoVE,INCLUDE_CANDIDATE,HIGH,Explicit AR/MR signal: augmented reality,,,,,,,,,,LIKELY_ADVANCE_PENDING_PRIMARY_REVIEW
567,TA-03,42711887,10.1111/clr.70173,Accuracy of Pterygoid Implant Placement With Augmented and Mixed Reality Navigation: An In Vitro Study.,"To evaluate the accuracy of augmented reality (AR) and mixed reality (MR)-assisted technologies for pterygoid implant trajectory guidance under anatomically challenging posterior maxillary conditions in the in vitro experimental model. Cone beam computed tomography datasets from eight patients were used to reconstruct three-dimensional (3D) models of the pterygoid-maxillary complex. Virtual implant placement was performed in planning software, and the corresponding standard tessellation language (STL) files were exported as the preoperative reference. For each patient, four resin models were fabricated and randomly assigned within the patient to the four implant placement techniques (free hand [FH]; static guide [SG]; AR; MR), resulting in 32 models in total. A surgeon placed 36 implants in all models according to group designs. Following implant placement, each model was digitized, and STL datasets were generated. These were superimposed with the preoperative reference STL in 3D analysis software, allowing calculation of angular and linear deviation. One-way repeated measures ANOVA was applied to compare deviations among groups, with significance set at p < 0.05. The SG group demonstrated the highest accuracy (coronal deviation 0.86 ± 0.73 mm; apical deviation 1.26 ± 0.60 mm; angular deviation 3.77° ± 1.84°). In contrast, the FH, AR, and MR groups exhibited greater deviations in all parameters, with the MR group showing the largest errors-particularly in apical deviation (3.81 ± 1.47 mm) and angular deviation (12.37 ± 5.05). Within the limitations of the in vitro model, the AR and MR-assisted technologies tested in this study demonstrated limited accuracy for pterygoid implant placement.",2026,Clinical oral implants research,INCLUDE_CANDIDATE,HIGH,"Explicit AR/MR signal: augmented reality, mixed reality",,,,,,,,,,LIKELY_ADVANCE_PENDING_PRIMARY_REVIEW
568,TA-03,42706977,10.2174/0113816128478269260818075055,"AI-Driven Precision Medicine in Alzheimer's Disease: Drug Repurposing, Digital Therapeutics and Clinical Decision Support.","Alzheimer's Disease (AD) is a neurodegenerative disease that causes significant clinical, social, and economic burden worldwide. Despite improvements in understanding its multifaceted pathogenesis, current treatments are mostly symptomatic and ineffective across varied patient populations. To overcome these constraints, AI-driven precision medicine allows tailored risk assessment, treatment selection, and disease monitoring. This review covers AI's role in AD precision medicine, focusing on drug repurposing, digital therapies and clinical decision support systems. Machine and deep learning models are used to predict medication response, integrate heterogeneous data sources such as genomics, transcriptomics, neuroimaging and electronic health records, and uncover pharmacogenomic treatment success factors. The paper covers AIenabled precision pharmacology, including tailored dosing algorithms, adaptive therapeutic monitoring, and adverse drug reaction prediction. Bioinformatics-based target identification, network pharmacology, graphbased AI models, virtual screening, and real-world and clinical data validation are emphasized in AI-driven medication repurposing. AI-powered digital treatments like personalized cognitive training platforms, wearable- derived digital biomarkers, virtual and mixed reality interventions, adherence monitoring, and digital twins for therapy optimization have been discussed. AI-based clinical decision support systems are also thoroughly assessed for clinical value, accuracy, and explainability in disease subtyping, trajectory prediction, and risk stratification in preclinical and prodromal AD. Despite these promises, data heterogeneity, algorithmic bias, legal barriers, and privacy concerns exist. Federated learning enables safe multi-center collaboration and hybrid AI-human approaches, and it represents the future. AI's ability to alter AD care opens the door to precision medicine paradigms that use repurposed medications, digital tools and intelligent decision-making to improve patient outcomes.",2026,Current pharmaceutical design,INCLUDE_CANDIDATE,HIGH,Explicit AR/MR signal: mixed reality,,,,,,,,,AR_MENTION_MAY_BE_CONTEXT_ONLY,PRIORITY_VERIFY
569,TA-03,42705575,10.1016/j.jvir.2026.109064,Integrating Extended Reality into Interventional Radiology: A Single Center Feasibility Study of a Virtual Ruler for PICC Line Placement.,"To evaluate an XR ruler during peripherally inserted central catheter (PICC) placement as a representative clinical task to assess comparative effectiveness, measurement accuracy, operator comfort and user challenges. An XR application that showed the distance between the user's index fingers was developed. A prospective cohort study was then conducted in which the PICC length was determined by the XR ruler for patients undergoing routine placement at a quaternary care academic medical center. Accuracy of catheter tip position at the cavoatrial junction, procedure time, and radiation dose, were compared between the intervention group and historical controls. A total of 29 patients were recruited. The primary outcome of acceptable tip placement was achieved in all cases, and there was no significant difference in procedure time and radiation dose between the XR group and historical controls (p = 0.46 and 0.26, respectively). The mean error of the XR ruler was 0.7 ± 0.9 cm. Directed interviews of providers found the XR application easy to integrate into the clinical workflow (strong agreement, mean Likert score of 1). Use of an XR hand ruler to guide PICC placement enabled optimal tip placement, was non-inferior to standard of care on secondary outcomes, and was well received by interventional radiologists.",2026,Journal of vascular and interventional radiology : JVIR,INCLUDE_CANDIDATE,HIGH,Explicit AR/MR signal: extended reality,,,,,,,,,,LIKELY_ADVANCE_PENDING_PRIMARY_REVIEW
570,TA-03,42704094,10.1177/03000605261484837,Play to move: A mixed-methods prospective observational study of exergaming versus traditional exercise interventions in children with Down syndrome.,"ObjectiveChildren with Down syndrome often face challenges associated with physical activity engagement and motor skill development. This study examined the effectiveness of an augmented reality exergaming application compared with that of traditional paper-based exercise recommendations for promoting physical activity in children with Down syndrome.MethodsUsing a mixed-methods design, this prospective, observational study investigated the experiences of participants in a 6-week exercise intervention by comparing the effectiveness of an exergaming application (n = 3) with the provision of a paper handout with recommended exercises (n = 2). Five children with Down syndrome participated in the study, with physical assessments conducted pre- and post-intervention via telehealth, weekly interviews, and activity tracking.ResultsThematic analysis revealed that the exergaming application provided initial novelty and motivation that decreased over time; however, session duration increased. Paper handouts served as reminders but not motivators. Participants preferred activities involving upper-body movements over more challenging, whole-body movements, and familiar, simplified movements over novel complex tasks. All application group participants demonstrated improvement in the 2-min step test.ConclusionExergaming may help improve physical fitness in children with Down syndrome; however, it requires specific design considerations to sustain long-term engagement and activity initiation.",2026,The Journal of international medical research,INCLUDE_CANDIDATE,HIGH,Explicit AR/MR signal: augmented reality,,,,,,,,,AR_MENTION_MAY_BE_CONTEXT_ONLY,PRIORITY_VERIFY
572,TA-03,42703463,10.21037/qims-2026-0407,Application of computer-aided design/computer-aided manufacturing and mixed reality technologies in a novel mandibular reconstruction plate system.,"Mandibular reconstruction following oral and maxillofacial tumor resection is essential for restoring occlusion and facial appearance. Conventional methods require intraoperative bending of plates, increasing surgical time and risking metal fatigue and plate fracture. Patient-specific implants (PSIs), created via preoperative computed tomography (CT) data and three-dimensional (3D) metal printing, have improved surgical accuracy and reduced operation times. In Japan, Cosmofix® is the only PSI system available, but it lacks osteotomy guides, complicating precise bone cuts and screw insertion angles. To address these gaps, we developed custom-designed osteotomy guides, using computer-aided design (CAD)/computer-aided manufacturing (CAM) and in-house 3D printing, and incorporated mixed reality (MR) technology to enhance preoperative and intraoperative planning and accuracy. Preoperative CT and 3D reconstruction were performed, and the resection range and Cosmofix® plate were designed in consultation with the engineer. The plate was equipped with claw-like projections to prevent displacement. Based on the plate design data, an osteotomy guide was created and manufactured using a 3D printer. Screw holes were designed for fixation. Using STL data, we created an application enabling multiple surgeons to visualize anatomical structures and resection margins in 3D during preoperative conferences and intraoperatively. A 22-year-old male patient with mandibular ameloblastoma underwent segmental resection and reconstruction using Cosmofix®, a custom osteotomy guide, and MR technology. Preoperative virtual planning allowed precise design of the reconstruction plate and osteotomy guides, and MR applications enabled shared surgical understanding and verification of resection range, jaw positioning, and implant angles during surgery. Postoperative accuracy assessment showed that bone surface error within 1 mm was achieved in 94.1% (right) and 92.9% (left) of the surgical area. At 1 year postop, functional and aesthetic outcomes were favorable, with no plate or bone abnormalities or signs of recurrence; furthermore, the patient showed recovering nerve function. The combination of PSIs, custom osteotomy guides, and MR technology enabled accurate, efficient mandibular reconstruction. This approach improved surgical precision and resulted in excellent functional and cosmetic outcomes.",2026,Quantitative imaging in medicine and surgery,INCLUDE_CANDIDATE,HIGH,Explicit AR/MR signal: mixed reality,,,,,,,,,,LIKELY_ADVANCE_PENDING_PRIMARY_REVIEW
573,TA-03,42701707,10.6026/973206300223629,Knowledge regarding applications of virtual reality- haptic and augmented reality technologies among dental healthcare professionals in Saudi Arabia: A cross-sectional study.,"Technologies like virtual reality, haptic and augmented reality offer great potential for improving dental education, particularly in the preclinical development of manual skills and spatial awareness. Therefore, it is of interest to assess the knowledge and awareness of virtual reality (VR) - haptic and augmented reality (AR) technology among dental healthcare professionals of Saudi Arabia. Awareness regarding VR/AR was fairly high among the study sample, with 75.5% knowing about these technologies. 67% had not used VR/AR in clinical or teaching practice and over half had attended related training. Thus, we show significant gap between awareness and practical application, underscoring the need for curriculum integration and targeted training to facilitate adoption in dental practice.",2026,Bioinformation,INCLUDE_CANDIDATE,HIGH,Explicit AR/MR signal: augmented reality,,,,,,,,,,LIKELY_ADVANCE_PENDING_PRIMARY_REVIEW
574,TA-03,42701516,10.21037/qims-2026-1-0317,Exploring double low-dose CT technology for achieving coronary mixed reality radiation dose reduction: a preliminary study in coronary artery disease patients.,"Coronary artery disease (CAD) is a leading global health concern; however, coronary computed tomography (CT) angiography (CCTA) is constrained by two-dimensional interpretation. Mixed reality enhances three-dimensional (3D) visualisation and interventional guidance, but conventional-dose CT acquisition raises concerns about radiation exposure. It is unknown whether double low-dose CT can generate adequate digital imaging and communications in medicine (DICOM) data for coronary mixed reality; we therefore evaluated its feasibility, dose reduction, diagnostic performance, and clinical utility. A total of 192 consecutive patients with suspected CAD were prospectively enrolled and randomised to the double low-dose mixed reality group (Group A), the conventional-dose mixed reality group (Group B), or the conventional-dose CT group (Group C). Radiation dose, contrast media dose, and coronary mixed reality quality were compared between Group A and Group B. With coronary angiography (CAG) as the reference standard, receiver operating characteristic (ROC) curve analysis was used to assess the diagnostic performance of coronary mixed reality in detecting coronary stenosis. Perioperative outcomes of coronary mixed reality-assisted CAG were recorded and compared. Compared with Group B, Group A reduced the effective radiation dose by approximately 82% and the contrast media dose by approximately 47%; the quality of coronary mixed reality showed no significant difference between the two groups. The artificial intelligence (AI)-assisted coronary mixed reality workflow demonstrated an area under the curve (AUC) of 0.92, a specificity of 0.90, a sensitivity of 0.94, and an accuracy of 0.92 for detecting coronary stenosis. Coronary mixed reality-assisted CAG effectively reduced the time to localise CAD, total radiation time, total radiation exposure, and contrast media dose by approximately 36%, 45%, 28%, and 40%, respectively. In non-obese patients [body mass index (BMI) <30 kg/m2] imaged using a specific CT platform [dual-source, sinogram-affirmed iterative reconstruction (SAFIRE)] and commercial 3D software, double low-dose CT reduced the radiation dose by 82% without compromising coronary mixed reality quality. The AI-assisted mixed reality workflow showed promising diagnostic performance (AUC =0.92); however, these findings are preliminary and require validation in broader populations and settings.",2026,Quantitative imaging in medicine and surgery,INCLUDE_CANDIDATE,HIGH,Explicit AR/MR signal: mixed reality,,,,,,,,,,LIKELY_ADVANCE_PENDING_PRIMARY_REVIEW
575,TA-03,42699148,10.5603/rpor.112212,Evaluation of augmented reality for interstitial brachytherapy optimisation: a prospective phantom-based study protocol and preliminary results.,"Interstitial brachytherapy enables highly conformal tumor irradiation while limiting exposure of surrounding tissues, but its successful execution requires advanced spatial orientation and manual precision. Augmented reality (AR) may support these procedures by providing three-dimensional visualisation of treatment planning data within the procedural environment. This study presents a prospective, phantom-based protocol with preliminary results evaluating the impact of AR guidance on implantation accuracy and procedure duration in interstitial brachytherapy. A total of 136 implantation procedures are planned using 34 custom-made, tissue-equivalent phantoms. Each phantom undergoes CT imaging and treatment planning with the Oncentra Brachy system. Implantations are performed using a conventional freehand technique and an AR-assisted approach. The AR system, based on Microsoft HoloLens 2 and the HOLO BR platform, enables visualisation of DICOM RT data, including three-dimensional anatomical structures and applicator trajectories. Primary endpoints are implantation accuracy, defined as spatial deviation from the planned needle position, and total procedure time. This manuscript additionally reports preliminary results from a pilot phase comprising 12 AR-assisted and 12 conventional procedures, analysed using non-parametric statistical tests. All pilot procedures were completed successfully. Implantation accuracy was numerically improved with AR guidance compared to the conventional technique, while procedure time was longer in the AR-assisted arm; however, neither difference reached statistical significance. This study provides an experimental framework and initial quantitative data on AR-guided interstitial brachytherapy under controlled conditions. The preliminary results support the feasibility of AR-assisted implantation and justify completion of the full experimental protocol and subsequent clinical validation.",2026,Reports of practical oncology and radiotherapy : journal of Greatpoland Cancer Center in Poznan and Polish Society of Radiation Oncology,INCLUDE_CANDIDATE,HIGH,"Explicit AR/MR signal: augmented reality, hololens",,,,,,,,,,LIKELY_ADVANCE_PENDING_PRIMARY_REVIEW
576,TA-03,42699059,10.22037/aaem.v14i1.3033,Augmented Reality and Gamification vs. Traditional Surgical Instrument Training on Knowledge and Skills of Medical Students: A 2×2 Factorial Randomized Study.,"Augmented reality (AR) and gamification have shown promise in medical education. This study aimed to examine their combined application in surgical instrument training for medical students. This 2×2 factorial randomized assignment involved 164 operating room students from two universities. Participants were categorized by university and randomly allocated to four intervention groups: Group A (AR + game-based learning; n = 41), Group B (AR only; n = 41), Group C (game only; n = 41), or Group D (traditional instruction; n = 41). The 3-week intervention comprised one 30-minute session per week. Outcomes included knowledge retention (assessed at baseline, 1 week, 1 month, and 3 months) and Objective Structured Clinical Examination (OSCE) performance, evaluating surgical suite recognition, instrument arrangement, instrument use, and time efficiency. Group A (AR + game) showed better knowledge retention, with scores increasing from 44.7 ± 2.2 at baseline to 84.4 ± 2.7 at 1 week and remaining stable at 3 months (71.6 ± 1.9). Group D (traditional instruction) performed worst (56.7 ± 6.8 at 1 week; 48.6 ± 6.7 at 3 months). Total OSCE scores showed a similar trend: Group A scored 86.5 ± 4.3 out of 97, compared with Group D (62.7 ± 6.2). Factorial analysis confirmed significant benefits for AR versus non-AR (knowledge gain: 76.4 ± 9.1 vs. 62.3 ± 8.7; p < 0.001) and game versus non-game interventions (75.7 ± 8.9 vs. 63.0 ± 9.3; p < 0.001). Gender effects were sporadic and explained minimal variance. The integration of AR and gamification appeared to be the most effective approach in this study for improving knowledge retention and procedural proficiency in surgical instrument training. Gamification alone showed stable long-term retention and may serve as a cost-effective alternative when AR integration is not feasible.",2026,Archives of academic emergency medicine,INCLUDE_CANDIDATE,HIGH,Explicit AR/MR signal: augmented reality,,,,,,,,,,LIKELY_ADVANCE_PENDING_PRIMARY_REVIEW
577,TA-03,42696399,10.1177/09287329261484333,Exploratory evaluation of an AR-based functional assessment platform in healthy young adults: cross-sectional associations with muscle strength and pulmonary function.,"BackgroundAugmented reality (AR)-based exercise systems can automatically quantify task performance; however, evidence linking AR-derived metrics with conventional clinical measures remains limited.ObjectiveTo explore associations between AR-derived functional task performance and conventional clinical measures in healthy young adults.MethodsThirty healthy young adults completed four AR-based tasks: shuttle run (SR), on-the-spot running (OSR), side jump (SJ), and standing long jump (SLJ). Performance was captured using a LiDAR-based sensing system. Clinical assessments included sit-to-stand tests, pulmonary function, respiratory muscle strength, hand grip strength, body composition, and isometric quadriceps strength. Correlation and regression analyses examined associations between AR-derived outcomes and clinical measures. Additional multivariable analyses for SLJ adjusted for sex and height.ResultsSLJ showed the broadest pattern of associations with clinical measures. After adjustment, SLJ remained significantly associated with 1-min sit-to-stand performance, percent-predicted forced vital capacity, hand grip strength, skeletal muscle mass index, skeletal muscle mass, lower limb muscle mass, and Biodex peak torque. Associations with absolute pulmonary function measures, respiratory muscle strength, and FEV1/FVC were attenuated after adjustment. SR and OSR showed limited associations with selected measures, whereas SJ showed no significant associations.ConclusionIn healthy young adults, AR-derived SLJ performance showed the most consistent cross-sectional associations, primarily with muscle-related measures. Its association with percent-predicted forced vital capacity also remained significant after adjustment. These findings are hypothesis-generating and should not be interpreted as evidence of technical or clinical validation of the AR-based platform.Trial Registration: This study was approved by the Institutional Review Board of Pusan National University Hospital (IRB No. 2505-024-151) and registered with the Clinical Research Information Service (CRIS; KCT0010729).",2026,Technology and health care : official journal of the European Society for Engineering and Medicine,INCLUDE_CANDIDATE,HIGH,Explicit AR/MR signal: augmented reality,,,,,,,,,,LIKELY_ADVANCE_PENDING_PRIMARY_REVIEW
578,TA-03,42696239,10.1007/s11701-026-03898-1,Robotically equipped 3D hybrid operating room in spine and trauma surgery - updated experience in 359 patients and 2080 screws.,"Modern techniques, such as robotics and navigation, alongside cutting-edge imaging solutions like cone beam CT imaging, are playing an increasingly prominent role in spine and trauma surgery within so-called Hybrid ORs. This study aims to contribute to the ongoing scientific discussion surrounding accuracy rates and learning curves in the utilisation of a modern Hybrid OR. In a Level 1 trauma centre, a 3D Navigation-Hybrid OR was implemented, and a prospective data collection was launched (March 2022 - June 2025). Analysis was performed retrospectively. The Hybrid OR consists of a robotic cone beam CT ""Loop-X"", a robotic arm ""Cirq Arm System"", a navigation unit ""Curve Navigation System"", a wall-mounted monitor ""BUZZ"" and Elements Viewer 3D mixed reality glasses for planning (Brainlab, Munich, Germany). Intervention areas included the entire skeletal system, encompassing the spine, pelvis (pelvic ring and acetabulum), and extremities, with various indications, primarily trauma (fractures) and oncology (tumours). The focus of this study is to assess accuracy rates and learning curves. In n = 359 patients, 2080 screws were inserted. 1881 (90.4%) spinal screws were inserted with an accuracy rate (GR-A & GR-B) of 98.5% (CI95%: 97.9% - 99.0%). A total of 199 (9.6%) non-spinal screws were inserted with an accuracy rate of 99.0% (CI95%: 97.6% - 99.9%). The overall accuracy rate of screw placement was therefore 98.5% (CI95%: 98.0% - 99.0%). Minimally invasive techniques were used in 243 (67.7%) cases and the robotic arm was utilised in 271 (75.5%) cases. Subgroup analyses revealed a significant learning curve (p < 0.001) and a significant reduction in operation times over time (p = 0.008). Wound infection occurred in 10 (2.8%) cases, and 17 (4.7%) patients died during hospitalisation. This study demonstrates that a 3D-Navigation Hybrid OR can be successfully integrated into the clinical routine of a level 1 trauma centre. It shows promising results for interventions on the entire skeletal system, with consistently high accuracy rates and low complication rates. Furthermore, it highlights a significant learning curve and a significant reduction in operation times over time.",2026,Journal of robotic surgery,INCLUDE_CANDIDATE,HIGH,Explicit AR/MR signal: mixed reality,,,,,,,,,AR_MENTION_MAY_BE_CONTEXT_ONLY,PRIORITY_VERIFY
579,TA-03,42690540,10.1007/s11701-026-03928-y,Robot-assisted surgery for degenerative lumbar spine diseases: a disease-specific bibliometric and knowledge-mapping analysis.,"Robot-assisted spine surgery has expanded from navigation-guided pedicle screw placement to broader minimally invasive and intelligent surgical workflows, but its evolution in degenerative lumbar spine diseases remains incompletely characterized. We aimed to characterize the global research landscape, intellectual structure, thematic evolution, and emerging trends in robot-assisted surgery for degenerative lumbar spine diseases. Records published from 1996 through August 6, 2026, were retrieved from the Web of Science Core Collection. After eligibility screening, 222 English-language articles and reviews were included. Bibliometric analyses using Microsoft Excel, Origin, Tableau, and CiteSpace assessed publication trends, collaboration networks, co-citation patterns, keyword clusters, temporal evolution, and citation bursts. Publication output increased substantially after 2020. China produced the largest number of publications, whereas the United States had the most prominent bridging role in the international collaboration network. Four interrelated thematic domains were identified: target pathologies, reconstructive procedures, minimally invasive surgical strategies, and robotic or intelligent enabling technologies. Research emphasis shifted from navigation and pedicle screw accuracy toward minimally invasive fusion, radiation exposure, learning curves, safety, and clinical outcomes, with more recent attention to endoscopic spine surgery, artificial intelligence, and augmented reality. Overall, research on robot-assisted surgery for degenerative lumbar spine diseases has shifted from a predominant focus on navigation and pedicle screw accuracy toward broader investigation of minimally invasive surgical workflows and emerging intelligent technologies. These bibliometric trends reflect changes in research emphasis rather than evidence of clinical superiority, and further studies are needed to determine whether these technological developments translate into durable, patient-centered, and cost-effective clinical benefits.",2026,Journal of robotic surgery,INCLUDE_CANDIDATE,HIGH,Explicit AR/MR signal: augmented reality,,,,,,,,,,LIKELY_ADVANCE_PENDING_PRIMARY_REVIEW
580,TA-03,42689164,10.1117/1.JMI.13.4.045001,Development and evaluation of an anatomically guided system for ultrasound image acquisition in trauma assessment.,"Medical care in battlefield and austere environments may require minimally trained personnel to perform complex diagnostic procedures such as ultrasound. We present a mixed reality (MR) guidance system that uses predictive anatomical modeling to assist novice operators in acquiring the extended Focused Assessment with Sonography in Trauma (eFAST). A morphable anatomical atlas of the torso was constructed from 180 CT scans using automated segmentation, deformable registration, and regression-based mapping between internal anatomy and external anthropometry. The atlas was integrated with a portable ultrasound system and an MR headset with probe tracking to provide subject-specific holographic guidance during scanning. System accuracy was validated using imaging phantoms and evaluated in a study involving 16 novice operators performing six-window eFAST examinations using both conventional ultrasound and MR guidance across four healthy volunteers. Ultrasound images were graded by an expert clinician, and operator workload was assessed using the NASA Task Load Index. Atlas performance showed high segmentation accuracy (Dice score 0.93 ± 0.04  ) and in-atlas prediction errors below 10 mm using six anthropometric measures. Phantom testing demonstrated end-to-end image localization accuracy of 2.2 ± 0.6    mm  . MR guidance was associated with a nonsignificant increase in correct-window acquisition (48% to 60%) and a significant improvement in diagnostic sufficiency (13% to 25%) while reducing perceived cognitive workload. These results demonstrate the feasibility of anatomically informed MR guidance to support ultrasound acquisition by novice users and highlight its potential for trauma diagnostics in resource-limited or austere environments.",2026,"Journal of medical imaging (Bellingham, Wash.)",INCLUDE_CANDIDATE,HIGH,Explicit AR/MR signal: mixed reality,,,,,,,,,AR_MENTION_MAY_BE_CONTEXT_ONLY,PRIORITY_VERIFY
582,TA-03,42685340,10.2196/82540,Automatic Kidney Image Segmentation During Robot-Assisted Partial Nephrectomy Using a Deep Learning Model Based on a Multiannotator Dataset: Model Development and Validation Study.,"Augmented reality (AR) has emerged as a promising tool to enhance surgical precision during robot-assisted partial nephrectomy (RAPN), particularly by enabling the intraoperative overlay of 3D anatomical models. However, real-time AR implementation requires robust image segmentation of anatomical structures, such as the kidney, which remains technically challenging in dynamic laparoscopic environments. This study aimed to develop and validate a large, annotated image dataset to train deep learning models for automated segmentation of the renal parenchyma during RAPN, as a prerequisite for real-time AR guidance. We conducted a single-center, observational image annotation study using prospectively collected surgical videos from 131 RAPN procedures performed between 2022 and 2024. Patients had localized renal tumors, with 11 presenting with multifocal disease (160 tumors in total). A total of 48,000 frames were extracted based on image sharpness, diversity, and the exclusion of artifacts. A subset of 454 images was annotated by 9 contributors (surgeons, engineers, and nonexperts) after structured training. Interannotator agreement was assessed using the Dice similarity coefficient (DSC) and sensitivity against an expert reference. A convolutional neural network (AlbuNet-34) was trained using 12,546 annotated images and evaluated on a validation set of 3137 images. Model performance was analyzed overall and across surgical phases. Annotators achieved high agreement, with median DSC values ranging from 0.91 to 0.95 and sensitivity consistently more than 0.89. The deep learning model achieved a mean DSC of 0.75 (SD 0.23) and a sensitivity of 0.71 (SD 0.24) on the validation set. Segmentation accuracy varied significantly across surgical phases, with lower performance observed during tumor resection and tumor bed reconstruction due to increased visual complexity. This study demonstrates the feasibility of automated renal parenchyma segmentation using deep learning in real-world intraoperative settings. Although current performance remains below that of expert-level annotations, the creation of a large, annotated dataset and the implementation of a structured multiannotator workflow represent key milestones toward reliable AR-assisted surgery. Ongoing refinements in annotation quality, dataset diversity, and neural network optimization are expected to enhance future real-time AR applications in urology.",2026,JMIR medical informatics,INCLUDE_CANDIDATE,HIGH,Explicit AR/MR signal: augmented reality,,,,,,,,,AR_MENTION_MAY_BE_CONTEXT_ONLY,PRIORITY_VERIFY
583,TA-03,42684978,10.1080/24699322.2026.2709279,Accuracy and agreement between optical navigation (NDI Polaris) and postoperative CT for glenoid pin placement: a cadaveric validation study using AR-guidance.,"Optimizing glenoid component positioning is a key determinant of stability, function and implant survival in total shoulder arthroplasty. Postoperative computed tomography (CT) is considered the reference method for assessing guide-pin or implant alignment, but it remains a retrospective evaluation and is often difficult to obtain in cadaveric research settings. Optical navigation systems such as the NDI Polaris provide immediate intraoperative geometric measurements and may represent a pragmatic alternative. This cadaveric validation study aimed to evaluate the agreement between NDI Polaris optical-navigation measurements and postoperative CT analysis for glenoid guide-pin positioning. Eight cadaveric shoulders underwent augmented-reality-guided placement of a glenoid guide-pin, followed by postoperative CT acquisition. Intraoperative optical-navigation measurements were recorded using an NDI Polaris tracking station. Two accuracy domains were analyzed relative to CT: (1) linear entry-point deviation (mm) and (2) angular deviation in version and inclination (degrees). Agreement between both measurement modalities was assessed using Bland-Altman analysis, complemented by descriptive accuracy statistics. Sixteen paired measurements were available for comparison. The mean absolute NDI-CT difference was 0.98 mm (SD 0.55; range 0.15-2.17 mm) for entry-point localization and 1.58° (SD 0.97; range 0.03-3.28°) for trajectory orientation. Bland-Altman analysis demonstrated a small systematic bias for both linear (-0.15 mm) and angular (-0.75°) parameters, with most discrepancies contained within approximately ±2 mm and ±4°, respectively. These results suggest that, under standardized acquisition conditions, optical navigation provides geometric measurements that closely approximate CT-based reference values and may serve as a practical surrogate in cadaveric research when CT access is limited. NDI Polaris optical tracking demonstrated good agreement with postoperative CT for evaluating glenoid pin positioning and may represent a practical alternative for accuracy assessment in cadaveric studies. These preliminary findings require confirmation in larger validation studies.",2026,"Computer assisted surgery (Abingdon, England)",INCLUDE_CANDIDATE,HIGH,Explicit AR/MR signal: augmented-reality,,,,,,,,,AR_MENTION_MAY_BE_CONTEXT_ONLY,PRIORITY_VERIFY
584,TA-03,42684382,10.2196/102686,Immersive Virtual Reality for Patient Education in Orthodontics: Cross-Sectional Feasibility and Acceptability Study.,"Patient education is central to orthodontic care; however, most patients still learn about their malocclusion from conventional records, such as 2D image records. Immersive virtual reality (VR) allows patients to view and manipulate 3D dental models in a head-tracked environment, as part of the serious-games and extended reality family for health education. Evidence on patient-facing immersive VR in orthodontics remains limited, as most dental VR work has addressed student training rather than patient education. This feasibility study aimed to evaluate acceptance, perceived educational value, self-rated experience, ease of use, and self-reported preference regarding an immersive VR consultation room among patients undergoing orthodontic treatment. This cross-sectional, single-arm feasibility and acceptability study was conducted in a university orthodontic clinic between August and September 2024. Patients undergoing active orthodontic treatment completed a single, approximately 15-minute immersive VR educational experience using a Meta Quest 3 headset and a Unity3D-developed consultation room presenting a 3D rendering of each participant's own intraoral scan, followed by an investigator-developed postexperience questionnaire. The questionnaire combined a Likert scale and two 10-point numeric items with open-ended prompts. Closed-ended responses were summarized as counts, percentages, and 95% CIs, and numeric items were summarized as means with 95% CIs; open-ended comments were grouped into themes. No inferential testing was performed. Twenty-eight patients completed the study (mean age 21.6, SD 4.3, range 13-33 y; 18 males, 10 females; 5 minors). Sixteen (57%) patients had no prior VR experience, 22 (79%) were interested in using VR to learn about their teeth, and 24 (86%) agreed that VR could help patients understand their teeth and braces. The mean overall experience rating was 7.9 (SD 1.6; 95% CI 7.3-8.5) on a 10-point scale, and the mean ease-of-use rating was 6.6 (SD 2.6; 95% CI 5.7-7.6). Twenty (71%; 95% Wilson score CI 53-85) patients felt VR was a better learning modality than conventional 2D images; 19 (68%; 95% Wilson score CI 49-82) preferred VR with the current setup, and 25 (89%; 95% Wilson score CI 73-96) preferred VR under a hypothetically improved technology scenario. Positive comments emphasized interactivity, 3D visualization, and engagement; negative comments centered on controller difficulty, latency, and motion discomfort. Two (7%) patients reported mild, transient, motion-related discomfort; none discontinued. Patients were generally receptive to an immersive VR consultation room. This work is novel in evaluating patient-facing immersive VR using each patient's own intraoral scan and in identifying actionable usability and motion-comfort barriers. Because the design was single arm and the comparison with conventional 2D image records was self-reported, the findings represent preliminary acceptability evidence, not learning effectiveness. If confirmed in more rigorous studies, immersive VR may serve as an adjunct to communication with patients undergoing orthodontic treatment, warranting controlled studies with an interactive flat-screen 3D comparator; validated usability, presence, and cybersickness instruments; and objective knowledge-gain measures.",2026,JMIR serious games,INCLUDE_CANDIDATE,HIGH,Explicit AR/MR signal: extended reality,,,,,,,,,AR_MENTION_MAY_BE_CONTEXT_ONLY,PRIORITY_VERIFY
585,TA-03,42682797,10.1177/29941520261484286,Immersive Technology Approaches to Cultivate Empathy in U.S. Medical Schools: A Narrative Review (2015-2025).,"Empathy is a central component of patient-centered care and is linked to improved clinical outcomes, patient satisfaction, and reduced clinician burnout. Despite its importance, empathy often declines during undergraduate medical education (UME), particularly as students transition into clinical training. Traditional teaching methods have short-lived effects, leading educators to explore more experiential approaches, including immersive learning. This narrative review examines how immersive technologies, such as virtual reality, augmented reality, and mixed reality, are being used to foster empathy in U.S. medical schools. A literature search was conducted across PubMed, OVID MEDLINE, ERIC, Scopus, and Web of Science for studies published between January 1, 2015, and January 1, 2026. Studies were included if they focused on U.S.-based UME and used immersive experiences from patients' perspectives to promote empathy. Seven studies met inclusion criteria. Most used fully immersive virtual reality to place learners in the perspective of patients experiencing conditions such as dementia, terminal illness, or sensory impairments. The studies suggest that immersive virtual reality may foster a sense of embodiment and presence that allows learners to experience illness from a patient's perspective in an emotional and memorable way. While these interventions were generally well received and often described as impactful by learners, most studies relied on small samples, self-reported outcomes, and limited study designs. Only one study demonstrated improvement using a validated empathy measure, and few assessed longer-term effects. Immersive technologies may offer a promising way to help medical students better understand patients' lived experiences. However, stronger evidence is needed to determine whether these approaches lead to lasting changes in empathic behavior. Future research should focus on rigorous study design, consistent outcome measures, and integration of immersive tools into longitudinal medical curricula.",2026,Journal of medical extended reality,INCLUDE_CANDIDATE,HIGH,"Explicit AR/MR signal: augmented reality, mixed reality",,,,,,,,,SECONDARY_OR_COMMENTARY_TITLE;AR_MENTION_MAY_BE_CONTEXT_ONLY,PRIORITY_VERIFY
586,TA-03,42679986,10.1016/j.jdent.2026.107013,"Accuracy of guide-free, mixed reality-assisted patient specific implant fixation for maxillary repositioning: a cohort study.","To develop a mixed reality (MR)-assisted, guide-free workflow for patient-specific implant (PSI)-based maxillary fixation and evaluate its positioning equivalence and procedural efficiency relative to conventional guide-assisted PSI fixation. In this non-randomized cohort study, 28 patients undergoing Le Fort I osteotomy independently selected their preferred workflow after receiving detailed information on both approaches and were categorized according to the workflow received. MR navigation guided osteotomy lines and screw-hole positioning in the MR-assisted group, whereas conventional surgical guides were used in the guide-assisted group. Equivalence was assessed using two one-sided tests (TOST), with margins of ±0.5 mm for translational and ±1.0° for rotational outcomes. All 90% confidence intervals (CIs) for between-group differences in translational and rotational positioning errors were entirely within the prespecified equivalence margins, supporting statistical equivalence within these bounds. Small directional offsets were observed for A-X (mean difference, -0.206 mm), UL6-Y (0.168 mm; 90% CI, 0.070-0.267 mm), and yaw (0.159°; 90% CI, 0.017-0.302°), although all remained within the equivalence margins. Preoperative preparation time and mean Le Fort I segment time were reduced in the MR-assisted group, which also required fewer intraoperative adjustments (2.29 ± 1.49 vs. 4.29 ± 1.20; P = 0.0006). MR-assisted, guide-free PSI fixation showed positioning outcomes statistically equivalent to guide-assisted fixation within the prespecified margins and was associated with greater procedural efficiency. MR-assisted, guide-free PSI fixation may reduce reliance on surgical guides while maintaining between-workflow positioning differences within prespecified equivalence bounds.",2026,Journal of dentistry,INCLUDE_CANDIDATE,HIGH,Explicit AR/MR signal: mixed reality,,,,,,,,,,LIKELY_ADVANCE_PENDING_PRIMARY_REVIEW
587,TA-03,42679301,10.1364/OL.611521,Spin-decoupled manipulation of guided waves with on-chip direction-multiplexed metasurfaces.,"Metasurfaces integrated on optical waveguides provide an effective platform for connecting the in-plane and free-space waves, offering enhanced device functionality and broader application scenarios. However, the confined guided-wave illumination scheme presents challenges in achieving versatile and multiplexing capabilities for on-chip metasurfaces. Here, we propose and demonstrate the spin-decoupled manipulation of guided-wave radiation using on-chip direction-multiplexed metasurfaces. By combining the detour and geometric phase modulation, our method selectively extracts the illuminated guided waves along the +x and -x directions into left-handed and right-handed circular polarization channels, respectively, which enables spin-decoupled focusing and holography. This architecture offers a promising pathway toward multiplexed and multifunctional integrated photonic devices with potential applications in augmented reality displays and optical ranging.",2026,Optics letters,INCLUDE_CANDIDATE,HIGH,Explicit AR/MR signal: augmented reality,,,,,,,,,AR_MENTION_MAY_BE_CONTEXT_ONLY,PRIORITY_VERIFY
588,TA-03,42678835,10.1109/TNSRE.2026.3729803,Hybrid Brain-Computer Interface for Controlling a Wearable Lower Limb Exoskeleton With Augmented Reality Glasses for Gait Assistance.,"Conventional crutch-based control for lower-limb exoskeletons often imposes a considerable physical burden and limits usability. To address these challenges, we developed a hybrid brain-computer interface (BCI) combining a steady-state visual evoked potential (SSVEP)-based BCI with asynchronous biosignal-based switches triggered by a wink and teeth clench. Practical usability was improved by implementing a wearable headband-type biosignal-recording device to acquire electroencephalogra-phy, electromyography, and electrooculography signals. Augmented reality glasses were used to present visual stimuli and gait guidance information. To support robust exoskeleton control in a wearable BCI environment, we proposed an asynchronous operational framework in which SSVEP responses were used for movement-mode selection, whereas wink- and clench-based switches were assigned to command execution and cancellation, respectively. Ten participants completed real-time walking experiments while wearing a custom lower-limb exoskeleton using both the conventional crutch-based and proposed control methods. The performance of the proposed system was evaluated using BCI classification accuracy and F1-scores for two asynchronous switches, whereas usability and workload were assessed using the system usability scale (SUS) and NASA task load index (NASA-TLX), respectively. Despite gross body movement during exoskeleton-assisted walking, the proposed hybrid control framework demonstrated robust mode selection, execution, and cancellation with an average SSVEP classification accuracy of 95.06%, F1-scores of 99.80% and 99.22% for the wink- and clench-based switches, respectively. Notably, only two false positive events were observed per switch across all participants. Furthermore, the proposed method exhibited a significantly higher SUS score than the crutch-based control method (78.25 vs. 53.50; ${p} \lt 0.01$ ) and a significantly lower physical demand in the NASA-TLX (3.15 vs. 7.85; ${p} \lt 0.05$ ), confirming its potential as a practical alternative. To the best of our knowledge, this is among the first studies in which a wearable hybrid SSVEP-based BCI for lower-limb exoskeleton operation applicable to real-world walking tasks was systematically demonstrated. Our findings suggest that the proposed hybrid BCI is a robust and less physically demanding alternative to a conventional control method, offering strong potential for daily assistance and gait rehabilitation.",2026,IEEE transactions on neural systems and rehabilitation engineering : a publication of the IEEE Engineering in Medicine and Biology Society,INCLUDE_CANDIDATE,HIGH,Explicit AR/MR signal: augmented reality,,,,,,,,,,LIKELY_ADVANCE_PENDING_PRIMARY_REVIEW
590,TA-03,42675993,10.3340/jkns.2026.0214,The Evolution and Global Impact of Uniportal Endoscopic Spine Surgery : A Korean Perspective and Historical Legacy.,"Uniportal full-endoscopic spine surgery (FESS) has expanded over three decades from percutaneous discectomy to include multilevel decompression, endoscopic interbody fusion (Endo-LIF), spinal infection management, and tumor surgery. The Republic of Korea is a leading contributor to this field: across bibliometric analyses, six of the world's top ten contributing authors and three of the top five contributing institutions are Korean. This article provides a Korea-centered critical appraisal of uniportal FESS, integrating five domains: Korean academic contributions, Level-I evidence by spinal region, expansion of indications, integration of next-generation technologies (navigation, augmented reality, artificial intelligence, robotics), and structural barriers in health policy and reimbursement. Level-I randomized evidence supports clinical equivalence to microscopic surgery for lumbar disc herniation and lumbar spinal stenosis, with cost-utility data from the Korean National Health Insurance Service showing a cost-per-quality-adjusted-life-year of approximately USD 5,241-well below conventional willingness-to-pay thresholds. Cervical FESS evidence remains limited to two single-center RCTs from 2008-2009, and thoracic FESS data derive from non-randomized multicenter case series showing large perioperative advantages over open surgery. Despite the maturity of the evidence, Korean reimbursement codes have not been updated to reflect modern uniportal techniques, Endo-LIF lacks dedicated coding, and the radiofrequency-related fee schedule still uses 1990s-era valuations. We propose a tiered policy roadmap-short-term code differentiation, mid-term Endo-LIF and navigation-track integration, and long-term registry-based credentialing-to align Korean reimbursement infrastructure with the country's established academic and clinical leadership in this field.",2026,Journal of Korean Neurosurgical Society,INCLUDE_CANDIDATE,HIGH,Explicit AR/MR signal: augmented reality,,,,,,,,,SECONDARY_OR_COMMENTARY_TITLE,PRIORITY_VERIFY
591,TA-03,42675485,10.1186/s12912-026-05295-3,Virtual simulation in nursing education: a scoping review.,"Virtual simulation has become an increasingly used pedagogical approach in nursing education, particularly since the COVID-19 pandemic. Despite rapid uptake across diverse modalities, a comprehensive map of the evidence covering the post-pandemic surge is lacking. This scoping review systematically maps evidence on virtual simulation in nursing education, identifying technology types, educational applications, research designs, outcome measures, and knowledge gaps to inform future practice and research. A scoping review was conducted in accordance with the Joanna Briggs Institute (JBI) methodology and reported using the PRISMA-ScR checklist; the protocol was retrospectively registered on the Open Science Framework. PubMed, CINAHL (via EBSCOhost), Web of Science Core Collection, and Scopus were searched on 15 January 2026 for English-language peer-reviewed primary research published between January 2019 and December 2025. Two reviewers independently screened records and extracted data, with a third reviewer adjudicating disagreements. Findings were synthesised using descriptive statistics and descriptive categorisation of the extracted data. Of 5,990 records retrieved, 198 studies were included. Publications rose sharply, increasing from two studies in 2019 to 82 in 2025, with almost two-thirds appearing in 2024-2025 (64.6%). Studies originated predominantly from South Korea (21.2%), the USA (18.7%), and China, Taiwan (11.1%). Interactive immersive virtual reality and 360-degree/180-degree video virtual reality together accounted for 63.1% of studies, followed by screen-based virtual simulation (23.7%); augmented reality accounted for a smaller share (4.0%). Quasi-experimental designs (27.8%) and randomised controlled trials (22.7%) predominated. Self-confidence/self-efficacy (44.4%), knowledge acquisition (42.4%) and satisfaction (39.4%) were the most frequently measured outcomes. Favourable findings were commonly reported for these outcomes among the included studies; however, this review did not chart the direction or magnitude of effects, and no methodological quality appraisal was undertaken. Virtual simulation has been implemented across a broad range of nursing education contexts, and the mapped studies predominantly reported positive learning outcomes; however, limited longitudinal follow-up, geographic concentration in East Asia, small samples, and inconsistent outcome measures constrain the evidence base and warrant standardised, multi-site research. Not applicable.",2026,BMC nursing,INCLUDE_CANDIDATE,HIGH,Explicit AR/MR signal: augmented reality,,,,,,,,,SECONDARY_OR_COMMENTARY_TITLE;AR_MENTION_MAY_BE_CONTEXT_ONLY,PRIORITY_VERIFY
592,TA-03,42670639,10.1002/jso.70382,Clinical Applications of 3D Specimen Scanning and Margin Mapping in Musculoskeletal Oncology: A 36 Patient Case Series.,"Text-based pathology reports inadequately communicate complex three-dimensional (3D) relationships in musculoskeletal oncology, potentially contributing to errors in re-resection and adjuvant treatment planning. While our prior 7-case pilot study established technical feasibility, the scalability of this workflow and its utility as a platform for further innovation have not been demonstrated. We conducted a prospective implementation study of 36 musculoskeletal oncology specimens at a tertiary sarcoma center between April 2023 and November 2025. Specimens underwent ex vivo 3D scanning using a structured light scanner, followed by virtual annotation using computer-aided design software to mirror the standard-of-care grossing process and create visual pathology reports (VPRs). The primary outcome was systematic implementation without disrupting standard processing. Secondary outcomes included platform-derived applications: augmented reality (AR)-guided re-resection, 3D margin heat maps, and 3D wound-bed scans. All 36 specimens were scanned and mapped (21 soft tissue, 13 bone, 2 metastatic; median greatest specimen dimension 12.7 cm). Positive margins occurred in 13.9% (N = 5) of cases. VPRs were presented in multidisciplinary tumor boards in three of these five cases. AR guidance was implemented in eight staged-resection cases (N = 4 for positive margin re-resection, N = 4 for pre-reconstruction planning), 3D heat maps were created for eight cases, and intraoperative wound bed scanning was piloted once. 3D specimen scanning and virtual mapping are scalable workflows providing a permanent visual record of resected specimens and functioning as a foundational platform for novel interventions. AR-guided surgery and 3D heat mapping demonstrate potential paradigm shifts from static reporting to dynamic, visual pathologic reporting and surgical guidance.",2026,Journal of surgical oncology,INCLUDE_CANDIDATE,HIGH,Explicit AR/MR signal: augmented reality,,,,,,,,,AR_MENTION_MAY_BE_CONTEXT_ONLY,PRIORITY_VERIFY
593,TA-03,42668693,10.1016/j.isci.2026.117258,Soft tissue surface deformation detection in endoscopic images.,"Soft tissue surface deformation in endoscopic images breaks the alignment between preoperative models and the intraoperative view, which affects reconstruction, registration, and feature matching in minimally invasive surgery. We present a unified framework that detects and tracks these deformations. A gradient-density formulation locates deformation regions from inflection points of the gradient information-density distribution, without handcrafted priors or manual labels. A self-attention residual encoder-decoder then jointly produces deformation contours and a compact latent representation, and a deformation-aware tracker fuses contour, semantic, and color cues to maintain temporal consistency. Across in-house endoscopic sequences and public segmentation, boundary, and tracking benchmarks, the method attains higher accuracy and more complete, connected contours than gradient operators and existing segmentation models. These stable deformation cues can support feature matching, registration, and overlay stability in augmented and mixed reality surgical navigation.",2026,iScience,INCLUDE_CANDIDATE,HIGH,Explicit AR/MR signal: mixed reality,,,,,,,,,,LIKELY_ADVANCE_PENDING_PRIMARY_REVIEW
594,TA-03,42663719,10.1007/s11701-026-03875-8,Immersive head-mounted control of a robotic laparoscopic camera: a usability and accuracy evaluation.,"Robotic surgery has addressed limitations of minimally invasive surgery, namely: assistant hand tremors during camera holding and communication errors among team members. However, advanced systems require substantial investment and operating-room space. As a result, recent studies have explored laparoscopic camera control through virtual and augmented reality (VR/AR) devices, though their usability and accuracy relative to existing solutions remain unclear. This study presents a novel immersive framework using an Oculus Quest 3 headset to control a KUKA LBR iiwa robot, comparing its accuracy and time-response (TR). Moreover, its usability was compared against two state-of-art controllers: Image1Pilot and SoloAssist Joystick. TR was measured by moving the VR headset with one robot while a second robot reproduced the transmitted motion. Tracking accuracy was assessed via a four-point trajectory, using simultaneously measurements from the VR, robot flange, and an optical tracking system. Usability and task performance were assessed in 35 participants using a camera-control task and the System Usability Scale (SUS). Results showed an average TR of 143.10 ± 28.50ms, and a maximum positional error of 12.60 mm over a 150 mm displacement. SUS scores revealed no statistically significant differences in usability across interfaces (H = 0.174, p = 0.917). All achieved an ""Acceptable"" rating (SUS ≈ 70). In the 3rd trial, The Image1Pilot enabled significantly faster task completion than the VR interface ([Formula: see text]), though no significant difference versus the SoloAssist Joystick. In conclusion, this study demonstrates that VR control for laparoscopic cameras can be compared to existing joysticks in terms of usability, but its control method requires further refinement to reduce task completion time.",2026,Journal of robotic surgery,INCLUDE_CANDIDATE,HIGH,Explicit AR/MR signal: augmented reality,,,,,,,,,,LIKELY_ADVANCE_PENDING_PRIMARY_REVIEW
595,TA-03,42663051,10.1152/advan.00243.2024,"The creation of freely accessible cardiac physiology and anatomy educational tools: AR, VR, mobile applications, and the Atlas of Human Cardiac Anatomy website.","With the rapid evolution of virtual teaching technologies, there is a growing demand for accessible, interactive educational tools relative to both cardiac physiology and anatomy. This article presents a suite of free mobile, augmented reality (AR), and virtual reality (VR) applications developed by the Visible Heart Laboratories at the University of Minnesota. These applications leverage real human heart anatomical data and advanced three-dimensional (3-D) imaging to provide immersive simulations that enhance learning for students and professionals worldwide. Designed for broad accessibilities, these applications allow users to explore the intricacies of detailed cardiac anatomy in highly interactive formats including mobile devices and VR platforms. This suite of applications not only democratizes access to high-quality physiological education but also enables learners without access to traditional resources like cadaver labs as a surrogate for hands-on experiences. Early studies suggest that these digital tools improve both comprehension and retention of complex physiological concepts, thus marking significant advancements in medical education of the human heart. Through continued developments and global disseminations, these tools aim to support a future where cardiac physiology education is more inclusive and universally accessible.NEW & NOTEWORTHY This article presents a suite of free mobile, augmented reality (AR), and virtual reality (VR) applications developed by the Visible Heart Laboratories at the University of Minnesota. These applications leverage real human heart anatomical data and advanced three-dimensional (3-D) imaging to provide immersive simulations that enhance learning for students and professionals worldwide. Designed for broad accessibilities, these applications allow users to explore the intricacies of detailed cardiac anatomy in highly interactive formats including mobile devices and AR/VR platforms.",2026,Advances in physiology education,INCLUDE_CANDIDATE,HIGH,Explicit AR/MR signal: augmented reality,,,,,,,,,AR_MENTION_MAY_BE_CONTEXT_ONLY,PRIORITY_VERIFY
596,TA-03,42661930,10.1002/hsr2.73096,Study Protocol for Assessment of the Feasibility of an Intraoperative Localization Technique Using Augmented Reality in Breast-Conserving Surgery for Non-Palpable Cancer Lesions: A Feasibility Study.,"Localizing non-palpable cancerous lesions of breast-conserving surgery is a major challenge. Augmented reality (AR) and 3D imaging are emerging tools for surgical guidance. This study evaluates the feasibility of a noninvasive intraoperative localization technique using AR. This prospective, interventional, single-center proof-of-concept study investigates AR-assisted localization of non-palpable breast lesions. Secondary objectives include surgical time assessment, breast phantom development, and fusion feasibility between supine 3D breast MRI images and post-MRI ultrasound with target lesion detection. The study includes an additional MRI in supine position and intraoperative 3D images of the patient's chest captured with a 3D camera. A 3D reconstruction of the patient's chest and lesions will be performed from the MRI images, called the preoperative 3D model. A total of five patients eligible for assessment are expected. The challenge of this study is the development of a noninvasive intraoperative localization technique using AR from preoperative images in breast-conserving surgery. If this study is successful, a randomized trial will be designed to compare the accuracy of the intraoperative localization technique using AR with that of the gold standard intraoperative breast ultrasound.",2026,Health science reports,INCLUDE_CANDIDATE,HIGH,Explicit AR/MR signal: augmented reality,,,,,,,,,,LIKELY_ADVANCE_PENDING_PRIMARY_REVIEW
597,TA-03,42660376,10.1016/j.ajo.2026.08.034,Sutureless Scleral Fixation of a Toric Intraocular Lens Using Shared Vitrectomy Sclerotomies and Augmented-Reality Axis Marking.,,2026,American journal of ophthalmology,INCLUDE_CANDIDATE,HIGH,Explicit AR/MR signal: augmented-reality,,,,,,,,,ABSTRACT_MISSING,PRIORITY_VERIFY
598,TA-03,42658717,10.1080/00140139.2026.2722278,Effects of AR-HUD forward collision warning designs on drivers' braking behavior and visual attention in highway driving: an eye-tracking study.,"While augmented reality head-up displays (AR-HUDs) are known to enhance forward collision warning (FCW) safety, the optimal design for highway scenarios remains unclear. This study evaluated three AR-HUD FCW designs, including spatial referencing (SR), scaling animation (SA), and static symbol (SS), against a no-warning baseline in a driving simulator experiment with 39 participants. Results showed that SS produced the fastest brake response, higher time-to-collision, and fewer collisions. SR demonstrated the most stable visual attention pattern, reflected by lower pupil diameter variability, saccade time ratio, and dwell time at the hazard area, and received the highest usability ratings. SA showed a moderate effect without achieving the response efficiency of SS or the visual attention of SR. These findings provide theoretical insights into how FCW visual representations influence driving performance and visual attention, offering design insights to mitigate rear-end collision risk and improve highway safety.",2026,Ergonomics,INCLUDE_CANDIDATE,HIGH,Explicit AR/MR signal: augmented reality,,,,,,,,,,LIKELY_ADVANCE_PENDING_PRIMARY_REVIEW
599,TA-03,42658704,10.1109/TPAMI.2026.3728211,Spatio-Temporal Garment Reconstruction Using Diffusion Mapping via Pattern Coordinates.,"Reconstructing 3D clothed humans from monocular images and videos is a fundamental problem with applications in virtual try-on, avatar creation, and mixed reality. Despite significant progress in human body recovery, accurately reconstructing garment geometry, particularly for loose-fitting clothing, remains an open challenge. We propose a unified framework for high-fidelity 3D garment reconstruction from both single images and video sequences. Our approach combines Implicit Sewing Patterns (ISP) with a generative diffusion model to learn expressive garment shape priors in 2D UV space. Leveraging these priors, we introduce a mapping model that establishes correspondences between image pixels, UV pattern coordinates, and 3D geometry, enabling accurate and detailed garment reconstruction from single images. We further extend this formulation to dynamic reconstruction by introducing a spatio-temporal diffusion scheme with test-time guidance to enforce long-range temporal consistency. We also develop analytic projection-based constraints that preserve image-aligned geometry in visible regions while enforcing coherent completion in occluded areas over time. Although trained exclusively on synthetically simulated cloth data, our method generalizes well to real-world imagery and consistently outperforms existing approaches on both tight- and loose-fitting garments. The reconstructed garments preserve fine geometric detail while exhibiting realistic dynamic motion, supporting downstream applications such as texture editing, garment retargeting, and animation.",2026,IEEE transactions on pattern analysis and machine intelligence,INCLUDE_CANDIDATE,HIGH,Explicit AR/MR signal: mixed reality,,,,,,,,,,LIKELY_ADVANCE_PENDING_PRIMARY_REVIEW
600,TA-03,42658402,10.1007/s11548-026-03780-3,"BirthARssistant: a childbirth delivery training simulator integrating microsoft HoloLens2, 3D-printing and electromagnetic tracking.","Manual assistance during vaginal delivery requires precise hand coordination to guide fetal emergence while protecting the maternal perineum. However, these hands-on skills cannot be acquired through theoretical instruction alone, while conventional mannequin-based training requires continuous expert supervision and relies largely on subjective feedback, limiting opportunities for standardized practice. This work presents BirthARssistant, an augmented reality simulator that integrates obstetric mannequins, Microsoft HoloLens 2, 3D-printing, electromagnetic tracking and real-time hand tracking to provide measurable guidance during childbirth training. The simulator registers and overlays virtual anatomical models onto obstetric mannequins using QR markers and real-time electromagnetic tracking. Tracking data is processed in 3D Slicer and streamed to Unity through OpenIGTLink. Reference hand postures were recorded from experts for seven stages of vaginal delivery and compared with participants' performance. Eleven participants completed pre- and post- training assessments based on hand placement accuracy, positional and angular errors, questionnaires, and paired statistical analyses. After training, correct hand positioning increased by 57.1% and correct dominant-hand use increased by 30.6%, with statistically significant improvements in both variables. Mean positional error decreased from 64.7 ± 30.1 to 47.1 ± 36.2 mm, while mean angular error decreased from 11.9 ± 11.1° to 8.4 ± 8.2°. Questionnaire responses indicated favorable perceptions of the simulator's usability and educational value. BirthARssistant provides an interactive and measurable approach to obstetric simulation by combining mannequin-based training with AR guidance and real-time motion tracking. The overall findings suggest that the simulator can help reduce inter- and intra-participant variability in performance, support error identification and facilitate skill acquisition by reinforcing the correct sequence and execution of the required maneuvers.",2026,International journal of computer assisted radiology and surgery,INCLUDE_CANDIDATE,HIGH,"Explicit AR/MR signal: augmented reality, hololens",,,,,,,,,,LIKELY_ADVANCE_PENDING_PRIMARY_REVIEW
601,TA-03,42657596,10.1002/rcs.70229,From Clinical Technique to Interprofessional Implementation and Intelligent Integration: A Bibliometric Analysis of the Interdisciplinary Expansion of Robot-Assisted Spine Surgery.,"Robot-assisted spine surgery (RASS) has expanded beyond technical accuracy towards interprofessional, perioperative, and AI-driven implementation, yet this interdisciplinary evolution has not been systematically characterised. We analysed 327 Web of Science Core Collection publications (2006-2026) at the intersection of RASS and perioperative, collaborative, or educational research. Analyses included co-authorship networks, keyword co-occurrence, co-citation mapping, bibliographic coupling, citation-burst detection, Callon strategic mapping, and dual-map overlays, performed in VOSviewer, CiteSpace, and Bibliometrix. Ethical approval was not required as only de-identified bibliographic records were analysed. Publications grew at a compound annual rate of 17.28% over the complete years 2006-2025 (log-linear model of annual output, R2 = 0.8762), peaking at 62 publications in 2025; the partial year 2026 (indexed only to the 4 February 2026 search date) was excluded from all growth-rate and trendline modelling. The United States (n = 137) and China (n = 57) dominated output. Dual-map analysis indicated citation flows into the (broad) Health/Nursing/Medicine domain. Keyword bursts identified artificial intelligence (strength = 3.13), deep learning (2.01), and augmented reality (1.75) as the most recent (2023-2025) research frontiers. Rehabilitation robotics remained bibliographically isolated from the surgical core. The published literature on RASS shows a measurable thematic shift from procedural-accuracy validation towards perioperative-implementation and intelligent-integration topics; whether this bibliometric shift reflects a corresponding change in clinical practice cannot be determined from publication data. These patterns nonetheless motivate investment in cross-disciplinary consortia, AI-competency frameworks, and attention to implementation equity.",2026,The international journal of medical robotics + computer assisted surgery : MRCAS,INCLUDE_CANDIDATE,HIGH,Explicit AR/MR signal: augmented reality,,,,,,,,,,LIKELY_ADVANCE_PENDING_PRIMARY_REVIEW
602,TA-03,42656678,10.1155/padi/6998888,Using Loss of Balance to Understand Postural Instability Associated With Parkinson's Disease.,"Postural instability compromises balance, contributing to annual fall rates of 45%-68% in Parkinson's disease (PD). A fundamental gap in clinical evaluation and treatment of postural instability is the use of insufficiently challenging postural control tests and reliance on subjective scoring. Traditional 3D motion capture (Traditional-MC), while precise and objective, is not feasible for clinical utilization. Markerless motion capture (MMC) is a viable candidate for quantifying postural control, feasible with embedded cameras of augmented reality (AR) headsets. This project aimed to assess MMC accuracy in quantifying postural control and to compare PD patients and healthy controls (HCs) to develop a loss-of-balance (LOB) prediction model. Video data were acquired by a clinician wearing a Microsoft HoloLens 2 AR headset as participants completed three progressively challenging postural control stances. Depth and red-green-blue camera data were analyzed with our custom-built human pose estimation software (CART-MMC). Criterion validity between Traditional-MC and CART-MMC was completed on outcomes, 95% ellipsoid sway area (Sway area) and 95% mediolateral and anteroposterior (ML and AP) ranges in 54 (HC = 28, PD = 26) participants. Group differences were assessed, and survival analysis was conducted to quantify no LOB probabilities in 31 HCs and 68 PD patients. A relaxed LASSO model was used to predict LOB in the PD group from CART-MMC data. Sway area and ML range from CART-MMC were equivalent to Traditional-MC. Furthermore, ML range from CART-MMC differentiated PD patients from HCs in the stance that had the highest completion rate. As postural task difficulty increased, fewer PD patients were able to complete compared to HCs, resulting in lower survival probabilities of the PD group in Tandem-Firm-EO and FT-Foam-EC stances. In the least challenging stance, ML range predicted the occurrence of LOB in the more challenging stance (LOO-CV AUC = 0.78). CART-MMC is a valid method of obtaining objective postural control outcomes, which can detect latent postural control deficits and demonstrates a scalable, objective clinical and remote monitoring approach for predicting falls.",2026,Parkinson's disease,INCLUDE_CANDIDATE,HIGH,"Explicit AR/MR signal: augmented reality, hololens",,,,,,,,,,LIKELY_ADVANCE_PENDING_PRIMARY_REVIEW
603,TA-03,42655412,10.3390/s26165102,Adoption of Deep Learning Methods for SSVEP Classification in XR-Based Wearable Brain-Computer Interfaces.,"This paper addresses steady-state visually evoked potential (SSVEP) classification in wearable extended-reality (XR) brain-computer interfaces (BCIs), with a threefold objective. First, it investigates the effectiveness of deep learning (DL)-based SSVEP classification under XR stimulation, where platform-dependent rendering, optical see-through visualization, reduced luminance contrast, and interaction with the real environment may degrade the quality of the elicited EEG response. Second, a metrology-based performance assessment is proposed according to the Guide to the Expression of Uncertainty in Measurement (GUM), with classification accuracy and information transfer rate (ITR) expressed as best estimates with associated standard uncertainties. Finally, EEG channel reduction is analyzed toward lightweight XR-SSVEP implementations. As a representative SSVEP-specific DL model, the SSVEP time-frequency fusion network (SSVEP-TFFNet) is evaluated on an open XR benchmark dataset comprising 30 subjects and 1200 trials acquired using Microsoft HoloLens 2. A subject-independent comparison with filter-bank canonical correlation analysis (FBCCA) is performed, while intra- and inter-subject variability are incorporated into the uncertainty evaluation. Results show that SSVEP-TFFNet outperforms FBCCA under the considered XR conditions. Moreover, reduced 6- and 4-channel configurations preserve performance close to the full 8-channel montage. These findings provide evidence of the potential of suitably selected DL models for XR-based SSVEP classification and support uncertainty-aware, reduced-electrode wearable implementations.",2026,"Sensors (Basel, Switzerland)",INCLUDE_CANDIDATE,HIGH,"Explicit AR/MR signal: hololens, optical see-through",,,,,,,,,,LIKELY_ADVANCE_PENDING_PRIMARY_REVIEW
604,TA-03,42653040,10.3390/life16081352,"Linking Embodiment, Simulator Sickness, and EEG Activity During XR-BCI Use: A Single-Participant Case Study.","Background: Subjective experience is increasingly recognised as an important component of brain-computer interface (BCI) performance in extended reality (XR) environments. Although embodiment and simulator sickness are known to influence user experience, their relationships with cortical activity during XR-BCI operation remain poorly understood. Building upon our previous investigations of embodiment and simulator sickness in XR-BCIs, the present study examined whether these subjective dimensions are associated with distinct neurophysiological patterns during repeated XR-BCI use in a participant with chronic spinal cord injury (SCI). Methods: Seventeen XR-BCI sessions performed by a participant with chronic complete SCI were analysed. Bayesian correlation analyses examined associations among embodiment, simulator sickness, BCI performance, and EEG activity. Multiple linear regression was used to identify variables independently associated with sensorimotor beta activity, and the robustness of the regression findings was evaluated using bootstrap estimation and leave-one-out sensitivity analyses. Results: Bayesian analyses identified two principal patterns of association. Sense of embodiment was positively associated with frontal theta activity (F3), whereas simulator sickness showed a negative association with sensorimotor beta activity (C3-C4). As expected, classifier acquisition accuracy was strongly associated with subsequent BCI performance. Multiple regression demonstrated that simulator sickness was the only variable independently associated with C3-C4 beta activity after accounting for embodiment and BCI performance. This association remained robust following bootstrap estimation and leave-one-out sensitivity analyses. Conclusions: Although limited to a single participant, these findings suggest that different dimensions of subjective experience during XR-BCI operation are associated with partially distinct neurophysiological correlates. In particular, simulator sickness was the variable most consistently associated with sensorimotor beta activity across all analyses. These findings provide a foundation for future longitudinal investigations of the neural mechanisms linking subjective experience and cortical dynamics during XR-BCI use.",2026,"Life (Basel, Switzerland)",INCLUDE_CANDIDATE,HIGH,Explicit AR/MR signal: extended reality,,,,,,,,,,LIKELY_ADVANCE_PENDING_PRIMARY_REVIEW
605,TA-03,42651094,10.3390/brainsci16080783,An Augmented Reality and AI-Based System for Contextual Appliance Guidance: Implications for Cognitive Accessibility and Assistive Interaction.,"Modern household appliances often present complex interfaces that can be difficult to use, especially for older adults, people with visual impairments, and users with mild cognitive difficulties. In such cases, interacting with appliances may require sustained attention, visuospatial search, working memory, and sequential action planning, while traditional user manuals often provide limited contextual support. To address this issue, this study presents a proof-of-concept augmented reality (AR) and artificial intelligence (AI)-based system for contextual appliance guidance. The proposed architecture integrates visual sensing, deep learning, and large language models to detect appliance controls, interpret user queries, retrieve relevant information from user manuals, and provide step-by-step guidance directly on the real interface. A YOLOv8 model trained on a custom dataset was used for button detection, YOLO-Seg was employed to enhance visual highlighting through segmentation, and BoT-SORT was used to maintain detection consistency across frames. A Unity-based mobile application displayed real-time AR overlays with customizable visual settings for accessibility needs, such as low vision and color blindness that may be relevant for future accessibility-oriented applications. In addition to its technical pipeline, the system is conceptually relevant as a potential form of external cognitive support because it transforms static manual instructions into situated, sequential, and visually grounded guidance. Experimental results showed promising technical performance for button detection and segmentation, while a preliminary user evaluation in a non-clinical sample suggested good usability, clarity, and acceptability of the interface. These findings support the technical feasibility and preliminary usability of the approach, while cognitive workload, confidence, functional autonomy, and clinical benefit were not directly measured. Targeted validation in older adults, people with visual impairments, and clinical populations is therefore still needed. Future developments will include multimodal feedback, read-aloud guidance, and more specific evaluation of workload, confidence, and functional autonomy.",2026,Brain sciences,INCLUDE_CANDIDATE,HIGH,Explicit AR/MR signal: augmented reality,,,,,,,,,,LIKELY_ADVANCE_PENDING_PRIMARY_REVIEW
606,TA-03,42648267,10.1016/j.jsurg.2026.104119,Precision Education: How Ready Are Obstetrics and Gynecology Clerkships for the Future of Medical Education?,"Precision education has been heralded as the future of medical education, yet substantial barriers to realizing this future exist. We sought to explore the current state of precision education in obstetrics and gynecology clerkship settings including barriers to adoption of this approach and strategies to support clinical educators interested in accelerating the advancement of precision education in their educational programs. We designed a survey using an iterative approach informed by a literature review of principles and best practices for a precision education approach in clinical education settings. The survey queried about current adoption of technologies, resources, and approaches associated with precision education, as well as perceived barriers to further adoption of precision education. The survey was piloted among of subset of educators prior to distribution. Obstetrics and gynecology clerkship directors were identified through cross-referencing list from the LCME and from the national professional society supporting obstetrics and gynecology educators, to optimize our ability to capture one response from each MD granting program within the United States. About 95 clerkship leaders responded, for a response rate of 69.3%. Nearly one-quarter of clerkships use autonomously generated teaching materials, 17% use augmented-reality technologies, and 6% use artificial-intelligence teaching assistants. Factors such as grading system or clerkship director experience were not associated with readiness for precision education. Strategies identified as more practical to implement include automated generation of teaching materials, flexible scheduling of clerkship experiences, and inclusion of students and community members into curricular decisions. As with other technological advancements in healthcare and education, the adoption of precision education is occurring gradually and at varying paces at institutions across the nation. This work suggests strategies that may be more readily implemented into clerkships for institutions aiming to accelerate progress towards precision education.",2026,Journal of surgical education,INCLUDE_CANDIDATE,HIGH,Explicit AR/MR signal: augmented-reality,,,,,,,,,AR_MENTION_MAY_BE_CONTEXT_ONLY,PRIORITY_VERIFY
607,TA-03,42647699,10.1109/MCG.2026.3727817,The MPEG Avatar Representation Format (ARF) an Interoperable Container and Animation Framework for Avatars.,"Avatars are becoming key for identity and presence in immersive communication, from social virtual reality to remote collaboration and mixed-reality experiences. Although most avatar technologies remain closed in proprietary ecosystems, limiting reuse of a user's digital persona across applications and complicating deployment of avatar-based services over 5 G networks. The MPEG Avatar Representation Format (ARF), standardized as ISO/IEC 23090-39 (MPEG-I Part 39), addresses these limitations by introducing an extensible, and application-independent framework for representing, packaging, exchanging, and animating 3D avatars. This article presents a system-level view of ARF and its use for avatar communication over 5 G. We outline the motivation and relation to H-Anim and VRM, describe the base avatar model, ISOBMFF and ZIP-based container formats, and the animation stream, show how ARF integrates with MPEG-I Scene Description and 3GPP's IP Multimedia Subsystem, and highlight key features, including the reference client, authentication, and tensor formats.",2026,IEEE computer graphics and applications,INCLUDE_CANDIDATE,HIGH,Explicit AR/MR signal: mixed-reality,,,,,,,,,,LIKELY_ADVANCE_PENDING_PRIMARY_REVIEW
608,TA-03,42647428,10.1159/neo/adsag002,Telemedicine Consultation in Neonatal Resuscitation: A Randomized Crossover Simulation Study.,"Telemedicine consultation can provide real-time expert support to local teams during neonatal emergencies. This study aimed to assess the impact of telemedicine support on provider performance and user experience during simulated neonatal resuscitation, using three devices of differing technical complexity. In this randomized crossover study, 93 medical students and doctors completed two neonatal resuscitation scenarios - one without and one with telemedicine support - using one of three randomly assigned devices: a phone, a video telemedicine device, or augmented reality (AR) glasses. The primary outcome, neonatal life support (NLS) performance, was assessed using a 33-item checklist based on a standardized NLS score valuated by two independent raters. Secondary outcomes included user experience, device usability, and participants' gain of performance by using telemedicine support, stratified by participants' level of training. Resuscitation performance improved significantly with telemedicine support compared to the control scenario (38.37 vs. 33.02 points, p < 0.001), with no difference between the three telemedicine conditions. In the scenario without telemedicine, performance was significantly associated with participant training level, while telemedicine mitigated this effect, yielding the greatest performance gains among untrained users (r = -0.34, p < 0.001). User experience ratings were the lowest for AR glasses, primarily due to technical issues. Less trained participants rated telemedicine as more helpful and beneficial on simulation outcomes. This simulation-based pilot study demonstrates that telemedicine consultation can significantly improve neonatal resuscitation performance, especially among less trained providers. Differences in user experience underscore that ""simple-to-use"" technology is needed by healthcare providers when using telemedicine.",2026,Neonatology,INCLUDE_CANDIDATE,HIGH,Explicit AR/MR signal: augmented reality,,,,,,,,,,LIKELY_ADVANCE_PENDING_PRIMARY_REVIEW
609,TA-03,42646187,10.3390/jfb17080384,Influence of Controlled Lighting Conditions on Smartphone-Based Augmented Reality Recognition of a 3D-Printed Dental Model for Implantological Applications.,"Smartphone-based augmented reality (AR) may help dentists visualize an implant axis during treatment or training. Before a virtual overlay can be displayed, however, the application must first recognize the real target reliably. This in vitro study tested how five lighting conditions affected recognition of a two-colored, 3D-printed polylactic acid (PLA) dental model by a Unity/Vuforia smartphone application. The application ran on a Samsung Galaxy S22. A GoPro HERO10 recorded the smartphone display at 240 frames per second, and the videos were evaluated frame by frame. Red, green, blue, daylight-like light-emitting diode (LED) and halogen illumination were tested at a central and an eccentric model position, with ten repetitions per condition and position. The model was not recognized under red or blue illumination within the predefined observation interval. Recognition was successful in all repetitions under green, daylight-like and halogen illumination. Recognition speed differed among these successful conditions, and the eccentric position delayed recognition under daylight-like and halogen illumination. A supplementary region-of-interest analysis also showed lighting-dependent differences in image brightness and contrast. These findings indicate that lighting should be standardized and documented when smartphone-based dental AR systems are developed and tested.",2026,Journal of functional biomaterials,INCLUDE_CANDIDATE,HIGH,Explicit AR/MR signal: augmented reality,,,,,,,,,,LIKELY_ADVANCE_PENDING_PRIMARY_REVIEW
610,TA-03,42645991,10.3390/jimaging12080393,Turning Immersive Viewers into Analytical Workspaces: ASCRIBE-XR and Agent-Driven Scientific Visualization.,"Scientific visualization is changing from passive observation to active, AI-assisted collaboration. While Extended Reality (XR) has proven valuable for comprehending dense 3D arrays, traditional VR applications are typically deployed in rigid, single-purpose, and monolithic architectures. In this paper, we present the evolution of ASCRIBE-XR: a virtual reality platform backed by remote computation that has been re-engineered into a dynamic, service-oriented ecosystem. We introduce three core innovations that make immersive data analysis easier, faster, and more flexible when using multimodal scientific imaging. First, a lightweight Python REST interface decouples XR logic from the rendering engine, enabling real-time, programmable scene customization and on-demand data generation. Second, we present a Specimen Catalog architecture that lets the platform pivot between radically different disciplines, ranging from archaeological heterogeneous concrete and fuel-cell membranes to the root system of a bioenergy grass, by describing each dataset through portable metadata rather than hard-coded application logic. Finally, we introduce a prompt-driven layer powered by the Claude Agent SDK, allowing researchers to generate, segment, and manipulate volumetric and mesh data through natural language dialogue within the virtual space. For example, applying foundation models such as the Segment Anything Model (SAM) to perform zero-shot segmentation on demand. By bridging human intent with remote computation, ASCRIBE-XR relaxes the constraints of conventional visualization tools, offering a highly adaptable, conversational platform for scientific discovery with human auditing.",2026,Journal of imaging,INCLUDE_CANDIDATE,HIGH,Explicit AR/MR signal: extended reality,,,,,,,,,,LIKELY_ADVANCE_PENDING_PRIMARY_REVIEW
611,TA-03,42645887,10.3390/jemr19040092,Effects of Presentation Form and Presentation Timing in AR-HUD Takeover Displays on Driver Visual Attention: An Eye-Tracking Study.,"Level 3 automated driving necessitates rapid driver reengagement following a takeover request, making human-machine interface design critical for safety. As a sensor-based in-vehicle interface, the augmented reality head-up display (AR-HUD) integrates real-time environmental sensing with visual information delivery, yet how different information presentation strategies influence driver visual attention during takeover remains underexplored. We examined the effects of presentation form (static/dynamic) and presentation timing (concurrent/progressive) using a 2 × 2 within-subject design. In the experiment, twenty-one licensed drivers viewed prerecorded automated driving takeover scenarios. Eye tracking measured mean fixation duration, mean saccade amplitude, time to first fixation, and fixation count, while ratings assessed usability, acceptance, and intention comprehension. Progressive presentation significantly reduced all eye-tracking measures and improved perceived usability ratings compared with concurrent presentation. This pattern indicates more concentrated and orderly gaze allocation and is consistent with lower visual-search and information-integration demands. However, the lower fixation count may partly reflect reduced information exposure. Static presentation reduced mean fixation duration but showed no consistent overall advantage on the remaining measures. Significant form-by-timing interactions showed that progressive presentation reduced saccade amplitude and time to first fixation and improved intention comprehension under static, but not dynamic, presentation. Among the four combinations, static-progressive presentation yielded the most favorable overall pattern. Overall, presentation timing affected more measured outcomes than presentation form. These findings provide preliminary evidence that presentation form and presentation timing shape gaze behavior and subjective evaluations of AR-HUD takeover displays.",2026,Journal of eye movement research,INCLUDE_CANDIDATE,HIGH,Explicit AR/MR signal: augmented reality,,,,,,,,,AR_MENTION_MAY_BE_CONTEXT_ONLY,PRIORITY_VERIFY
612,TA-03,42642204,10.14444/8934,Mixed Reality-Assisted Surgical Planning and Patient Education in a Complex Craniovertebral Junction Anomaly: A Case Report.,"Basilar invagination with assimilated atlas in adults may be accompanied by degenerative arthropathy, which can worsen instability and lead to neurological deterioration. A 36-year-old woman with a short neck presented wheelchair bound with complaints of chronic neck pain, bilateral hand clumsiness, and urinary urgency. Examination showed spastic quadriparesis, sensory impairment below the neck, and positive hand myelopathic signs (modified Japanese Orthopaedic Association score 9/18). Imaging demonstrated basilar invagination and assimilated atlas with asymmetric C1 to C2 facet joints, with severe cord compression and myelomalacia. Computed tomography and magnetic resonance imaging datasets were combined in a mixed reality (MR) viewer to generate 3-dimensional visualization. Using MR, the patient and family were counseled about the need for surgery. MR also facilitated preoperative surgical planning by improving anatomical understanding, particularly regarding the anatomy of asymmetric facets and screw trajectories. The patient underwent a posterior C1 to C2 joint reconstruction, reduction with facet spacers, and fusion using the Goel technique. At 1-year follow-up, the patient was able to ambulate on her own with improved neurology (modified Japanese Orthopaedic Association score 18/18). Reports describing MR applications in the evaluation and surgical planning of complex craniovertebral junction anomalies remain limited. In this case report, we describe the successful management of a complex craniovertebral junction anomaly and how MR devices supported the preoperative planning and facilitated counseling of an anxious patient.",2026,International journal of spine surgery,INCLUDE_CANDIDATE,HIGH,Explicit AR/MR signal: mixed reality,,,,,,,,,,LIKELY_ADVANCE_PENDING_PRIMARY_REVIEW
613,TA-03,42640768,10.1109/TPAMI.2026.3727248,Pixel-Perfect Visual Geometry Estimation.,"Recovering clean and accurate geometry from images is essential for robotics and augmented reality. However, existing geometry foundation models still suffer severely from flying pixels and the loss of fine details. In this paper, we present pixel-perfect visual geometry models that can predict high-quality, flying-pixel-free point clouds by leveraging generative modeling in the pixel space. We first introduce Pixel-Perfect Depth (PPD), a monocular depth foundation model built upon pixel-space diffusion transformers (DiT). To address the high computational complexity associated with pixel-space diffusion, we propose two key designs: 1) Semantics-Prompted DiT, which incorporates semantic representations from vision foundation models to prompt the diffusion process, preserving global semantics while enhancing fine-grained visual details; and 2) Cascade DiT architecture that progressively increases the number of image tokens, improving both efficiency and accuracy. To further extend PPD to video (PPVD), we introduce a new Semantics-Consistent DiT, which extracts temporally consistent semantics from a multi-view geometry foundation model. We then perform reference-guided token propagation within the DiT to maintain temporal coherence with minimal computational and memory overhead. Our models achieve the best performance among all generative monocular and video depth estimation models and produce significantly cleaner point clouds than all other models. Code is available at https://github.com/gangweix/pixel-perfect-depth.",2026,IEEE transactions on pattern analysis and machine intelligence,INCLUDE_CANDIDATE,HIGH,Explicit AR/MR signal: augmented reality,,,,,,,,,,LIKELY_ADVANCE_PENDING_PRIMARY_REVIEW
614,TA-03,42638817,10.1177/20552076261462754,An investigation into the simulation sickness with head-mounted displays in people with aphasia.,"In recent times, with the proliferation of technological innovations, head-mounted displays are increasingly used in healthcare, including clinical rehabilitation. Until recently, their use in people with aphasia (an inability to use language for communication following brain damage) was limited. Emerging developments in Mixed Reality, combining augmented and virtual realities, have enabled the use of non-occlusive head-mounted displays in aphasia rehabilitation. However, concerns about the possible adverse effects, such as simulation sickness, arise in people with brain damage and aphasia. To investigate whether a mixed reality head-mounted device (the MiRAR, deployed using the Microsoft HoloLens) induces simulation sickness in general and, specifically, in people with stroke-induced aphasia. Both the healthy participants and those with aphasia following brain damage wore a non-occlusive head-mounted display. They interacted with the virtual avatars within a fully immersive Mixed Reality environment. Simulation sickness was assessed after exposure using a standardised self-report tool, the Simulator Sickness Questionnaire (SSQ). Both groups showed only minimal symptoms of simulation sickness. Most importantly, the two groups did not differ significantly across the domains of the simulation sickness scale. People with aphasia did not experience any additional adverse effects compared to the healthy participants. The implications of these findings for clinical and rehabilitation purposes are discussed.",2026,Digital health,INCLUDE_CANDIDATE,HIGH,"Explicit AR/MR signal: mixed reality, head-mounted display, hololens",,,,,,,,,,LIKELY_ADVANCE_PENDING_PRIMARY_REVIEW
615,TA-03,42638679,10.3389/fpsyg.2026.1861679,Investigating the potential of augmented reality game-based instruction on Chinese EFL learners' vocabulary learning and academic enjoyment.,"With the growing interest in integrating technology into language teaching, Augmented Reality (AR) has emerged as a promising tool for enhancing learning experiences. However, there is limited research examining its impact on Chinese English-as-a-Foreign-Language (EFL) learners' vocabulary learning and academic enjoyment. The study aims to explore how innovative teaching approaches, such as AR game-based learning, can enhance Chinese EFL learners' vocabulary acquisition and overall academic enjoyment. Two intact classes of 80 learners each from a large university in China were randomly assigned to either an experimental group, which received AR game-based instruction, or a control group, which received traditional teacher-fronted instruction. A concurrent mixed-methods design was employed. Quantitative data were collected through pretest and posttest vocabulary measures and analyzed using independent-samples t-tests. Findings indicated that although the two groups were comparable at the pretest stage, the experimental group significantly outperformed the control group on the posttest, indicating AR game-based instruction's effect on vocabulary learning. Qualitative data were gathered through learners' narratives and semi-structured interviews and analyzed thematically to explore their perceptions and experiences of academic enjoyment in the AR-supported learning environment. The analysis revealed three major themes: perceived heightened interest through novelty and immersion, perceived enhanced satisfaction through clearer understanding and vocabulary retention, and perceived increased motivation through interactivity and game-like engagement. Taken together, the findings suggest that AR game-based instruction can support both vocabulary development and positive emotional engagement in EFL learning. The study offers implications for teachers, curriculum developers, and educational decision-makers seeking to integrate innovative and emotionally supportive technologies into language education.",2026,Frontiers in psychology,INCLUDE_CANDIDATE,HIGH,Explicit AR/MR signal: augmented reality,,,,,,,,,,LIKELY_ADVANCE_PENDING_PRIMARY_REVIEW
616,TA-03,42637071,10.1016/j.jvsv.2026.102605,Laser cryo-sclerotherapy versus conventional sclerotherapy for reticular veins and telangiectasias: A randomized controlled trial.,"To evaluate whether the hybrid laser cryo-sclerotherapy (LCS; Nd:Y-AG 1064 nm + 75% hypertonic glucose [HG]) protocol produces superior aesthetic outcomes compared with combined conventional sclerotherapy (CS: 67.5% glucose + 0.3% polidocanol [POL]) for the treatment of lower limb reticular veins and telangiectasias (CEAP C1). For this single-center, prospective randomized controlled trial, 60 patients were assessed for eligibility; 4 did not provide informed consent and were not randomized. A total of 56 female patients with CEAP C1 disease and Fitzpatrick phototypes I-III were randomized, with only one lower limb treated per participant: 32 to the LCS group (Nd:YAG 1064 nm + HG75%) and 24 to the CS group (HG67.5% + POL0.3%). Two participants who underwent LCS were subsequently lost to follow-up between Day 1 and Day 30; 54 participants (30 and 24 from the LCS and CS groups, respectively) completed the 90-day follow-up and were analyzed per protocol. Standardized photographs were obtained on Day 1, Day 30, and Day 90, with and without augmented reality (AR; VeinViewer Flex), and were assessed by two blinded external vascular physicians using the Global Aesthetic Improvement Scale (GAIS). Complications, residual pigmentation, and quality of life (Aberdeen Varicose Vein Questionnaire) were evaluated as secondary end points. Both groups had equivalent baseline characteristics. The LCS group was superior to the CS group in all GAIS outcomes: D1→D90 without AR (P = .026; r = 0.34; 95% confidence interval [CI], 0.04-0.58; moderate effect); D1→D90 with AR (P < .001; r = 0.53; 95% CI, 0.28-0.72; large effect); D30→D90 without AR (P < .001; r = 0.56; 95% CI, 0.31-0.74; large effect); D30→D90 with AR (P < .001; r = 0.52; 95% CI, 0.26-0.71; large effect). After Bonferroni correction for these four primary comparisons (α = .0125), the D1→D90 comparison without AR no longer reached significance, whereas the remaining three comparisons did. Temporal analysis revealed a progressive late aesthetic response in the LCS group; 80.0% of participants continued improving between Day 30 and Day 90 vs 29.1% in the CS group (70.8% with No Change). The ecchymosis duration was significantly shorter in the LCS group (median, 5.0 vs 10.0 days; P = .012). Severe pigmentation on Day 90 was observed exclusively in the CS group (8.3% vs 0%; P = .019; r = 0.22; small effect; power = 36.4%; this finding is exploratory, see the Discussion section). No cases of deep vein thrombosis or ulcer occurred. Aberdeen Varicose Vein Questionnaire score improvement was significant in both groups (P < .001), with no intergroup difference. Inter-rater agreement was substantial to near-perfect for GAIS assessments (κ = 0.735-0.913) and perfect for complication grading (κ = 1.000). The LCS protocol was superior to CS in all GAIS outcomes, with moderate-to-large effect sizes and consistent inter-rater agreement. The aesthetic response was progressive, consolidating between Day 30 and Day 90, with the largest effect size in the late period. AR amplified the magnitude of the detected effects and improved inter-rater agreement, reinforcing its role as a standardizing tool in aesthetic phlebology randomized controlled trials. These statistical findings should be weighed against the higher costs and complexity of LCS relative to CS in a purely cosmetic CEAP C1 population (see the Discussion section).",2026,Journal of vascular surgery. Venous and lymphatic disorders,INCLUDE_CANDIDATE,HIGH,Explicit AR/MR signal: augmented reality,,,,,,,,,,LIKELY_ADVANCE_PENDING_PRIMARY_REVIEW
617,TA-03,42633257,10.1016/j.resplu.2026.101433,Distribution of visual attention amongst clinicians using an augmented reality-based decision support system during simulated cardiac arrest - A descriptive study.,"Augmented reality (AR)-based cognitive aids provide real-time guidance during resuscitation, but their impact on clinicians' visual attention is not well understood. This study aimed to describe visual attention distribution among clinicians using an AR-based decision support system during simulated pediatric cardiac arrest. This descriptive study was a secondary analysis of data from the intervention arm of a randomized clinical trial. Pediatric resuscitation teams from two centers participated in a standardized cardiac arrest simulation. The AR-based decision support system provided role-specific, real-time visual guidance, including task prompts, timers, and medication information displayed within the clinician's field of view. Visual attention data from team leaders and medication nurses were collected using AR devices (HoloLens 2) with built-in eye tracking. Predefined areas of interest (AOIs) were established, and visual attention was quantified using fixation percentage, fixation count, and fixation duration. Nine simulation sessions were analyzed. AR components accounted for a substantial proportion of visual attention (Mean percentage (SD) team leaders: 41.9% (14.9); medication nurses: 59.0% (14.6)). Team leaders demonstrated distributed attention across multiple AOIs, whereas medication nurses showed concentrated attention on medication-related tasks. Distinct fixation patterns were observed, with some AOIs characterized by frequent, brief fixations and others by less frequent, longer fixations. A substantial proportion of attention occurred outside predefined AOIs (team leaders: 46.0% (15.2); medication nurses: 22.9% (10.7)). Visual attention during use of the AR-based decision support system by both team leaders and medication nurses was characterized by substantial engagement and distinct role-specific attention patterns.  Clinical trial registration:ClinicalTrials.gov. Identifier: NCT06376643 https://clinicaltrials.gov/study/NCT06376643?cond=cardiac%20arrest&term=siebert&rank=1.",2026,Resuscitation plus,INCLUDE_CANDIDATE,HIGH,"Explicit AR/MR signal: augmented reality, hololens",,,,,,,,,,LIKELY_ADVANCE_PENDING_PRIMARY_REVIEW
618,TA-03,42631354,10.1177/13623613261478883,"""There's No Greater Feeling"": Empowerment and Achievement Through Neurodivergent Co-Design.","Extended reality (XR) technologies, including virtual reality (VR), have long been investigated as tools to support autistic and other neurodivergent individuals, yet much of this work has prioritized researcher-defined outcomes over the lived experiences of neurodivergent users. Participatory and co-design approaches offer a means to address this gap, but limited research documents how neurodivergent adults experience authentic involvement in XR development. This study examines the experiences of neurodivergent co-designers engaged in the collaborative creation of uSucceed, a VR cybersecurity learning environment. Five neurodivergent adults employed as paid members of a university-based development lab participated in semi-structured interviews focused on expectations, learning, design responsibilities, collaboration, and perceived impact. Using a grounded theory approach, analysis involved iterative coding, constant comparison, and axial mapping of relationships among design practices, experiences, and outcomes. Co-designers reported substantial growth in technical skills such as Unity development, C# scripting, debugging, and animation, alongside gains in communication, persistence, and reflective problem-solving. Structured learning supports and authentic production-level responsibilities fostered confidence, ownership, and a sense of value within a supportive, inclusive environment. These findings illustrate how intentionally structured, production-oriented XR co-design can support both technical skill development and meaningful participation for neurodivergent adults.Lay AbstractThis study explores what it is like for neurodivergent adults to take part in designing virtual reality (VR) learning technologies, not just as research subjects, but as paid members of a development team. While VR and similar technologies have often been created to support autistic and other neurodivergent people, these tools are usually designed based on what researchers think users need, rather than on the experiences and priorities of neurodivergent individuals themselves. This project focuses on a different approach by examining how neurodivergent adults experienced collaborating on the development of uSucceed, a VR learning environment that teaches cybersecurity skills. Five neurodivergent adults worked in a university-based lab as co-designers and developers on the project. They participated in interviews where they shared their expectations, what they learned, how they contributed to the design process, how they worked with others, and how the experience affected them personally and professionally. The researchers carefully analyzed these interviews to understand common themes and patterns in their experiences. Participants described learning a wide range of technical skills, such as building VR environments, writing and fixing code, creating animations, and working with professional development tools. They also reported growth in broader skills, including communication, problem-solving, persistence, and confidence. Importantly, the team structure included clear guidance, regular check-ins, collaborative problem-solving, and supportive feedback, which helped participants stay engaged and work through challenges without becoming overwhelmed. Having real responsibilities on a production-level project made participants feel valued and proud of their contributions.",2026,Autism : the international journal of research and practice,INCLUDE_CANDIDATE,HIGH,Explicit AR/MR signal: extended reality,,,,,,,,,,LIKELY_ADVANCE_PENDING_PRIMARY_REVIEW
619,TA-03,42627413,10.1007/s00246-026-04435-5,A Mobile Electrophysiology System with Mixed Reality Virtual Screens for Pediatric Ablation.,"Traditional pediatric electrophysiology (EP) procedures rely on fixed laboratory infrastructure with multiple hardwired systems which can limit procedural availability. This is the first reported use of a fully mobile EP system integrated with mixed reality (MxR) virtual displays to perform catheter ablation in a pediatric patient. In this case, a 9-year-old safely underwent successful radiofrequency ablation for atrioventricular nodal reentry tachycardia with the fully mobile MxR system. This experience demonstrates the feasibility of mobile, MxR-enabled EP systems to expand procedural access while maintaining clinical performance.",2026,Pediatric cardiology,INCLUDE_CANDIDATE,HIGH,Explicit AR/MR signal: mixed reality,,,,,,,,,,LIKELY_ADVANCE_PENDING_PRIMARY_REVIEW
620,TA-03,42626386,10.1016/j.jscai.2026.105452,Augmented Reality Ultrasound-Guided Vascular Access via Apple Vision Pro.,,2026,Journal of the Society for Cardiovascular Angiography & Interventions,INCLUDE_CANDIDATE,HIGH,Explicit AR/MR signal: augmented reality,,,,,,,,,ABSTRACT_MISSING,PRIORITY_VERIFY
621,TA-03,42624834,10.1038/s41377-026-02244-2,Spectral-selective light detection and ranging at 1550 nm using tandem colloidal quantum dot photodiodes.,"Light detection and ranging (LiDAR) systems enable three-dimensional (3D) imaging for emerging applications in autonomous driving and mixed reality. The operational wavelength of LiDAR detectors is transitioning from 905 nm to 1550 nm, leveraging the higher safety power threshold and superior coherence of 1550 nm lasers. Colloidal quantum dots (CQDs) photodiodes have shown good performance and low cost for two-dimensional (2D) imaging covering 1550 nm, however, been faced two main challenges, including poor spectral selectivity and slow response speed as a LiDAR detector. Here, we introduce a tandem PbSe CQDs photodiode that functions as an integrated photonic-electronic link, overcoming both challenges by synergistically merging optical pre-processing and electronic post-processing within a single structure. The designed tandem structure leverages a synergistic combination of RC time constant suppression and charge collection narrowing, yielding a record-fast response time of 1.01 ns among the reported CQD devices and a 13-fold suppressed external quantum efficiency (EQE) in the visible range compared to single-junction devices. We further showcase a spectral-selective LiDAR operating at 1550 nm using the tandem CQDs photodiodes, achieving a centimeter-level spatial resolution while maintaining 97.9% of the signal-to-noise ratio under strong background interference.",2026,"Light, science & applications",INCLUDE_CANDIDATE,HIGH,Explicit AR/MR signal: mixed reality,,,,,,,,,,LIKELY_ADVANCE_PENDING_PRIMARY_REVIEW
622,TA-03,42624761,10.1016/j.ijom.2026.08.003,Augmented reality versus three-dimensionally printed guides in Le Fort I osteotomy: a preclinical study.,"Advancements in medical image acquisition facilitate patient-specific virtual surgical planning and surgical navigation in maxillofacial interventions such as Le Fort I osteotomy. Augmented reality (AR) allows superimposition of patient data onto the surgical field for guidance. The aim of this study was to develop and assess an AR navigation system leveraging traditional navigation methods. The accuracy of a three-dimensionally (3D)-printed guide was compared with an AR system in a phantom study. Preplanned osteotomy lines were cut, and screw holes were drilled, simulating a Le Fort I osteotomy, and its accuracy was assessed by comparing pre- and postoperative computed tomography. Seven maxillofacial surgeons participated, each tasked with drilling 12 screws and performing two osteotomy cuts using either AR or the guide. There was no statistically significant difference in cutting accuracy between AR and the guide, with median errors of 0.71 and 0.72 mm, respectively. However, AR drilling accuracy (1.48 mm) was significantly worse than that of the guide (0.73 mm) and yielding a 75% success rate of AR-drilled holes suitable for patient-specific implant fixation. AR-based navigation using head-mounted displays does not yet achieve the clinical requirement for drilling, contrary to cutting, yet it appears to be a promising alternative to 3D-printed guides for Le Fort I osteotomy.",2026,International journal of oral and maxillofacial surgery,INCLUDE_CANDIDATE,HIGH,"Explicit AR/MR signal: augmented reality, head-mounted display",,,,,,,,,,LIKELY_ADVANCE_PENDING_PRIMARY_REVIEW
623,TA-03,42622941,10.1007/s11548-026-03778-x,A mixed reality hand fracture simulator for virtual K-wire fixation.,"Proper management of hand fractures requires accurate reduction of bone fragments and stabilization with Kirschner wire (K-wire) fixation. Limited case exposure in residency and a shortage of feedback-rich skills assessment constrain deliberate practice. This work describes a mixed reality hand fracture simulator that integrates a realistic physical model with instrument tracking, real-time virtual image guidance, and quantitative performance feedback for training percutaneous K-wire fixation. We developed a benchtop mixed reality (MR) simulator integrating an electromagnetic (EM) tracker, a three-dimensional (3D)-printed hand model with fracture patterns, and a microcontroller-enabled K-wire driver. To ensure high physical-to-virtual geometric correspondence, the 3D-printed components were optically scanned to serve as virtual representations. A custom application provides real-time 3D visualization, guidance, and simulated virtual X-rays. To evaluate system accuracy, five users performed repeated paired-point rigid registrations. Accuracy was assessed by calculating fiducial registration error (FRE) and target registration error (TRE) across 25 attempts using a pre-calibrated stylus and the tracked K-wire driver. Image guidance capabilities were evaluated by measuring positional and angular alignment errors of the tracked K-wire driver against predefined ideal trajectories. The overall mean FRE was 0.69 ± 0.11 mm for the hand model (11 fiducials) and 0.60 ± 0.09 mm for the K-wire driver (8 fiducials). Target localization to six ground-truth targets yielded a mean TRE of 0.69 ± 0.10 mm with the stylus and 0.82 ± 0.16 mm with the driver. Trajectory alignment demonstrated maximum positional variance during parallel approaches to the bone (K-wire 1), highlighting specific procedural challenges. The MR hand fracture simulator platform enables repeated practice of fracture reduction and K-wire placement with interactive guidance, simulated X-rays, and objective metrics. The system is able to achieve millimeter-scale alignment suitable for procedural training. Future work will evaluate learning outcomes and skill transfer in surgical trainees.",2026,International journal of computer assisted radiology and surgery,INCLUDE_CANDIDATE,HIGH,Explicit AR/MR signal: mixed reality,,,,,,,,,,LIKELY_ADVANCE_PENDING_PRIMARY_REVIEW
624,TA-03,42616859,10.1126/sciadv.aeh5234,Ultrawide-FOV full-color waveguides free of rainbow and fishbone artifacts via physics-constrained generative metagrating design.,"Augmented reality (AR) displays are gaining prominence in consumer and industrial applications due to two-dimensional pupil-expanding waveguides, which achieve the essential dual requirements of compact form factors and large eyebox through innovative dual-axis beam replication technology. Nevertheless, these systems face an intrinsic trilemma compromising three critical parameters-efficiency, angular uniformity, and chromatic dispersion-with all three limitations becoming particularly pronounced at wide angles (>50°) across the visible spectrum, manifesting as fishbone artifacts (periodic non-uniformity patterns) and rainbow effects. To overcome these fundamental limitations, we present a physics-constrained generative adversarial network (PC-GAN) that systematically resolves the trilemma by incorporating two key physical principles: dilated pupil restraint ratio (DPRR) for uniformity control and periodic constraint theory (PCT) for dispersion management. This framework enables high-throughput discovery of metagrating designs while ensuring high-quality imaging performance in single-layer waveguides across the full visible spectrum and ultrawide field of view. Notably, the PC-GAN demonstrates its unique capability by autonomously discovering optimized snowflake-like metagrating (SLMG) geometries - fractal structures that provide breakthrough solutions for pupil expansion uniformity through their hierarchical light manipulation properties. Experimental realization of PC-GAN-optimized metagratings in disparate material systems (polymer and SiC) consistently delivered wide-angle, full-color operation in single-layer waveguides, while eliminating the characteristic fishbone artifacts and rainbow effects of conventional diffractive designs. This physics-constrained generative framework unlocks transformative potential for complex photonic systems beyond AR, enabling advanced designs ranging from ultrathin VR displays to multi-physics-optimized quantum optical devices.",2026,Science advances,INCLUDE_CANDIDATE,HIGH,Explicit AR/MR signal: augmented reality,,,,,,,,,AR_MENTION_MAY_BE_CONTEXT_ONLY,PRIORITY_VERIFY
625,TA-03,42615539,10.3791/73392,Augmented Reality-Assisted System for Tooth Carving Training in Dental Education.,"The goal of this protocol is to enhance dental anatomy education by developing and applying an augmented reality-assisted tooth-carving system (AR-ATCS). Tooth morphology is a fundamental component of dental education, requiring students to master complex three-dimensional (3D) anatomical structures and functional landmarks that are essential for clinical procedures such as restorative dentistry and endodontic treatment. Traditionally, these skills are acquired through wax-block carving exercises; however, this approach is often limited by low instructional efficiency and a substantial cognitive gap when students attempt to translate two-dimensional (2D) textbook illustrations into three-dimensional physical structures. To address these challenges, this protocol describes integrating augmented reality (AR) technology into manual tooth-carving training. The system uses three-dimensional object tracking and computer vision algorithms to superimpose a high-fidelity virtual 3D tooth model onto the physical workspace. By recognizing dedicated tracking markers with a mobile device camera, the system projects a digital guide at the correct scale and orientation directly onto the wax block. This virtual-to-physical alignment enables students to visualize the target tooth morphology in real time and identify deviations in their carving progress as they occur. The protocol provides a detailed workflow for establishing the AR environment, aligning virtual models with physical materials, and using the system as a self-guided training tool. By delivering interactive, multi-angle visual feedback, the system reduces dependence on continuous instructor demonstrations and minimizes the impact of irreversible carving errors. Overall, this AR-assisted approach provides a supplementary visual guidance tool for traditional dental anatomy training by supporting novice students during tooth carving and offering a more efficient framework for practicing tooth morphology.",2026,Journal of visualized experiments : JoVE,INCLUDE_CANDIDATE,HIGH,Explicit AR/MR signal: augmented reality,,,,,,,,,,LIKELY_ADVANCE_PENDING_PRIMARY_REVIEW
626,TA-03,42613394,10.1007/s00345-026-06670-0,Artificial intelligence in robotic urologic surgery: a scoping review.,"Artificial intelligence (AI) is increasingly being integrated into robotic urologic surgery. However, existing literature remains fragmented across different technological domains. This scoping review aimed to systematically map and synthesize current evidence on AI applications within robotic urologic surgery, identifying principal domains, clinical relevance, and existing limitations. A scoping review was conducted according to PRISMA-ScR guidelines. PubMed and Web of Science were searched for English-language peer-reviewed studies published between 2018 and 2024. Studies were included if they evaluated AI applications integrated into the robotic surgical workflow (computer vision, augmented reality, cognitive analytics, skill assessment, or outcomes prediction). Reviews, editorials, and non-robotic applications were excluded. Of 256 records identified, 47 met the inclusion criteria. Applications were distributed across five domains: computer vision (19%), augmented reality and navigation (15%), AI-driven objective skill assessment (30%), cognitive analytics (17%), and surgical outcomes prediction (19%). Most studies were single-center feasibility investigations. Computer vision demonstrated high technical accuracy for instrument and gesture recognition, while AI-based performance metrics showed emerging associations with clinically relevant outcomes. Augmented reality systems improved anatomical visualization and surgical planning, and cognitive analytics explored real-time workload assessment. AI in robotic urologic surgery is predominantly focused on assistive and analytical applications, particularly intraoperative image analysis and objective performance assessment. While early evidence suggests technical feasibility and potential clinical value, most systems remain investigational. Robust multicenter validation, workflow integration, and governance frameworks addressing accountability and data management are required before routine clinical implementation.",2026,World journal of urology,INCLUDE_CANDIDATE,HIGH,Explicit AR/MR signal: augmented reality,,,,,,,,,SECONDARY_OR_COMMENTARY_TITLE;AR_MENTION_MAY_BE_CONTEXT_ONLY,PRIORITY_VERIFY
627,TA-03,42612821,10.1016/j.hansur.2026.102761,Deep learning-based recognition of hand anatomical structures and traumatic lesions in surgical images: A proof-of-concept study.,"Computer vision in surgery remains limited by the complexity of anatomical environments and the scarcity of annotated datasets, particularly in hand surgery. Semantic segmentation could enable precise recognition of fine anatomical structures and lesions directly from surgical images. A dataset of hand photographs was created from operative and cadaveric dissection images. Anatomical structures and lesions were manually segmented at the pixel level. A DeepLabV3+ model with a ResNet-50 encoder was trained using Dice loss. Segmentation performance was evaluated using Dice scores and confusion matrix analysis. The database contained 710 labeled images (71 000 after data augmentation). The model achieved high segmentation performance for major anatomical structures, including tendons (Dice score: 0.84), muscles (0.80), arteries (0.74), nerves (0.70). Tendon and arterial lesions were also successfully identified. Lower performance was observed for underrepresented structures such as veins, surgical tools, and nails. This proof-of-concept study demonstrates the feasibility of deep learning-based semantic segmentation of hand anatomical structures and traumatic lesions. The proposed dataset and model represent an initial step toward computer vision-assisted hand surgery, with potential applications in surgical education, augmented reality, and intraoperative guidance.",2026,Hand surgery & rehabilitation,INCLUDE_CANDIDATE,HIGH,Explicit AR/MR signal: augmented reality,,,,,,,,,AR_MENTION_MAY_BE_CONTEXT_ONLY,PRIORITY_VERIFY
628,TA-03,42611886,10.1371/journal.pone.0355402,Disentangling sensory contributions to postural control regulation through sample entropy and neural modeling: A preliminary study.,"Postural control relies on the integration of visual, vestibular, proprioceptive, and auditory inputs to maintain stability. While previous studies have explored the effects of individual sensory modalities, the combined influence of multisensory disruptions on postural predictability remains unclear. We preliminary assessed postural behavior during quiet standing under manipulated sensory conditions in healthy participants. Eight adults stood barefoot on a Wii Balance Board, wearing a mixed reality headset with headphones and receiving vibrotactile stimulation to the Achilles tendons. Experimental conditions combined vibrotactile, static, or moving auditory stimuli across three visual states (Eyes Open, Eyes Closed, Blurred Vision). Center of pressure (CoP) in anterior-posterior (AP) and medio-lateral (ML) planes was collected and analyzed for signal predictability using Sample Entropy. The same experimental procedures were simulated by a biologically inspired neural mass model to investigate multisensory integration in postural control at the neural level. Behaviorally, proprioceptive perturbation via Achilles tendon vibration significantly increased Sample Entropy in both spatial planes, indicating reduced system predictability, while blurred vision decreased only in the AP plane, suggesting less flexible postural dynamics. The neural model replicated key behavioral trends and also revealed distinct central mechanisms underlying sensory interactions: while auditory inputs had minimal behavioral effects, at the simulated neural level, they increased Sample Entropy, especially under dynamic conditions. This revealed subtle modulation of predictability from auditory cues, which was not detectable at the behavioral level. These preliminary results highlight the modality-specific contributions to postural control and demonstrate the utility of Sample Entropy as measure of predictability, with our computational modeling uncovering, for the first time to our knowledge, neural integration processes related to multisensory integration and postural control predictability.",2026,PloS one,INCLUDE_CANDIDATE,HIGH,Explicit AR/MR signal: mixed reality,,,,,,,,,,LIKELY_ADVANCE_PENDING_PRIMARY_REVIEW
629,TA-03,42611711,10.1093/milmed/usag399,Remote Support for Military Surgery Using a Head-Mounted Augmented Reality Device or a Mechanical Arm Exoscope: An Experimental Study.,"Military surgery requires a broad operative skill set to manage complex injuries. Expert support may be necessary but is often limited to voice- or image-based communication. Recent advances in telemedicine, including exoscopes and augmented reality (AR) devices, enable real-time visual guidance, yet comparative evaluation in combat surgery remains limited. This study evaluated efficiency, effectiveness, and usability of an AR device and an exoscope for intraoperative support during a military surgical intervention. This experimental study was conducted as part of a research project of the German Bundeswehr Medical Service. Surgeons performed a simulated exploratory laparotomy on a perfused abdominal model under remote expert supervision. In a 2-arm design, telemedical support was provided using either an exoscope (VITOM-3D) or a head-mounted AR device (Microsoft HoloLens 2). Usability, functionality, user-friendliness, and technical performance were assessed using standardized questionnaires. Thirty-six surgeons participated (exoscope n = 20; AR n = 16). Introduction and procedure times were significantly shorter with the exoscope (P < .001). Both systems received similarly positive ratings for usability and functionality. Qualitative feedback highlighted stable visualization with the exoscope and hands-free, immersive guidance with the AR device. Nevertheless, connection loss occurred in 20% (4/20) of exoscope sessions and 50% (8/16) of AR sessions, with reconnection achieved in 2/4 and 7/8 cases, respectively. The supervising expert confirmed suitability of both systems for telemedical support with comparable learning curves. Exoscopes and AR devices demonstrated usability and effectiveness as telemedical systems in military surgery settings. Each system showed strengths and limitations, underlining the need for further research. Remote support may assist military surgeons. Further studies, clinical use cases, and data security are required.",2026,Military medicine,INCLUDE_CANDIDATE,HIGH,"Explicit AR/MR signal: augmented reality, hololens",,,,,,,,,,LIKELY_ADVANCE_PENDING_PRIMARY_REVIEW
630,TA-03,42610605,10.1097/WNO.0000000000002518,Mixed Reality Glasses Image Translocation for Binocular Diplopia.,"The traditional treatment of binocular diplopia includes patching, prisms, and strabismus surgery. We investigate if image translocation with mixed reality glasses (MRG) can be applied to binocular diplopia rehabilitation. Adult volunteers with binocular diplopia in the primary position presenting to the Eye Institute of Alberta underwent visual acuity and alternate prism cover testing. Custom software was developed for the HoloLens 2 MRG to transpose the image seen by the fixating eye to the strabismus angle of nonfixating eye. The transposition could be adjusted for vertical, horizontal, and torsional rotations and size. Participants wore the MRG in the primary position of a 6 m examination lane for a maximum of 30 minutes. A bipolar linear visual analog scale from 0 to 100 was used to rate the satisfaction with the MRG, with a score of 50 being neutral. There were 42 participants of median age of 46.5 years of age, 25 (60%) of whom were female. Twenty-three patients (55%) had horizontal strabismus, 9 (21%) had vertical strabismus, and 10 (24%) had combined horizontal and vertical strabismus. Twenty-nine (69%) of the participants found the MRG helpful for diplopia with an average satisfaction rating of 83.9% ± 12.0%. There was a statistically significant association between the satisfaction score and the magnitude of the strabismus (odds ratio 0.934 (0.879-0.993), P = 0.029) but not with age, sex, acuity, or strabismus direction. This prototype MRG image translocation software was helpful to 69% of patients with binocular diplopia, but limited by large angle strabismus because of the limited instrument field of view. This application may become mainstream when MRG becomes more compact and powerful, with wider fields of view.",2026,Journal of neuro-ophthalmology : the official journal of the North American Neuro-Ophthalmology Society,INCLUDE_CANDIDATE,HIGH,"Explicit AR/MR signal: mixed reality, hololens",,,,,,,,,,LIKELY_ADVANCE_PENDING_PRIMARY_REVIEW
631,TA-03,42610084,10.1007/978-3-032-05141-7_21,From Sight to Skill: A Surgeon-Centered Augmented Reality System for Ureteroscopy Training.,"The number of kidney stone cases in the U.S. has tripled since 1980. Unfortunately, 23% of kidney stone removal surgeries require repeat procedures within 20 months. The high repeat surgery rate is often due to surgeons missing stones in the initial treatment. Effective training can reduce the need for re-operation, yet learning opportunities in the operating room (OR) are limited, as patient care must take priority. Augmented reality (AR) can improve the effectiveness of training in the OR by providing real-time visual feedback, but the interface must be carefully designed not to interfere with clinical workflow. Building on prior design guidelines and AR training tools, we design and evaluate the effectiveness of enhancing training through three AR gaze markers. Our AR training system tracks the expert's eye gaze and projects the marker onto the trainee's head-mounted display to provide visual guidance. Eight trainees performed a simulated ureteroscopy task of identifying kidney stones in high-fidelity kidney phantoms while guided by an expert. We record the number of stones they found, time, and eye-gaze metrics. At the end of each trial, trainees provide subjective feedback on task load and performance through the NASA-TLX questionnaire. Results show that while some gaze markers increased perceived mental demand, they enhanced engagement and performance. Gaze metrics revealed that marker shape affects cognitive load, as measured by the fixation-to-saccades ratio. By translating prior design principles into an AR-based guidance system, this work supports intraoperative training and highlights AR's potential in surgical education.",2026,Medical image computing and computer-assisted intervention : MICCAI ... International Conference on Medical Image Computing and Computer-Assisted Intervention,INCLUDE_CANDIDATE,HIGH,"Explicit AR/MR signal: augmented reality, head-mounted display",,,,,,,,,,LIKELY_ADVANCE_PENDING_PRIMARY_REVIEW
632,TA-03,42609668,10.1117/12.3087843,Toward a Surgical Clip-Based Registration Approach for Aligning Pathology Data to Tumor Bed Using Mixed Reality.,"During tumor resections, surgeons must integrate visual cues from the operative field with feedback from pathology to evaluate resection margins. This process requires constructing a complex mental spatial map of the tumor bed and the ability to integrate pathological analysis back for additional resections. Unfortunately, this can lead to incomplete resections and result in positive margins. Such outcomes often necessitate additional surgeries, increasing patient risk, anxiety, and overall healthcare burden. To address this challenge, we are investigating a mixed reality (MR) system that transforms pathology-confirmed positive margins directly to locations within the surgical field. A critical requirement of this system is accurate alignment of pathology data with the intraoperative presentation of the tumor bed. We present and evaluate a registration workflow that employs surgical clips placed on both resection specimens and corresponding tumor bed sites as corresponding fiducial markers. Data acquisition was performed using the Microsoft HoloLens® 2 enabled to track a conventional stylus fitted with conventional retroreflective spheres. Voice commands were incorporated to streamline point collection and registration. System point acquisition accuracy and precision were assessed using a machined phantom containing nine fiducial points, each with a known ground truth and positioned throughout the field of view. Precision was measured from the point distribution of repetitive acquisition, while accuracy was evaluated by registering collected data to ground-truth coordinates. To investigate our MR approach within the desired clinical context, a second soft tissue-like breast phantom was created to simulate a mock resection. Conventional surgical clips used in surgical practice were used as fiducial markers, and target points within the mock resection site were created using a process that ensured known correspondence between the mock specimen and the tumor-bed. It should be noted that in this preliminary realization, rigid alignment approaches were used. Ground truth comparisons were independently captured using a second optical tracker. Following rigid registration, specimen targets were projected into the phantom cavity using the HoloLens® 2 and compared against the ground truth. The point acquisition precision yielded a fiducial localization error (FLE) of 0.7 ± 0.2 mm. When registering to the ground-truth machined phantom, the fiducial registration error (FRE) was 1.8 ± 0.6 mm and the target registration error (TRE) was 2.6 ± 0.9 mm. With respect to the mock clinical scenario, the deep-margin gold-standard alignment error using the conventional optical tracker yielded an FRE of 2.8 ± 1.0 mm with a mean TRE of 3.3 ± 1.7 mm. When performing the same experiment using HoloLens® 2 internal tracking, the composite mean FRE increased to 3.8 ± 0.8 mm and the composite mean TRE increased to 5.3 ± 1.1mm. Overall, the fidelity of the results is quite encouraging, but they also suggest that there is some performance decrease when using the HoloLens® 2 for localization rather than the conventional optical tracking devices.",2026,Proceedings of SPIE--the International Society for Optical Engineering,INCLUDE_CANDIDATE,HIGH,"Explicit AR/MR signal: mixed reality, hololens",,,,,,,,,,LIKELY_ADVANCE_PENDING_PRIMARY_REVIEW
633,TA-03,42609666,10.1007/978-3-032-05114-1_5,Augmented Reality-based Guidance with Deformable Registration in Head and Neck Tumor Resection.,"Head and neck squamous cell carcinoma has one of the highest rates of recurrence. Recurrence rates can be reduced by accurate localization of positive margins. While frozen section analysis of resected specimens provides accurate intraoperative margin assessment, complex 3D anatomy and significant shrinkage of resected specimens complicate margin relocation from the specimen back to the post-resection cavity. We propose a novel deformable registration framework that uses both the pre-resection external surface and the post-resection cavity of the specimen to incorporate thickness information. In tongue specimens, the proposed framework improved the target registration error (TRE) by up to 33% as compared to using the post-resection cavity alone. We found distinct deformation behaviors in skin, buccal, and tongue specimens, highlighting the need for tailored deformation strategies. Notably, tongue specimens hold the highest clinical need for improvement among head and neck specimens. To further aid intraoperative visualization, we also integrated this framework into an augmented reality-based guidance system. This system can automatically overlay the deformed 3D specimen mesh with positive margin annotation onto the post-resection cavity. The integrated system improved a surgeon and a trainee's average relocation error from 9.8 mm to 4.8 mm in a pilot study. Our implementation code for AR guidance and generating the target point cloud is available at https://github.com/vu-maple-lab/Head-and-Neck-Tumor-Resection-Guidance.",2026,Medical image computing and computer-assisted intervention : MICCAI ... International Conference on Medical Image Computing and Computer-Assisted Intervention,INCLUDE_CANDIDATE,HIGH,Explicit AR/MR signal: augmented reality,,,,,,,,,,LIKELY_ADVANCE_PENDING_PRIMARY_REVIEW
634,TA-03,42609484,10.3389/fdgth.2026.1787660,Avatar therapy for bothersome tinnitus using an augmented reality mobile application: a pilot feasibility study.,"Digital avatar-based interventions have been proposed as a promising approach for managing phantom sensations such as tinnitus by externalizing the perceived source of sensation and enabling users to interact with it. However, the emotional impact of symptom-representing avatars on users has received limited attention; it remains unclear whether emotional closeness with avatars influences impressions of phantom sensations and subjective symptom experiences. This pilot study aimed to explore the feasibility and emotional impact of an augmented reality (AR)-based avatar therapy for subjective bothersome tinnitus. We developed a mobile AR application that represents tinnitus as interactive avatars, allowing users to engage with them in everyday environments. Participants reported transient alleviation of symptoms immediately following application use, as well as a nominal improvement in tinnitus-related impression after the 1-week intervention period. Exploratory analyses suggested a possible association between depressive/anxiety-related stress responses and short-term changes in tinnitus botheration. This pilot evaluation provides preliminary insights into the feasibility and emotional aspects of AR-based avatar therapy for tinnitus. The findings inform the design of future controlled studies and suggest that emotionally oriented interactions with symptom-representing avatars may represent a promising direction for digital health interventions targeting tinnitus and other phantom sensations.",2026,Frontiers in digital health,INCLUDE_CANDIDATE,HIGH,Explicit AR/MR signal: augmented reality,,,,,,,,,,LIKELY_ADVANCE_PENDING_PRIMARY_REVIEW
635,TA-03,42607578,10.1016/j.pedn.2026.08.017,Effects of augmented reality-based interventions in family-centered care on children and parents: A systematic review.,"Family-centered care (FCC) emphasizes collaboration between families and healthcare professionals. Augmented reality (AR) may support child engagement and caregiver participation, but evidence on its use within FCC has not been systematically synthesized. This review examined the characteristics and outcomes of AR-based FCC interventions. Six databases (ScienceDirect, PubMed, Web of Science, Scopus, OVID, and TR Dizin) were searched for studies published up to April 18, 2025. Studies evaluating AR interventions within FCC and reporting child or parent outcomes were eligible. Two reviewers independently screened studies, extracted data, and appraised methodological quality using Joanna Briggs Institute tools. The review followed PRISMA 2020 guidelines and was registered in PROSPERO (CRD420261282668). Eleven reports representing 10 distinct studies involving children and parents/caregivers across clinical and home settings were included. Interventions focused on family-involved education, emotion and behavior management, motor performance or executive functions, and sleep routines. AR interventions were acceptable and were associated with improved engagement, understanding of health-related procedures, routine adherence, and selected behavioral or functional outcomes. Evidence was limited by small sample sizes, methodological heterogeneity, and variability in outcomes and follow-up. AR-based interventions may strengthen family-centered pediatric care by facilitating shared engagement among children, caregivers, and healthcare professionals. However, current evidence remains preliminary and insufficient to support routine implementation; standardized outcomes and longer-term studies are needed. AR-based interventions may support pediatric nursing practice by strengthening family engagement and child participation during education and care processes.",2026,Journal of pediatric nursing,INCLUDE_CANDIDATE,HIGH,Explicit AR/MR signal: augmented reality,,,,,,,,,SECONDARY_OR_COMMENTARY_TITLE,PRIORITY_VERIFY
636,TA-03,42606837,10.1037/xap0000585,"Designing attention guidance for wide-field of view visual search: Local and dual cues improve search, but imperfect automation imposes costs.","Many real-world, safety-critical domains require searching for targets in complex scenes, like a pilot scanning a runway for hazards. Augmented reality (AR) displays show promise for faster, more accurate attention guidance during visual search, yet the effectiveness of cue properties and their failure modes remains underexplored. The current experiments simulate AR overlays on a wide-field-of-view (FOV) display to examine how cue properties affect search performance under perfect or imperfect automation. Across both studies, cues improved search performance relative to an unaided search. Spatial information outperformed identity information, and local cues outperformed global cues. Dual cues outperformed single cues, showing a greater benefit when targets were outside the immediate FOV. Imperfect automation degraded performance and produced an automation bias: Errors were higher when automation was incorrect than with a no-cue baseline (no automation). Miss-prone automation (Experiment 2) yielded larger response time costs than false-alarm-prone automation (Experiment 1), whereas costs to accuracy were comparable. Under miss-prone automation, dual cues slightly amplified the automation bias relative to single cues. These findings have implications for designing automated cueing aids, particularly in large search environments, where spatial precision and automation errors should be considered carefully. (PsycInfo Database Record (c) 2026 APA, all rights reserved).",2026,Journal of experimental psychology. Applied,INCLUDE_CANDIDATE,HIGH,Explicit AR/MR signal: augmented reality,,,,,,,,,,LIKELY_ADVANCE_PENDING_PRIMARY_REVIEW
637,TA-03,42605338,10.7759/cureus.112844,Beyond Immersion: A Stage-Based Framework for Cross-Modal Immersive Technologies in Medical Education.,"Background Immersive technologies such as virtual reality (VR), augmented reality (AR), and point-of-care ultrasound are increasingly used in medical education, yet most studies evaluate these tools in isolation. As a result, the relationships among immersive experience, cognitive workload, technical performance, and downstream diagnostic assessment remain poorly understood. This exploratory secondary analysis applied the Immersive Learning Engagement-Performance (ILEP) conceptual framework to a staged multimodal dataset to examine whether selected immersive psychological variables were associated with downstream Extension Proficiency Composite and exploratory distal diagnostic performance. Methods This theory-informed secondary analysis used participant-level data from a prospective staged protocol involving VR, AR, and ultrasound. All participants completed a VR module before assignment to an AR or ultrasound extension arm, and a subset also completed a dermoscopic image interpretation task as an exploratory downstream diagnostic assessment. Because of the staged design and modest sample size, analyses were conducted using a reduced observed-variable regression approach rather than latent structural equation modeling. Results Among participants completing the full final analytic pathway (N = 41), baseline dermoscopy knowledge was the strongest adjusted correlate of dermoscopic diagnostic accuracy (β = 0.86, p < 0.001). Extension Proficiency Composite showed a positive adjusted coefficient that did not reach statistical significance (β = 0.17, p = 0.060), while osteopathic manipulative medicine (OMM) Composite was not independently associated (p = 0.213). In the upstream model, VR-derived psychological presence and cognitive workload were not significantly associated with pooled extension-module performance, and the model demonstrated limited explanatory power (adjusted R^2 = 0.030). Conclusion Within this exploratory theory-informed analysis, distal dermoscopic diagnostic performance was primarily associated with baseline knowledge, whereas immersive psychological variables and Extension Proficiency Composite demonstrated limited or non-significant associations.",2026,Cureus,INCLUDE_CANDIDATE,HIGH,Explicit AR/MR signal: augmented reality,,,,,,,,,,LIKELY_ADVANCE_PENDING_PRIMARY_REVIEW
638,TA-03,42604276,10.1049/htl2.70094,InteractOR: Interacting with Images during Surgery in Mixed Reality Through Real-Time Instrument Segmentation.,"In minimally-invasive surgery, consulting preoperative images such as MRI or CT scans often diverts surgeons' attention from the operative field, leading to interruptions and increasing operative time. To overcome this, we propose InteractOR, a mixed-reality system that overlays preoperative images onto endoscopic video and enables surgeons to interact with these images using their surgical instruments. InteractOR integrates (i) real-time laparoscopic instrument segmentation using TernausNet-16 trained on the CholecInstanceSeg dataset, (ii) a mixed-reality interface that overlays preoperative images onto endoscopic video and (iii) an interaction technique that enables surgeons to control user interfaces using their instruments. An evaluation of the segmentation model is conducted, as well as a usability evaluation of the system. These results demonstrate the feasibility of the approach and its potential for interaction with preoperative images.",2026,Healthcare technology letters,INCLUDE_CANDIDATE,HIGH,"Explicit AR/MR signal: mixed reality, mixed-reality",,,,,,,,,,LIKELY_ADVANCE_PENDING_PRIMARY_REVIEW
639,TA-03,42600580,,ARTIFICIAL INTELLIGENCE-ASSISTED TEACHING MODEL AS A STRATEGY TO ENHANCE CORE COMPETENCIES OF CLINICAL MEDICINE UNDERGRADUATES: A SCIENTIFIC HYPOTHESIS.,"Undergraduate clinical education is currently facing severe challenges, including the widening gap between theoretical knowledge and clinical practice, the explosive growth of evidence-based medical information, and the difficulty of traditional teaching models in providing personalized guidance and large-scale high-fidelity clinical scenario simulation. Conventional teaching methods, especially traditional Problem-Based Learning (PBL), are insufficient in real-time feedback, adaptive case generation, and immersive skill training. Artificial intelligence (AI) technologies represented by natural language processing (NLP), machine learning (ML), virtual reality (VR), and augmented reality (AR) provide a transformative solution. This paper proposes a scientific hypothesis: implementing a comprehensive AI-assisted teaching model integrating AI-generated personalized clinical cases, immersive simulation platforms, intelligent clinical reasoning support, real-time data-driven feedback, and AI-moderated collaborative PBL groups into the undergraduate curriculum can significantly improve the six core competencies of clinical medicine undergraduates, with significantly better effects than traditional PBL or lecture-based teaching. The mechanism lies in that the AI-assisted model activates personalized knowledge scaffolding, immersive skill practice, data-driven metacognition, and AI literacy development, which can more effectively solve the problems of insufficient clinical exposure, lack of personalized tutoring, and delayed feedback in traditional education. This hypothesis provides a complete theoretical framework, operational sub-hypotheses, and feasible testing strategies for the innovation and empirical research of AI-integrated medical education.",2026,Georgian medical news,INCLUDE_CANDIDATE,HIGH,Explicit AR/MR signal: augmented reality,,,,,,,,,,LIKELY_ADVANCE_PENDING_PRIMARY_REVIEW
640,TA-03,42599351,10.1007/s11548-026-03746-5,ARport: an augmented reality system for markerless image-guided port placement in robotic surgery.,"Precise port placement is a critical step in robot-assisted surgery, where port configuration influences both visual access to the operative field and instrument maneuverability. To bridge the gap between preoperative planning and intraoperative execution, we present ARport, an augmented reality (AR) system that automatically maps pre-planned trocar layouts onto the patient's body surface , providing intuitive spatial guidance during surgical preparation. ARport, implemented on an optical see-through head-mounted display (OST-HMD), operates without any external sensors or markers, simplifying setup and enhancing workflow integration. It reconstructs the operative scene from RGB, depth, and pose data captured by the OST-HMD, extracts the patient's body surface using a foundation model, and performs surface-based markerless registration to align preoperative anatomical models to the extracted patient's body surface, enabling in situ visualization of planned trocar layouts. A demonstration video illustrating the overall workflow is available online. In full-scale human phantom experiments, ARport accurately overlaid pre-planned trocar sites onto the physical phantom, achieving consistent spatial correspondence between virtual plans and real anatomy. ARport provides a fully marker-free and hardware-minimal solution for visualizing preoperative trocar plans directly on the patient's body surface. The system facilitates efficient intraoperative setup and demonstrates potential for seamless integration into routine clinical workflows.",2026,International journal of computer assisted radiology and surgery,INCLUDE_CANDIDATE,HIGH,"Explicit AR/MR signal: augmented reality, head-mounted display, optical see-through",,,,,,,,,,LIKELY_ADVANCE_PENDING_PRIMARY_REVIEW
641,TA-03,42599253,10.1016/j.jen.2026.06.025,Mixed Reality-Based Versus Nurse Practitioner-Delivered Wound Care Education in the Emergency Department: A Prospective Randomized Study.,"Virtual reality and related immersive technologies have been increasingly explored as patient education tools, but evidence supporting their role in emergency department--based patient education remains limited. This prospective, single-center randomized study included emergency department patients with traumatic wounds requiring suturing and/or their primary wound caregivers. Participants were assigned to mixed reality-based wound care education using Meta Quest 3 or conventional nurse practitioner-delivered education. Pretest and posttest knowledge scores and participant-reported outcomes were compared using nonparametric tests. A total of 293 participants were analyzed, including 147 in the control group and 146 in the Meta Quest group. Baseline characteristics did not differ significantly between the groups. Knowledge scores improved significantly from pretest to posttest in both groups (both P < .001). The median score change was 1 in both groups, and the between-group difference did not reach statistical significance (P = .06). Participant-reported comprehension, satisfaction, and confidence were comparable between the groups (all P > .05). Mixed reality-based wound-care education was associated with significant short-term improvement in knowledge scores; however, the magnitude of improvement and participant-reported outcomes were comparable to those observed with conventional health care professional-delivered education. These findings support the potential feasibility of mixed reality as an adjunctive modality for standardized wound-care education in the emergency department, although superiority over conventional education was not demonstrated.",2026,Journal of emergency nursing,INCLUDE_CANDIDATE,HIGH,Explicit AR/MR signal: mixed reality,,,,,,,,,,LIKELY_ADVANCE_PENDING_PRIMARY_REVIEW
642,TA-03,42598813,10.1097/SCS.0000000000013247,"Artificial Intelligence in Plastic Surgery of the Face: Implications for Esthetic Standards, Patient Perception, and Clinical Practice.","Artificial intelligence (AI) increasingly influences facial aesthetic standards, alongside the judgment of the surgeon and the goals of the patient. Systems that score, edit, generate, and curate facial images now encode explicit, quantitative definitions of attractiveness, derived from rated image data sets and delivered to the public through attractiveness-prediction algorithms, augmented-reality filters, generative imagery, and surgical-outcome simulators. The following educational review examines how these AI-derived standards are constructed and why they differ from the classic proportion canons, which themselves correlate poorly with observed attractiveness. A central feature of current systems is convergence: independent models reproduce a narrow, frequently westernized phenotype, homogenizing rather than reflecting the diversity of attractive faces. The authors summarize evidence linking AI-mediated and self-captured imagery to appearance dissatisfaction, perception drift, and the presentations termed ""Snapchat dysmorphia"" and ""Zoom dysmorphia,"" and distinguish AI-defined standards from the optical and behavioral factors that operate alongside them. Practical guidance is offered for the plastic surgeon, including assessment of the patient's image environment, screening for body dysmorphic disorder in patients presenting with AI-edited reference images, and critical appraisal of AI-based facial analysis, outcome simulation, and patient-education tools. AI is becoming an influential and largely unregulated arbiter of contemporary beauty; surgeons therefore have both a clinical and a professional interest in understanding these systems and in advocating for diverse training data, transparency, and human oversight.",2026,The Journal of craniofacial surgery,INCLUDE_CANDIDATE,HIGH,Explicit AR/MR signal: augmented-reality,,,,,,,,,,LIKELY_ADVANCE_PENDING_PRIMARY_REVIEW
643,TA-03,42598810,10.1097/SCS.0000000000013278,Augmented Reality and Three-Dimensional Printing as an Aid to Surgical Planning in Modern Microtia Reconstruction: Response to Authors.,,2026,The Journal of craniofacial surgery,INCLUDE_CANDIDATE,HIGH,Explicit AR/MR signal: augmented reality,,,,,,,,,ABSTRACT_MISSING,PRIORITY_VERIFY
644,TA-03,42596337,10.1364/OE.601947,Collaborative optimization method of imaging consistency for near-eye display with dual focal planes and spatial multiplexing.,"The vergence-accommodation conflict (VAC) constitutes a core bottleneck limiting the immersion and comfort of near-eye displays. Although spatially multiplexed dual focal plane display technology offers a viable path to mitigate VAC, its development is constrained by image quality mismatch between the two focal planes caused by differences in virtual image distance, as well as harmful system parallax generated during binocular extension. This paper proposes an innovative co-design optimization framework for imaging consistency to systematically address these challenges. The framework first establishes a generalized virtual image normalization model based on data-driven affine transformations, accurately characterizing the complex mapping relationship between the two focal planes. Subsequently, it constructs comparison metrics centered on consistency in distortion (direction and magnitude) and field curvature shape. Finally, through a closed-loop optimization process incorporating a dynamic weight feedback adjustment mechanism, perceptual consistency objectives are directly embedded into the optical design. To verify the generality and effectiveness of the framework, it was successfully applied to two significantly different optical systems: a compact monocular augmented reality (AR) system based on freeform prisms and a large aperture biocular virtual reality (VR) system based on a Birdbath structure. Optimization results demonstrate that the framework not only significantly improves the distortion and field curvature consistency of the dual focal plane system but also suppresses harmful parallax in the biocular system below the fusional vergence amplitude from an optical design perspective. This work provides a rigorous, systematic, and scalable design methodology for spatially multiplexed multifocal near-eye displays, holding significant theoretical and engineering value for advancing the development of high-visual-comfort near-eye display devices.",2026,Optics express,INCLUDE_CANDIDATE,HIGH,Explicit AR/MR signal: augmented reality,,,,,,,,,,LIKELY_ADVANCE_PENDING_PRIMARY_REVIEW
645,TA-03,42596183,10.1364/OE.606418,"Closed-mode families for planar, cylindrical, and spherical waveguide display design.","Curved waveguide displays could avoid the thickness and weight penalties incurred when planar waveguides are embedded in ophthalmic lenses. However, to our knowledge, no exact design framework has previously been available for spherical waveguides with two-dimensional pupil expansion. We introduce closed mode families for planar, cylindrical, and spherical waveguides based on exact jump maps. These modes make overlapping guided-beam generations single-valued and turn incoupler and expander gratings into analytical translations in mode space. Residual aberrations arise only during image extraction at the outcoupler. For moderate spherical curvatures below 3 dpt, corresponding to radii above 175 mm, non-sequential ray tracing yields angular errors below 1 arcmin for monochromatic imaging to an 8 mm pupil over a 22° diagonal field, comparable to visual acuity. The framework therefore establishes a route toward thin, prescription-compatible, truly glasses-like augmented-reality displays.",2026,Optics express,INCLUDE_CANDIDATE,HIGH,Explicit AR/MR signal: augmented-reality,,,,,,,,,AR_MENTION_MAY_BE_CONTEXT_ONLY,PRIORITY_VERIFY
646,TA-03,42594403,10.2196/98073,Augmented Reality-Based Training for a Rapid Blood Transfusion Device Among Emergency Nurses: Randomized Controlled Trial.,"Emergency nurses must be proficient in operating the Level-1 rapid infusion system to manage hypovolemic shock effectively. However, training opportunities for this infrequently used but life-critical device remain scarce, owing to resource constraints and limited access to equipment. Augmented reality (AR) has emerged as a promising educational technology that provides immersive, hands-on learning experiences without compromising patient safety; yet its application to specialized medical device training in nursing has not been rigorously evaluated. This study aimed to evaluate the effects of an AR-based training program using Microsoft HoloLens 2 on emergency nurses' clinical competency, self-efficacy, and educational satisfaction in operating the Level-1 rapid infusion system, compared with traditional guideline-based self-directed learning. A posttest-only randomized controlled trial was conducted at Samsung Medical Center in Seoul, Republic of Korea. Between July 17 and July 20, 2023, 42 registered nurses with no prior Level-1 experience were enrolled and randomly assigned in a 1:1 ratio to an experimental group receiving AR-based training on a single HoloLens 2 device (n=21) or a control group performing self-directed learning from a printed manual (n=21). Clinical competency was assessed by time (learning and performance), accuracy (a manufacturer-aligned checklist scored out of 100, and an expert-validated 22-step pass or fail evaluation), and the number of assistance requests. Self-efficacy (6-item scale; Cronbach α=0.80) and educational satisfaction (4-item scale; Cronbach α=0.87) were measured by questionnaire. Because most outcomes were non-normally distributed, groups were compared using the Mann-Whitney U test, with data reported as medians and IQRs. Learning time was longer in the experimental group (median 18.20, IQR 15.48-21.67 vs 8.98, IQR 5.85-11.68 min; P<.001), but device setup time was markedly shorter (3.67, IQR 2.90-4.63 vs 9.85, IQR 8.03-11.35 min; P<.001). The experimental group achieved higher median device operation competency scores (90.00, IQR 80.00-100.00 vs 70.00, IQR 50.00-75.00 of 100; P<.001), passed more of the 22 evaluation steps (20.00, IQR 20.00-22.00 vs 16.00, IQR 13.00-18.00; P<.001), and required fewer assistance requests (0.00, IQR 0.00-1.00 vs 2.00, IQR 2.00-3.00; P<.001). Self-efficacy (20.00, IQR 18.00-25.00 vs 16.50, IQR 13.00-20.00; P=.003) and educational satisfaction (18.00, IQR 16.00-18.00 vs 12.00, IQR 9.75-15.00; P<.001) were also significantly higher in the experimental group. Effect sizes for the principal competency outcomes were large (Cohen d=1.2-3.1). AR-based training significantly improved emergency nurses' clinical competency, self-efficacy, and educational satisfaction in operating the Level-1 rapid infusion system compared with traditional self-directed learning. Despite requiring longer initial learning time, AR training produced faster device setup, greater accuracy, and enhanced learner independence. These findings suggest that AR technology can serve as an effective and scalable training solution for infrequently used but critically important medical devices in emergency care settings.",2026,JMIR medical education,INCLUDE_CANDIDATE,HIGH,"Explicit AR/MR signal: augmented reality, hololens",,,,,,,,,,LIKELY_ADVANCE_PENDING_PRIMARY_REVIEW
647,TA-03,42592961,10.1177/15394492261476591,Flow and Technology Acceptance in Extended Reality Leisure Participation During Mental Health Occupational Therapy.,"This convergent mixed-methods study examined extended reality (XR)-supported leisure participation among 12 long-term psychiatric inpatients completing an 8-week virtual reality and augmented reality program within occupational therapy. Flow experience and technology acceptance were assessed quantitatively alongside qualitative thematic analysis of weekly semi-structured interviews. Flow experience increased significantly (p < .05, r = .82), while technology acceptance remained stable. Perceived usefulness significantly predicted flow (R2 = .575); perceived ease of use did not. Five qualitative themes emerged: novelty-driven immersion, just-right challenge, therapist-mediated facilitation, embodied constraints, and occupational inertia limiting real-world leisure generalization. Immersive XR enhanced intrinsically motivated occupational engagement independent of generalized technology attitudes. Effective implementation requires therapist-led bridging strategies to support the transition from virtual immersion toward authentic leisure participation. XR functions as a mediating tool for expanding occupational possibilities in restricted mental health environments, with therapist facilitation constituting an active ingredient of participation.",2026,"OTJR : occupation, participation and health",INCLUDE_CANDIDATE,HIGH,"Explicit AR/MR signal: augmented reality, extended reality",,,,,,,,,,LIKELY_ADVANCE_PENDING_PRIMARY_REVIEW
648,TA-03,42592927,10.1098/rsta.2025.0109,"One algebra for all: geometric algebra methods for neurosymbolic XR scene authoring, animation and neural rendering.","This position paper delves into the transformative role of geometric algebra (GA) in advancing specific areas of computer graphics (CG) and extended reality (XR), particularly in character animation, rendering, rigging, neural rendering and generative artificial intelligence (AI)-driven scene editing. Common CG algorithms require handling rotations, translations and dilations (uniform scalings) in operations such as object rendering, rigged model animation, soft-body deformation and XR simulations. Traditional representation forms-such as matrices, quaternions and vectors-often introduce limitations in precision and performance. Recent breakthroughs in the use of GA suggest it can significantly enhance these processes by encapsulating geometric forms and transformations into uniform algebraic expressions, which maintain critical geometric properties throughout multi-step transformations. Furthermore, we explore how GA can serve as a unifying mathematical substrate for neurosymbolic XR scene authoring, bridging learned neural representations and explicit geometric reasoning. This paper outlines how GA-based approaches can improve the fidelity of rigged character animations, enhance soft-body simulations, streamline real-time rendering and optimize neural and generative AI scene editing. GA offers a coherent and efficient framework for these processes, resulting in superior visual outcomes and computational efficiency, particularly in XR environments. This article is part of the theme issue 'Modern applications of geometric algebra'.",2026,"Philosophical transactions. Series A, Mathematical, physical, and engineering sciences",INCLUDE_CANDIDATE,HIGH,Explicit AR/MR signal: extended reality,,,,,,,,,,LIKELY_ADVANCE_PENDING_PRIMARY_REVIEW
649,TA-03,42592918,10.1098/rsta.2025.0106,Splossoms: blossoming polynomials on the sphere via geometric algebra.,"We introduce splossoms, the spherical analogue of polynomial blossoms, extending Ramshaw's theory of blossoming into spherical geometry. We note that the classical blossom axioms require spherical reinterpretation: strict symmetry does not hold on S2, and we identify the appropriate spherical analogues that the splossom satisfies. Splossoms provide a structured approach to designing spherical curves, generalizing Shoemake's SLERP interpolation. In addition, we define spolynomials, iterated spherical interpolants that mirror polynomial structures such as Bézier and B-spline forms, and we study their continuity. Potential applications include robotics, CNC milling, virtual/augmented reality and computer animation, where orientation curves on spheres are central. The splossom is naturally expressed in the framework of geometric algebra (GA), where rotors and spinors generalize quaternionic rotation and make spherical curve construction both simpler and more powerful. We argue that while splines on Lie groups and algebras are of general mathematical interest, GA provides a direct and computationally efficient setting for implementation. This article is part of the theme issue 'Modern applications of geometric algebra'.",2026,"Philosophical transactions. Series A, Mathematical, physical, and engineering sciences",INCLUDE_CANDIDATE,HIGH,Explicit AR/MR signal: augmented reality,,,,,,,,,AR_MENTION_MAY_BE_CONTEXT_ONLY,PRIORITY_VERIFY
650,TA-03,42590756,10.3390/s26154981,Conditions and Limits of Calibration-Free Magnetic-Field Measurement: A Minimal Model with In Situ Augmented-Reality Visualization for Wireless Power Transfer.,"Accurate magnetic-field characterization is essential for evaluating wireless power transfer (WPT) systems. Conventional near-field measurements require setup-specific probe calibration, increasing experimental complexity. This paper proposes a calibration-free framework based on a minimal small-loop magnetic-field probe model derived from Faraday's law, where the voltage-to-magnetic-field conversion coefficient is analytically determined from probe geometry and operating frequency. Its validity is examined by comparing an ideal analytical model, a spatially aware Bessel-function-based model, and full-wave simulations. Full-wave simulations indicate that the loop circumference should remain within approximately 0.1λ for the modeled probe, while experimental validation at 13.56 MHz supports the method in the tested WPT configuration. Combined with three-axis measurement and augmented-reality (AR) visualization, the method enables practical three-dimensional (3D) magnetic-field mapping.",2026,"Sensors (Basel, Switzerland)",INCLUDE_CANDIDATE,HIGH,Explicit AR/MR signal: augmented-reality,,,,,,,,,,LIKELY_ADVANCE_PENDING_PRIMARY_REVIEW
651,TA-03,42590743,10.3390/s26154966,Joint Task Offloading and Resource Allocation with Data Caching in UAV-Aided Mobile Edge Computing Networks for Latency-Sensitive Applications.,"The rapid growth of computing-intensive and latency-sensitive applications, including augmented reality, virtual reality, and self-driving systems, has increased the demand for low-latency and energy-efficient processing solutions. Mobile edge computing (MEC) has evolved as a transformative paradigm by relocating computation to the network edge, closer to end users. Unmanned aerial vehicles (UAVs) further strengthen MEC by offering flexible deployment, mobility, and reliable line-of-sight communication, making them suitable for temporary high-demand scenarios. Moreover, such latency-sensitive applications often generate numerous repetitive tasks and, thus, storing the results of these tasks can reduce both communication overhead and computational workload. However, jointly addressing the caching of task-results alongside offloading and resource allocation decisions in UAV-aided MEC networks remains a non-trivial challenge. In this study, an integrated task offloading and resource allocation with data caching (JORC) framework is proposed to address these challenges. The offloading and resource allocation problems are formulated as a Markov decision process and solved using the soft actor-critic reinforcement learning algorithm. In addition, dynamic and adaptive caching manages limited storage and reduces redundant computations by using a hybrid strategy that integrates the least-frequently used and least-recently used policies to reduce computational redundancy. Simulation results confirm that the proposed JORC framework substantially reduces latency, energy consumption, and overall system cost, while increasing the successful task completion ratio compared to existing baseline approaches.",2026,"Sensors (Basel, Switzerland)",INCLUDE_CANDIDATE,HIGH,Explicit AR/MR signal: augmented reality,,,,,,,,,,LIKELY_ADVANCE_PENDING_PRIMARY_REVIEW
652,TA-03,42590562,10.3390/s26154788,Supervised Exposure to XR Device-Task Configurations in Mild Cognitive Impairment: Descriptive Self-Report Acceptability Pilot Study.,"Extended reality (XR) platforms may support cognitive and functional interventions in mild cognitive impairment (MCI), but their clinical feasibility depends on perceived usability, comfort, and user acceptance. This exploratory pilot study examined subjective acceptability of three integrated XR device-task configurations: a non-immersive Touch TV configuration, a semi-immersive Cave Automatic Virtual Environment (CAVE) configuration, and a fully immersive head-mounted display (HMD) configuration. The study included 21 individuals with MCI and 10 cognitively healthy controls. Participants experienced all three device-task configurations in randomized order and completed the Digital Immersion Satisfaction Questionnaire (Qu.G.I.D.), an ad hoc instrument assessing digital literacy, perceived ease of use, preference, and willingness to use the configurations for future applications. Perceived ease of use scores were generally high and did not differ significantly between groups. Repeated-measures exploratory analyses showed no statistically robust configuration effect for perceived ease of use or preference scores. CAVE was numerically the most frequently selected device-task configuration for future applications, but this difference was not statistically significant when non-mutually exclusive selections were analyzed using Cochran's Q. Digital literacy was not positively associated with Touch TV preference. Because device type, level of immersion, interaction modality, and task content were not experimentally separable, these findings cannot determine whether ratings reflected hardware characteristics or the specific activities performed. The results should therefore be interpreted as preliminary descriptive self-report acceptability and acceptability data, not as evidence of comparative device-task configurations effectiveness. Larger, balanced, counterbalanced studies using validated usability scales, objective performance metrics, interaction-quality measures, and cybersickness assessment are required before hypotheses for future controlled studies can be formulated.",2026,"Sensors (Basel, Switzerland)",INCLUDE_CANDIDATE,HIGH,"Explicit AR/MR signal: extended reality, head-mounted display",,,,,,,,,,LIKELY_ADVANCE_PENDING_PRIMARY_REVIEW
653,TA-03,42585037,10.1109/TVCG.2026.3722681,Investigating 3D Selection Performance While Running in Extended Reality: an In-depth Study of the Effect of Speed.,"We explore how running speed affects target selection in immersive environments. Through a Fitts' tapping task, we investigate direct touch selections while participants are standing or running (at speeds up to 9 km/h). We conduct a multifaceted controlled study (n=22) to understand the effect of speed, pointing phase, and foot-strike on selection performance. We find that speed dramatically increases movement time, error rate, perceived exertion, and task load. The increased movement time is driven by the correction phase, which doubles in duration at 9 km/h, while the ballistic phase remains stable. Our exploratory analysis further reveals that a higher cadence reduces the error rate at lower speeds (4.5 km/h), while this effect disappears at higher speeds (9 km/h), as participants' motor control in target selection is significantly disrupted by the movement oscillations. As the selection error rate quickly exceeds 30% when speed increases, even with accurate, fast external tracking, we argue that direct touch interaction is likely inappropriate for running. Further efforts are needed to facilitate selection interaction at higher running speeds.",2026,IEEE transactions on visualization and computer graphics,INCLUDE_CANDIDATE,HIGH,Explicit AR/MR signal: extended reality,,,,,,,,,,LIKELY_ADVANCE_PENDING_PRIMARY_REVIEW
654,TA-03,42583548,10.4103/tjem.tjem_373_25,Effectiveness of extended reality-based cardiopulmonary resuscitation training for healthcare students: A systematic review.,"Cardiopulmonary resuscitation (CPR) is a lifesaving intervention where timely, effective actions improve survival. However, traditional Basic and Advanced Life Support (BLS and ALS) training often lacks realism, limiting preparedness among healthcare students. Extended Reality (XR) technologies, including Virtual, Augmented, and Mixed Reality, offer promising tools to enhance CPR training. The aim is to assess the effects of XR on CPR training outcomes among healthcare students. Following the Preferred Reporting Items for Systematic Reviews and Meta-Analysis Protocols guidelines, PubMed/MEDLINE, EMBASE, CINAHL, Cochrane, Web of Science, and Scopus were searched for randomized controlled trials and quasi-experimental studies. Two reviewers independently extracted data, with disagreements resolved by a third. Risk of bias was evaluated using Cochrane ROB 2 and ROBINS-I. Due to heterogeneity, findings were synthesized narratively. Eight studies from six countries were included. Evidence showed mixed outcomes: XR improved confidence and reduced anxiety in Basic Life Support and ALS training, but results on technical performance, including CPR knowledge and quality, were inconsistent. Variability in study design and concerns about bias limited generalizability. XR shows potential as a valuable complement to traditional CPR training, particularly in blended learning approaches aligned with modern pedagogy. However, inconsistent findings highlight the need for standardized assessments, evaluation of long-term outcomes, and integration of haptic torso simulators to improve technical skills and clarify XR's role in resuscitation education.",2026,Turkish journal of emergency medicine,INCLUDE_CANDIDATE,HIGH,"Explicit AR/MR signal: mixed reality, extended reality",,,,,,,,,SECONDARY_OR_COMMENTARY_TITLE,PRIORITY_VERIFY
655,TA-03,42583389,10.1097/MS9.0000000000005402,"The evolving role of interventional radiology in ophthalmology: advancements in imaging, therapeutic applications, and future prospects, a narrative review.","Since its establishment, interventional radiology (IR) has played a crucial role in various medical fields, including ophthalmology, in treating various ocular conditions and improving patient outcomes. This review discusses the recent innovations, therapeutic applications, and existing challenges of IR in the ophthalmology field. Multiple modalities of IR, including magnetic resonance imaging, computed tomography (CT), ultrasound, fluorescein angiography, indocyanine green angiography, and optical coherence tomography angiography (OCTA), play a crucial role in diagnosing ocular diseases and tumors. Among them, OCTA, being non-invasive, is preferred over traditional methods for better visualization of ocular microvasculature. IR in eye care offers a less invasive treatment approach and high precision with procedures like targeted chemotherapy, embolization, and CT-guided biopsies. Application of IR in the eye demands high precision, but limitations include limited access to equipment, trained specialists, and high costs. By fusing advanced imaging, artificial intelligence, and nanotechnology for effective treatments, IR has proved revolutionary for eye care. As collaboration between specialists grows and new tools like simulation training and augmented reality/virtual reality improve precision and safety, challenges such as high costs and limited access to technology still need to be addressed. This review will highlight the role of IR in ophthalmology, including minimally invasive procedures and therapeutic approaches. The integration of IR has led to improvements in the management of ocular conditions, with better outcomes and minimal side effects, by enhancing precision and improving recovery time.",2026,Annals of medicine and surgery (2012),INCLUDE_CANDIDATE,HIGH,Explicit AR/MR signal: augmented reality,,,,,,,,,SECONDARY_OR_COMMENTARY_TITLE,PRIORITY_VERIFY
657,TA-03,42580846,10.1891/JCP-2026-0004,Bridging Technology and Psychotherapy: Mixed Reality Exposure and Response Prevention for Contamination-Related Obsessive-Compulsive Disorder.,"Mixed reality exposure and response prevention (MERP) has been proposed as an innovative format to address barriers that limit the implementation of traditional in vivo exposure and response prevention (ERP) in obsessive-compulsive disorder (OCD). This case report illustrates the clinical application of MERP in a 57-year-old woman with chronic contamination-related OCD who had previously completed extensive outpatient psychotherapy, including cognitive behavioral therapy with ERP, with only temporary improvement. As part of a randomized controlled trial, she received six therapist-led MERP sessions in which disorder-relevant virtual contamination cues were superimposed onto the real therapy environment to enable immersive exposure while maintaining ecological validity. MERP was well accepted, and no adverse events occurred. Symptom severity decreased from severe to moderate on the Yale-Brown Obsessive-Compulsive Scale (26-20), with marked improvement in obsessions, reduced avoidance, and increased ability to refrain from neutralization. The patient reported a greater sense of agency and successful transfer of exposure principles into daily life. The case highlights typical challenges observed in MERP, including fluctuations in sense of immersion, technical limitations that affect stimulus stability, and covert mental neutralization, and outlines practical strategies to address them. Overall, the report demonstrates that MERP is a feasible and acceptable delivery format for ERP in contamination-related OCD and provides clinically relevant insights for optimizing its implementation in routine care.",2026,Journal of cognitive psychotherapy,INCLUDE_CANDIDATE,HIGH,Explicit AR/MR signal: mixed reality,,,,,,,,,,LIKELY_ADVANCE_PENDING_PRIMARY_REVIEW
658,TA-03,42576063,10.1007/s00266-026-06211-5,Augmented Reality Navigation in Perpendicular Plate of Ethmoid Bone Resection: A Teaching Practice.,"This article aims to evaluate the application value of augmented reality (AR)-assisted surgical navigation in perpendicular plate of ethmoid bone (PPE) resection teaching, assessing the extent to which AR improves medical trainees' mastery of PPE anatomical localization and surgical navigation, and providing a standardized training method. PPE osteotomy lines were designed and integrated into an AR navigation system that superimposes virtual guidance onto the surgical field using HoloLens 2 AR glasses. Ten participants (five clinical medical students and five non-clinical students) were instructed to localize five anatomical points on the PPE of eight cranial models, both manually and with AR guidance. Teaching effect was evaluated via statistical analysis of localization accuracy and operation time. AR-assisted navigation significantly improved the accuracy of the safety harvesting area points of PPE localization in both groups. Clinical group trainees demonstrated higher accuracy than non-clinical group trainees, both when using AR and not using AR. However, AR guidance prolonged annotation time due to participants reassessing anatomical landmarks. Point E consistently exhibited the greatest deviation, suggesting that it is a critical anatomical landmark during PPE harvest. Integrating AR technology into simulated PPE resection training may enhance trainees' spatial positioning accuracy and reduce experience-related variability. While current limitations exist in projection alignment and system fidelity, AR serves as a feasible auxiliary educational tool for PPE resection. As a preliminary simulation study, it provides a technical foundation for trainees to master complex landmarks prior to clinical practice. Experimental simulation study: This journal requires that authors assign a level of evidence to each article. For a full description of these Evidence-Based Medicine ratings, please refer to the Table of Contents or the online Instructions to Authors www.springer.com/00266.",2026,Aesthetic plastic surgery,INCLUDE_CANDIDATE,HIGH,"Explicit AR/MR signal: augmented reality, hololens",,,,,,,,,,LIKELY_ADVANCE_PENDING_PRIMARY_REVIEW
659,TA-03,42573938,10.1007/s11548-026-03756-3,Mixed reality simulation of guided needle insertion: effects of interaction and visual fidelity.,"Mixed reality (MR) simulations are increasingly used in medical training to provide safe, controllable, and repeatable practice environments. While visual fidelity (VF) and interaction fidelity (IF) are known to influence user experience (UX), their respective effects on performance and UX in complex, precision-based medical procedures remain insufficiently understood. We conducted a within-subjects user study investigating the effects of VF (high vs. low) and IF (tangible vs. virtual interaction) in a precise needle insertion task. A non-immersive setup served as a reference condition. Performance metrics, perceived realism, workload, and UX were assessed across conditions. Both fidelity factors successfully modulated perceived realism. Tangible interaction significantly improved insertion depth control, reduced workload, and enhanced UX. High VF primarily increased spatial presence and involvement, with only limited benefits for task performance. Interaction effects revealed that tangible interaction provided greater advantages under low VF, particularly in terms of task completion time and needle alignment. Visual and interaction fidelity play distinct and complementary roles in MR-based medical training. Tangible interaction predominantly supports procedural accuracy and efficiency, whereas high visual fidelity mainly enhances immersive engagement. MR system design should therefore align fidelity decisions with specific training objectives.",2026,International journal of computer assisted radiology and surgery,INCLUDE_CANDIDATE,HIGH,Explicit AR/MR signal: mixed reality,,,,,,,,,,LIKELY_ADVANCE_PENDING_PRIMARY_REVIEW
661,TA-03,42569507,10.3389/frvir.2025.1675309,Co-designing meaningful extended reality for physical rehabilitation: a stakeholder-driven approach to embodied telehealth.,"Extended Reality (XR) technologies offer unprecedented opportunities to redefine physical rehabilitation experiences through embodied telepresence and full-body motion tracking. Realizing meaningful XR in physical rehabilitation requires stakeholder input addressing remote embodied therapy's unique design challenges. This study presents one of the first stakeholder co-design workshops on embodied telehealth for physical rehabilitation, engaging participants [N = 24 total including ten clinicians, eight patients, three designers, and three engineers] across five focus groups with stakeholders from clinical, academic, and industry settings. Through structured usability testing and a four-axis framework analysis, we evaluated immersive Virtual Reality (VR) applications supporting synchronous clinician-led embodied appointments and asynchronous clinician-authored patient home exercise programs with full-body tracked avatars and biomechanical assessments. Stakeholder feedback reinforced the need for embodied agency with adaptive input modalities for diverse patient needs, ensuring clinical authenticity through real-time full-body tracking for accurate movement correction and scaling interaction complexity from minimal interfaces for VR novices (78% of participants) to customizable clinical dashboards. Crossstakeholder prioritization identified minimalist XR interface navigation (19 votes) and flexible clinical assessment capabilities (17 votes) as the highest-priority design requirements, while exit surveys suggested high patient comfort (M = 4.50/5) and strong clinician adoption interest (M = 4.14/5). We propose six design principles for meaningful XR telehealth in physical rehabilitation: 1) embodied guidance with real-time feedback, 2) progressive complexity with minimalist defaults, 3) adaptive accessibility through multi-modal input, 4) clinical authenticity via domain-specific assessments, 5) biomechanical precision for trust and safety, and 6) contextual onboarding to improve therapeutic competency. These findings offer design considerations for developing embodied XR telehealth systems that support sustained therapeutic engagement and meaningful rehabilitation outcomes.",2026,Frontiers in virtual reality,INCLUDE_CANDIDATE,HIGH,Explicit AR/MR signal: extended reality,,,,,,,,,,LIKELY_ADVANCE_PENDING_PRIMARY_REVIEW
662,TA-03,42567983,10.1007/s11548-026-03768-z,Precise and minimally invasive localization of pelvic nodes during robot-assisted surgery using image-guided navigation.,"Image-guided surgical navigation can enhance surgical precision and safety. The rise of robot-assisted surgeries has increased the need of incorporating navigation systems. Our goal is to evaluate the integration of three novel techniques on registration, instrument tracking and visualization with navigation using the robot-assisted sentinel lymph node biopsy (SLNB). A prospective feasibility study was performed at the Netherlands Cancer Institute (November 2023-July 2025). In total, 30 patients scheduled for SLNB participated. First, registration and localization accuracy were analyzed. Secondly, surgeons answered questionnaires to evaluate the ultrasound registration, instrument tracking and enhanced visualization. Virtual reality (VR) and augmented reality (AR) were compared in the last ten patients. Feasibility was determined with the sentinel nodes (SN) percentage that were successfully localized by navigation and validated ex vivo with the gamma probe. Per-protocol, the first ten patients were used for workflow optimization; the subsequent 20 patients were included in the analysis. Ultrasound registration was fast (7 min), accurate (0.1 cm) and intuitive. Tracked instruments were well-integrated and helped to localize precisely the SN (0.3 cm). Surgeons preferred VR while opening the resection path to find the SN and AR in proximity for exact localization. Using navigation, successful identification was achieved in 90% (45/50) SN. No navigation-related complications occurred. Integrating ultrasound registration, instrument tracking and enhanced visualization during robot-assisted surgery has the potential to improve clinical use and localization of navigation in robot-assisted surgeries. These techniques allow to safely identify and remove pre-defined small pelvic lymph nodes in the pelvis.",2026,International journal of computer assisted radiology and surgery,INCLUDE_CANDIDATE,HIGH,Explicit AR/MR signal: augmented reality,,,,,,,,,AR_MENTION_MAY_BE_CONTEXT_ONLY,PRIORITY_VERIFY
663,TA-03,42567880,10.1038/s41598-026-66263-0,Correction: Optimizing augmented reality for visual communication design and user experience in public Art to support sustainable engagement.,,2026,Scientific reports,INCLUDE_CANDIDATE,HIGH,Explicit AR/MR signal: augmented reality,,,,,,,,,ABSTRACT_MISSING,PRIORITY_VERIFY
665,TA-03,42561541,10.1016/j.aap.2026.108709,Drivers' neglect of cyclists in right-turns-a matter of rule knowledge rather than a lack of attention.,"Right-hook crashes in right-hand traffic where cyclists going straight are struck by right-turning vehicles pose a major safety concern. This study aims to establish to which extent such conflicts may stem from non-driving-related tasks (NDRT), low saliency of cyclists (covertness), or drivers' insufficient knowledge of applicable rules. Forty-four drivers participated in a fixed-base driving simulator study using an extended reality (XR) setup with integrated eye tracking. Participants were stratified by urban cycling experience (cyclist-drivers vs. drivers) and self-reported driving style (cautious vs. assertive). Each drove an urban route including 12 right-turn-on-yield scenarios, with and without NDRT. Observed visual sampling was combined with a questionnaire-based rule knowledge assessment to examine whether scanning failures were due to workload or lack of rule knowledge. NDRT engagement primarily reduced default glances while glances to relevant areas (Left, Right, Over Shoulder) were preserved. Over-the-shoulder checks were rare overall. In 85 % of right-turns, no such glance occurred before turning, regardless of NDRT status. Rule knowledge mirrored these patterns, with drivers being more likely to correctly indicate the requirement to yield to salient crossing traffic streams of cars (96 % correct) or cyclists and pedestrians (81 % correct) than non-salient crossing bicycle or pedestrian traffic (46 % correct). Drivers with cycling experience scored slightly better overall but still missed nearly half of the non-salient yielding requirements. The findings indicate that gaps in rule knowledge contribute to failures to check for cyclists. Countermeasures should prioritise systemic interventions, complemented by education, rather than solely relying on behaviour-focused measures.",2026,Accident; analysis and prevention,INCLUDE_CANDIDATE,HIGH,Explicit AR/MR signal: extended reality,,,,,,,,,AR_MENTION_MAY_BE_CONTEXT_ONLY,PRIORITY_VERIFY
666,TA-03,42561375,10.1080/17483107.2026.2707848,Examining the use of extended reality to improve the adaptive behavior of autistic people: a systematic review.,"To systematically review the use of Extended Reality (XR) as an assistive technology for improving adaptive behaviour in autistic individuals. Databases were systematically searched, and eligibility criteria were used to select items; ACM Digital Library, IEEE Xplore, PsycINFO, PubMed, Web of Science, Scopus, Google Scholar and ProQuest were systematically searched. Inclusion criteria required empirical studies (2000-2025) involving autistic individuals and XR (i.e. virtual reality (VR) and augmented reality (AR) interventions targeting adaptive behaviour. Data extraction included study location, design, participant characteristics, adaptive behaviour domains addressed, XR technology and level of immersion, research methods, main findings and quality appraisal scores using the Quality Assessment for Diverse Studies (QuADS) tool. The review followed PRISMA guidelines. Forty-five studies were included in the final review. XR interventions most frequently targeted social understanding and practical skills such as shopping and transportation. Immersive VR (head-mounted displays) and non-immersive desktop/mobile systems both demonstrated feasibility and effectiveness. Sessions longer than 20 min and repeated over multiple weeks were most effective. Limitations across the evidence base included small, single-site samples, limited participant diversity, brief follow-up and occasional technical instability; overall QuADS ratings indicated moderate methodological quality. XR shows strong potential as an assistive technology to enhance adaptive behaviour, particularly in social and daily living skills, among autistic individuals. Future work should involve stakeholder co-design and assess generalisability across diverse populations.",2026,Disability and rehabilitation. Assistive technology,INCLUDE_CANDIDATE,HIGH,"Explicit AR/MR signal: augmented reality, extended reality, head-mounted display",,,,,,,,,SECONDARY_OR_COMMENTARY_TITLE,PRIORITY_VERIFY
667,TA-03,42561313,10.1590/acb414626,Augmented reality in clinical skills simulation: usability and feasibility of smart glasses in a simulated environment.,"To assess the usability and feasibility of augmented-reality smart glasses during simulated pediatric bladder catheterization with real-time remote specialist guidance. Thirty-five critical-care graduate healthcare professionals simulated pediatric bladder catheterization on a manikin using Vuzix M400 glasses via telemedicine. After brief familiarization, participants completed a seven-item Likert (0-7) questionnaire covering ease of use, procedural understanding, confidence/efficiency, comfort, and global acceptance. We analyzed descriptive statistics, internal consistency (Cronbach's α), and item-domain coherence. A conceptual diagram and synthesis table complemented quantitative data. Augmented-reality-guided training showed generally favorable usability perceptions. Median scores ranged 3.5-5, with strongest ratings for observation support, image quality, procedural understanding, and intention to recommend. Comfort and efficiency scored lower (median = 3.5), indicating more neutral perceptions. The instrument showed high internal consistency (α = 0.97), although this may reflect item redundancy, and item-domain alignment provided a descriptive representation of the conceptual model. These findings suggest that augmented-reality smart glasses are feasible and generally well accepted for simulated remotely guided training. Further controlled studies with objective performance measures are needed.",2026,Acta cirurgica brasileira,INCLUDE_CANDIDATE,HIGH,"Explicit AR/MR signal: augmented reality, augmented-reality",,,,,,,,,,LIKELY_ADVANCE_PENDING_PRIMARY_REVIEW
668,TA-03,42560271,10.1093/milmed/usag188,System Evaluation of Optical Screening and Conditioning for Injury Resilience.,"Non-combat musculoskeletal injuries (MSKIs) are the leading cause of medical disability across the military, with poor exercise form-including misalignment and mistiming-being key contributors. Rehabilitation and conditioning can build resilience and reduce risk. Our recent work resulted in a prototype Optical Screening and Conditioning for Injury Resilience (OSCIR) system offering real-time, non-contact, biofeedback through field-deployable motion capture equipped with three-dimensional (3D) camera-based technology and an augmented reality (AR) viewer for tracking exercise form while detecting and alerting the users of high injury risk movement patterns. Developments were shaped by military end-users across the U.S. This study assessed the usability of our field-deployed system and validated real-time biomechanical metrics against those computed from a marker-based system. OSCIR includes a laptop computer, two red-green-blue-depth (RGB-D) camera arrays, and a software package including nine exercise modules that display in real-time, the user's point cloud, a skeleton with graphical biofeedback, and range of motion tracking with exercise-specific MSKI risk indicators. Biomechanical accuracy validation was conducted among n = 13 nonmilitary controls in compliance with Western-Copernicus Group. Usability was assessed among n = 33 healthy active duty servicemembers at Marine Corps Base Camp Pendleton and Explosive Ordinance Disposal Group One training facilities using the system usability survey (SUS) and structured interviews in compliance with Naval Medical Center San Diego Institutional Review Board protocol. Compared to the marker-based system, OSCIR's metrics resulted in Intraclass Correlation Coefficient estimates between 0.80 and 0.98 (""good"" to ""excellent"" agreement) for each metric. End-user feedback was notably positive, earning ""excellent"" SUS scores (Mean ± SD = 80.77 ± 12.93). OSCIR achieves high agreement with the gold-standard system for biomechanical metrics, and its user-friendly features score highly among military stakeholders. OSCIR will help military stakeholders manage MSKIs in warfighters by automating training and rehabilitation batteries, making quantitative form-correction readily accessible and accurate for operational training environments.",2026,Military medicine,INCLUDE_CANDIDATE,HIGH,Explicit AR/MR signal: augmented reality,,,,,,,,,,LIKELY_ADVANCE_PENDING_PRIMARY_REVIEW
669,TA-03,42560246,10.1093/milmed/usag065,An Artificial Intelligence Copilot for First Response Medicine.,"First responders in emergency medicine often work in austere conditions where expert consultation is limited, communication networks are unreliable, and rapid decision-making is essential. In these environments, procedural precision directly impacts patient outcomes. To address these challenges, we present an artificial intelligence (AI) Copilot for First Response Medicine, an augmented reality-based system that delivers real-time procedural guidance, decision support, and objective skill evaluation to frontline medics. This is a feasibility and technical validation study. The system consists of 2 components: an augmented reality (AR) headset for multimodal user interaction and a Graphics Processing Unit (GPU)-equipped microprocessor for local execution of machine learning algorithms. This edge-based design provides sufficient computational power while ensuring offline operation, essential for low-resource and disconnected settings. The system integrates multiple models to analyze egocentric video streams from the headset and assist medics during procedures, including action recognition, action anticipation, visual question answering, hand tracking, and object detection, and can support skill assessment. Performance was benchmarked against expert-labeled ground truth using the Trauma THOMPSON dataset. The MViTv2 model achieved the best performance for procedural guidance: 89.75% Top-5 accuracy for action recognition and 87.02% Top-5 for action anticipation. For context-aware clinical decision support, the Bootstrapping Language Image Pretraining (BLIP) model achieved 88.64% Visual Question Answering (VQA) accuracy. The system demonstrated robust 100% classification accuracy in differentiating expert and novice skill levels based on hand kinematic features, with average velocity and acceleration identified as the most influential factors. Unlike AI-assisted surgical systems built for controlled hospital environments, the proposed AI Copilot is optimized for Role 1-2 field care, emphasizing autonomy, speed, and resilience. By offering proactive, real-time mentorship through AR, the system reduces cognitive load, enhances procedural accuracy, and provides an objective metric for continuous military medical training. This work bridges the gap between expert-level (Role 4) medical care and frontline responders and may improve the care in high-stakes and resource-limited scenarios.",2026,Military medicine,INCLUDE_CANDIDATE,HIGH,Explicit AR/MR signal: augmented reality,,,,,,,,,AR_MENTION_MAY_BE_CONTEXT_ONLY,PRIORITY_VERIFY
670,TA-03,42560243,10.1093/milmed/usag158,Evaluating Computer Vision and Augmented Reality Guidance to Optimize Weapon Training Safety and Performance.,"Mortars enhance the lethality of Warfighters and protect them during combat. Accurate use of weapon systems is critical for mission success and to minimize health hazards, such as blast overpressure exposure. Although safety guidance exists and helps prevent accidents and injuries, military training is dynamic, and human factors such as fatigue and elevated core body temperature can increase the risk of error. In collaboration across the Defense Center for Public Health-Aberdeen and Walter Reed Army Institutes of Research, and MITRE, the team developed and evaluated the Augmented Reality Guidance System (ARGS) to support Department of War (DoW) decision making, serve as a force multiplier to enhance training, and support public health (e.g., monitor blast exposures). ARGS leverages emerging concepts in machine learning computer vision technology. It provides augmented reality, real-time, and after-action feedback to guide the actions of service members to mitigate unnecessary risks and support training and military operational medicine. ARGS uses the ZED stereo-camera, which is relatively low cost, waterproof, and intended for indoor and outdoor use, along with custom machine learning models for the DoW training use case. Through these models, ARGS evaluates the use of protective equipment by service members, the locations of individuals relative to weapon systems, and the use of the weapon systems. The team conducted 3 data collections at DoW mortar training events at 2 sites. The team implemented real-time facial blurring to preserve privacy and obtained feedback from instructors and unit leaders. The ARGS models successfully identified helmet use, individual's heads above the level of the mortar muzzle (which increases blast overpressure exposure), and individuals located downrange. The first real-world data collection enhanced the existing computer vision models (80:20 train-test split), and the updated models resulted in perfect detection of 134 mortar rounds fired during that session. At the second data collection, the updated ARGS computer vision models were evaluated in real time. Across all 3 training events the models accurately identified 99% of 539 rounds fired from the 60 mm, 81 mm, and 120 mm mortars. In the first training event, there were 13 false positives (e.g., because of false detection during mortar tube cleaning). After assessment the team developed a model to detect mortar cleaning and was able to detect all 32 cleaning evolutions recorded at the sites with one false positive. Across the training events, ARGS identified an average of 5.88 individuals around the weapon systems and a high instance of personnel within 20 ft of the weapon system with their head above the level of the mortar muzzle (>90% of rounds fired), which could be an opportunity for changes to training to reduce exposure. In addition to safety metrics, ARGS output includes rate of fire data, which is a common performance measure. ARGS shows promise for real-time support of range safety and after action review to enhance training effectiveness. ARGS identified and communicated safety information and deviations during training. This capability can help monitor and mitigate blast overpressure exposure and improve training to reduce injuries.",2026,Military medicine,INCLUDE_CANDIDATE,HIGH,Explicit AR/MR signal: augmented reality,,,,,,,,,,LIKELY_ADVANCE_PENDING_PRIMARY_REVIEW
671,TA-03,42559268,10.3389/fspor.2026.1726682,Strategies used by international sports federations in the field of technology.,"This research explores how international sports federations (IFs) use new technologies to enhance at their events. It overviews the digital initiatives and tools deployed to improve in-person and remote experiences. The study analyses two main questions: which technologies IFs use most often and how they implement them to improve international sports events' quality and attractiveness. The researcher applied a mixed-methods approach by analysing 115 initiatives from Summer Olympic IFs and 65 from Winter Olympic IFs and conducting qualitative interviews with 11 IFs representatives and one academic expert. The findings show cautious optimism about Virtual Reality (VR), Augmented Reality (AR), and Artificial Intelligence (AI) for enhancing fan experiences. IFs mainly use AR for broadcast and advertising, though technical and financial constraints limit its application. VR offers immersive potential but remains niche and costly. However, AI is more widely adopted for automation and content generation but faces realism challenges. The second observation is that customer relationship management systems also play a key role in enabling federations to tailor content and services to fans' preferences. Furthermore, many IFs use data analytics to monitor fan behaviour and improve engagement through digital platforms like websites, mobile apps, and OTT services. The study also highlights that federations centralising fan data from multiple sources demonstrate higher personalised experiences. Despite financial and organisational constraints, several federations manage to implement impactful technologies with limited resources. Thus, this exploratory research brings new perspectives to the field of sport management by identifying current practices, suggesting practical recommendations and providing the basis for future studies on organisational intentions and practices about digital innovation in international sport.",2026,Frontiers in sports and active living,INCLUDE_CANDIDATE,HIGH,Explicit AR/MR signal: augmented reality,,,,,,,,,AR_MENTION_MAY_BE_CONTEXT_ONLY,PRIORITY_VERIFY
672,TA-03,42559264,10.25259/SNI_410_2026,Artificial intelligence in neurosurgery: A patent bibliometric analysis of the Lens database.,"Artificial intelligence (AI) has rapidly expanded across neurosurgery with applications in neuroimaging analysis, surgical planning, intraoperative guidance, neuromodulation, and outcome prediction. Bibliometric analyses of scholarly works cited by patents provide a unique method for identifying research that has influenced technological development. This study aimed to identify and characterize the most patent-cited scholarly publications related to AI in neurosurgery. A bibliometric analysis was performed using the Lens database, which links global patent records with scholarly literature. A systematic search using predefined neurosurgical and machine learning terms yielded 72,719 publications, filtered to 4663 works cited by patents spanning 1962-2025. Publications were ranked by patent citation count as a proxy for technological influence. The 50 most patent-cited publications were analyzed by publication year, journal, institutional affiliation, and geographic origin. The top 50 publications were published between 1994 and 2020. Most (41 of 50; 82%) were published between 2010 and 2020, reflecting rapid growth in AI-related neurosurgical research. Earlier influential works focused on image-guided surgery and augmented reality visualization, whereas more recent publications increasingly involved machine learning-based neuroimaging analysis, intraoperative diagnostics, neuromodulation optimization, and spine surgery applications. AI-related innovation in neurosurgery has accelerated substantially over the past decade. Patent citation analysis highlights the importance of interdisciplinary collaboration in translating computational advances into neurosurgical technologies and provides insight into research most closely associated with technological innovation in the field.",2026,Surgical neurology international,INCLUDE_CANDIDATE,HIGH,Explicit AR/MR signal: augmented reality,,,,,,,,,,LIKELY_ADVANCE_PENDING_PRIMARY_REVIEW
673,TA-03,42558135,10.1177/29941520251377066,What Is Old Is New Again-Use of Augmented Reality in Craniometric Point Identification and Neuroanatomy Education.,"Traditional methods of teaching neurosurgery have often been inadequate in capturing the interest of students and maintaining their attention throughout the learning process. Augmented reality (AR) technology has been proposed as a solution to this problem by providing an interactive and immersive experience for students. In this article, we use an AR application on the Microsoft HoloLens 2 to educate students about neuroanatomy, promote greater interest and engagement with the field of neurosurgery, and facilitate communication between students and neurosurgeons. We present an exercise in which the AR application was used to educate high school students on skull-based craniometric landmarks commonly used by neurosurgeons. Students were asked to locate points on the skull with and without the assistance of AR and were surveyed about their experience using AR. The results suggest greater student engagement and a positive learning experience. Students were able to target craniometric points on the skull with greater accuracy using AR than without. Overall, students felt that incorporating AR into their education improved their ability to learn neuroanatomy and increased their interest in the field of neurosurgery. This study provides a pilot feasibility study with findings that suggest that AR has the potential to enhance the way neurosurgery and neuroanatomy are introduced to early learners through increased interaction and engagement.",2025,Journal of medical extended reality,INCLUDE_CANDIDATE,HIGH,"Explicit AR/MR signal: augmented reality, hololens",,,,,,,,,,LIKELY_ADVANCE_PENDING_PRIMARY_REVIEW
674,TA-03,42558132,10.1177/29941520251394885,Initial Recommendations for Virtual Reality in Mental Health Care from the American Medical Extended Reality Association.,"Mental health care has long been a leading domain for the application of clinical virtual reality (VR) technologies. The recent proliferation of affordable all-in-one VR devices has significantly increased accessibility and created new opportunities for innovative mental health therapies. As immersive technologies become more integrated into daily life, scientific evidence and clinical insights can be synthesized into actionable recommendations. The American Medical Extended Reality Association, in collaboration with the Mental Health Virtual Reality International Coalition, presents these comprehensive recommendations for the use of VR in clinical mental health care. This work summarizes the current state of the field, examines the supporting scientific literature, outlines ethical considerations and their practical applications, and offers research-based and experience-informed recommendations. Additionally, it identifies key collaborative directions to advance the responsible and effective use of VR in mental health care. These recommendations may serve as a foundational resource for clinicians, researchers, developers, and policymakers for the integration of VR in mental health practice.",2025,Journal of medical extended reality,INCLUDE_CANDIDATE,HIGH,Explicit AR/MR signal: extended reality,,,,,,,,,,LIKELY_ADVANCE_PENDING_PRIMARY_REVIEW
675,TA-03,42558123,10.1177/29941520261426873,Novel Intraoperative Augmented Reality-Guided Specimen Localization in Chest Wall Oncologic Surgery: A Case Report.,"Localization and communication of surgical margins remain a challenge in oncologic surgery, particularly in the setting of staged reconstruction where wound bed deformation alters native anatomical landmarks. This proof-of-concept case report evaluates the feasibility of augmented reality (AR) to reorient a specimen-derived 3D tumor model within the resection bed during staged chest wall reconstruction. One patient with a recurrent undifferentiated pleomorphic sarcoma of the chest wall underwent radical chest wall excision with staged reconstruction. Following resection, the specimen was scanned with a structured-light 3D scanner to create a digital twin. The 3D model was virtually annotated to mirror the standard grossing process using a custom computer-aided design software. The mapped model was uploaded into an Apple Vision Pro (AVP) AR headset. On the day of the staged reconstruction, the holographic specimen model was reoriented in situ using predefined anatomical landmarks for registration during the surgical setup period. First-time AR users were able to manipulate and correctly position the model after a brief onboarding. AR-guided placement was completed without altering routine care or delaying operative workflow (surgeon onboarding to AVP: 5 min; AR specimen placement and verification: 5 min). Alignment was qualitatively confirmed with inked specimen surfaces and resected rib orientation in the wound bed. No positive margin was identified in this index case, therefore performance for margin relocalization was not assessed. In this single-case study, AR-guided reorientation of a specimen-derived 3D model in reconstructive chest wall surgery was feasible and compatible with surgical workflows.",2026,Journal of medical extended reality,INCLUDE_CANDIDATE,HIGH,Explicit AR/MR signal: augmented reality,,,,,,,,,,LIKELY_ADVANCE_PENDING_PRIMARY_REVIEW
676,TA-03,42558117,10.1177/29941520251377071,American Medical Extended Reality Association Expert Consensus: Best Practices for Patient and Public Involvement in Medical Extended Reality Research.,"Patient and public involvement (PPI) is critical in medical extended reality (MedXR) research to ensure that interventions are relevant, patient-centered, and impactful. This expert consensus from the American Medical Extended Reality Association offers a practical framework for integrating patient voices throughout the research lifecycle, from study design to post-study feedback. Drawing on principles from the Patient-Centered Outcomes Research Institute, Congressionally Directed Medical Research Programs, and the National Institutes of Health, it highlights strategies for meaningful involvement of patient partners, emphasizing inclusivity, reciprocity, and transparency. Key areas of focus include best practices for recruiting and compensating patient partners, ensuring diversity and representation, simplifying communication, and addressing ethical considerations. The expert consensus addresses challenges in patient engagement specific to MedXR, offering solutions such as iterative feedback loops during prototype development and collaborative safety monitoring. Case studies provide real-world examples of how PPI insights have enhanced MedXR research, improving accessibility, relevance, and equity. This document serves as a comprehensive resource for researchers, developers, and clinicians, supporting the development of MedXR interventions that are not only scientifically rigorous but also deeply aligned with patient and public needs and priorities.",2025,Journal of medical extended reality,INCLUDE_CANDIDATE,HIGH,Explicit AR/MR signal: extended reality,,,,,,,,,,LIKELY_ADVANCE_PENDING_PRIMARY_REVIEW
677,TA-03,42558112,10.1177/29941520251400039,Protecting Patient Privacy: A Suggested Framework for Deploying Extended Reality Technologies.,"As extended reality (XR) devices such as head-mounted displays, augmented reality glasses, computers, tablets, smartphones, and their underlying XR applications become widely deployed in HIPAA-regulated environments, clear guidelines are essential to prevent disclosure of protected health information that traditional health care IT security measures do not adequately address. Without proper safeguards, these technologies could expose sensitive patient data through various means, including visual displays, audio capture, data management, and processing, potentially undermining patient trust. This commentary is meant to provide recommendations in advance of more formal guidelines for protecting patient privacy when XR tools are used in clinical settings. Given the emerging nature of these technologies, addressing compliance proactively is crucial to avoid missteps that could undermine adoption and limit the technology's potential in health care.",2025,Journal of medical extended reality,INCLUDE_CANDIDATE,HIGH,"Explicit AR/MR signal: augmented reality, extended reality, head-mounted display",,,,,,,,,,LIKELY_ADVANCE_PENDING_PRIMARY_REVIEW
678,TA-03,42558104,10.1177/29941520251377074,Establishing Medical Extended Reality Labs Within Healthcare Institutions: A Nationwide Perspective.,"The use of extended reality (XR) technologies, including virtual reality, augmented reality, and mixed reality, has the power to transform the health care field and revolutionize medical education through its wide-ranging applications. Though the potential benefits of XR technologies are clear, the establishment of medical extended reality (MXR) Labs remains multifaceted and challenging. This work sought to better understand the process by which MXR Labs are established, the challenges faced, and ultimately the integration of the MXR technology into clinical practice. A qualitative approach was taken as focused interviews were conducted with directors from established XR research labs and centers. Thematic analysis of the interviewee responses examined the motivations for establishing an MXR Lab, the potential for MXR in health care, and the relationships between MXR Labs and industry. The resistance to MXR technology adoption and the challenge of funding during MXR Lab establishment were also explored. By providing insights into the process of establishing MXR Labs, this work seeks to help future stakeholders navigate potential obstacles more effectively, leading to a smoother path for the integration of MXR technology into medical education and clinical practice.",2025,Journal of medical extended reality,INCLUDE_CANDIDATE,HIGH,"Explicit AR/MR signal: augmented reality, mixed reality, extended reality",,,,,,,,,SECONDARY_OR_COMMENTARY_TITLE,PRIORITY_VERIFY
679,TA-03,42558103,10.1177/29941520261441963,Mixed Reality-Assisted Endoscopic Dacryocystorhinostomy for Post-Traumatic Nasolacrimal Obstruction with Extremely Distorted Maxillofacial Anatomy-Case Report.,"To describe the diagnostic workflow and clinical outcomes of a mixed reality (MR)-assisted endoscopic dacryocystorhinostomy (EnDCR) using the Magic Leap 2 (ML2) headset, performed for a patient with secondary acquired nasolacrimal duct obstruction resulting from extremely distorted post-traumatic maxillofacial anatomy. A 40-year-old male with a history of massive maxillofacial trauma 10 years earlier presented to the Department of Ophthalmology of Jozef Strus City Hospital with recurrent dacryocystitis and a dacryocele. Physical examination showed a marked post-traumatic groove over the left orbit, inferior dislocation of the left globe, paralytic strabismus, ptosis, and a large left dacryocele. Nasal endoscopy demonstrated severe bilateral septal deformities obscuring visual access to the nasal cavity. Endoscopic septoplasty was done to obtain surgical access, followed by EnDCR assisted with MR. Preoperative planning included patient-specific 3D prints reconstructed from CT (OsiriX MDTM), refined (MeshLabTM, BlenderTM), exported as GLB files, and visualized on ML2; an ML Spectator mobile phone app documented the procedure. MR was used preoperatively and intraoperatively as a non-dynamic 3D image reference tool (no instrument tracking) to enable the surgeon to maintain a consistent spatial orientation for the lacrimal sac fossa and adjacent bones during septoplasty and EnDCR. Over 9 months post-operation, the patient reported no symptoms (Munk score: 0), lacrimal irrigation confirmed a widely patent ostium, and no further dacryocystitis occurred. This case supports the use of MR in preoperative and intraoperative planning in extremely complex anatomical distortions.",2026,Journal of medical extended reality,INCLUDE_CANDIDATE,HIGH,"Explicit AR/MR signal: mixed reality, magic leap",,,,,,,,,,LIKELY_ADVANCE_PENDING_PRIMARY_REVIEW
680,TA-03,42558094,10.1177/29941520261469342,A Conversational Ethics Bot (CALEB) Versus GPT-4o for Medical Ethics Education: Transcript Analysis and Extended Reality Feasibility Study.,"Ethics education in medical training remains difficult to standardize and sustain. Many curricula still rely heavily on didactic teaching rather than immersive ethical reasoning. Although large language models (LLMs) can generate structured analyses of ethical dilemmas, they are not designed to facilitate embodied, conversational engagement that mirrors real-world ethics discussions. We developed CALEB (Conversational Agent Learning Ethics Bot), a domain-specific, extended reality (XR)-enabled conversational agent designed to simulate pragmatic, case-based moral deliberation. CALEB integrates a curated medical ethics knowledge base, structured persona design, and bounded generative architecture to promote focused, dialogical interaction. We conducted a two-phase feasibility evaluation. In phase 1, CALEB and GPT-4o accessed through the ChatGPT interface were compared using standardized transcript outputs generated from matched medical ethics prompts. In phase 2, medical ethicists interacted with CALEB in a live XR setting and provided formative post-session feedback. GPT-4o generated substantially longer and comprehensive responses. In contrast, CALEB produced significantly shorter but more principle-dense responses and was the only system to consistently demonstrate first-person and emotionally interpretive language. Computational analysis revealed higher empathy scores for CALEB in interpretive dimensions (p < 0.001). In the live XR phase, post-session feedback suggested that CALEB was perceived more favorably in an interactive, embodied setting than in transcript-only review. This study provides evidence that domain-specific agents like CALEB are feasible and pedagogically distinct from general-purpose LLMs. Foundational and specialized systems may serve complementary roles in advancing scalable, interactive medical ethics education.",2026,Journal of medical extended reality,INCLUDE_CANDIDATE,HIGH,Explicit AR/MR signal: extended reality,,,,,,,,,,LIKELY_ADVANCE_PENDING_PRIMARY_REVIEW
681,TA-03,42558089,10.1177/29941520261451587,Implementation of Immersive Technologies in Pediatric Perioperative Care: A Multi-Institutional Survey Study.,"Immersive technologies (ImTs), including virtual, augmented, or mixed reality, are increasingly used to support periprocedural pediatric patients, but clinical adoption varies widely across children's hospitals and specialties. Multiple determinants for the adoption of ImT in health care have been identified; however, these have not been well characterized in pediatric perioperative settings. Among Society for Pediatric Anesthesia Improvement Network (SPAIN) member institutions, we describe the current state of pediatric perioperative ImT use, identify barriers and facilitators to ImT adoption, and report perceived implementation-related factors. We conducted a multi-institutional cross-sectional survey of pediatric perioperative practices via key contacts from SPAIN. Survey responses underwent mixed-methods analyses informed by the Consolidated Framework for Implementation Research. Among 27 eligible institutions, 24 (89%) provided responses, 13 of which reported ImT use. Of these, 8 (62%) reported existing institutional infrastructure or governance to support ImT. Use patterns were highly heterogeneous, but use was commonly paired with the presence of champions, technology expertise, and available resource support. Use cases included anxiety reduction, distraction, and procedural support. Barriers, facilitators, and potential strategies for successful implementation were highlighted. ImT is used variably across pediatric anesthesia practices affiliated with SPAIN. These findings provide a descriptive snapshot of current practice and highlight factors commonly associated with adoption. Further work is needed to more rigorously characterize the implementation processes and evaluate strategies that may support integration of ImT into routine care in diverse clinical settings.",2026,Journal of medical extended reality,INCLUDE_CANDIDATE,HIGH,Explicit AR/MR signal: mixed reality,,,,,,,,,AR_MENTION_MAY_BE_CONTEXT_ONLY,PRIORITY_VERIFY
684,TA-03,42555328,10.1109/TIP.2026.3718440,Illumination Explorer: All-Frequency Illumination Estimation via HEALPix-Guided Diffusion.,"Estimating panoramic illumination from a single limited-FOV input image is a critical yet challenging task for rendering realistic objects with complex materials in augmented reality. Existing methods typically either estimate parameterized lighting models or directly generate panoramas in an end-to-end manner. However, both approaches present significant challenges: 1) Parameterized methods struggle to simultaneously capture both high-frequency and low-frequency information under real lighting conditions, and lack a unified model for indoor and outdoor scenes. 2) Direct generation methods often produce unpredictable results, making it difficult to control the position, color, and structure of light sources in the output panorama. In this paper, we propose a unified illumination estimation method based on pretrained diffusion models guided by Hierarchical Equal Area isoLatitude Pixelization (HEALPix). We introduce HEALPix as a novel representation for panoramic illumination, providing a discrete and structured parameterization that supports uniform spherical sampling and retains high-frequency lighting variations. Based on this representation, we construct a conditional illumination diffusion model to generate out-of-view illumination content in a perceptually compressed LDR space. To support direct HDR output, we propose a reversible HDR compression strategy compatible with diffusion model training. Extensive experiments demonstrate that our Illumination Explorer generates HDR panoramas with high illumination accuracy and rich textural detail, outperforming previous methods in realistic composition for 3D objects with different reflective materials. Code is available at https://github.com/nauyihsnehs/IllumiExp.",2026,IEEE transactions on image processing : a publication of the IEEE Signal Processing Society,INCLUDE_CANDIDATE,HIGH,Explicit AR/MR signal: augmented reality,,,,,,,,,,LIKELY_ADVANCE_PENDING_PRIMARY_REVIEW
685,TA-03,42555318,10.1109/TOH.2026.3721165,Neural Correlates of Mid-Air Haptic Stimulation Intensity.,"This study investigates how variations in the intensity of spatiotemporally modulated ultrasonic mid-air haptic stimulation modulate the amplitude, latency, and phase synchronization of somatosensory evoked potentials (SEPs), as well as their effect on behavioral perception. Electroencephalography recordings were obtained while stimulating the index and the middle finger of the left hand across different intensity levels, and a two-interval forced choice (2IFC) behavioral task was conducted to assess perceptual discrimination. The data revealed two dominant SEP components, a negative peak around 275 ms (N275) and a positive peak around 450 ms (P450), both showing increased absolute amplitude with higher stimulation intensity. Wavelet phase synchronization analysis further demonstrated great phase-locking stability at higher intensities. These findings indicate that mid-air haptic intensity modulated both the amplitude and temporal coherence of cortical responses. The behavioral results of the 2IFC task were consistent with the neural data. Participants reliably discriminated between intensity levels that exhibited distinct SEP amplitudes, while their performance declined for intensities that exhibited similar SEP amplitudes. Together, these results suggest that SEPs provide an objective neural correlate of subjective tactile perception. The study confirms that mid-air haptic stimulation can elicit intensity-dependent cortical responses, highlighting its potential for therapeutic, diagnostic, and interactive applications (e.g., virtual and augmented reality) despite its nontraditional stimulation mechanism. To our knowledge this is the first systematic integration linking intensity-dependent cortical responses to behavioral discrimination performance in mid-air haptic stimulation.",2026,IEEE transactions on haptics,INCLUDE_CANDIDATE,HIGH,Explicit AR/MR signal: augmented reality,,,,,,,,,AR_MENTION_MAY_BE_CONTEXT_ONLY,PRIORITY_VERIFY
686,TA-03,42554725,10.5435/JAAOSGlobal-D-25-00318,Augmented Reality-Guided Individualized Total Knee Arthroplasty: Initial Clinical Implementation and Results.,"Contemporary total knee arthroplasty (TKA) practice has evolved from uniform mechanical alignment to individualized alignment planning in response to growing evidence that a single alignment strategy does not optimize outcomes for all patients. However, precise execution of patient-specific alignment strategies remains challenging with manual instrumentation. Augmented reality (AR) technology addresses this limitation by providing real-time intraoperative visualization of anatomic landmarks and planned resection parameters. In this study, individualized alignment was applied within predefined safety envelopes, including femoral valgus relative to the mechanical axis of 0° to 3°, tibial varus of 0° to 3°, and hip-knee-ankle alignment within 0° to 3° of neutral. All procedures were performed using the Pixee Knee + AR system (Pixee Medical, Besançon, France). Despite growing interest in AR-assisted surgery, clinical data regarding the accuracy, precision, and early outcomes of AR-guided individualized TKA remain limited, providing the rationale for this study. This retrospective consecutive case series evaluated 50 patients with end-stage knee osteoarthritis who underwent primary TKA using the Pixee Knee + AR system between April and August 2024. All procedures used individualized alignment strategies with patient-specific planning parameters. Radiographic accuracy was assessed using postoperative CT imaging, and validated patient-reported outcome measures were collected at minimum 6-month follow-up. The cohort comprised 45 men and 5 women with mean age 71.4 ± 7.6 years, American Society of Anesthesiologists score 3.0 ± 0.2, and body mass index 31.0 ± 4.1 kg/m2. Alignment accuracy was excellent, with 96% of coronal measurements within 3° of planned values and 53.3% within 1°. Component-specific accuracy rates within 1° were as follows: tibial component 72%, femoral implant 62%, and overall hip-knee-ankle alignment 46%. Four percent of measurements exceeded 3° deviation from planned alignment. No revision surgeries, infections, or mechanical complications occurred during follow-up. Patient-reported outcomes demonstrated notable improvements from preoperative scores: modified single assessment numeric evaluation scores improved 4.7 ± 3.1 points (P < 0.001) and KOOS Jr. normalized scores improved 21.6 ± 23.2 points (P < 0.001). AR-guided individualized TKA demonstrated high accuracy in executing patient-specific alignment plans with favorable early clinical outcomes and no complications at 6 months. These initial results suggest that AR technology may provide a viable alternative for precise implementation of individualized alignment strategies, although larger studies with longer follow-up are needed to establish long-term efficacy and safety.",2026,Journal of the American Academy of Orthopaedic Surgeons. Global research & reviews,INCLUDE_CANDIDATE,HIGH,Explicit AR/MR signal: augmented reality,,,,,,,,,,LIKELY_ADVANCE_PENDING_PRIMARY_REVIEW
687,TA-03,42550327,10.1007/s10792-026-04164-x,Phacoemulsification surgery: stepping into the mixed reality era.,"To test the applicability of a mixed reality headset in cataract surgery. Patients scheduled for phacoemulsification and intraocular lens implantation surgery were enrolled in our prospective interventional study. All patients underwent complete baseline ophthalmological examination and multimodal imaging analysis before surgery, which was scheduled and performed with the aid of the mixed reality headset. Primary outcomes were: surgical safety, efficacy and intraoperative parameters (Time lag, and surgical time duration). Secondary outcome was the occurrence of self-reported surgeon strain (SRSS), measured in a range from 0 to 5 and ergonomics, measured through the rapid upper limb assessment scale, RULA. A total of 100 phacoemulsification surgeries were performed. Surgical success was recorded in all cases (100%) and no intraoperative complications were documented (0%). Mean time lag was 50 ms and the mean intraoperative surgery duration was 14 ± 6 min. The SRSS was graded as 0 in all cases with the absence of neck and back pain nor nausea or visual disturbance. The application of mixed reality in phacoemulsification surgery is an innovative, safe and effective tool in intraocular surgery.",2026,International ophthalmology,INCLUDE_CANDIDATE,HIGH,Explicit AR/MR signal: mixed reality,,,,,,,,,,LIKELY_ADVANCE_PENDING_PRIMARY_REVIEW
688,TA-03,42549367,10.1097/GOX.0000000000007836,A Novel Mixed-reality Simulator for Training Metacarpal Fracture Reduction and Kirschner Wire Fixation.,"Metacarpal fracture reduction and Kirschner wire (K-wire) fixation are core competencies in hand surgery that are difficult to master. Surgical simulation using extended reality technologies has improved intraoperative performance among trainees in various surgical subspecialties. Imaging data from an uninjured patient were used as a reference to construct a 3D-printed hand. Wire channels and electromagnetic sensors were added to aid real-time tracking. Fracture bridges allowed introduction of fractures after single-piece printing, and the hand model was cast in silicone to reproduce surface anatomy. A scanned model of a K-wire driver was 3D-printed with movable parts, and an application was designed to track the positioning of the hand model, fracture sites, and the driver. Ten plastic surgeons and 8 residents evaluated the hand model simulator based on realism, representational accuracy, and training utility using a 5-point Likert scale for validation. Printing accuracy showed a 3D printing error in Hausdorff distance below 0.13 mm. The target registration error for the fractures was below 1 mm. Qualitative evaluations of anatomical accuracy, clinical comparability, reduction realism of fractures, and the perceived value of simulator training each achieved a median score of 5. Percutaneous entry point selection, K-wire placement, fluoroscopy replicability, and training realism received a median score of 4. Overall, all plastic surgeons and residents unanimously recommended the simulator as an effective training tool. We introduce a validated mixed reality-integrated hand model simulator developed for training plastic surgery residents in metacarpal fracture reduction and fixation.",2026,Plastic and reconstructive surgery. Global open,INCLUDE_CANDIDATE,HIGH,"Explicit AR/MR signal: mixed reality, mixed-reality, extended reality",,,,,,,,,,LIKELY_ADVANCE_PENDING_PRIMARY_REVIEW
689,TA-03,42546088,10.3791/71067,Mixed Reality in Spine Surgery: The Apple Vision Pro in Biportal Endoscopic Lumbar Fusion.,"The use of mixed reality (MR) in endoscopic spine surgery has recently been introduced, promising to enhance visualization, improve workflow, and support intraoperative decision-making. The successful use of the Apple Vision Pro (AVP) MR headset has recently been documented during biportal endoscopic spine surgery. To our knowledge, this case represents the first use of MR technology as an adjunct to biportal endoscopic spine fusion. An 81-year-old male with a history of lumbar stenosis and Grade 1 spondylolisthesis at level 4-5 presented with progressively worsening radicular pain refractory to conservative measures. Based on the clinical findings, the patient underwent a transforaminal lumbar interbody fusion (TLIF) via a biportal endoscopic approach. The procedure included endoscopic laminotomy, bilateral decompression, facetectomy, placement of an interbody cage with bone grafting, and posterior spinal instrumentation and fusion. Throughout the case, the operating surgeon wore the AVP MR Headset, which virtually displayed a live endoscopic view, over the real environment without obstructing the surgical field. The AVP consolidated the endoscopic feed directly into the surgeon's line of sight, eliminating the need to shift gaze between the operative field and external monitors and supporting a more ergonomic, streamlined operative workflow. The patient demonstrated complete resolution of radicular leg pain (VAS Leg 7 → 0) and marked functional recovery (ODI 14% → 2%) by two months postoperatively, with no intraoperative or postoperative complications, and these improvements were maintained through the seven-month follow-up. This case demonstrates the feasibility of using MR as an adjunct to biportal endoscopic lumbar fusion without observed complications. The AVP HMD provided an integrated, line-of-sight visualization platform that reduced reliance on external monitors and supported ergonomic surgical performance. Further investigation is needed to evaluate its effect on surgical efficiency and long-term patient outcomes.",2026,Journal of visualized experiments : JoVE,INCLUDE_CANDIDATE,HIGH,Explicit AR/MR signal: mixed reality,,,,,,,,,,LIKELY_ADVANCE_PENDING_PRIMARY_REVIEW
690,TA-03,42544361,10.22038/abjs.2026.86819.3943,Collateral Ligament Tension Guided Medial Unicompartmental Knee Revision to a Kinematically Aligned Total Knee Arthroplasty.,"This study presents a novel approach to revising failed medial unicompartmental knee arthroplasty into kinematically aligned total knee arthroplasty using an augmented reality (AR) system (NextAR by Medacta International). Traditional methods involve mechanically aligned total knee arthroplasty (TKA), which can be complex and often requires additional components like stems and augments. The proposed technique builds on the caliper-based manual method by integrating AR-based navigation to enhance precision during surgery, particularly in maintaining the patient's native joint line and soft tissue behavior. The procedure includes preoperative three-dimensional planning and intraoperative adjustments based on real-time data on collateral ligament elongation. This AR-assisted technique aims to reduce the technical challenges associated with unicompartmental knee arthroplasty (UKA) revisions, offering potential benefits for alignment accuracy and soft-tissue management.",2026,The archives of bone and joint surgery,INCLUDE_CANDIDATE,HIGH,Explicit AR/MR signal: augmented reality,,,,,,,,,AR_MENTION_MAY_BE_CONTEXT_ONLY,PRIORITY_VERIFY
691,TA-03,42544118,10.2196/89801,The Multicriteria Decision Analysis for Extended Reality (MCDA-XR) Governance Framework for Health Care Adoption: Mixed Methods Development Study.,"Health services increasingly face decisions about how to integrate immersive technologies into routine practice. International guidance highlights the need for structured governance in digital health, yet extended reality (XR) initiatives are often launched through isolated pilots without a clear assessment of organizational readiness or implementation risk. Although factors influencing XR adoption are well documented, health care organizations and system-level decision-makers still lack practical, governance-oriented tools to translate these determinants into structured strategic decisions made before implementation. This study aims to develop multicriteria decision analysis for extended reality (MCDA-XR), a strategic governance framework that translates behavioral, organizational, and technical implementation determinants into a structured decision-support process for health care organizations. The study followed a sequential mixed methods design covering the first 2 phases of a 3-stage framework development and validation project. Phase 1 (identification) defined strategic criteria by integrating theoretical perspectives on organizational complexity, behavior change, technology acceptance, and immersive safety, together with a targeted review of XR implementation evidence. Phase 2 (construction) refined the framework through participatory sessions. A multidisciplinary group of 33 stakeholders, including professionals and managers from hospital and primary care settings, and postgraduate students, evaluated the proposed criteria for strategic relevance and operational clarity. This process resulted in a refined 10-criterion structure and the establishment of a dual-score assessment logic. Phase 3 (validation), planned as a subsequent step, will examine how the framework performs when applied prospectively in clinical settings. The development process yielded a framework comprising 10 operational criteria grouped into 3 conceptual domains (human, organizational, and technical). Stakeholder ratings indicated high strategic relevance across all criteria, with mean scores ranging from 4.03 (SD 0.95) for workflow integration to 4.61 (SD 0.56) for safety and comfort. The final instrument applies a dual-assessment approach in which each criterion is rated separately for strategic importance and organizational readiness. Mapping these dimensions enables organizations to identify priority gaps, particularly areas of high importance and low readiness, and to distinguish between manageable constraints and critical barriers requiring targeted preparatory action prior to implementation. MCDA-XR addresses a key governance gap in XR implementation by providing a structured way to align adoption decisions with institutional priorities and operational constraints. Rather than relying on descriptive feasibility assessments, the framework is intended to support explicit prioritization and action-oriented decision-making at the organizational level. MCDA-XR is positioned for Phase 3 evaluation, which will examine the practical utility, interpretability, and implementation relevance of the framework when applied prospectively in real-world clinical deployments.",2026,Journal of medical Internet research,INCLUDE_CANDIDATE,HIGH,Explicit AR/MR signal: extended reality,,,,,,,,,,LIKELY_ADVANCE_PENDING_PRIMARY_REVIEW
692,TA-03,42542779,10.1177/23821205261474060,Stressful Environments Negatively Impact the Resuscitation Skills of Doctors of Different Experience. A Randomized Controlled Cross-Over Trial.,"Cardio-pulmonary resuscitation (CPR) is an essential skill that all health providers must master. Simulation training on traditional manikins in a normal classroom does not prepare the trainees for the stress that could reduce the resuscitation performance of especially inexperienced providers during a real cardiac arrest. The aim of this randomized cross-over trial was to explore whether training using augmented reality (AR) was realistic enough to induce stress and impact the resuscitation skills of doctors of different experience levels. Novices, intermediates, and experienced physicians participated in this single-center, randomized, cross-over, simulation-based study. All participants had to perform CPR on a high-fidelity manikin with and without AR. In the immersive AR environment, sounds from multiple sources and visuals of bustling crowds were used to simulate a stressful environment. The State-Trait Anxiety Inventory (STAI) were used to measure the participants' perceived stress levels during the simulation sessions. Frequency and depth of chest compressions, and the ratio of chest compression time to the entire recovery cycle, i.e. the Chest Compression Fraction (CCF) were used to objectively measure the quality of the resuscitation. Trial Registration: not applicable. This study included 80 participants, novices=28, intermediates=27, and experienced=25. The novices reported significantly more stress during the AR simulation while participants with a higher level of experience were less affected by the stressful environment induced by the AR system. All three groups performed significantly worse regarding compression depth when they were in the stressful AR environment. Overall, 66 (83%) participants used the correct compression rate in the standard environment vs. 44 (55%) in the AR induced stressful environment, p<0.001; only the experienced did not perform significantly worse, p=0.36. The CCF increased significantly from 56% to 60% when performing resuscitation while using AR, indicating slightly better adherence to international recommendations. AR successfully added stress to performance of resuscitation in a simulated environment. It made it difficult for participants to achieve accurate depth of compression under pressure and the inexperienced also performed worse regarding compression rate and reported feeling more stressed. Training resuscitation using AR might prepare health care providers for the stressful situations of a clinical cardiac arrest.",2026,Journal of medical education and curricular development,INCLUDE_CANDIDATE,HIGH,Explicit AR/MR signal: augmented reality,,,,,,,,,AR_MENTION_MAY_BE_CONTEXT_ONLY,PRIORITY_VERIFY
693,TA-03,42541253,10.1016/j.jseint.2026.101752,Mixed reality with real-time navigation grants low deviations from planned inclination and version of the glenoid for reverse total shoulder arthroplasty.,"Correct glenoid version and inclination can limit scapular notching, instability, and glenoid loosening in reverse total shoulder arthroplasty (rTSA). Traditionally, planned trajectories were displayed on a screen close to the operating table and reproduced freehand intraoperatively. Mixed reality planning has emerged, using superimposition of the scapular hologram on the patient's glenoid, with intended trajectories and real-time navigation to provide more accurate guidance. The purpose was to assess the implant version and inclination in rTSA using mixed reality with navigation. The authors retrospectively assessed a series of 45 shoulders that underwent rTSA using mixed reality with navigation using a head-mounted display. Computed tomography scans were acquired for each shoulder and imported into Shoulder+ to plan the rTSA and define the target inclination and version. The head-mounted display was used to display an interactive hologram over the operative site to navigate the guidewire. Pre-operative and 6-month post-operative scans were performed, and version and inclination of the implant were measured. The final cohort comprised 35 shoulders, aged 75.5 ± 7.3 years. Additional operative time was 10.1 ± 2.5 minutes. The absolute deviation between post-operative and planned version was 2.8° ± 2.0 (P < .001), and the absolute deviation between post-operative and intraoperative version was 2.9° ± 2.1 (P = .003). The absolute deviation between post-operative and planned inclination was 4.6° ± 4.6 (P = .154), and the absolute deviation between post-operative and intraoperative inclination was 4.3° ± 4.3 (P = .074). rTSA with mixed reality navigation enables accurate glenoid implant positioning, with minimal deviations from planning. However, surgeons should be aware of the additional time required.",2026,JSES international,INCLUDE_CANDIDATE,HIGH,"Explicit AR/MR signal: mixed reality, head-mounted display",,,,,,,,,,LIKELY_ADVANCE_PENDING_PRIMARY_REVIEW
694,TA-03,42539816,10.1177/20552076261473784,Effectiveness of mixed reality-based rehabilitation on motor function in Parkinson's disease. A two-arm randomized trial.,"Parkinson's disease is a progressive neurodegenerative disorder characterized by motor signs affecting balance and activities of daily living. Mixed reality is a technological tool that projects digital elements in real time and space, enabling continuous, interactive, and functional motor tasks in a repetitive manner. The purpose of this study was to examine the use of a mixed reality interventional tool for the rehabilitation of balance, postural control, and hand dexterity in people with Parkinson's disease compared to traditional physiotherapy. In this 3-month intervention study, 30 people with Parkinson's disease (Hoehn and Yahr: 1-3) were randomly assigned to receive mixed reality (n=15) or traditional physiotherapy (n=15), while 15 healthy elderly participants were included as a control group. Participants completed 36 sessions of 30 minutes, three days per week for 12 weeks. Assessments were conducted at baseline, post-intervention, and at 4-week follow-up. Analysis of the Mini-BESTest showed no statistically significant differences between the two interventional groups over time (p=0.72), while both intervention groups differed significantly from the control group at post-intervention (mixed reality: p<0.001; traditional physiotherapy: p=0.002). For the Multi-Directional Reach Test, the rightward reach showed a significant Time × Group interaction (p=0.04), indicating that the pattern of change differed across groups, with significant between-group differences (p<0.001) reflecting superior performance of the mixed reality group. Similar results were obtained for leftward reach, with a significant Time × Group interaction (p=0.007) and between-group differences (p=0.005). Analysis of the 9-Hole Peg Test demonstrated significant improvements in both non-dominant (p=0.008) and dominant hand performance (p<0.001) in favour of mixed reality. These findings suggest that mixed reality is a safe and engaging rehabilitation option that can support improvements in functional performance in people with Parkinson's disease. Further research with larger samples is needed to clarify its comparative effectiveness across different domains of balance and hand function.",2026,Digital health,INCLUDE_CANDIDATE,HIGH,Explicit AR/MR signal: mixed reality,,,,,,,,,,LIKELY_ADVANCE_PENDING_PRIMARY_REVIEW
695,TA-03,42539065,10.21203/rs.3.rs-10437300/v1,Self-contained intraoperative surface acquisition on a mixed-reality headset: a comparison of sensor-based and learning-based reconstruction.,"Mixed-reality (MR) surgical navigation requires an intraoperatively measured organ surface for deformable image-to-physical registration, yet commercial headsets often rely on manual stylus digitization or external sensors. This work evaluates whether Magic Leap 2 (ML2) onboard sensors can provide this surface without external hardware, and whether its depth sensor or an RGB learning-based reconstruction is more accurate. Two paradigms were developed from identical ML2 input in a common SLAM-tracked frame. The first used the onboard short-range indirect time-of-flight (iToF) stream. The second recovered geometry from an RGB sweep using Depth Anything 3, with metric scale anchored by SLAM-tracked camera centers. Both were evaluated against optically tracked stylus ground truth on opaque plaster and translucent silicone liver phantoms, a surface-treated breast phantom, and an ex vivo porcine liver, with five runs per specimen. Sensor-based feasibility was also demonstrated in vivo on an anaesthetized pig. ML2 world-origin drift remained below 2 mm median across four perturbations, and the iToF sensor achieved approximately 2 mm absolute accuracy over 0.30-0.70 m. Accuracy depended on surface optics. The sensor-based method was more accurate on opaque plaster livers (RMSE 2.6 and 3.1 mm versus 4.7 and 5.0 mm), whereas the learning-based method was more accurate on translucent silicone livers (4.3 and 4.6 mm versus 4.8 and 5.3 mm). The sensor-based method also performed better on the sunscreen-coated breast phantom (2.9 versus 3.9 mm) and retained a modest advantage on the ex vivo porcine liver (4.2 versus 4.8 mm). In vivo, the sensor cloud showed a mean residual of 3.4 mm to its fitted surface. A commercial MR headset can acquire intraoperative organ surfaces using onboard sensors alone. Sensor-based reconstruction is preferred when active depth returns are reliable, whereas RGB learning-based reconstruction is more robust to optical failure modes but requires adequate multi-view coverage.",2026,Research square,INCLUDE_CANDIDATE,HIGH,"Explicit AR/MR signal: mixed-reality, magic leap",,,,,,,,,,LIKELY_ADVANCE_PENDING_PRIMARY_REVIEW
696,TA-03,42537625,10.1016/j.jamda.2026.106408,Effectiveness of an Augmented Reality-Assisted Baduanjin on Multidimensional Frailty Among Older Adults in Long-Term Care Facility: A Three-Arm Randomized Controlled Trial.,"Frailty accelerates functional decline and increases care dependence in long-term care facility (LTCF) residents. This trial evaluated whether augmented reality (AR)-integrated Baduanjin improves multidimensional frailty and related health outcomes in institutionalized older adults. Single-blind, 3-arm randomized controlled trial. One hundred seventeen older adults (75.5 ± 5.1 years; 50% female) from LTCFs in Chongqing, China were randomized to AR, video, or control groups (n = 39 each). The AR system provided real-time kinematic tracking and visual feedback during exercise. The primary outcome was the Fried frailty phenotype. Secondary outcomes included physical, psychosocial, cognitive, and functional measures (eg, Activities of Daily Living Scale, 36-Item Short-Form Health Survey, and 15-Item Geriatric Depression Scale). Assessments were conducted at baseline, 6 weeks, and 12 weeks. Effects were analyzed using repeated-measures analysis of variance. Adherence was high (AR, 91%; video, 89%). Significant effects of time (F = 39.47; P < .01), group (F = 3.46; P = .035), and interaction (F = 45.99; P < .01) were observed for frailty. The AR group showed greater improvement than controls at 12 weeks (P < .01). AR also produced superior gains in physical function, Activities of Daily Living Scale, nutrition, cognition, and mood compared with video and control groups. AR-enhanced Baduanjin significantly improves frailty and multidimensional health outcomes in LTCF residents. Integrating real-time digital feedback with traditional exercise is a feasible and scalable approach for frailty management in aged care settings.",2026,Journal of the American Medical Directors Association,INCLUDE_CANDIDATE,HIGH,Explicit AR/MR signal: augmented reality,,,,,,,,,,LIKELY_ADVANCE_PENDING_PRIMARY_REVIEW
697,TA-03,42536111,10.2196/89235,"Motivational Factors, Physical Activity Impacts, and Sociopsychological Effects of Pokémon GO in Players Over the Years: Scoping Review.","Pokémon GO (PoGo) is a global, location-based augmented reality game integrating virtual play with real-world exploration and social interaction. Its mass adoption and evolving physical and social mechanics make it a salient case to assess whether gamified apps can drive sustained behavior change and deliver health benefits. PoGo's effects over the years on physical activity (PA), mental and social well-being, and societal impacts remain unexplored by previous reviews. This study aimed to map PoGo's impacts over the years on PA and health, mental well-being, social connectivity, and broader societal outcomes; synthesize motivational factors for initiation, continuance, and disengagement; and assess whether gaps noted in early launch-era reviews are addressed by more recent studies. This scoping review followed Arksey and O'Malley's 5-stage framework and was reported according to PRISMA-ScR (Preferred Reporting Items for Systematic Reviews and Meta-Analyses extension for Scoping Reviews) guidelines. Eligible studies and gray literature examined PoGo's impacts on physical and mental health and well-being, social and community outcomes, player motivations and notable in-game features, public health applications, and risks. Exclusions included reviews and studies focused solely on technological or augmented reality potential without health or social outcomes. Searches covered August 2016 to December 2025 across Web of Science, ProQuest, PubMed, Scopus, PsycINFO, ScienceDirect, and ProQuest Theses and Dissertations. Eligible papers were screened by multiple reviewers with consensus resolution. The extracted data were charted in Microsoft Excel and synthesized thematically. A total of 186 sources were included. Twenty-nine studies reported increases in steps, walking or running distances, and outdoor time. The effects were often short-lived, with more sustained gains among older adults and sedentary or overweight young adults. PoGo play was associated with higher life satisfaction, positive affect, reduced distress and loneliness, and a stronger sense of community. Some cognitive benefits were found in adolescents. Social outcomes were reinforced by PoGo-related interactions, as found in 25 studies. PoGo initiation was driven by nostalgia and novelty. Continuance was supported by the satisfaction of needs and regular content updates. Maladaptive drivers were linked to gaming disorder risk and physical strain. Safety concerns in public spaces were found in 17 studies. Data privacy concerns were also identified. Stationary playing may attenuate PA. Societal impacts included suggested public health applications, tourism and mobility effects, and economic benefits tied to existing and potential events and partnerships. This scoping review assessed PoGo's impacts through a novel synthesis of PA, mental well-being, and social connectivity research. PoGo is associated with increased walking and reduced loneliness for some demographics, although long-term effects remain unclear. While successful gamified features motivate outdoor activity, concerns exist regarding the associated risks. PoGo demonstrates value for encouraging sedentary individuals toward light PA and social engagement.",2026,Journal of medical Internet research,INCLUDE_CANDIDATE,HIGH,Explicit AR/MR signal: augmented reality,,,,,,,,,SECONDARY_OR_COMMENTARY_TITLE;AR_MENTION_MAY_BE_CONTEXT_ONLY,PRIORITY_VERIFY
698,TA-03,42535790,10.1111/eje.70267,Virtual Learning Environments for Teaching Tooth Morphology to Dental Students: A Systematic Review of Learning Outcomes and Student Perceptions.,"To evaluate the learning outcomes and student perceptions associated with Virtual Learning Environments (VLEs) for teaching tooth morphology to dental students, compared with conventional methods. PubMed, Scopus and Web of Science databases were searched to identify studies that (1) employed augmented or virtual reality for dental morphology education, (2) had a control group using conventional teaching methods and (3) reported quantitative data on student performance or qualitative data on student perceptions. Quality assessment was done using the Mixed Methods Appraisal Tool. Out of 874 studies, seven studies were selected. Most studies reported favourable learning outcomes or positive student perceptions, but only two evaluated objective test performance, and one of these found no significant advantage over conventional teaching. Students using an augmented reality tooth-carving tool reported higher satisfaction with the learning experience than those using plastic models. Student perceptions varied by technology. Virtual reality applications were generally received favourably. Augmented reality tools attracted mixed feedback owing to usability and technical limitations. Based on limited low-quality evidence, Virtual Learning Environments, including AR and VR, show promise as tools for teaching dental morphology. Augmented reality applications were associated with favourable knowledge and skill outcomes in individual studies, while virtual reality studies more often reported positive perceptions than measurable gains in test performance. Larger, adequately controlled studies using validated outcome measures are required before firm recommendations can be made. The present systematic review has been registered with the International Prospective Register of Systematic Reviews (PROSPERO registration number CRD42024520759).",2026,European journal of dental education : official journal of the Association for Dental Education in Europe,INCLUDE_CANDIDATE,HIGH,Explicit AR/MR signal: augmented reality,,,,,,,,,SECONDARY_OR_COMMENTARY_TITLE,PRIORITY_VERIFY
699,TA-03,42535416,10.2340/1651-226X.2026.45297,The Clinical outcomes following pencil beam scanning proton therapy for skull base chordoma and chondrosarcoma: a single-institution experience.,"Chordomas and chondrosarcomas of the skull base are rare, locally aggressive tumors that pose significant therapeutic challenges due to their proximity to critical anatomical structures. While maximal safe surgical resection remains the cornerstone of management, the infiltrative nature of these tumors often precludes radical excision, necessitating adjuvant radiotherapy. Given their relative radioresistance, high-dose radiotherapy exceeding 70 Gray Relative Biological Effectiveness (GyRBE) is required to achieve durable local control. This study evaluated long-term outcomes and toxicity following pencil beam scanning (PBS) proton therapy in patients with skull base chordoma and chondrosarcoma. We retrospectively analyzed 76 patients (50 chordoma, 26 chondrosarcoma) treated with curative-intent PBS between 2016 and 2020. Median prescribed doses were 74.0 GyRBE for chordomas and 70.0 GyRBE for chondrosarcomas. Clinical endpoints included overall survival (OS), local failure-free survival (LFFS), distant metastasis-free survival (DMFS), and toxicity graded according to CTCAE v5.0. At a median follow-up of 70.2 months, 5-year OS, LFFS, and DMFS for the entire cohort were 84.0, 86.9, and 92.7%, respectively. Local control was numerically higher in chondrosarcoma (96.1%) than in chordoma (81.9%; p = 0.116). Tumor contact with the optic apparatus or brainstem was associated with worse OS (p = 0.0034 and p = 0.0151, respectively) and proximity to the optic pathways correlated with poorer local control (p = 0.0182). Grade ≥ 3 late toxicity occurred in 9.2% of patients, predominantly hearing impairment and temporal lobe necrosis. PBS achieves excellent local control and survival with an acceptable safety profile in skull base chordoma and chondrosarcoma. Our findings align with ongoing efforts toward dose intensification, hypofractionation, and particle selection. Moreover, emerging integration of artificial intelligence for contouring, treatment adaptation, and toxicity prediction, along with augmented reality-assisted positioning and patient education, promises to further enhance treatment precision and outcomes. Through long-term follow-up and engagement with international research initiatives, our institution contributes to the global advancement of biologically guided, high-precision radiotherapy for rare skull base malignancies.",2026,"Acta oncologica (Stockholm, Sweden)",INCLUDE_CANDIDATE,HIGH,Explicit AR/MR signal: augmented reality,,,,,,,,,,LIKELY_ADVANCE_PENDING_PRIMARY_REVIEW
700,TA-03,42533562,10.14744/AnatolJCardiol.2026.6165,Mixed Reality-Assisted Planning Enables Successful Coil Embolization of Anatomically Complex Peridevice Leak After LAAC.,,2026,Anatolian journal of cardiology,INCLUDE_CANDIDATE,HIGH,Explicit AR/MR signal: mixed reality,,,,,,,,,ABSTRACT_MISSING,PRIORITY_VERIFY
701,TA-03,42533458,10.26402/jpp.2026.3.06,"Electrodermal activity during dental procedures: effects of procedure type, age, and audiovisual interventions.","Dental anxiety affects roughly 15% of the general population, yet the relative contribution of procedure type, patient age, and distraction interventions to objective autonomic arousal during dental treatment remains poorly characterised. This study investigated the effects of these three factors on electrodermal activity (EDA) in a clinical dental setting. Skin conductance was continuously recorded in 65 adult patients (age 18-29: n=23; 30-55: n=19; ≥56: n=23) undergoing dental procedures under local anaesthesia at a walk-in dental clinic. Patients were randomly assigned to audiovisual intervention (n=30) or control (n=35), and EDA was measured with a wrist-worn sensor and analyzed in STATISTICA 13.0 using nonparametric tests. Extractions produced significantly elevated mean EDA (mean (M)=10.85 μS, standard deviation (SD)=5.00) compared with non-extraction procedures (M=5.20 μS, SD=5.60; Z=4.25, P<0.001, η2=0.28). Older patients (≥56 years: median (Mdn)=2.49 µS) showed lower EDA than middle-aged patients (30-55 years: Mdn=7.81 µS; H=7.96, P=0.019, η2=0.09), consistent with physiological aging and stress resilience. Procedure duration did not correlate with EDA (r(s)=0.15, P=0.23). Anti-stress ball users showed elevated EDA during extractions (Mdn=13.12 vs. 8.60 μS, Z=-2.22, P=0.026), most plausibly attributable to bilateral hand immobilisation imposed by the study protocol. Among non-extraction procedures, augmented reality glasses (AR) were associated with the lowest median EDA (Mdn=2.35 μS, n=12), followed by music glasses (Mdn=2.73 µS, n=4) and headphones (Mdn=4.01 µS, n=3), though group differences were non-significant (H=1.42, P=0.49). Autonomic arousal was more strongly determined by procedure invasiveness (η2=0.28) than by patient age (η2=0.09), with the invasiveness effect driven primarily by the extraction subgroup. AR glasses were well tolerated and associated with the lowest EDA in non-extraction procedures, warranting evaluation in an adequately powered trial. Adequately powered randomised controlled trials restricted to single procedure types and incorporating validated anxiety scales are required before clinical recommendations can be made.",2026,Journal of physiology and pharmacology : an official journal of the Polish Physiological Society,INCLUDE_CANDIDATE,HIGH,Explicit AR/MR signal: augmented reality,,,,,,,,,,LIKELY_ADVANCE_PENDING_PRIMARY_REVIEW
702,TA-03,42533186,10.1007/s11548-026-03763-4,"Robotic ultrasound scanning platform with autonomous control, multimodal human-machine interface and real-time image analysis.","Autonomous robots can streamline repetitive and time-consuming surgical tasks like ultrasound scanning. AI can provide the necessary intelligence, but for clinical acceptance, systems must move predictably, offer intuitive interaction, and maintain low latency on medical-grade hardware. We present an integral robotic platform for autonomous ultrasound scanning. The platform allows to perform scanning on either manual or autonomous mode. The autonomous control combines AI-driven ultrasound target segmentation with geometric motion algorithms designed to focus the probe on the segmented target. We optimized the image processing models for specialized hardware to ensure real-time performance with constrained resources. Users can control the platform via natural language voice commands processed by a Large Language Model (LLM) and visualize the procedure through a synchronized 3D Digital Twin and an augmented reality (AR) environment. We tested the platform in hepatic tumor localization in a synthetic phantom. Autonomous tumor localization showed a success rate of 84% with an average execution time of 5.75 s. Our system successfully automates ultrasound tasks, allowing the user to control the process through an intuitive, multimodal interface. By pairing optimized AI with specialized hardware, we achieved low-latency, real-time adaptability with minimal hardware resources. In the future we plan to adapt this platform for more complex neurosurgical and urological procedures.",2026,International journal of computer assisted radiology and surgery,INCLUDE_CANDIDATE,HIGH,Explicit AR/MR signal: augmented reality,,,,,,,,,AR_MENTION_MAY_BE_CONTEXT_ONLY,PRIORITY_VERIFY
703,TA-03,42531451,10.5489/cuaj.9583,Advancing laparoscopic surgery with the use of augmented reality headsets.,"Laparoscopic surgery faces ergonomic and visualization challenges. While robotic surgery addresses these challenges, it is often limited by cost. AR headset technology can offer a readily implementable complement to laparoscopic surgery at a lower cost. We aimed to evaluate the potential utility of implementing augmented reality (AR) glasses as an alternative to traditional laparoscopic display screens. A within-subjects crossover study was conducted, including 34 participants consisting of urology residents, fellows, and staff. Participants completed either a circle cutting exercise in a laparoscopic box simulator (n=19) or a procedural step during a live porcine nephrectomy (n=15), using both the traditional laparoscopic display and AR glasses. Participants completed a questionnaire assessing the AR glasses in image quality, ergonomics, task performance, and overall experience. The majority of ratings favored AR glasses over traditional monitors for image quality, ergonomics, and performance. Most participants favored AR glasses over traditional monitors, with 85.8% favoring AR for image quality (p<0.001), 84.8% for ergonomics (p<0.001), 90.1% for performance (p<0.001), and 90.1% for overall experience (p<0.001). AR glasses are a feasible alternative to traditional laparoscopic displays, providing the benefits of improved ergonomics and visualization during laparoscopic surgery, while benefiting from substantially lower costs in comparison to robotic systems. These advantages and high overall participant satisfaction suggest that AR technology could serve a role in complementing and enhancing laparoscopic surgery. Validation in a real-world setting is imperative to corroborate these findings.",2026,Canadian Urological Association journal = Journal de l'Association des urologues du Canada,INCLUDE_CANDIDATE,HIGH,Explicit AR/MR signal: augmented reality,,,,,,,,,,LIKELY_ADVANCE_PENDING_PRIMARY_REVIEW
704,TA-03,42531036,10.1037/xge0001968,Generalizing perception-action coupling depends on context: Spatial updating is nonobligatory in virtual but not mixed reality.,"People learn perception-action coupling through repeated interactions with environments. With extensive practice, perception-action coupling becomes automatic, and instructions that contradict such coupling are often ignored, suggesting that the coupling becomes obligatory. One theoretical question is how perception-action coupling in learning contexts generalizes to other contexts. Spatial updating, the process by which people revise their spatial relationship to objects during locomotion, is considered both automatic and obligatory in physical environments, making it ideal for studying coupling generalization. This study examined whether spatial updating remains obligatory in immersive virtual and mixed-reality environments. Participants learned an object array from one orientation and performed judgments of relative direction from two imagined and two actual headings, same as or opposite to the learning heading. Spatial updating was indexed by superior pointing performance when imagined and actual headings were aligned rather than when they were misaligned, an aligned-imagined effect. In Experiments 1 and 2, participants learned virtual objects in immersive virtual environments, with the virtual room either removed or retained during testing. In Experiments 3 and 4, participants learned a mixed layout of real and virtual objects. In Experiment 5, participants learned real objects in a physical environment. Despite instructions to suppress spatial updating, sensorimotor alignment effects appeared in Experiments 3, 4, and 5, but not in Experiments 1 and 2. These findings suggest that spatial updating is not obligatory in immersive virtual environments but remains obligatory in mixed-reality and physical environments. More broadly, obligatory coupling may become less obligatory in transfer contexts, depending on context similarity. (PsycInfo Database Record (c) 2026 APA, all rights reserved).",2026,Journal of experimental psychology. General,INCLUDE_CANDIDATE,HIGH,"Explicit AR/MR signal: mixed reality, mixed-reality",,,,,,,,,,LIKELY_ADVANCE_PENDING_PRIMARY_REVIEW
705,TA-03,42530894,10.1177/10538135261472484,Effect of Visual Modification by Video See-Through Augmented Reality with REHA-Glasses on Postural Verticality in Individuals with Post-Stroke Lateropulsion.,"ObjectivesTo examine whether post-stroke lateropulsion can be corrected to the upright position by wearing REHA-glasses, which provide the wearer with front-view images rotated based on body tilt.MethodsA prospective, open-label, single-arm, exploratory, interventional study for individuals with first-ever acute stroke and spontaneous body posture rated ≥ 0.75 on the Scale for Contraversive Pushing (SCP) was conducted in a single center in Japan. The intervention was performed by three physical therapists who understood the study protocol. When the participants wore REHA-glasses, the therapist rotated the visual field of view with the intent of moving the participants' position to an upright stance. Differences in assessment between therapists were resolved by mutual agreement. The primary outcome was the change in the total SCP score between the pre-wearing and wearing periods. Adverse events included falling, cybersickness symptoms, deterioration of neurological symptoms, and mechanical problems.ResultsTwenty-four participants (mean 67.6 years) were enrolled. The total SCP score was lower during wearing than during pre-wearing: mean 0.62 (standard deviation: 0.96) vs. 2.26 (1.13); median 0.1 (interquartile range: 0-0.9) vs. 2.0 (1.3-2.5); mean difference 1.64 (95% confidence interval: 1.29-1.97), respectively, p < 0.001, Cohen's dz = 2.04. Mechanical problems, due to damage to the connection port of the headset, was the only adverse event, which did not endanger the participants' safety.ConclusionsPost-stroke lateropulsion was improved by modulating visual input using REHA-glasses.",2026,NeuroRehabilitation,INCLUDE_CANDIDATE,HIGH,"Explicit AR/MR signal: augmented reality, video see-through",,,,,,,,,,LIKELY_ADVANCE_PENDING_PRIMARY_REVIEW
706,TA-03,42529577,10.3171/2026.4.FOCVID2650,Augmented reality to visualize nerve segmentation intraoperatively for endoscopic discectomy.,Intraoperative visualization throughout endoscopic discectomy remains limited. A 70-year-old female presented with a left-sided L2-3 disc herniation. Preoperative MRI-based nerve segmentation was integrated with intraoperative CT imaging to generate a virtual operative field. Augmented reality (AR) visualization was used to project the segmented spinal anatomy onto the patient in real time. A partial discectomy was performed to decompress the affected nerves without the need for a foraminoplasty. The patient tolerated the procedure well with significant pain relief. This case study demonstrates the safety and feasibility of endoscopic discectomy without foraminoplasty with the aid of AR guidance with preoperative nerve segmentation. The video can be found here: https://stream.cadmore.media/r10.3171/2026.4.FOCVID2650.,2026,Neurosurgical focus: Video,INCLUDE_CANDIDATE,HIGH,Explicit AR/MR signal: augmented reality,,,,,,,,,,LIKELY_ADVANCE_PENDING_PRIMARY_REVIEW
707,TA-03,42529055,10.3389/fdgth.2026.1844330,Recurring implementation determinants in digital health innovations: a multi-context multiple case study and cross-case synthesis into a four-domain analytical framework.,"Digital health technologies are increasingly used in healthcare, but their implementation in routine practice remains uneven. Many solutions are introduced as pilots but are not sustained, scaled up, or fully embedded in everyday organizational work. This study aimed to identify implementation determinants that recur across different real-world digital health settings and to organize them into a practical analytical framework for implementation planning and readiness assessment. We conducted a secondary qualitative multiple case study with cross-case synthesis. Thirteen digital health implementations from six European countries, developed within an Erasmus+ project, were analyzed using standardized implementation case reports. The cases covered a range of technologies, including telemonitoring, artificial intelligence, extended reality solutions, and digital platforms, implemented at different levels of healthcare systems. The reports described implementation context, technology type, stakeholders, barriers and facilitators, organizational conditions, and lessons learned. Because the material consisted of secondary standardized reports rather than primary qualitative data, the analysis focused on recurring reported determinants and did not aim to develop a fully inductive explanatory theory. Established implementation frameworks were used ex post to support interpretation. The analysis identified 20 implementation determinants. These were organized into four interdependent domains: technological, organizational, user-related, and system-level. Frequently reported issues included interoperability, usability, leadership and governance, workflow integration, staff competencies, user engagement, funding stability, and regulatory alignment. Across the cases, implementation challenges rarely concerned the technology alone. The resulting four-domain framework offers a concise way to structure implementation knowledge across heterogeneous digital health settings. It may support early identification of implementation risks, readiness assessment, and more systematic planning of digital health interventions. The framework is best understood as an analytical and planning tool, rather than as a model that predicts implementation success.",2026,Frontiers in digital health,INCLUDE_CANDIDATE,HIGH,Explicit AR/MR signal: extended reality,,,,,,,,,AR_MENTION_MAY_BE_CONTEXT_ONLY,PRIORITY_VERIFY
708,TA-03,42528474,10.1080/09638288.2026.2707106,Experiences of individuals who underwent Phantom Motor Imagery treatment to decrease phantom limb pain and the consequences on their daily functioning.,"Phantom Limb Pain (PLP) frequently occurs after limb amputation and often negatively influences daily functioning. Phantom Motor Imagery (PMI) treatment intends to decrease PLP by imagining phantom movements guided by extended reality techniques. The aim of this study was to investigate the experiences of individuals with PLP after limb amputation who underwent PMI treatment, and to explore the consequences of PMI treatment on daily functioning. A qualitative study was performed, consisting of semi-structured interviews one month after PMI treatment among eight Dutch participants with chronic PLP after a lower-limb amputation (mean age 63 years, 50% female). Data analysis followed the Framework Method. Most participants experienced better control of the phantom limb after PMI treatment. The treatment was considered mentally demanding. PLP decreased in most participants, enhancing mood, sleep and daily participation. Some experienced recurrence of PLP post-treatment and reported limited knowledge about PLP. PMI treatment has the potential to reduce PLP, and consequently improve quality of life. Intermittent PMI sessions after completing the initial treatment would be advised for lasting effect. Regularly imagining moving their phantom limb could be beneficial for patients. Clinicians should educate patients about PLP.",2026,Disability and rehabilitation,INCLUDE_CANDIDATE,HIGH,Explicit AR/MR signal: extended reality,,,,,,,,,AR_MENTION_MAY_BE_CONTEXT_ONLY,PRIORITY_VERIFY
709,TA-03,42528107,10.1111/tct.70484,Selecting Authentic and Feasible Pass/Fail Assessments in Competency-Based Education: A Clinical Teacher's Toolbox.,"Competency-based education (CBE) has shifted health professions training away from time-based progression and numerical grading toward criterion-referenced, pass/fail judgements of competence. As programmes adopt CBE, educators must design assessments that generate defensible evidence of competence while remaining sustainable at scale. This Clinical Teacher's Toolbox article presents a comparative framework for selecting summative, pass/fail assessments using two complementary lenses: authenticity and feasibility. We examine commonly used classroom-based assessments, including higher order multiple choice questions, oral examinations (vivas), case-based documentation write-ups, chart-stimulated recall, adaptive virtual case platforms, simulation, objective structured clinical exams (OSCEs), uploaded clinical video demonstrations, simulated patient education videos and emerging virtual or augmented reality approaches. We situate these assessments along Miller's Pyramid and domains of competence. Authenticity is conceptualised as a continuum shaped by task design and the extent to which assessments require integration of knowledge, reasoning, and performance aligned with professional practice. Feasibility reflects faculty workload, feedback capacity, calibration demands, scalability and vulnerability to inappropriate use of artificial intelligence. By integrating these lenses, we demonstrate how combining scalable written assessments with selectively deployed higher authenticity modalities can generate meaningful upstream evidence that supports downstream entrustment decisions. This toolbox offers practical guidance for designing repeatable, defensible and sustainable pass/fail assessment within competency-based programmes.",2026,The clinical teacher,INCLUDE_CANDIDATE,HIGH,Explicit AR/MR signal: augmented reality,,,,,,,,,,LIKELY_ADVANCE_PENDING_PRIMARY_REVIEW
710,TA-03,42528022,10.1002/nop2.70721,Effectiveness of Extended Reality-Based Cardiopulmonary Resuscitation Training for Healthcare Students: A Protocol for a Systematic Review and Meta-Analysis.,"Sudden cardiac arrest remains a major cause of global mortality, underscoring the importance of cardiopulmonary resuscitation. Extended reality (XR) technologies, including virtual, augmented, and mixed reality, have recently emerged as innovative approaches to enhance simulation-based CPR education for nursing and healthcare students. To present the protocol for a systematic review and meta-analysis intended to evaluate the effects of XR-based interventions on CPR training outcomes among healthcare students. The protocol was developed following the Preferred Reporting Items for Systematic Review and Meta-Analysis Protocols (PRISMA-P) recommendations. Electronic database searches will be performed in PubMed/MEDLINE, EMBASE, CINAHL, Cochrane Library, Web of Science, and Scopus. Relevant studies will be searched through systematic database and reference screening. Randomised controlled trials and quasi-experimental studies investigating XR-supported CPR training will be considered for inclusion. Two reviewers will independently conduct study screening and data extraction, with disagreements resolved through consultation with a third reviewer. Methodological quality will be evaluated using the Cochrane ROB 2 tool and the ROBINS-I assessment tool where appropriate. Findings will first be summarised narratively, while meta-analysis will be undertaken if sufficient methodological homogeneity among studies is observed. Current evidence on XR-based CPR training has primarily focused on laypersons or practicing professionals, leaving evidence specific to nursing and other healthcare students limited. This review will try to systematically summarise and appraise available studies in this population, with particular attention to reported outcomes related to CPR competencies. The results may help identify evidence gaps and guide future research directions. If XR demonstrates potential advantages, this review may support educators in considering the role of XR technologies in CPR training programs. No public or patient contribution. This protocol is registered in the International Prospective Register of Systematic Reviews (PROSPERO registration number: CRD42024528709).",2026,Nursing open,INCLUDE_CANDIDATE,HIGH,"Explicit AR/MR signal: mixed reality, extended reality",,,,,,,,,SECONDARY_OR_COMMENTARY_TITLE,PRIORITY_VERIFY
711,TA-03,42525944,10.1109/TBCAS.2026.3717910,A Bias-Electrode-Free Multichannel ExG Readout IC With Time-Multiplexed PAM-4 Body Channel Communication.,"We propose a multi-channel ExG recording system integrated with body channel communication (BCC), targeting wearable multimodal human-machine interfaces, such as extended reality (XR) and brain-computer interfaces (BCIs). To suppress noise from the BCC transmitter that appears as common-mode interference (CMI) at the ExG analog front end (AFE), we use time-multiplexed acquisition scheme that allocates separate time slots for ExG recording and BCC transmission. This temporal separation preserves ultra-low-noise ExG acquisition, enabling reliable recording of EEG and EOG in addition to EMG and ECG. Because the BCC transmitter must transmit multi-channel ExG data within a limited slot, it requires a high data rate. Using PAM-4 signaling, the proposed system achieves a 10-Mbps data rate. This modulation scheme is enabled by a bias-electrode-free ExG AFE, which increases the BCC signal amplitude by approximately 2.13$\boldsymbol{\times}$, thereby providing sufficient amplitude margin for reliable PAM-4 level discrimination. In addition, a charge-pump-based CMI cancellation loop incorporating a multi-channel least-mean-square (LMS) filter, together with a DC servo loop, mitigates inter-channel mismatch and suppresses differential-mode artifacts. Fabricated in 180-nm CMOS, the chips achieve a total common-mode rejection ratio (CMRR) of 101.1 dB and suppress electrode DC offsets up to 500 mV, while maintaining stable operation under 18-Vpp common-mode interference and 15% electrode mismatch.",2026,IEEE transactions on biomedical circuits and systems,INCLUDE_CANDIDATE,HIGH,Explicit AR/MR signal: extended reality,,,,,,,,,,LIKELY_ADVANCE_PENDING_PRIMARY_REVIEW
712,TA-03,42525935,10.1109/TPAMI.2026.3717912,EgoLoc: A Generalizable Solution for Temporal Interaction Localization in Egocentric Videos.,"Analyzing hand-object interaction in egocentric vision facilitates VR/AR applications and human-robot policy transfer. Existing research has mostly focused on modeling the behavior paradigm of interactive actions (i.e., ""how to interact""). However, the more challenging and fine-grained problem of capturing the critical moments of contact and separation between the hand and the target object (i.e., ""when to interact"") is still underexplored, which is crucial for immersive interactive experiences in mixed reality and robotic motion planning. Therefore, we formulate this problem as temporal interaction localization (TIL). Some recent works extract semantic masks as TIL references, but suffer from inaccurate object grounding and cluttered scenarios. Although current temporal action localization (TAL) methods perform well in detecting verb-noun action segments, they rely on category annotations during training and exhibit limited precision in localizing hand-object contact/separation moments. To address these issues, we propose a novel zero-shot approach dubbed EgoLoc to localize hand-object contact and separation timestamps in egocentric videos. EgoLoc introduces hand-dynamics-guided sampling to generate high-quality visual prompts. It exploits the vision-language model to identify contact/separation attributes, localize specific timestamps, and provide closed-loop feedback for further refinement. EgoLoc eliminates the need for object masks and verb-noun taxonomies, leading to generalizable zero-shot implementation. Comprehensive experiments on the public dataset and our novel benchmarks demonstrate that EgoLoc achieves plausible TIL for egocentric videos. It is also validated to effectively facilitate multiple downstream applications in egocentric vision and robotic manipulation tasks. Code and relevant data are released at https://github.com/IRMVLab/EgoLoc.",2026,IEEE transactions on pattern analysis and machine intelligence,INCLUDE_CANDIDATE,HIGH,Explicit AR/MR signal: mixed reality,,,,,,,,,,LIKELY_ADVANCE_PENDING_PRIMARY_REVIEW
713,TA-03,42522827,10.31557/APJCP.2026.27.7.2653,Augmented Reality-Based Breast Self-Examination Education and Its Effects on Knowledge and Perceived Behavioral Control Among Indonesian Adolescent Girls: A Quasi-Experimental Study.,"Breast cancer is the most common malignancy among women, with an increasing burden among adolescents and young adults. Breast self-examination (BSE) is a simple and low-cost method for early detection; yet, its practice remains suboptimal in this age group. Augmented Reality (AR) is a promising approach to enhancing cancer education. This study aims to rigorously compare the effects of AR-based education and traditional learning on breast self-examination (BSE) knowledge and perceived behavioral control (PBC) among adolescent girls, with the goal of identifying the more effective approach for empowering this population. A quasi-experimental posttest-only non-equivalent control group design was conducted among tenth-grade female students at a public senior high school in Yogyakarta, Indonesia. A total of 140 adolescents were assigned to an intervention group (n = 70) or a control group (n = 70). The intervention group received AR-based BSE education using a three-dimensional mobile application, whereas the control group received lecture-based education with posters and leaflets. Knowledge and PBC were assessed three months after the intervention using validated, self-administered questionnaires, and data were analyzed using appropriate nonparametric tests (α = 0.05). The AR group demonstrated a substantially higher proportion of participants with high knowledge compared to the control group (71.4% vs. 28.6%; p < 0.001, r = 0.26), as well as significantly higher total knowledge scores (p = 0.002). Participants in the AR group were significantly less likely to perceive BSE as time-consuming, expensive, complex, or embarrassing (all p < 0.01). Notably, perceived behavioral control (PBC) increased in the AR group (p < 0.001, r = 0.767). AR-based education was superior to conventional learning, resulting in significant improvements in BSE-related knowledge, substantial reductions in perceived barriers, and a marked increase in perceived behavioral control among adolescent girls.",2026,Asian Pacific journal of cancer prevention : APJCP,INCLUDE_CANDIDATE,HIGH,Explicit AR/MR signal: augmented reality,,,,,,,,,,LIKELY_ADVANCE_PENDING_PRIMARY_REVIEW
714,TA-03,42522779,10.1111/jspn.70021,The Use of Extended Reality Distraction Methods During Needle-Related Procedures in Pediatric Hospital Care-Children's Experiences.,"To describe children's experiences of using extended reality (XR) distraction, namely virtual reality (VR) and augmented reality (AR), during needle-related procedures. An exploratory, prospective convergent parallel mixed-methods design was employed. Self-reported measures and structured observations conducted in accordance with a predefined protocol were combined with semi-structured interviews. Data were presented using descriptive statistics and synthesized through thematic analysis. Observations were conducted during 29 venipunctures in children using XR distraction. A majority of the children (90%) reported positive experiences with the use of XR distraction. Numerical Rating Scale pain scores (0-10) were low in both groups, with a mean of 1.26 (SD 1.16) for VR and 1.77 (SD 1.79) for AR. Most procedures (62%) were carried out as planned. No child declined the use of the device. Physical restraint was not observed; however, supportive holding was used in 10% of procedures. Four themes were identified through the interviews: Emotional support and comfort, The artificial world becomes reality, A diversified experience, and Usability aspects influencing user experience. When appropriately implemented, XR distraction may reduce pain and anxiety among children during needle-related procedures. However, it is not universally effective, underscoring the importance of a child-centered approach that allows children to select their preferred distraction method. Further research is required to determine optimal implementation strategies, assess cost-effectiveness, and clarify the role of XR distraction in delivering high-quality pediatric care during needle-related procedures. The demonstrated benefits of XR distraction during needle-related procedures may encourage healthcare professionals to incorporate such tools into clinical practice. Nevertheless, the findings also emphasize the importance of adopting a child-centered approach, recognizing that XR distraction is not suitable for all children.",2026,Journal for specialists in pediatric nursing : JSPN,INCLUDE_CANDIDATE,HIGH,"Explicit AR/MR signal: augmented reality, extended reality",,,,,,,,,,LIKELY_ADVANCE_PENDING_PRIMARY_REVIEW
715,TA-03,42521154,10.1016/j.wneu.2026.125214,Mixed Reality Holography-Assisted Neuroendovascular Coil Embolization of Intracranial Aneurysms: Feasibility and a Novel Benefit Scoring System in 123 Consecutive Cases.,"Endovascular coil embolization is an established treatment for intracranial aneurysms; however, it is limited by its reliance on two-dimensional fluoroscopic imaging. Mixed reality holography (MRH) offers real-time three-dimensional visualization, potentially improving procedural accuracy and patient outcomes. This study evaluated the feasibility and clinical utility of MRH for neuroendovascular procedures, specifically to assess the feasibility, benefits, and outcomes of MRH-assisted endovascular coil embolization for treating intracranial aneurysms. Object Loader, an existing mixed reality application built on the Unity platform, was deployed on HoloLens 2. Between September 2021 and August 2024, 115 consecutive patients with 123 intracranial saccular aneurysms underwent MRH-assisted embolization. Preoperative three-dimensional vascular models were created using rotational angiography and were integrated into the MRH system. The benefits of MRH were assessed using a novel scoring system, developed by the authors, that quantified its impact on anatomical visualization, spatial awareness, and catheter navigation. Procedural success, aneurysm occlusion rates, and complications were analyzed. MRH significantly improved spatial perception and anatomical discrimination with a mean benefit score of 6.0. The most frequent benefits were enhanced visualization of the overlapping anatomy (89%) and improved spatial awareness (64%). Immediate postoperative angiography revealed a complete occlusion rate of 92% (modified Raymond-Roy classification I). No hemorrhagic complications occurred, and 2 cases of in-stent thrombosis were successfully managed intraoperatively. No new neurological deficits were observed in any of the patients. MRH enhanced intraoperative spatial awareness and anatomical discrimination in neuroendovascular aneurysm embolization. The MRH Benefit Scoring system provides a reproducible framework for evaluating visualization technologies in this field. MRH may serve as a valuable adjunct that could help reduce cognitive load and enhance spatial awareness; however, its effect on procedural outcomes remains to be established through prospective, controlled studies.",2026,World neurosurgery,INCLUDE_CANDIDATE,HIGH,"Explicit AR/MR signal: mixed reality, hololens",,,,,,,,,,LIKELY_ADVANCE_PENDING_PRIMARY_REVIEW
716,TA-03,42520806,10.1016/j.xcrm.2026.102942,Real-time AR navigation with dynamic tracking for millimeter-level pulmonary nodule localization: A randomized clinical trial.,"Precise localization of small pulmonary nodules is crucial for surgery. Augmented reality (AR) navigation provides real-time guidance, potentially improving localization efficiency. This open-label randomized controlled trial compares AR-guided localization with conventional computed tomography (CT)-guided localization in 168 participants with peripheral pulmonary nodules ≤2 cm. The primary outcome is localization accuracy; secondary outcomes are success rate, procedural time, radiation dose, insertion attempts, and complications. In the intention-to-treat population, the AR group shows significantly lower localization error than the CT group (4.50 ± 3.07 vs. 6.50 ± 3.54 mm), with shorter procedural time, lower radiation exposure, and fewer needle adjustments. Both groups show high success rates and similar complication rates, with no severe adverse events. AR-guided localization provides noninferior accuracy while reducing radiation exposure and procedural time, supporting an efficient alternative to CT guidance. The trial is registered at www.clinicaltrials.gov (NCT06335563).",2026,Cell reports. Medicine,INCLUDE_CANDIDATE,HIGH,Explicit AR/MR signal: augmented reality,,,,,,,,,,LIKELY_ADVANCE_PENDING_PRIMARY_REVIEW
717,TA-03,42519875,10.1109/MCG.2026.3685140,Challenges and Opportunities for Theory-Grounded Data Visualization in Extended Reality.,"Numerous frameworks have been developed for creating, interpreting, and teaching data visualizations. The past decade has seen advances in visualization paradigms beyond keyboard and mouse (e.g., immersive analytics). While mature visualization libraries exist for screen-based technologies, no comparable counterparts have emerged for immersive visualization due to scattered platforms, while theoretical frameworks require inclusion of extended reality (XR) and 3-D visualizations tailored to embodied exploration. Here, we synthesize challenges and opportunities for theory-grounded data visualization in XR to examine how established principles translate and expand to immersive environments. This work supports the development of both theory and practical tools for principled data visualization and exploration using XR in support of real-world applications.",2026,IEEE computer graphics and applications,INCLUDE_CANDIDATE,HIGH,Explicit AR/MR signal: extended reality,,,,,,,,,,LIKELY_ADVANCE_PENDING_PRIMARY_REVIEW
718,TA-03,42519874,10.1109/MCG.2026.3703634,Providing Privacy for Eye-Tracking Data With Applications in XR.,"Eye tracking is emerging as a foundational sensing modality for extended reality (XR), enabling efficient rendering, natural interaction, and behavior-driven adaptive systems. However, eye-tracking data introduce significant privacy risks, including the potential leakage of biometric identity and sensitive behavioral information. This article summarizes the impact of my dissertation, which develops privacy-preserving techniques across the eye-tracking pipeline (David-John et al., 2022). This includes protecting biometric data at the sensor level, within real-time gaze data streams, and applying formal privacy guarantees to datasets. The results demonstrate that privacy and functionality are not mutually exclusive, and that privacy-by-design approaches can shape the future of XR systems and platforms.",2026,IEEE computer graphics and applications,INCLUDE_CANDIDATE,HIGH,Explicit AR/MR signal: extended reality,,,,,,,,,,LIKELY_ADVANCE_PENDING_PRIMARY_REVIEW
719,TA-03,42519873,10.1109/MCG.2026.3702793,XR for Knowledge Work: Ten Challenges.,"Extended reality (XR) can be a valuable tool for knowledge workers. This idea is reflected in the advertisements for current XR devices, which promote them as productivity tools. However, a future work culture in which XR plays a significant role involves a variety of research areas, many of which are arguably not well explored yet. Through expert discussions, we identified 10 challenges in this emerging field, which are presented and discussed here. These challenges cover a diverse set of topics ranging from technological aspects, such as hardware or interaction, to content design and collaboration. They also include more human centric-topics concerned with work-life boundaries, health effects, social aspects, and accessibility. We also address challenges in industry and regarding privacy and security. Therefore, this article contributes an overview of research directions and open challenges for realizing the potential of XR for the future of work.",2026,IEEE computer graphics and applications,INCLUDE_CANDIDATE,HIGH,Explicit AR/MR signal: extended reality,,,,,,,,,,LIKELY_ADVANCE_PENDING_PRIMARY_REVIEW
720,TA-03,42519872,10.1109/MCG.2026.3696340,An Introduction to 3-D Sparse CNNs.,"Three-dimensional data are now central to computer vision, robotics, autonomous driving, medical imaging, augmented reality, and computer graphics. Yet, 3-D deep learning is difficult because geometric data are often large, irregular, and mostly empty. Dense voxel convolutional neural networks (CNNs) provide a simple extension of image CNNs to 3-D, but their memory and computation grow cubically with resolution. Sparse 3-D CNNs address this problem by storing and processing only the active parts of space, such as surface voxels or occupied cells in a point cloud. This article gives an accessible introduction to voxel-based CNNs, sparse convolution, and the data structures that make sparse 3-D networks practical, with special attention to octrees, hash tables, and the practical lessons and pitfalls that matter in real systems.",2026,IEEE computer graphics and applications,INCLUDE_CANDIDATE,HIGH,Explicit AR/MR signal: augmented reality,,,,,,,,,,LIKELY_ADVANCE_PENDING_PRIMARY_REVIEW
721,TA-03,42519202,10.3389/fpsyt.2026.1888424,"Augmented reality-based fine arts education experiences and adolescents' perceived reduction in depressive symptoms: a self-report study of associations with psychological resilience, rumination, and emotional regulation.","As depressive symptoms among adolescents continue to rise, increasing attention has been directed toward educational contexts that may support psychological well-being. Augmented reality, characterized by immersive, interactive, and multisensory affordances, has been increasingly incorporated into fine arts education. However, it remains insufficiently understood how adolescents' perceived AR-based fine arts education experiences are associated with psychological resilience, emotional regulation, perceived reduction in rumination, and perceived reduction in depressive symptoms. Using post-course self-report questionnaire data from 518 Chinese adolescents, this study tested a cross-sectional associational model with structural equation modeling, without making causal or clinical claims. The empirical results indicate that adolescents' perceived AR-based fine arts education experiences were positively associated with self-reported perceived reduction in depressive symptoms. Additionally, these experiences were positively associated with self-reported psychological resilience and perceived reduction in rumination. Self-reported psychological resilience and perceived reduction in rumination were positively associated with self-reported emotional regulation, and this regulation was positively associated with self-reported perceived reduction in depressive symptoms. These findings support a correlational psychological model linking perceived AR-based fine arts education experiences with adolescents' self-reported psychological perceptions and perceived reduction in depressive symptoms. Theoretically, this study contributes to the literature on arts education, educational technology, and adolescent mental health. Practically, the findings suggest that immersive art-learning environments may be perceived by adolescents as supportive contexts for psychological resources. The innovation of this study lies in reframing AR-based fine arts education experiences as psychologically meaningful educational experiences associated with adolescents' self-reported psychological perceptions.",2026,Frontiers in psychiatry,INCLUDE_CANDIDATE,HIGH,Explicit AR/MR signal: augmented reality,,,,,,,,,,LIKELY_ADVANCE_PENDING_PRIMARY_REVIEW
722,TA-03,42516464,10.7759/cureus.111593,Expert Perspectives on Developing Mixed Reality Software for Benign Paroxysmal Positional Vertigo Management: A Qualitative Study.," Benign paroxysmal positional vertigo (BPPV) is the most common peripheral vestibular disorder, yet its management often varies due to inconsistent maneuver execution and clinician training. Mixed reality offers potential to standardize procedures and enhance user guidance. This study explored expert perspectives to inform the development of mixed reality software designed to facilitate the diagnosis and management of BPPV.  A qualitative descriptive study was conducted among 17 clinicians with experience in vestibular care. Participants completed a structured online questionnaire containing open-ended items, and responses were analyzed thematically to identify key design priorities and safety considerations.  Thematic analysis identified four major domains: Essential Clinical Features, Functional Enhancements, Perceived Adverse Effects, and Implementation Considerations. Experts highlighted the need for step-by-step procedural guidance, angle-specific head and body measurements, visual and interactive aids, and tools for nystagmus detection. Potential adverse effects, including eye strain, vertigo exacerbation, and nausea, were also emphasized. Implementation priorities included high-definition display quality, lightweight hardware, affordability, and ease of use.  Expert feedback underscored the need for mixed reality systems that prioritize procedural accuracy, usability, and safety. These findings provide an expert-informed framework for a user-centered mixed reality prototype that can be refined and evaluated in future clinical settings.",2026,Cureus,INCLUDE_CANDIDATE,HIGH,Explicit AR/MR signal: mixed reality,,,,,,,,,,LIKELY_ADVANCE_PENDING_PRIMARY_REVIEW
723,TA-03,42515419,10.3390/s26144535,Research on Live Working Robots for 10 KV Distribution Networks Adopting Four-Dimensional Safety Guarantee Framework.,"Traditional manual 10 kV live-line maintenance is accompanied by high personal risks and incomplete safety protection, while overall operational efficiency is limited. This paper develops an intelligent live-working robot based on a tracked insulated spider aerial vehicle. The system is equipped with vertical lifting modules and a pair of 6-DOF insulated manipulators to form a 13-DOF integrated motion platform. Binocular cameras, LiDAR, real-time insulation monitors, and electromagnetic interference detectors are integrated as multi-modal sensing hardware to achieve high-precision positioning of overhead lines and pole fittings. A master-slave collaborative control strategy combined with mixed reality (MR) and visual auxiliary force feedback is proposed to coordinate the tracked chassis, lifting structure, and dual manipulators. A four-dimensional full-cycle safety guarantee framework is further constructed, covering insulation protection, anti-interference communication, human-machine risk avoidance, and full-task supervision to support real-time early warning and motion interlock. Field tests on actual 10 kV distribution lines verify stable positioning performance under controlled test conditions, and no safety accidents occurred in all trials. The designed robotic system provides an optional technical scheme for intelligent unmanned live-line maintenance of distribution networks.",2026,"Sensors (Basel, Switzerland)",INCLUDE_CANDIDATE,HIGH,Explicit AR/MR signal: mixed reality,,,,,,,,,,LIKELY_ADVANCE_PENDING_PRIMARY_REVIEW
724,TA-03,42510187,10.3390/bs16071066,Investigating the Impact of Augmented Reality Instruction Modes for Manual Wire Harness Assembly Task on Formboards.,"Wire harness assembly is a highly manual job performed on formboards. Augmented reality (AR)-assisted wiring operations can improve work efficiency and reduce operator workload. However, investigations into the effects of AR-assisted wiring assembly on operator performance remain in the preliminary stage. To investigate how different AR wire harness modes support novice operators in completing assembly tasks effectively, this exploratory laboratory study examined the impacts of AR instruction modes for single-route conditions on assembly performance (task time and number of assembly errors), gaze behavior using eye-tracking data, and subjective experience measured with the NASA-TLX (Task Load Index) as a post-experiment questionnaire in a controlled laboratory environment. Three wire path visualization modes, i.e., static color mode (SCM), dynamic color mode with flashing display (DCM-FD), and dynamic color mode with segment display (DCM-SD), were implemented for monitor-based, AR-assisted wiring instruction on a formboard. The results reveal a substantial influence of the wire path visualization modes on task time under our controlled experimental conditions: the SCM group achieved an 18% shorter task time than the other two groups, with a statistically significant difference. This finding contradicts the existing observations in the mechanical assembly domain. For gaze behavior, an analysis of the eye-tracking data indicated that the number of switches in the SCM group was the lowest among the three groups, with a marginally significant difference from the DCM-FD group for both low- and high-complexity wiring tasks during the laying phase. Additionally, the total fixation time of the three groups showed a significant difference for low- and high-complexity tasks with a large effect size; the SCM group exhibited the shortest total fixation time across all tasks. No significant differences in the number of assembly errors and users' perceived workload were observed among the three groups. These findings can serve as a reference for guiding the visual style design in AR-assisted wiring systems for training novice operators in human-centric Industry 5.0 and achieving a decrease in overall workload and improved task performance.",2026,"Behavioral sciences (Basel, Switzerland)",INCLUDE_CANDIDATE,HIGH,Explicit AR/MR signal: augmented reality,,,,,,,,,,LIKELY_ADVANCE_PENDING_PRIMARY_REVIEW
725,TA-03,42509503,10.1007/s00464-026-13187-5,Real-time surgical navigation for intraoperative lymph node localization during targeted robot-assisted pelvic and retroperitoneal lymph node dissection.,"Localization of suspected metastatic LNs during targeted robot-assisted lymphadenectomy is challenging due to anatomical variability and surrounding vital structures. Image-guided surgical navigation may improve intraoperative LN localization and completeness of oncologic dissection. The aim of this study is to evaluate the accuracy and usability of surgical navigation for localization of suspected metastatic lymph nodes (LNs) during robot-assisted pelvic and retroperitoneal LN dissection. Patients with one or more suspected metastatic LNs on preoperative imaging scheduled for robot-assisted pelvic or retroperitoneal LN dissection were prospectively included. A patient-specific three-dimensional (3D) model was automatically registered intraoperatively using electromagnetically tracked ultrasound of the bone surface. Real-time navigation was displayed via the da Vinci® TilePro™ as a 3D model or augmented reality overlay. A tracked pointer or instrument was used for LN localization. Accuracy was defined as the shortest distance between the surgeon-indicated LN and the corresponding 3D model. Usability was assessed using the system usability scale (SUS). Twenty patients with 40 target LNs were included. One para-aortic LN was inaccessible in a patient with a BMI of 52 kg/m2. The remaining 39 LNs were successfully localized using navigation with a median accuracy of 0.8 mm (IQR 0.0-3.0). Navigation supported surgical decision-making and LN localization, with a SUS score of 70 (IQR 64-73). Registration time was 7 (5-10) min. No navigation-related complications occurred. Surgical navigation enabled highly accurate LN localization during robot-assisted pelvic and retroperitoneal LN dissection. The technique is safe, feasible, and supports targeted oncologic surgery and intraoperative decision-making. In the future, wireless tracking systems or simultaneous localization and mapping techniques could allow broader clinical implementation of the navigation technique.",2026,Surgical endoscopy,INCLUDE_CANDIDATE,HIGH,Explicit AR/MR signal: augmented reality,,,,,,,,,AR_MENTION_MAY_BE_CONTEXT_ONLY,PRIORITY_VERIFY
726,TA-03,42509029,10.1111/jog.70421,3D Reconstruction and Holographic XR Navigation in Robot-Assisted Sacrocolpopexy: A Report of Two Cases.,"Dissection at the sacral promontory during robot-assisted sacrocolpopexy (RSC) is technically demanding because of the proximity of major vascular structures and anatomical variability. We report two cases of RSC in which preoperative three-dimensional (3D) reconstructed imaging and holographic extended reality (XR) visualization were used for surgical planning and intraoperative navigation. In Case 1, 3D reconstructed imaging demonstrated a narrow vascular window anterior to L5, and mesh fixation was performed on the anterior longitudinal ligament over S1 under image-guided navigation. In Case 2, holographic XR visualization enabled preoperative distance assessment and identification of a vascularly safe region extending approximately 1.7 cm cranial to the sacral promontory, which was subsequently reproduced intraoperatively using the TilePro function on the da Vinci surgeon console. Both procedures were completed without vascular injury. Preoperative 3D reconstruction and holographic XR visualization may facilitate safer sacral promontory dissection during RSC by improving spatial understanding of patient-specific vascular anatomy and supporting patient-specific surgical planning and intraoperative navigation.",2026,The journal of obstetrics and gynaecology research,INCLUDE_CANDIDATE,HIGH,Explicit AR/MR signal: extended reality,,,,,,,,,,LIKELY_ADVANCE_PENDING_PRIMARY_REVIEW
727,TA-03,42503497,10.1002/ase.70318,Citossina: A web-based application integrating virtual and augmented realities for inclusive Cell Biology education.,"Cell Biology is widely recognized as a challenging subject for undergraduate students due to the difficulty in conceptualizing microscopic structures and processes, along with the large number of complex concepts it covers. These difficulties are common among students with typical vision but are exacerbated for those with visual impairments, whose academic retention is often affected by the lack of inclusive methodological approaches. To foster inclusive learning environments and address the shortage of accessible materials, this study aimed to develop, implement, and evaluate an inclusive web application for learning Cell Biology, based on the principles of Educational Design Research (EDR), responsive design, and the Web Content Accessibility Guidelines (WCAG 2.1). Three-dimensional (3D) models representing organelles, cell structures, and processes were created, integrated into the platform, and optimized for virtual reality (VR) and augmented reality (AR). Accessibility features such as audio descriptions, color-changing interfaces, adaptive color schemes, adjustable layouts, contextual tips, and alternative text were included to support use across multiple devices. The learning tools were evaluated by students with visual impairments, students with typical vision from health and biological sciences programs, and Cell Biology teachers. Results indicated positive perceptions regarding visual presentation, usability, content quality, and learning effectiveness, emphasizing the web application's potential to promote inclusive learning in Cell Biology undergraduate education.",2026,Anatomical sciences education,INCLUDE_CANDIDATE,HIGH,Explicit AR/MR signal: augmented reality,,,,,,,,,AR_MENTION_MAY_BE_CONTEXT_ONLY,PRIORITY_VERIFY
728,TA-03,42502475,10.1016/j.jsea.2026.100051,Utility of extended reality in shoulder arthroplasty: a meta-analysis of training efficiency and glenoid guidewire accuracy.,"Extended reality (XR) has seen increased usage in shoulder arthroplasty for both intraoperative guidance and surgical training, but its impact on technical accuracy and performance has not been quantified across studies. The objective of this analysis was to determine the impact of XR on educational efficiency and glenoid guidewire placement error. Two separate meta-analyses of randomized or quasi-experimental studies were performed. Based on the Preferred Reporting Items for Systematic Reviews and Meta-Analyses search guidelines, 24 studies were identified in XR-based shoulder surgery education. After applying inclusion, 3 studies involving 55 participants were meta-analyzed. Using the same Preferred Reporting Items for Systematic Reviews and Meta-Analyses guidelines, 35 studies were identified in XR-guided shoulder arthroplasty. After applying inclusion criteria, 7 studies involving 349 guidewire placements were meta-analyzed. In the surgical education studies, XR-trained participants completed procedures faster than controls, but OSAT (Objective Structured Assessment of Technical Skills) scores did not significantly differ. Across the glenoid guidewire studies, XR guidance reduced version error and inclination error versus freehand, but entry point error was not significantly different between XR-guided procedures and freehand. XR-based tools appear to offer meaningful benefits for shoulder arthroplasty, but their impact may be domain-specific. XR education may substantially improve operative efficiency, while XR guidance may enhance the angular accuracy of glenoid guidewire placement without clearly changing entry point error.",2026,Journal of shoulder and elbow arthroplasty,INCLUDE_CANDIDATE,HIGH,Explicit AR/MR signal: extended reality,,,,,,,,,,LIKELY_ADVANCE_PENDING_PRIMARY_REVIEW
729,TA-03,42501779,10.1016/j.jdent.2026.106923,Real-time augmented reality-guided insertion of interradicular orthodontic mini-implants for functional occlusal management: A preclinical validation of accuracy and subjective influence.,"Accurate placement of interradicular mini-implants is a critical biomechanical prerequisite for correcting malocclusion and restoring oral function, but avoiding root damage remains challenging for novice clinicians. While augmented reality (AR) offers a potential solution, existing studies often rely on strict zero-deviation criteria and lack subjective evaluation. This study aimed to assess the objective accuracy and subjective impact of a real-time AR guidance system for placing interradicular mini-implants in three-dimensional-printed models. Twelve customized 3D-printed maxillary and mandibular models were fabricated. An AR-guidance platform was developed using an object-recognition registration method. Six novice clinicians performed 216 simulated mini-implant insertions using either the freehand or AR-guided method with a randomized crossover design. Outcomes included objective indices (angular and linear deviations from clinically defined safe ranges, iatrogenic complication rates, and procedural time) and subjective indices (self-reported confidence and competency). The AR-guided group demonstrated fewer deviations in the mesio-distal (P<.001) and the corono-apical angulation (P<.001) compared to the freehand group. Vertical positioning accuracy was also superior in the AR-guided group (P<.001). Furthermore, AR guidance reduced iatrogenic complication rates (P<.05) while enhancing participants' self-confidence and perceived competency (P<.001). The insertion time exhibited no difference between groups (P > .05). The developed AR system improved the accuracy and safety of inserting interradicular orthodontic mini-implants by novice clinicians. By enhancing operator acceptability and confidence, this low-cost workflow demonstrates translational potential for digital orthodontics in the precise management of functional occlusion. The developed AR system for placing interradicular orthodontic mini-implants is an effective navigation tool and a solution to enhance confidence of novice clinicians, ensuring the safe clinical execution of digital functional occlusal setups.",2026,Journal of dentistry,INCLUDE_CANDIDATE,HIGH,Explicit AR/MR signal: augmented reality,,,,,,,,,,LIKELY_ADVANCE_PENDING_PRIMARY_REVIEW
730,TA-03,42500164,10.1002/ars2.70046,Augmented Reality Simulation Can Be Implemented to Successfully Teach Interns Arthroscopy.,"To develop and implement a simulation-based arthroscopy curriculum for orthopaedic surgery interns to be completed during their required orthopaedic intern skills month and to evaluate its effectiveness, feasibility, and impact on resident confidence. Twenty-one first year residents prospectively completed arthroscopic skill evaluation using VirtaMed augmented reality surgical simulator for the Fundamentals of Arthroscopy Surgical Training (FAST), shoulder, and knee models. Participants then completed the self-confidence score for surgical trainees survey. Then, they completed simulation training modules on each model over the course of their 1-month intern skills rotation. Each module contained 13-14 exercises. Following training, skill evaluations were repeated for each module and self-confidence survey was repeated. One hundred percent of eligible participants were enrolled, and 100% completed the curriculum. Participant performance improved for all 3 modules (FAST, knee, shoulder). In the FAST modules, pretest to posttest scores for image centering improved from 64.1% to 95.5% (P < .001), and triangulation and probing improved from 73.5% to 88.4% (P = .019). In the knee modules, performance improved on diagnostic arthroscopy from 49.9% to 88.8% (P = .003) and on loose body removal from 40.0% to 75.3% (P < .001). In the shoulder modules, performance improved on the diagnostic arthroscopy from 89.9% to 98.9% (P = .011) and for loose body removal from 77.8% to 95.2% (P = .002). Self-confidence scale improved from 15.4 to 21.2 (P < .001). Acceptability of intervention measure, intervention appropriateness measure, and feasibility of intervention was 4.8, 4.6, and 4.7 respectively. Total self-paced time to completion was 4.9 h for all 3 sections. The shoulder took the most time (1.8 hours), followed by the knee (1.6 hours) and FAST (1.5 hours). The proposed arthroscopy simulation curriculum showed improvement in speed and skill on the arthroscopy simulator and improved personal confidence for orthopaedic surgery interns. It was able to be completed in less than 5 hours with 100% completion rate. Arthroscopy is an essential skill for orthopaedic surgery residents. High-fidelity simulation is effective at teaching these skills in a safe and controlled environment.",2026,"Arthroscopy, sports medicine, and rehabilitation",INCLUDE_CANDIDATE,HIGH,Explicit AR/MR signal: augmented reality,,,,,,,,,,LIKELY_ADVANCE_PENDING_PRIMARY_REVIEW
731,TA-03,42499682,10.2196/95806,Patient Perception of the Use of the Apple Vision Pro Virtual Reality Headset in an Anesthesiology Informed Consent Process: Prospective Randomized Controlled Crossover Trial.,"Augmented reality (AR) and virtual reality (VR) have become mainstream commercial technologies, with AR integrating virtual elements into displays of reality and VR offering fully immersive computer-generated visual experiences. The Apple Vision Pro is a VR headset with an outward-facing display that depicts the user's eyes to the outside world. This headset is actively incorporated into patient care, but questions remain about the impact of such a device on the patient-physician relationship. This study surveyed patients' responses to the use of an Apple Vision Pro VR headset by anesthesiologists during an informed consent discussion for sedation for endoscopic gastrointestinal procedures. We sought to qualify the impact, if any, of the Apple Vision Pro on patients' perceptions of connectedness with their anesthesiologist, including compassion and empathy felt from their physician. This prospective randomized controlled crossover study involved 60 patients undergoing sedation for gastrointestinal procedures at the University of California, San Diego Health's Hillcrest Medical Center and Jacobs Medical Center. An anesthesiologist had 2 encounters with each patient prior to their procedure, 1 while the anesthesiologist wore an Apple Vision Pro and 1 without wearing any headset. After both encounters, patients completed a standardized, validated survey regarding the compassion and empathy they felt from the anesthesiologist during each encounter. They also completed a custom survey with additional questions related to their perception of technology in health care and their own personal prior experience with AR and VR. While 16.7% (10/60) of the participants owned an AR or VR headset of their own, 73% (44/60) had no prior experience with AR or VR. Participants reported consistently high ratings across all empathy and compassion measures for both the with-headset and without-headset conditions; however, mean Sinclair Compassion Questionnaire scores were statistically significantly higher for the no-headset condition (4.69, SD 0.48) when compared to the with-headset condition (4.42, SD 0.87; P=.003). Participants reported significantly reduced ability to focus on their conversation with the anesthesiologist when they were wearing the Apple Vision Pro (P<.001), with a large effect size (r=0.614). The most pronounced difference was observed with regard to patients' satisfaction with eye contact made with their physician, which decreased significantly when they wore the Apple Vision Pro (P<.001; large effect size: r=0.736). This study examined the impact of physicians wearing the Apple Vision Pro during patient interactions, revealing a statistically significant reduction in patients' perceived compassion from and connectedness with their anesthesiologist. This highlights the need for caution when integrating AR or VR technology into clinical practice as it may interfere with the patient-physician relationship. Careful evaluation of the potential effects on patients' trust in their physician is essential before adopting AR or VR in health care settings.",2026,JMIR XR and spatial computing,INCLUDE_CANDIDATE,HIGH,Explicit AR/MR signal: augmented reality,,,,,,,,,AR_MENTION_MAY_BE_CONTEXT_ONLY,PRIORITY_VERIFY
732,TA-03,42492769,10.1016/j.jvir.2026.108979,Augmented and Virtual Reality for Preprocedural Planning in Hepatic Transarterial Interventional Oncology: A Pilot Study in 50 Cases.,"To evaluate the feasibility, usability, and perceived impact of augmented reality (AR) and virtual reality (VR) for preprocedural planning in transarterial interventional oncology procedures, as assessed through structured surveys. This institutional review board (IRB)-approved, single-center pilot study was conducted over 1 year (September 2024-September 2025). Interventional radiologists used an AR/VR headset (Apple Vision Pro; Apple, Cupertino, California) with Visage Ease VP software (Visage Imaging, San Diego, California) to review patient-specific volume renderings of cone-beam computed tomography (CT) and cross-sectional imaging before complex oncologic procedures. Cases included hepatic angiography prior to yttrium-90 radioembolization (n = 42), percutaneous hepatic perfusion (n = 7), and transarterial chemoembolization (n = 1). Interventional radiologists completed structured surveys assessing workflow integration, anatomic visualization, confidence, usability, and comfort using 5-point Likert scales (1 = worst; 5 = best). Fifty cases were analyzed, with a median case time of 81.0 minutes (interquartile range, 62.0-102.0 minutes). The median AR/VR planning time was 5 minutes (interquartile range, 3.0-6.0 minutes), corresponding to a median of 6% of total case duration. AR/VR planning changed the procedural approach in 23 of 50 cases (46%). Likert score for procedural change had an overall mean of 3.3 (SD ± 1.3), with mean scores of 2.4 (SD ± 0.7) in cases where AR/VR did not influence the interventional radiologist's intraprocedural approach and 4.4 (SD ± 0.8) in cases where AR/VR did influence the approach. Anatomic visualization scored 4.7 (SD ± 0.8), anatomic understanding 4.7 (SD ± 0.9), and procedural confidence 4.6 (SD ± 1.0). Workflow integration scored 4.8 (SD ± 0.5), system usability 4.5 (SD ± 0.9), and headset comfort 1.9 (SD ± 1.1). Specific use cases are described. AR/VR-based preprocedural planning was feasible, efficient, and enhanced perceived anatomic understanding, procedural confidence, and planning in transarterial interventional oncology cases. Headset comfort remains a limitation.",2026,Journal of vascular and interventional radiology : JVIR,INCLUDE_CANDIDATE,HIGH,Explicit AR/MR signal: augmented reality,,,,,,,,,,LIKELY_ADVANCE_PENDING_PRIMARY_REVIEW
733,TA-03,42490643,10.2196/106576,Correction: Augmented Reality in Surgical Training: Systematic Review of Its Impact on Technical Performance in Surgical Trainees.,,2026,JMIR medical education,INCLUDE_CANDIDATE,HIGH,Explicit AR/MR signal: augmented reality,,,,,,,,,SECONDARY_OR_COMMENTARY_TITLE;ABSTRACT_MISSING,PRIORITY_VERIFY
734,TA-03,42489902,10.1007/s00246-026-04395-w,Mixed Reality as a Tool for Congenital Heart Disease Case Management Discussions.,"Understanding congenital heart disease requires a 3D mental framework, yet clinicians typically rely on 2D imaging. Multi-disciplinary case management conference (CMC) discussions often involve review of complex anatomy utilizing cross-sectional imaging. Mixed reality (MR) offers immersive 3D visualization that may enhance these discussions. Our objectives were to demonstrate the feasibility of integrating MR-guided discussions into CMC and assess Heart Center perceptions of its use. This prospective, single-center study was conducted during multi-disciplinary CMCs. Baseline and post-presentation Likert-scale questionnaires were administered. EchoPixel True3D (Santa Clara, CA) was used to present 3D MR models from cardiac CT datasets. Participants used electronic glasses wirelessly linked to a 3D projector to view the MR models in conference, which were manipulated in real-time. On the baseline survey (n = 46), 67% agreed that complex cardiac anatomy is difficult to interpret with 2D imaging. Twelve MR cases were presented. On the post-survey (n = 100), 93% rated the MR model quality as good/excellent, 75% felt that MR improved their understanding of the cardiac anatomy, and 89% supported regular use of MR in CMC. Among surgeons and interventionalists, 82% reported improved procedural planning and 57% altered their procedural approach. Mixed reality imaging can be successfully incorporated into CMC presentations and discussions, with positive participant responses. MR provides a virtual 3D framework that closely replicates patient anatomy and supports pre-procedural planning and execution.",2026,Pediatric cardiology,INCLUDE_CANDIDATE,HIGH,Explicit AR/MR signal: mixed reality,,,,,,,,,,LIKELY_ADVANCE_PENDING_PRIMARY_REVIEW
735,TA-03,42488142,10.1016/j.hroo.2026.03.020,Training in a novel advanced augmented reality-based ablation simulator: Using 3-dimensional magnetic resonance heart models of individual patients improves performance of future electrophysiologists.,"Arrhythmias are rising worldwide owing to population aging. Efficient ablation training of next-generation electrophysiologists (EPs) is crucial. Dedicated simulators for EP training based on individual patient anatomy do not exist yet. This study aimed to assess the potential training effects of a novel advanced augmented reality (AAR)-based simulator for ablations. An AAR-based simulator (ADIS SA, Lausanne, Switzerland) tracks the movements of a physical ablation catheter (Imricor, Burnsville, MN) in real time within a completely virtual 3-dimensional heart generated from cardiac magnetic resonance examinations. Experienced EPs (n = 4) and non-EP cardiologists (n = 5) were trained in catheter steering skills. They performed 5 baseline right atrial flutter ablations (RA-FlAbls) in 5 different hearts, another 15 RA-FlAbl for training, and again 5 RA-FlAbl in the 5 baseline hearts. Efficacy (procedure time/catheter trajectory) and safety (high-force wall contacts >50 g) were recorded for coronary sinus cannulation and cavotricuspid isthmus ablations. 224 RA-FlAbl were performed. The training effect was evaluated using the 5 baseline and 5 post-training RA-FlAbl (43 pairs, 4 dropouts). Before training, non-EPs had 2.6 times longer procedural time and catheter trajectories than EPs (each P < .001; after training each nonsignificant) and 2.0 times more high-force wall contacts (P < .04; after training nonsignificant). EPs also demonstrated modest improvements in ablation efficacy (P < .003), but not for the simpler task of coronary sinus cannulation. This feasibility study shows that training by means of an augmented reality-based simulator improves both the efficacy and safety of catheter steering skills for RA-FlAbl of EP trainees. After the training, they obtained a comparable efficacy and safety profile as experienced EPs.",2026,Heart rhythm O2,INCLUDE_CANDIDATE,HIGH,Explicit AR/MR signal: augmented reality,,,,,,,,,,LIKELY_ADVANCE_PENDING_PRIMARY_REVIEW
736,TA-03,42485193,10.1109/TVCG.2026.3715792,Active Parallax-Effect Compensation for Augmented Reality-Assisted Surgery: Feasibility and Performance.,"Augmented Reality (AR) has emerged as a promising visualization tool in computer-assisted surgery, but clinical adoption is limited by projection inaccuracies caused by parallax-effect, particularly at short goggle-to-target distances. The goal is to develop a method that dynamically corrects the perceived AR projection errors through a novel user-specific calibration technique. First, a computationally decentralized architecture was designed to offload spatial computations from the headset to external hardware while enabling goggle-navigation registration. Second, the Active Parallax-effect Compensation(APC) framework was developed to account for parallax-induced distortions in real-time. The APC framework was validated using both a standard ASTM F2554-22 model and a patient-specific spine model. Projection accuracy was evaluated under APC ON/OFF conditions, with errors measured at predefined target points. With APC OFF, projection errors measured 8.50 $\pm$± 2.98 mm (close) and 6.26 $\pm$± 2.54 mm (far). With APC ON, errors were significantly reduced to 2.10 $\pm$± 1.35 mm (close) and 1.72 $\pm$± 1.27 mm (far), representing reductions of 75.2% and 72.5%, respectively. Statistical equivalency testing confirmed margins of 0.58 mm for the ASTM model and 0.68 mm for the spine model (p $< $< 0.05). The proposed APC framework substantially reduces AR projection error by compensating for the parallax-induced perceptual distortions, thereby improving projection accuracy for AR-assisted surgery. This study demonstrates a scalable approach for enhancing AR projection reliability in surgical navigation, supporting more accurate and clinically viable optical see-through AR guidance systems.",2026,IEEE transactions on visualization and computer graphics,INCLUDE_CANDIDATE,HIGH,"Explicit AR/MR signal: augmented reality, optical see-through",,,,,,,,,,LIKELY_ADVANCE_PENDING_PRIMARY_REVIEW
737,TA-03,42484592,10.1167/jov.26.7.13,Capabilities and limitations of the Apple Vision Pro as a portable psychophysics tool: Replicating crowding and polar angle asymmetries.,"Many classic questions in vision science require presenting stimuli at precisely controlled locations in the visual field, a demand that has traditionally been met with specialized laboratory setups involving chinrests, high-resolution displays, and commercial eye trackers. Recent advances in portable mixed-reality hardware raise the possibility that some forms of visual psychophysics could be conducted on consumer devices outside these fixed laboratory environments. Here, we evaluate one such instrument, the Apple Vision Pro, by asking whether it can support psychophysical experiments on two well-studied aspects of peripheral vision: crowding and polar angle asymmetries. These phenomena provide useful benchmarks because both depend on precise control over stimulus position and their behavioral signatures have been well characterized. At the same time, the Apple Vision Pro poses important methodological challenges for vision research, including the inability to access continuous real-time eye-position data and the use of visionOS ""points,"" rather than degrees of visual angle to specify stimulus size and location. We outline strategies for working within these constraints and argue that the usefulness of the platform is not all-or-none, but depends on the scientific question being asked. Specifically, the Apple Vision Pro may be well suited to paradigms in which fixation can be verified at trial onset, stimulus presentation is brief enough to preclude eye movements, and relative positioning of stimuli is sufficient for the comparison of interest, while remaining less suitable for paradigms requiring continuous gaze monitoring, precise specification of absolute eccentricity, or direct quantitative comparison with conventional lab-based setups.",2026,Journal of vision,INCLUDE_CANDIDATE,HIGH,Explicit AR/MR signal: mixed-reality,,,,,,,,,AR_MENTION_MAY_BE_CONTEXT_ONLY,PRIORITY_VERIFY
738,TA-03,42483299,10.1093/ehjdh/ztag100,Extended reality simulator for dynamic visualization and evaluation of stereotactic arrhythmia radioablation (STAR) treatment plans within RAVENTA trial.,"Stereotactic arrhythmia radioablation (STAR) represents an emerging non-invasive treatment for therapy-refractory ventricular tachycardia. Yet, planning remains challenged by multimodal cardiac imaging integration, electroanatomical mapping (EAM) transfer, and cardiorespiratory motion effects on dose delivery. Current radiotherapy (RT) planning systems offer mainly static visualization and limited access to intramural myocardial structures, hindering communication between cardiology and radiation oncology teams. We present a novel extended reality (XR) simulator designed to dynamically visualize STAR-relevant imaging and planning data. The system integrates diastolic cardiac CT, respiratory-binned 4DCT, anatomical segmentations, EAM data, and phase-recomputed RT dose distributions within an XR environment. Cardiac structures are propagated across respiratory phases using deformable registration, while dose distributions are recomputed on each respiratory-binned CT, enabling phase-specific inspection of dose conformality for both planning target volumes (PTVs) and cardiac target volumes (CardTVs). The resulting time-resolved volumetric dataset is rendered in XR, allowing clinicians to explore cardiac motion, visualize intramural dose deposition, and jointly assess target and organ-at-risk dynamics. This supports qualitative evaluation of dose-motion interplay and interdisciplinary interpretation of intramural targets. The system was tested on three STAR patients enrolled in the RAVENTA trial. Motion analysis revealed PTV centroid displacement amplitudes over the breathing cycle of up to 17.5, 10.2, and 8.9 mm for patients 1, 2, and 3, respectively, with conformity number variations of 0.38, 0.34, and 0.19. Expert evaluation showed positive perceived utility for target-anatomy-dose understanding, motion interpretation, and multidisciplinary communication. This proof-of-concept demonstrates the feasibility and potential clinical value of XR-based motion-aware dose visualization for STAR planning.",2026,European heart journal. Digital health,INCLUDE_CANDIDATE,HIGH,Explicit AR/MR signal: extended reality,,,,,,,,,,LIKELY_ADVANCE_PENDING_PRIMARY_REVIEW
739,TA-03,42482645,10.3349/ymj.2025.0125,The Role of Augmented Reality in Advancing Medical Training Techniques: A Pilot RCT Study on Cricothyroidotomy.,"Cricothyroidotomy is a critical procedure for managing difficult airways, yet it is infrequently performed, leading to limited familiarity among medical professionals. This study explores the effectiveness of augmented reality (AR)-based training using HoloLens compared to traditional non-head mounted device (HMD) training in teaching cricothyroidotomy. This study aims to confirm the effect of technical practice using AR on participants' performance ability, performance confidence, learning self-efficacy, and practical satisfaction, and to present basic data for using AR in medical education. All participants received initial guidance via PowerPoint (PPT) on laptops. The AR group performed the procedure with three-dimensional models via HoloLens, while the non-HMD group used the initial PPT guidance. Effectiveness was assessed through a pre- and post-test design, including cricothyroidotomy estimated time, skill confidence, NASA-Task Load Index, System Usability Scale, and participant satisfaction. The average pre-test procedure time for the AR group was 188 seconds, and 150 seconds for the non-HMD group. In the post-test, the AR group recorded 146 seconds and the non-HMD group 136 seconds, showing no statistically significant difference in procedure time (p>0.05). The HMD group showed a significant improvement in confidence levels (median increase from 1.0 to 5.0), and both groups demonstrated similar proficiency in cricothyroidotomy performance over time. Satisfaction rates were similar, but the AR group reported lower mental demand. Despite initial technical challenges, AR showed potential for enhancing learning and confidence without compromising performance, indicating the need for further research to optimize AR in medical training.",2026,Yonsei medical journal,INCLUDE_CANDIDATE,HIGH,"Explicit AR/MR signal: augmented reality, hololens",,,,,,,,,,LIKELY_ADVANCE_PENDING_PRIMARY_REVIEW
740,TA-03,42482558,10.1177/10519815261471508,Effects of virtual and mixed reality exergaming microbreaks on positive affect and inhibitory control in desk-based employees: A randomized crossover trial.,"BackgroundActivity microbreaks may help reduce the affective and cognitive burden of sedentary work, but immersive exergaming microbreaks remain underexplored.ObjectiveThis study examined the effects of virtual reality (VR) and mixed reality (MR) exergaming microbreaks on positive affect, inhibitory control, and acute physiological responses in desk-based employees.MethodsIn a randomized crossover trial, 28 desk-based employees completed 5-min VR, MR, and passive-rest conditions. Positive affect (PANAS-PA) and the Victoria Stroop Color-Word interference score (C-W) were assessed before and after each session. Heart rate (HR) was monitored continuously; rating of perceived exertion (RPE) and intention to continue (ITC) were also recorded. Baseline-adjusted linear mixed-effects models included condition and period as fixed effects and participant as a random intercept.ResultsBoth immersive conditions improved PANAS-PA relative to rest (VR vs. rest: 7.80, 95% CI [5.10, 10.50], p < 0.001; MR vs. rest: 6.62, 95% CI [3.91, 9.32], p < 0.001), with no clear VR-MR difference. The C-W score did not show a significant condition effect (omnibus p = 0.11) and adjusted pairwise comparisons were non-significant. HR was substantially higher during VR and MR than during rest (p < 0.001), whereas VR and MR did not significantly differ (p = 0.19). RPE was higher after VR than MR (p = 0.004), and ITC was similar across immersive conditions (p = 0.22).ConclusionsVR and MR exergaming microbreaks may support acute improvements in positive affect and physiological activation in the workplace; however, they did not improve inhibitory control in the present study.Trial registrationThis trial was prospectively registered at ClinicalTrials.gov (Identifier: NCT06889597).",2026,"Work (Reading, Mass.)",INCLUDE_CANDIDATE,HIGH,Explicit AR/MR signal: mixed reality,,,,,,,,,,LIKELY_ADVANCE_PENDING_PRIMARY_REVIEW
741,TA-03,42480242,10.1016/j.gaitpost.2026.110253,Benchmarking System for Assessing Balance (BeStABle) during gait using visual stepping cues.,"The ability to characterise balance capacity through clinical assessment procedures is often limited by a focus on movement tasks substantially more predictable than those experienced in the real world. Consequently, assessment protocols may not sufficiently elicit and characterise the full range of sensory, cognitive and physical challenges present in daily life. A task-specific procedure for assessing balance control during gait via a treadmill-based augmented-reality environment called the 'Benchmarking System for Assessing Balance' (BeStABle) is proposed. The apparatus utilises unpredictable visual cues that prescribe discrete changes to foot placement patterns, requiring rapid stimulus perception, decision-making, and modification of body dynamics, followed by compensatory corrections to return to steady gait. This is representative of a wide variety of situations in community living and many reported circumstances of real-world falls. This assessment procedure is demonstrated with a case study comparing three high-functioning users of transtibial (below-knee) prostheses with a group of 19 able-bodied persons. The BeStABle successfully discriminates the prosthesis users from the normative group in multiple outcomes, and most prominently when participants are cued to narrow their steps. The finding that certain gait adaptations are not realisable by the prosthesis users may help to refine future protocols for assessing gait and balance impairment with the BeStABle. The BeStABle treadmill-based augmented-reality environment enables the repeatable and objective assessment of gait adaptations through a process that is safe for subjects and efficient for clinicians.",2026,Gait & posture,INCLUDE_CANDIDATE,HIGH,Explicit AR/MR signal: augmented-reality,,,,,,,,,AR_MENTION_MAY_BE_CONTEXT_ONLY,PRIORITY_VERIFY
742,TA-03,42480120,10.1080/17483107.2026.2705756,Augmented reality-based assistive technology for executive function rehabilitation in students with hearing impairments: a mixed methods usability and effectiveness study.,"Students with hearing impairments face elevated risks of executive function (EF) deficits due to limited auditory-linguistic scaffolding. Augmented reality (AR) offers visually grounded cognitive rehabilitation affordances aligned with these learners' visual-spatial strengths. This study designed and evaluated an AR-based assistive technology to enhance EF in hearing-impaired elementary students and explored usability from learners' perspectives. An explanatory sequential mixed methods design was employed. In Phase 1 (QUAN), 50 hearing-impaired students (Grades 1-6) were randomly assigned to experimental (n = 25) or control (n = 25) groups across eight AR intervention sessions. In Phase 2 (QUAL), 12 participants were purposively selected via maximum variation sampling for group semi-structured interviews facilitated by Thai Sign Language teachers. Quantitative and qualitative strands were integrated via a joint display. Between-group analysis revealed a significant improvement in verbal working memory (p = .005, r = 0.43; surviving Bonferroni correction, α = 0.008); inhibition response time showed a marginal effect (p = .029) that did not reach the corrected threshold. Codebook thematic analysis (κ = 0.80) produced five themes. Joint display integration yielded four meta-inference types: confirmation (QUAN and QUAL mutually reinforce findings), expansion (QUAL extends interpretation of marginal QUAN effects), discordance-explanation (null cognitive-flexibility effect attributed to limited task variety), and confirmation of null (QUAL corroborates practice/maturation as alternative explanation for within-group TMT gains). AR-based assistive technology grounded in visual-spatial learning principles shows promise for cognitive rehabilitation in hearing-impaired students. Mixed methods integration revealed intervention mechanisms that neither strand could yield independently.",2026,Disability and rehabilitation. Assistive technology,INCLUDE_CANDIDATE,HIGH,Explicit AR/MR signal: augmented reality,,,,,,,,,,LIKELY_ADVANCE_PENDING_PRIMARY_REVIEW
743,TA-03,42478033,10.2196/86566,Dynamic Augmented Reality Cues for Telementoring in Laparoscopic Surgery: Usability Study.,"Surgical telementoring enables a remote expert surgeon (mentor) to guide an operating surgeon (mentee) during surgery and facilitates the transfer of surgical skills. However, commonly used audio and static visual cues are inadequate to demonstrate complex tool-tissue interactions. To overcome this limitation, dynamic augmented reality (AR)-based visual cues are overlayed on the operative field to demonstrate precise instrument movements. The objective of this work was to evaluate dynamic AR cues and identify the most suitable cue that effectively demonstrates the required motions of surgical instruments during laparoscopy. A user study was conducted in a simulated environment among mentor-mentee pairs using 3 dynamic AR cues (hand gestures, a 3D pointer, and a virtual tool). The task assessed how closely the mentee was able to follow the mentor. The outcomes measured were (1) dynamic time warping distance, representing the closeness of the paths followed; (2) angular error in tooltip orientation; and (3) the NASA Task Load Index, assessing cognitive workload during telementoring. Telementoring using the virtual tool resulted in a reduced dynamic time warping distance compared with hand gestures (P<.01 for 12/13, 92.3% of the trials) and the 3D pointer (P<.05 for 11/13, 84.6% of the trials). Lower orientation error was also noted while using the virtual tool as compared with hand gestures (P<.05 for 5 of 6 poses). There were no substantial differences in the NASA Task Load Index scores. Use of a virtual tool (as a dynamic AR cue) enabled the mentee to follow the mentor's instructions with fewer errors than both hand gestures and a 3D pointer without increasing cognitive workload. Further research is needed to assess the clinical effectiveness of the virtual tool during live surgery.",2026,JMIR human factors,INCLUDE_CANDIDATE,HIGH,Explicit AR/MR signal: augmented reality,,,,,,,,,,LIKELY_ADVANCE_PENDING_PRIMARY_REVIEW
744,TA-03,42477686,10.1186/s12903-026-09362-8,Markerless augmented reality-guided endodontic microsurgery for improving accuracy and time efficiency in mandibular molar apical surgery: an in vitro study.,"Augmented reality (AR) visualization projects preoperative virtual three-dimensional (3D) models onto real surgical sites and can provide intuitive intraoperative guidance. This in vitro proof-of-concept study evaluated the feasibility of markerless AR-guided endodontic microsurgery by comparing objective outcomes between AR guidance (ARG) and traditional freehand (FH) procedures on customized 3D-printed mandibular models. Customized 3D dental models with artificial periapical lesions (APLs) were generated from cone beam computed tomography (CBCT) images obtained from one patient. A total of 20 dental models (80 mandibular molars and 160 APLs) were included, with 10 models assigned to the ARG group and 10 to the FH group. Surgical planning was performed on virtual models reconstructed from CBCT images. All procedures were performed by one endodontist with more than 10 years of clinical experience after standardized training in both workflows. Surgical time was recorded during each procedure, and postoperative CBCT images were acquired to evaluate bone window marking errors, osteotomy errors, and root resection angle error. The ARG group required less time than the FH group across all four molar positions. Median (IQR) surgical times ranged from 3.72 (2.99-5.75) to 5.25 (4.58-6.56) min in the ARG group and from 7.02 (6.60-7.66) to 9.13 (8.28-9.75) min in the FH group (all P < 0.05). The ARG group also yielded lower median (IQR) values for bone window marking, osteotomy, and root-resection angle errors. Several tooth-specific comparisons reached statistical significance (P < 0.05). Within the limitations of an in vitro proof-of-concept study, markerless AR guidance was feasible and was associated with improved accuracy and time efficiency during simulated mandibular molar endodontic microsurgery. Further clinical studies are required before routine clinical application.",2026,BMC oral health,INCLUDE_CANDIDATE,HIGH,Explicit AR/MR signal: augmented reality,,,,,,,,,,LIKELY_ADVANCE_PENDING_PRIMARY_REVIEW
745,TA-03,42475854,10.1016/j.cmpb.2026.109547,WatchForce: Wrist-worn PPG and IMU sensing for hand force estimation.,"Recent advancements in extended reality have reshaped human-computer interaction; yet, force estimation remains a critical missing element for achieving realistic interactions. Unlike traditional electromyography-based systems, which are highly accurate but hindered by usability challenges, this paper introduces WatchForce, a novel wrist-worn system that estimates hand force using photoplethysmography and an inertial measurement unit. The objective is to investigate whether smartwatch-compatible photoplethysmography and inertial measurement unit signals can support three-level force classification and MVC-normalized force regression under controlled experimental conditions. WatchForce employs a Vision Transformer-based model with a multimodal alignment strategy based on bidirectional InfoNCE. This approach separately encodes photoplethysmography and inertial measurement unit signals and aligns their representations for multimodal force estimation. WatchForce achieves 86.31% force classification accuracy under the session-level universal-model setting and 88.32% in user-dependent models. Under the same session-level universal-model setting, the regression task yields an nRMSE of 0.1386 on MVC-normalized force values and an R2 of 78.24%. In a leave-one-subject-out (LOSO) cross-subject evaluation, the PPG+IMU model achieves 78.50% classification accuracy and 0.1509 nRMSE/68.04% R2 for regression, providing initial evidence of generalization to held-out participants within the collected cohort. Additional posture, motion, and lighting evaluations further support robustness under the tested conditions, while broader population-level validation remains an important direction for future work. WatchForce provides proof-of-concept evidence that smartwatch-compatible PPG and IMU signals can support wrist-based hand-force estimation. Future studies with larger and more diverse cohorts, long-term daily-use evaluation, and commercial smartwatch hardware-level validation will be important for extending these findings toward real-world use.",2026,Computer methods and programs in biomedicine,INCLUDE_CANDIDATE,HIGH,Explicit AR/MR signal: extended reality,,,,,,,,,AR_MENTION_MAY_BE_CONTEXT_ONLY,PRIORITY_VERIFY
746,TA-03,42475219,10.1097/IOP.0000000000003257,Impact of Orbital Rim Osteotomy on Surgical Freedom in Transorbital Endoscopic Approaches: A Cadaveric Study and Novel Methodology.,"Transorbital neuroendoscopic surgery (TONES) is an emerging minimally invasive skull-base approach. The addition of an orbitotomy may increase the size of the surgical corridor, but this measurement has not previously been quantified. Six fresh-frozen cadaveric specimens (11 orbits) underwent bilateral superior eyelid crease incisions and periorbital dissection to the meningo-orbital band and superior orbital fissure. This was followed by bilateral sphenoidotomy to expose the trigeminal ganglion and temporal dura. A custom surgical probe with an Augmented Reality, University of Cordoba tracker at its base was then positioned with its tip at the foramen ovale, and freedom of instrument articulation was quantified by maneuvering the probe throughout the limits of the exposure. Repeated measurements were taken following lateral (L-TONES) and superolateral (SL-TONES) orbital rim osteotomy. Both approaches demonstrated statistically significant increases in surgical exposure area when calculated using both convex-hull and simple elliptical area (p < 0.001). SL-TONES achieved the greatest area of 93.78 cm2 (SD, 22.3 cm2), which was 125% greater than standard TONES, which had a mean convex-hull area of 41.6 cm2 (SD: 11.8 cm2). L-TONES provided 70.38 cm2 of exposure when using the convex hull. This study presents a novel, inexpensive method of quantifying surgical exposure and demonstrates increased instrument freedom through the successive addition of lateral and superior orbitotomies during TONES dissection.",2026,Ophthalmic plastic and reconstructive surgery,INCLUDE_CANDIDATE,HIGH,Explicit AR/MR signal: augmented reality,,,,,,,,,AR_MENTION_MAY_BE_CONTEXT_ONLY,PRIORITY_VERIFY
747,TA-03,42462959,10.1016/j.jse.2026.07.006,Dynamic analysis of nerves around the elbow using magnetic resonance imaging-derived three-dimensional modeling.,"We are developing an elbow arthroscopy system that overlays three-dimensional (3-D) nerve and bone information in real time by means of augmented reality technology. The aims of this study were: (1) to extract 3-D bone and nerve data from elbow magnetic resonance imaging (MRI) scans obtained in multiple volunteers, (2) to generate an averaged 3-D model of perielbow nerves, and (3) to analyze nerve kinematics during flexion and extension. Fifteen healthy volunteers (11 male, 4 female) underwent elbow MRI in a 3T scanner using a T1 VIBE fat-suppressed sequence. Images were acquired at 0°, 45°, and 90° of elbow flexion. DICOM data were converted to 3-D models of bone and nerves with VoTracer software, and STL files were exported. Using Rhinoceros 8, the humeral models of all participants were manually registered under 2 methods-humeral axis-based and flexion-extension axis-based-and the accuracy of each was tested. Nerve models were then averaged for each flexion angle. Optimal joint angles for establishing standard medial and lateral arthroscopic portals were also assessed. No significant difference in registration accuracy was found between the 2 methods. Intraobserver and interobserver reliability were excellent (ICC >0.9). Averaged 3-D nerve models were successfully created. For the lateral portals, the distance between the lateral epicondyle and the posterior interosseous nerve increased significantly with flexion (0° = 29.7 mm, 45° = 31.2 mm, 90° = 34.7 mm; P = .001). For the medial portal (20 mm proximal to the medial epicondyle), the median-ulnar nerve distance tended to widen in extension but without statistical significance (0° = 35.3 mm, 45° = 33.6 mm, 90° = 33.3 mm; P = .201). This study demonstrated that 3-D bone and nerve data can be extracted from a single T1 VIBE fat-suppressed MRI sequence, permitting generalization of perielbow nerve trajectories in vivo throughout the flexion-extension arc. These findings provide quantitative guidance on elbow position when creating lateral and medial arthroscopic portals.",2026,Journal of shoulder and elbow surgery,INCLUDE_CANDIDATE,HIGH,Explicit AR/MR signal: augmented reality,,,,,,,,,,LIKELY_ADVANCE_PENDING_PRIMARY_REVIEW
748,TA-03,42461740,10.1109/TVCG.2026.3713498,DSPose: Decoupled Real-Time Pose Estimation From Semantic-RGB Radiance Rays.,"Six-degree-of-freedom (6-DoF) pose estimation receives substantial attention, particularly in embodied agents and augmented reality. Recent methods explore a ray-selection paradigm, which reframes pose estimation from slow ""analysis-by-synthesis"" to direct ray selection. However, this paradigm still struggles with the selection ambiguity stemming from the strong dependence on RGB feature, and also with the unavoidable coupling problem of translation and rotation during optimization, which inherently leads to translation-rotation degeneracy. Hence, we introduce a robust selection approach DSPose that first generates Semantic-RGB radiance rays to ensure their quality and then stabilizes the selection through a decoupled optimization of translation and rotation. To achieve this, we first propose the Geometric-Resampling Semantic Representation (GRSR), which forges a geometrically accurate scene structure. This representation enhances the discriminability hugely to resolve selection ambiguities by embedding each ray with rich semantic information. Given the inherent entanglement of translation and rotation in a coupled selection process, we propose the Euclidean-Lie Decoupled (ELD) mechanism to ensure stability. Thereby, DSPose enables robust and efficient selection by ensuring both candidate-ray discriminability and selection stability. Extensive experiments show DSPose establishes a new state-of-the-art (SOTA), achieving unprecedented accuracy and real-time performance to make robust, prior-free pose estimation practical. To the best of our knowledge, this is the first work to drastically reduce both angular error and translation error in real-time, breaking the long-standing performance barrier for prior-free methods.",2026,IEEE transactions on visualization and computer graphics,INCLUDE_CANDIDATE,HIGH,Explicit AR/MR signal: augmented reality,,,,,,,,,,LIKELY_ADVANCE_PENDING_PRIMARY_REVIEW
749,TA-03,42460785,10.1021/acsnano.6c02445,Symmetry-Encoded Multiplexed Lasing Enabled by Twisted Moiré Photonic Coupling.,"Multifunctional lasers are critical for enhancing system versatility and information capacity. However, realizing multiplexed lasing across multiple degrees of freedom requires unconventional physical mechanisms. Here, we demonstrate how twisted moiré photonic superlattices can enable symmetry-encoded, multiplexed lasing characteristics. By constructing moiré lasers using perovskite nanocrystals, we demonstrate polarization-vortex beams from symmetry-protected bound states in the continuum (BICs) and linearly polarized beams from symmetry-broken radiative modes simultaneously at distinct spatial channels. We reveal that although the superlattice symmetry generates multiple BICs from photonic band folding, the asymmetric interference between the superlattice and sublattice modes turns the BICs at moiré-Γ points into radiative modes, which enables symmetry-broken polarization characters. Using twist angles as a tuning approach, we achieved independent modulation of the laser emission directionality, with the multichannel laser polarizations remaining invariant. Our discoveries of moiré-coupling-induced, multiplexed light manipulation offer opportunities for multichannel visible-light communication, holographic displays, and augmented reality.",2026,ACS nano,INCLUDE_CANDIDATE,HIGH,Explicit AR/MR signal: augmented reality,,,,,,,,,,LIKELY_ADVANCE_PENDING_PRIMARY_REVIEW
