screening_ordinal,batch_id,pmid,doi,title,abstract,authors,journal,year,publication_types,language,metadata_status,prescreen_decision,prescreen_reason,ta_decision,ta_reason_code,ta_screener,ta_timestamp,ta_evidence_note,decision_version,second_verification_state,adjudication_state
1501,TA-07,41488819,10.1016/j.pecinn.2025.100450,HoloVAD; A feasibility study of a new patient education tool for patients with a left ventricular assist device.,"Patient education for patients with a left ventricular assist device (LVAD) and their loved ones is crucial for improving adherence and reducing complications. HoloVAD is an innovative virtual education tool, which offers a preimplantation experience of life with an LVAD (Holomoves ©, The Netherlands). Our objective is to assess the feasibility, defined as acceptability, usability, and tolerability, of HoloVAD. A cross-sectional, quantitative feasibility study was conducted among patients with an LVAD, and their loved ones. In total 45 participants were included. Six out of the seven acceptability domains of the Unified Theory of Acceptance (UTAUT) were scored positively. With an excellent overall SUS-score (82.5) the HoloVAD application is assessed as usable for both groups, and tolerability is scored as positive at every point of the Virtual Reality Sickness Questionnaire (VRSQ), for both groups. HoloVAD is feasible - defined as being acceptable, usable, and tolerable -and represents a promising and helpful new education tool for the study population. An LVAD is life-changing with high complication risks. HoloVAD is innovative because it integrates visualization and interaction through mixed reality, enabling a deeper understanding of life with an LVAD. This study highlights the feasibility of HoloVAD as a novel educational tool for patients and their loved ones.",Sofie E Bresser; Linda M de Heer; Irene Louwerse-van Kan; Faiz Ramjankhan; Manon G van der Meer; Saskia W M Weldam,PEC innovation,2026,Journal Article,eng,retrieved,UNCERTAIN_REQUIRES_SCREENING,TITLE_ABSTRACT_REVIEW_REQUIRED,,,,,,,,
1502,TA-07,41483385,10.1177/15533506251414954,Extended Reality Applications in Plastic Surgery Residency: Why and Why Not.,"BackgroundEarly innovations are often disruptive but gain traction when the benefits become evident. EXtended Reality (XR) has recently gained momentum for surgical training. XR involves a head-mounted display (HMD) blending physical and digital worlds for enhanced visualization, communication, and understanding. To understand its potential impact, the receptiveness of plastic surgeons was assessed for its usefulness and usability.MethodsPlastic surgeons watched XR interventions and completed a survey assessing applications for remote consultation, intra-operative education, and pre-operative planning. Responses were analyzed using descriptive statistics and categorical inferential testing, with group differences assessed using Fisher's exact test on dichotomized Likert responses.ResultsEleven attending and ten resident physicians (21/44, 48%) responded to the survey. Attendings perceived greater usefulness of XR for virtual consultation than residents (91% vs 50%), with a near-significant trend (P = 0.056) and higher reported mean usefulness and usability scores. Residents more often anticipated need for technical support during virtual consultation (60% vs 27%). Both groups strongly endorsed XR for intra-operative education. Willingness to use and optimism were high among both groups. For pre-operative planning, both groups perceived XR as useful, though usability concerns were prominent, including moderate perceived complexity and anticipated need for technical support particularly among residents (89% vs 70%).ConclusionAttendings were more receptive than residents to integrating XR in plastic surgery training with residents reporting greater cognitive load. Residents valued improved intra-operative visibility and noted the Hawthorne effect. Selecting high-value, usable XR applications while minimizing trainee role stress is essential for advancing residency education.",Michelle D Benedict; Donovan A Inniss; Noor A Alesawy; Nikhil Mantena; Hannah Xu; Vitaliy Popov; Taylor Kantor; Christian J Vercler,Surgical innovation,2026,Journal Article,eng,retrieved,UNCERTAIN_REQUIRES_SCREENING,TITLE_ABSTRACT_REVIEW_REQUIRED,,,,,,,,
1503,TA-07,41480194,10.1115/1.4070016,AR-CPR 2.0: Validation of the Accuracy and Precision of a Wearable Coaching System for Improving Chest Compression Performance.,"Pediatric cardiopulmonary resuscitation (CPR) quality remains inconsistent, with low adherence to guideline-recommended compression rate and depth. Augmented reality cardiopulmonary resuscitation (AR-CPR) is an augmented reality feedback system designed to improve CPR performance using real-time, in-view coaching via smart glasses. To validate the accuracy and precision of the AR-CPR system in measuring chest compression rate and depth across clinically relevant ranges, we tested AR-CPR using a programable oscillation platform at five rates (100-140 compressions per minute (CPM)) and four depths (4.0-5.5 cm), and with the Stryker LUCAS3 device at 102 CPM and 5.3 cm. A total of 473 compressions (slide test) and 559 compressions (LUCAS3 test) were analyzed. Statistical methods included intraclass correlation coefficients (ICC[2,1]), paired t-tests, Bland-Altman analysis, root-mean-square error (RMSE), kernel density estimation for error distribution, and group error modeling to estimate clinical thresholds (±2.5 CPM, ±0.5 cm). Linearity was assessed via linear regression. The AR-CPR system demonstrated high accuracy and reliability in 473 simulated and 559 mechanical compressions. Mean biases were minimal for rate (-0.48, -0.44 CPM) and depth (+0.39, +0.59 cm), with excellent ICCs (0.997 rate, 0.944 depth). Errors were normally distributed, with <7% exceeding clinically relevant thresholds. R2 values (0.994 rate, 0.903 depth) confirmed strong linear agreement with reference values. AR-CPR reliably measured compression rate and depth with high accuracy and precision across variable and fixed testing conditions. Its portability, real-time feedback, and robust signal processing support its potential for improving pediatric resuscitation training and clinical performance.",Keith Kleinman; James L Dean; Erika Yu; Blake A Schreurs; Justin M Jeffers,Journal of medical devices,2025,Journal Article,eng,retrieved,UNCERTAIN_REQUIRES_SCREENING,TITLE_ABSTRACT_REVIEW_REQUIRED,,,,,,,,
1504,TA-07,41478802,10.1016/j.bja.2025.10.060,Thoracic epidural insertion using extended reality hologram assistance: a randomised trial of regional anaesthesia skill performance on the soft embalmed Thiel cadaver.,"Medical extended reality projects a 3D digital image onto live surface anatomy via a wearable device while allowing operators to interact with the real world. We have developed a 3D hologram of the thoracic spine from CT images of a soft embalmed Thiel cadaver and visualised spinal anatomy through a Microsoft Hololens2 headset. The primary objective of this study was to test whether thoracic epidural training performance on the cadaver was improved using extended reality compared with the landmark insertion technique. The study comprised psychometric evaluation of anaesthetists of all grades, a lecture, needling practice on both a plastic simulator, and a soft embalmed Thiel cadaver and familiarisation with the Hololens2. Testing of cadaveric thoracic epidural procedural performance occurred at 10 randomly allocated anatomical sites between T1/2 and T 10/11, randomised equally to the landmark paramedian technique or hologram guidance. Both groups used loss of resistance to fluid as the procedural endpoint. The primary outcome was the log-log slope of Global Rating Scale assessments. For 58 anaesthetists who completed the study, Global Rating Scale slopes did not differ between groups or by grade of anaesthetist. Secondary endpoints showed differences: the mean log number of needle movements was reduced in the extended reality group: 0.94 (0.95) vs 1.49 (0.97), P<0.001; and ideal performance, defined as a single needle insertion through skin and two or fewer subsequent needle movements, was higher in the extended reality group, 52% vs 28%, Relative Risk (RR) 1.50 (0.91-2.53). Extended reality hologram-assisted thoracic epidural insertion did not alter Global Rating Scale scores for the holographic vs landmark techniques, but reduced needle movements.",Graeme McLeod; Mel McKendrick; Rony Portelli; Zsolt Husz; Gareth James; David Hewson; Alwin Chuan; Tuesday McKendrick; Gary McKendrick,British journal of anaesthesia,2026,Journal Article; Randomized Controlled Trial,eng,retrieved,UNCERTAIN_REQUIRES_SCREENING,TITLE_ABSTRACT_REVIEW_REQUIRED,,,,,,,,
1505,TA-07,41477597,10.3389/fpsyg.2025.1657028,The impact of teacher training on the evaluation and selection of STEM augmented reality applications and TPACK self-assessment.,"The digital transformation of education is reshaping the demands placed on teachers, as new competencies are required for the integration of emerging technologies such as augmented reality (AR). To utilize such digital learning resources effectively, teachers must initially be able to evaluate and select them based on their professional knowledge, which the TPACK framework conceptualizes by integrating technological, pedagogical, and content knowledge. However, it remains an open question to what extent teacher training supports the development of these competencies. This study examines how teacher training influences prospective teachers' knowledge-based evaluation and selection of STEM-related AR applications, as well as their self-assessed digital competencies. A total of N = 305 prospective lower secondary school teachers evaluated two AR applications related to one of three STEM topics, selected the one they considered more suitable for use in the classroom and provided self-assessments of their PCK, TPK and TPACK. To explore potential differences based on training level, comparisons were made between undergraduate and graduate students. The data were analyzed using qualitative content analysis, Mann-Whitney U tests, and Pearson chi-squared tests. Graduate students placed greater emphasis on TCK when evaluating the mathematics (p = 0.002, d = -0.58) and the physics AR applications (p < 0.001, d = -0.65), whereas undergraduates focused more on TPK in these subject assessments (mathematics: p = 0.007, d = 0.50; physics: p = 0.018, d = 0.43). Additional differences appeared within subject assessments, with the strongest effect observed for the PCK subcategory of model knowledge and use in the physics assessment (p < 0.001, d = -0.85). Under ideal conditions, undergraduates showed stronger preferences in selecting AR application in the mathematics (p = 0.030, Cramér's V = 0.195) and the biology assessment (p = 0.004, Cramér's V = 0.262), while graduates demonstrated a more balanced selection pattern. Graduates rated their PCK higher overall (p = 0.002, d = -0.37), whereas no significant group differences were observed in self-assessed TPK or TPACK. The findings show changes in the knowledge-based evaluation and selection of AR applications, as well as in self-assessed PCK during teacher training. However, improvements in both the reference to TPACK and self-assessment of TPACK were less pronounced, indicating room for further development. This aligns with prior research suggesting that more comprehensive, model-based approaches (e.g., SQD) and stronger role modeling by teacher educators could better support teachers in effectively integrating digital resources like AR.",Janine Küng; Dorothee Brovelli,Frontiers in psychology,2025,Journal Article,eng,retrieved,UNCERTAIN_REQUIRES_SCREENING,TITLE_ABSTRACT_REVIEW_REQUIRED,,,,,,,,
1506,TA-07,41475982,10.1016/j.ijom.2025.12.006,The role of extended reality in oral and maxillofacial surgery: a scoping review.,"Extended reality (XR) technologies, including augmented reality (AR), mixed reality (MR), and virtual reality (VR), are increasingly transforming surgical disciplines. Oral and maxillofacial surgery, given the anatomical complexity and precision required, is particularly suited to benefit from these innovations. The aim of this scoping review was to map the clinical applications of XR in oral and maxillofacial surgery and compare the most commonly used commercial headsets. A comprehensive literature search was performed across the PubMed, Scopus, and Web of Science databases, covering studies published between January 2018 and June 2025. The PRISMA-ScR guidelines were followed. Overall, 759 records were identified in the database and subsequent citation search, of which 90 met the predefined inclusion criteria. The studies were categorized based on the type of application: training, preoperative planning, virtual surgical planning (VSP), and intraoperative guidance. The analysis revealed that AR and MR are predominantly employed in intraoperative procedures, enhancing surgical navigation and precision. In contrast, fully immersive VR is primarily employed in training, preoperative simulation, and VSP, while its adoption in the postoperative phase remains a promising area for future exploration. XR technologies hold significant potential in oral and maxillofacial surgery and are evolving rapidly and diversifying in their applications. Further research and regulatory validation are needed to support clinical integration and evaluate long-term outcomes.",F Nonis; A Novaresio; S Moos; E Vezzetti,International journal of oral and maxillofacial surgery,2026,Journal Article; Scoping Review,eng,retrieved,UNCERTAIN_REQUIRES_SCREENING,TITLE_ABSTRACT_REVIEW_REQUIRED,,,,,,,,
1507,TA-07,41475429,10.1016/j.apmr.2025.12.008,Home-Based Augmented Reality Gait-and-Balance Therapy in Parkinson Disease: An Examination of Exercise Intensity.,"Objectives to evaluate whether Strolll-an individually-tailored gamified augmented reality gait-and-balance therapy for people with Parkinson disease-meets intensity thresholds to qualify as aerobic exercise were to (1) quantify exercise intensity of a representative 30 active-minute Strolll gait-and-balance therapy session at home and (2) examine if Strolll exercise settings (type of gamified exercise and its difficulty level and duration) could influence exercise intensity. Within-subject experimental design. Home environment. A convenience sample of fifteen individuals (N=15) with Parkinson disease (Hoehn & Yahr stages 1-3, 12 men and 3 women, 46-84y of age) familiar with Strolll exercises. On separate days, participants completed a representative 30 active-minute gait-and-balance therapy session at home and performed 5 different gait-and-balance exercise types at various difficulty levels and durations. Exercise intensity was expressed as percentage heart rate reserve and rate of perceived exertion. The 30 active-minute gait-and-balance therapy session reached moderate-to-vigorous exercise intensity levels for 9 (based on heart rate reserve) and 14 (based on rate of perceived exertion) of the 15 participants. Exercise intensity varied over the 5 gamified exercise types. Varying the level and duration of exercise types had a smaller influence on exercise intensity. Strolll, designed to target aspects of gait, balance, and fall risk, showed potential to be applied as a moderate-to-vigorous exercise intensity program (meeting moderate-to-vigorous intensity levels for most participants). Exercise settings to (further) influence exercise intensity levels of augmented reality exercises were identified. With the proper exercise settings prescribed, Strolll may also qualify as moderate-or-higher intensity aerobic exercise, creating opportunities for multimodal therapy facilitating multiple rehabilitation targets simultaneously in the future.",Lotte E S Hardeman; Jara S van Bergem; Annejet T van Dam; Cathelijne E Snethlage; Erwin E H van Wegen; Karin H L Gerrits; Jorik H Nonnekes; Daphne J Geerse; Melvyn Roerdink,Archives of physical medicine and rehabilitation,2026,Journal Article,eng,retrieved,UNCERTAIN_REQUIRES_SCREENING,TITLE_ABSTRACT_REVIEW_REQUIRED,,,,,,,,
1508,TA-07,41473709,10.3389/fpubh.2025.1694834,Inclusive and effective teaching of Nature-Based Social Prescribing for allied health professional students within digital environments.,"Nature-based Social Prescribing is increasingly relevant to Allied Health Professionals in the UK, requiring educators to impart foundational knowledge on public health, health equity and nature connection. There is limited guidance on effective pedagogy and assessment strategies for inclusive and effective NbSP education, especially regarding contemporary approaches such as digital and mixed reality environments. This seminal mixed-methods integrative study employed Group Concept Mapping with thirty-eight stakeholders to explore perspectives on critical content ideas for NbSP training, pedagogical development and preferred learning environments for AHPs. Stakeholder input informed the identification of potential checklist items for curriculum design and effective classroom practice in-person and digitally. Stakeholders emphasized forty out of one hundred statements as highly relevant for course design, content creation and the development of inclusive and effective teaching approaches for NbSP. Key findings highlighted the necessity of bringing students into nature and fostering direct nature connection alongside contributing to community organizations to understand more roles, in addition to traditional teaching methods. Opportunities to enhance higher education inclusivity were identified. This study is the first to apply Group Concept Mapping to NbSP pedagogy for AHPs, offering initial insights for future curriculum design and assessment in this field. Further research is warranted to support educators in delivering inclusive and effective NbSP education, particularly in evolving digital and hybrid learning contexts.",S Pywell; C Wallace; S Wallace; M Davies,Frontiers in public health,2025,Journal Article,eng,retrieved,UNCERTAIN_REQUIRES_SCREENING,TITLE_ABSTRACT_REVIEW_REQUIRED,,,,,,,,
1509,TA-07,41471662,10.3390/s25247667,Value of Robotics: Comparison of Three Different High-Intensity Training Programs for Rehabilitation After Stroke.,"Strokes are one of the leading causes of adult disability. There are a wide range of therapies available in stroke care for people with stroke, but there can be wide variations in the effectiveness of these therapies, so it is essential to review and compare them from time to time. In our study, we measured and compared the effectiveness of three high-intensity therapies: an agility training program without technological tools, a virtual reality exergaming training program with a low-cost device, and a high-cost robotic training program using augmented and virtual reality. All three therapies helped to improve the patients' functional abilities, balance, and gait. On average, endurance increased by 104-177%, balance scores by 36-53%, and gait speed by 5-10% depending on the intervention. Robotic therapy and exergaming facilitate greater improvements in walking speed, step length, and balance-related gait metrics. These findings have profound implications for stroke rehabilitation, advocating for the prioritization of robotic and exergaming interventions over conventional functional therapies, like agility training. Given the limited sample size, the results should be interpreted as preliminary, highlighting the need for further studies with larger cohorts.",Nándor Prontvai; Szilvia Kóra; Blanka Törő; Barbara Kopácsi; Petra Kós; Tamás Haidegger; György Wersényi; Péter Prukner; István Drotár; József Tollár,"Sensors (Basel, Switzerland)",2025,Journal Article; Comparative Study,eng,retrieved,UNCERTAIN_REQUIRES_SCREENING,TITLE_ABSTRACT_REVIEW_REQUIRED,,,,,,,,
1510,TA-07,41471467,10.3390/s25247473,Comparative Analysis of the Accuracy and Robustness of the Leap Motion Controller 2.,"Along with the ongoing success of virtual/augmented reality (VR/AR) and human-machine interaction (HMI) in the professional and consumer markets, new compatible and inexpensive hand tracking devices are required. One of the contenders in this market is the Leap Motion Controller 2 (LMC2), successor to the popular Leap Motion Controller (LMC1), which has been widely used for scientific hand-tracking applications since its introduction in 2013. To quantify ten years of advances, this study compares both controllers using quantitative tracking metrics and characterizes the interaction space above the sensor. A robot-actuated 3D-printed hand and a motion-capture system provide controlled movements and external reference data. In the central tracking volume, the LMC2 achieves improved performance, reducing palm-position error from 7.9-9.8 mm (LMC1) to 5.2-5.3 mm (LMC2) and lowering positional variability from 1.3-2.2 mm to 0.4-0.8 mm. Dynamic tests confirm stable tracking for both devices. For boundary experiments, the LMC2 maintains continuous detection at distances up to 666 mm, compared to 250-275 mm (LMC1), and detects hands entering the field of view from distances up to 646 mm. Both devices show reduced accuracy toward the edges of the tracking volume. Overall, the results provide a grounded characterization of LMC2 performance in its newly emphasized VR/AR-relevant interaction spaces, while the metrics support cross-comparison with earlier LMC1-based studies and transfer to related application scenarios.",Daniel Matuszczyk; Mikel Jedrusiak; Denis Fisseler; Frank Weichert,"Sensors (Basel, Switzerland)",2025,Journal Article,eng,retrieved,UNCERTAIN_REQUIRES_SCREENING,TITLE_ABSTRACT_REVIEW_REQUIRED,,,,,,,,
1511,TA-07,41470530,10.3390/mi16121364,Design and Validation of a Brain-Controlled Hip Exoskeleton for Assisted Gait Rehabilitation Training.,"This study presents an integrated micro-system solution to address the challenges of gait instability in patients with impaired hip motor function. We developed a novel wearable hip exoskeleton, where a flexible support unit and a parallel drive mechanism achieve self-alignment with the biological hip joint to minimize parasitic forces. The system is driven by an active brain-computer interface (BCI) that synergizes an augmented reality visual stimulation (AR-VS) paradigm for enhanced motor intent recognition with a high-performance decoding algorithm, all implemented on a real-time embedded processor. This integration of micro-sensors, control algorithms, and actuation enables the establishment of a gait phase-dependent hybrid controller that optimizes assistance. Online experiments demonstrated that the system assisted subjects in completing 10 gait cycles with an average task time of 37.94 s, a correlated instantaneous rate of 0.0428, and an effective output ratio of 82.17%. Compared to traditional models, the system achieved an 18.64% reduction in task time, a 28.31% decrease in instantaneous rate, and a 7.36% improvement in output ratio. This work demonstrates a significant advancement in intelligent micro-system platforms for human-centric rehabilitation robotics.",Chengjun Wang; Biao Cheng; Qiang Tang; Renyuan Wu; Huanyu Li,Micromachines,2025,Journal Article,eng,retrieved,UNCERTAIN_REQUIRES_SCREENING,TITLE_ABSTRACT_REVIEW_REQUIRED,,,,,,,,
1512,TA-07,41468949,10.1016/j.joms.2025.12.004,Clinical Application of Augmented Reality in TMJ Arthroscopy: A Case Series.,"This case series evaluates the clinical application of augmented reality (AR) in temporomandibular joint arthroscopy, with a focus on improving accuracy in initial and secondary portal placement. Five patients underwent AR-assisted arthroscopy using preoperative CT-based virtual planning and intraoperative holographic visualization with the Microsoft HoloLens 2 and Xironetic's IntraOpVSP system. The AR interface enabled real-time alignment of surgical instruments with planned trajectories, resulting in successful joint access and completion of all intended procedures. The first portal was consistently placed with high precision, while the second portal benefited from AR-guided triangulation despite variability in preoperative joint space estimation. Although AR was not used during advanced intra-articular maneuvers due to current technical limitations, the system enhanced spatial orientation and procedural confidence. These findings support the feasibility of integrating AR into temporomandibular joint arthroscopy and highlight its potential to improve surgical accuracy, streamline workflow, and serve as a valuable adjunct in minimally invasive joint procedures.",David Ahn; Brandon Strong; Shae Bryant; Darin Johnston,Journal of oral and maxillofacial surgery : official journal of the American Association of Oral and Maxillofacial Surgeons,2026,"Journal Article; Research Support, U.S. Gov't, Non-P.H.S.",eng,retrieved,UNCERTAIN_REQUIRES_SCREENING,TITLE_ABSTRACT_REVIEW_REQUIRED,,,,,,,,
1513,TA-07,41463651,10.3390/bioengineering12121354,Effects of a Personalized Augmented Reality Exercise Program Based on Basic Fitness on Key Components of Physical Fitness in Healthy Adults: A Randomized Controlled Trial.,"Augmented reality (AR)-based exercise offers a low-cost option for home training, but the lack of supervision increases the risk of incorrect performance. Therefore, AR systems must demonstrate accuracy and effectiveness comparable to therapist-led training. To address this need, this study examined whether an AR-supported multi-component exercise program improves six key components of physical fitness. Twenty-eight healthy adults from South Korea were recruited and randomly assigned to either the AR group or the physical therapist (PT) group. Participants were assessed for six components of physical fitness: muscular strength, muscular endurance, balance, cardiorespiratory endurance, flexibility, and coordination. Each group performed the exercise program three times per week for four weeks, with each session lasting at least 30 min. Statistical analyses were conducted using paired t-tests to evaluate pre- and post-intervention effects within each group and independent t-tests to compare differences between the two groups. The level of statistical significance was set at p < 0.05. Exploratory analyses showed that both groups demonstrated post-intervention improvements in muscular endurance, balance, flexibility, and coordination, while cardiorespiratory endurance and grip strength showed no notable changes. Between-group comparisons revealed significant differences only in right-hand relative grip strength at both baseline and post-intervention, with no other domains differing between groups. First, the AR-based intervention significantly improved muscular endurance, balance, flexibility, and coordination. Second, there were no significant differences between the AR-based and therapist-led interventions. Consequently, AR-based exercise programs may enhance specific components of physical fitness and could be effectively utilized to complement and extend therapist-led training sessions.",Jaewon Lee; Jaeho Yu,"Bioengineering (Basel, Switzerland)",2025,Journal Article,eng,retrieved,UNCERTAIN_REQUIRES_SCREENING,TITLE_ABSTRACT_REVIEW_REQUIRED,,,,,,,,
1514,TA-07,41461066,10.2196/82881,Digital Health Technologies Applied in Patients With Early Cognitive Change: Scoping Review.,"Digital health technologies (DHTs) have the potential to revolutionize the screening, diagnostic support, monitoring, and intervention for early cognitive change. However, the full spectrum of their application and the existing evidence base in this specific patient population have not been systematically delineated. This study aimed to review and synthesize the applications, roles, and challenges of DHTs in patients with early cognitive change. This scoping review was conducted in accordance with established methodological frameworks for scoping reviews and followed the PRISMA-ScR (Preferred Reporting Items for Systematic Reviews and Meta-Analyses Extension for Scoping Reviews) and PRISMA-S (PRISMA Statement for Reporting Literature Searches in Systematic Reviews) guidelines. A systematic search was conducted across 5 electronic databases: PubMed, Embase, Web of Science, APA PsycINFO, and the Cochrane Library. The search covered the period from each database's inception until September 30, 2025. Studies were selected, and data were extracted using the population-concept-context framework, focusing on digital health interventions for patients with early cognitive change. This scoping review identified 193 studies (from 8346 initial articles, screened down to 5623 after deduplication) evaluating DHTs for early cognitive change, with a marked publication surge post 2020. Studies predominantly focused on mild cognitive impairment and subjective cognitive decline. Among the 170 studies that reported the age of participants, the mean age of the participants was 74.09 (SD 7.98) years. Furthermore, six categories of DHTs emerged: (1) artificial intelligence or big data, (2) internet of things, (3) virtual reality or augmented reality, (4) robotics, (5) mobile apps or computerized cognitive training, and (6) telemedicine. Outcomes most frequently assessed included cognitive function, mental health, and feasibility. Notably, only 23 studies measured quality of life, with limited long-term (6-12 months) follow-up. Physiological markers, social support, sleep quality, and self-efficacy were explored but less frequently. DHTs demonstrate significant potential in the management of patients with early cognitive impairment, particularly playing crucial roles in screening, intervention, monitoring, and auxiliary diagnosis. This scoping review underscores that DHTs, through personalized interventions and continuous care, can effectively improve patient outcomes while innovatively incorporating the caregiver perspective. However, their practical application faces challenges in balancing technological complexity with user-friendliness. Future research needs to address five key issues: (1) the lack of long-term efficacy evidence, (2) insufficient coverage of individuals with subjective cognitive decline and caregiver populations, (3) a dearth of empirical evidence on the combined application of multiple DHTs, (4) the failure of personalized programs to fully account for individual differences, and (5) the absence of effective solutions to address data and ethical risks. There is an urgent need to establish a long-term efficacy evaluation system for DHTs through rigorous methodological validation.",Yunhao Zhang; Xuejiao Zhu; Shulan Yang; Arkers Kwan Ching Wong; Xinming Chen,Journal of medical Internet research,2025,Journal Article; Scoping Review,eng,retrieved,UNCERTAIN_REQUIRES_SCREENING,TITLE_ABSTRACT_REVIEW_REQUIRED,,,,,,,,
1515,TA-07,41457876,10.1080/13561820.2025.2609070,Simulation-based interprofessional education within acute ward teams to improve the management of the deteriorating patient.,"Safe management of deteriorating patients requires the specialty skills of multiple disciplines working together, otherwise known as interprofessional practice. Teamwork and interprofessional practice competencies are necessary for interprofessional practice, yet acute care settings continue to primarily offer siloed discipline-specific continuing education. Simulation-based interprofessional education provides healthcare professionals with the opportunity to engage in interprofessional practice, build relationships within the team, and improve communication and teamwork skills across multidisciplinary teams. A pre-posttest study was designed using the Jefferson Teamwork Observation Guide to evaluate the effectiveness of simulation-based interprofessional education on teamwork functionality. Healthcare professionals' observations of interprofessional practice competencies were measured pre- and post-immersive mixed reality deteriorating patient scenarios. Nurses, allied health, and medical officers working in four wards within an acute healthcare setting were invited to participate in the study. From 124 participants, data analysis of 52 post-intervention, matched pairs revealed a statistically significant increase in the overall JTOG score at post-intervention (p =  < .001), with a moderate effect size (d = .37). Median scores showed an increase from pre- to post-intervention for all disciplines; however, statistically significant increase in the overall Jefferson Teamwork Observation Guide score (p = .001) was only found for the discipline of nursing. Statistically significant increases were also found for the nursing discipline across four subscales: roles and responsibilities (p = .013), communication (p =  < .001), values and ethics (p =  < .001), and teamwork (p = .004), with moderate effect sizes. The results from this study provide evidence that an interprofessional education program using immersive mixed reality technology can positively influence nurses' interprofessional practice competencies to identify, escalate, and manage the deteriorating patient. Further research is required to explore the impact on allied health and improve engagement with medical officers.",Deb Newman; Andrew Woods; Christina Aggar; Karen Bowen; Golam Sorwar; David Clark; Fiona Naumann,Journal of interprofessional care,2026,Journal Article,eng,retrieved,UNCERTAIN_REQUIRES_SCREENING,TITLE_ABSTRACT_REVIEW_REQUIRED,,,,,,,,
1516,TA-07,41455987,10.1186/s12984-025-01861-z,Tools and methods for assessing the usability and related aspects of usability of extended reality and telerehabilitation technologies in stroke rehabilitation: a scoping review.,"Extended reality (XR) and telerehabilitation (TR) technologies are increasingly being used into stroke rehabilitation. These technologies have the potential to enhance therapy intensity, motivate users through engaging and interactive environments, and improve access to rehabilitation services in both clinical and home settings. Usability assessment is essential to ensure effective, engaging, and accessible interventions. This scoping review aims to identify tools used to evaluate XR and TR technologies in stroke rehabilitation. This scoping review was conducted following the methodological framework of Arksey and O'Malley, further refined by Levac et al. and the Joanna Briggs Institute. A literature search was performed across five databases (MEDLINE, Embase, CINAHL, PsycINFO, and Web of Science) using keywords and their variations related to stroke, virtual reality, augmented reality, mixed reality, telerehabilitation, and usability evaluation. Peer-reviewed articles and conference abstracts published up to December 2024 were included if they reported on the usability evaluation of XR or TR technologies in neurological rehabilitation. Two reviewers independently screened studies for eligibility. Relevant data were extracted using a standardized data charting framework. The search yielded 2,290 articles, of which 111 were included in the review. Twenty-eight tools were identified, encompassing both direct usability assessments and complementary tools addressing related aspects. These tools were grouped into six categories: (1) standardized questionnaires, (2) custom questionnaires, (3) semi-structured interviews, (4) task-based usability testing, (5) modified standardized questionnaires, and (6) think-aloud protocols. The most frequently used tool was the System Usability Scale (SUS), followed by custom questionnaires. Among studies explicitly evaluating usability, 55.9% combined two to six tools to capture multiple facets of usability. Usability was assessed in 67.6% of publications using quantitative methods (e.g., questionnaires), in 4.5% using qualitative methods (e.g., interviews, focus groups), and in 27.9% using mixed methods approaches. Usability of XR and TR technologies is assessed with a wide variety of tools. Combining tools helps capture different aspects of usability, highlighting the importance of addressing its multifaceted nature in stroke rehabilitation. Future research could develop and validate a framework integrating multiple aspects of usability to ensure both relevance and comparability across studies.",Fatimata Ouédraogo; Marika Demers; Karla Vanessa Rodrigues Soares Menezes; David Labbé; Karina Lebel; Simon Brière; Mindy F Levin; Michel Tousignant; Dahlia Kairy,Journal of neuroengineering and rehabilitation,2025,Journal Article; Scoping Review,eng,retrieved,UNCERTAIN_REQUIRES_SCREENING,TITLE_ABSTRACT_REVIEW_REQUIRED,,,,,,,,
1517,TA-07,41455762,10.1038/s41597-025-06474-8,Fatigue Characterization Multimodal Datasets for Stereo Vision in Mixed Reality.,"Head Mounted Displays (HMDs) employ mixed reality (MR) technologies across various fields, affording users immersive visual experiences. However, prolonged use of HMDs devices to watch stereoscopic content may lead to visual fatigue. This study explores stereo-visual fatigue induced by viewing MR visual stimuli, focusing on EEG and peripheral physiological signals. We recorded 24-channel EEG signals from 23 healthy participants and combined them with electrocardiogram (ECG), electrodermal activity (EDA), peripheral oxygen saturation (SpO2), respiratory, and skin temperature data from 13 participants. These physiological signal characteristics were extracted and combined into multimodal datasets. These datasets have shown significant effects in identifying visual fatigue through experimental verification. The study highlights the need for publicly available datasets to further investigate stereo-visual fatigue in an MR environment.",Yan Wu; Chunguang Tao; Qi Li,Scientific data,2025,Journal Article; Dataset,eng,retrieved,UNCERTAIN_REQUIRES_SCREENING,TITLE_ABSTRACT_REVIEW_REQUIRED,,,,,,,,
1518,TA-07,41452379,10.1186/s41205-025-00305-7,Intraoperative use of mixed reality (MR) in humans across surgical disciplines: a major review.,"The objective of the present work is to assess the intraoperative utility, operative benefits, and limitations of mixed reality (MR) by reviewing the entire literature across surgical disciplines. A focused literature search was conducted on December 12, 2024, across major databases, including PubMed, EMBASE, and Cochrane. The review included original studies that examined intraoperative MR applications in human surgical procedures with a technology readiness level (TRL) of 6 or higher. Exclusion criteria ruled out studies involving augmented reality (AR) or virtual reality (VR) alone, as well as non-English literature and conference proceedings. Selected studies were categorized based on their application in surgical navigation, image guidance, and image reference. A total of 41 studies met the inclusion criteria, covering 760 patients across multiple surgical disciplines. Three primary MR applications were identified: (1) Surgical navigation (MR-SN): used for real-time instrument tracking and trajectory definition in procedures such as spinal surgery, neurosurgery, and maxillofacial surgery; (2) Image guidance (MR-IG): employed for visual overlay of 3D models onto anatomical landmarks without instrument tracking, primarily in visceral, plastic, and reconstructive surgery; (3) Image reference (MR-IR): utilized as a static 3D reference model adjacent to the surgical field in various disciplines, including ophthalmology and interventional radiology. The Microsoft HoloLens and HoloLens 2 were the most used head-mounted displays (HMDs), with additional applications of Magic Leap 2 and xvision Spine System. MR demonstrated improvements in surgical precision, efficiency, and visualization. However, limitations such as ergonomic discomfort, latency, narrow field of view, and challenges in anatomical superimposition were noted. Mixed reality is an emerging technology with the potential to enhance intraoperative visualization, guidance, and navigation across multiple surgical disciplines. Several challenges limit its widespread adoption. Further clinical trials and regulatory approvals are required to establish MR as a standard tool in surgical practice.",Rafal Nowak; Maja Nowak; Marek Rękas; Mohammad Javed Ali,3D printing in medicine,2025,Journal Article,eng,retrieved,UNCERTAIN_REQUIRES_SCREENING,TITLE_ABSTRACT_REVIEW_REQUIRED,,,,,,,,
1519,TA-07,41444616,10.1186/s12984-025-01820-8,Effects of mirror therapy preceding augmented reality in stroke rehabilitation: a randomized controlled trial.,"BACKGROUND: Mirror therapy (MT) and augmented reality (AR) are gaining popularity in stroke rehabilitation. MT uses mirror visual feedback to promote bilateral brain coupling and increase primary motor cortex excitability. AR offers an interactive context of practice for promoting motor and cognitive recovery. MT and AR may complement each other for hybrid interventions in stroke rehabilitation. This study investigated the benefits of MT-primed AR (MT + AR) versus AR group, relative to conventional therapy (CT) for individuals with stroke. METHOD: The study randomly assigned 45 stroke survivors to the MT + AR group, the AR, or the CT group, and 44 of them completed the experiment and were included in the analysis. Each treatment session was 90 min, 3 times a week, for 6 weeks. All assessments were administered before, immediately after treatment, and at 3 months. Primary outcome measures were the Fugl-Meyer Assessment-Upper Extremity (FMA-UE) and the Berg Balance Scale (BBS). Secondary outcome measures were the revised Nottingham Sensory Assessment (rNSA), Chedoke Arm and Hand Activity Inventory (CAHAI), Motor Activity Log (MAL), and Stroke Impact Scale Version 3.0 (SIS). Adverse events were monitored before and after each session. RESULTS: After 6 weeks of treatment, the three groups demonstrated significant improvements in the FMA-UE, BBS, CAHAI, MAL, and SIS. In the between-group comparisons, MT + AR and AR groups demonstrated significant advantages in the BBS, proprioception scale of rNSA and SIS, compared with the CT group. Only the MT + AR group, not the AR group, showed significantly better improvements in the FMA-UE and tactile scale of rNSA than the CT group. The MT + AR and AR alone showed differential benefits in the FMA-UE, tactile scale of rNSA, and SIS; the MT + AR rendered significantly better benefits. There were no significant differences among the three groups in the stereognosis scale of rNSA and MAL. No adverse effects were observed. CONCLUSION: MT + AR and AR both effectively enhanced sensorimotor functions, balance and postural control, task performance, and life quality in patients with stroke with moderate-to-severe motor impairments. The results showed that MT + AR and AR were more beneficial for improving stroke survivors’ balance, functional mobility, proprioception recovery, and quality of life than the CT group. Furthermore, the MT + AR revealed better outcomes in the upper limb motor function and tactile sensory recovery. Between the MT + AR and AR comparisons, the MT + AR was more beneficial for improving upper limb motor function, tactile sensory recovery, and quality of life. Trial registration NCT05993091.",Chia-Jung Lin; Keh-Chung Lin; Hiu-Ying Lau; Yu-Wei Hsieh; Yi-Chun Li; Wen-Shiang Chen; Chia-Ling Chen; Ya-Ju Chang; Ya-Yun Lee; Grace Yao; Yi-Shiung Hrong; Hsiao-Chieh Pan; Yi-Hsuan Wu; Wan-Ling Hsu; Chih-Chieh Kuo; Han-Ting Tsai; Chih-Yu Lin; Pin-Chen Chang,Journal of neuroengineering and rehabilitation,2025,Journal Article; Randomized Controlled Trial,eng,retrieved,UNCERTAIN_REQUIRES_SCREENING,TITLE_ABSTRACT_REVIEW_REQUIRED,,,,,,,,
1520,TA-07,41444483,10.1038/s41467-025-67613-8,Ultrasensitive multi-degree-of-freedom piezoionic sensor via synergistic hydrogel-ion interactions.,"Accurate body motion capture is of great significance for biomechanical assessment and immersive virtual/augmented reality (VR/AR) systems. Piezoionic flex-sensors, which mimic the ionic transport sensing mechanism of cutaneous mechanoreceptors, promises a self-powered approach for wearable body movements detection. However, their practical utility has been limited by low piezoionic flex-sensitivity (typically below 0.5 mV/degree) and unidirectional bending response, which restricts their ability to resolve complex multi-degree-of-freedom (multi-Dof) body motions. Here we report a soft, piezoionic and multi-Dof (SPIM) flex-sensor that overcomes these limitations. It ingeniously integrates zwitterionic dipole-ion interactions and size-induced steric hindrance effects to enable fast ion channels formation and amplified cation/anion transport imbalance, thus cooperatively contributing to a record-high piezoionic flex-sensitivity of 3.2 mV/degree. Theoretical simulations combining poroelastic mechanics and Poisson-Nernst-Planck model corroborated the synergistic enhancement. Furthermore, a unique architecture of square prism-shaped fiber with two pairs of symmetric nanomesh electrodes allows the SPIM flex-sensor to decouple multi-Dof joint flexion to distinguish complex body movements. We demonstrate a SPIM flex-sensor platform for metaverse applications, including a digital-twin of free-pose hand motions and complex yet intuitive VR control via single-joint dexterity equipped with a single compact sensor device.",Yue Fang; Hao Ouyang; Yin Cheng; Yi Zhou; Liangjing Shi; Jing Sun; Ghim Wei Ho; Ranran Wang,Nature communications,2025,Journal Article,eng,retrieved,UNCERTAIN_REQUIRES_SCREENING,TITLE_ABSTRACT_REVIEW_REQUIRED,,,,,,,,
1521,TA-07,41442699,10.2196/80721,Adapted Virtual Reality Exergaming Using Off-the-Shelf Supplies for Poststroke Hemiparetic Arm Rehabilitation: Case Study.,"Virtual reality (VR) can supplement exercise therapy for poststroke upper-arm hemiparesis, but treatments have been largely limited by specialized or costly equipment, hindering replicability and generalizability. This study examined the feasibility of using a commercially available bundle of VR supplies to improve hemiparetic arm function before and after an exergaming program in an individual post stroke. We conducted a pre-post case study (male, aged 72 years, chronic stroke) of a 20-day VR exergaming program (1-hour session per day) using a head-mounted display (Meta Quest 2), with adaptive software (WalkinVR) to boost and adjust in-game movements. Measures of upper-arm function were performed at preintervention (day 0), midintervention (day 10), and postintervention (day 21) and included the Wolf Motor Function Test (WMFT) and Disabilities of the Arm, Shoulder, and Hand Questionnaire (DASH). Data were descriptively analyzed. The participant demonstrated improvement in the mean time to complete tasks of the WMFT by 70.5% (δ=11.73 s; preintervention mean time 16.63, SD 31 s; effect size=0.54) from preintervention to midintervention and 78% (δ=12.96 s; effect size=0.59) from preintervention to postintervention. WMFT mean functional ability score demonstrated an improvement of 18% (δ=0.46 points; preintervention mean score 2.67, SD 0.87 points; effect size=0.59) from preintervention to midintervention and 23% (δ=0.6 points; effect size=0.79) from preintervention to postintervention. Range of motion improved in all joints by an average of 35.64% (SD 20%) from preintervention to postintervention. DASH scores demonstrated minimal improvements across the intervention. VR exergaming with adaptive software could be an easy-to-adopt method for improving the functional ability of the hemiparetic arm among people post stroke. Improvements were potentially meaningful but warrant confirmation in more rigorous study designs.",Sadie Hare; Jason Vice; Mary H Bowman; Ashley Wright; Raven Young; Mahmoud Ahmad; Maggie Logan; Byron Lai,JMIR formative research,2025,Journal Article; Case Reports,eng,retrieved,UNCERTAIN_REQUIRES_SCREENING,TITLE_ABSTRACT_REVIEW_REQUIRED,,,,,,,,
1522,TA-07,41442399,10.1364/OL.584501,Intensity-tunable transverse achromatic liquid crystal bifocal lens controlled through polarization.,"In this Letter, a transverse achromatic liquid crystal bifocal lens (ALCBLs) is proposed in which the relative intensity between the two foci can be controlled via polarization. The proposed device comprises three diffractive liquid crystal bifocal lenses fabricated using a specialized multi-twist (MT) structure, the transmittance for the target wavelength of all lenses can reach approximately 95%. Each lens focuses the left-circular polarized (LCP) and right-circular polarized (RCP) beams of the target wavelength (445, 520, and 638 nm) to different focal points. The proposed ALCBLs have a size of 2 mm and have been experimentally verified to effectively suppress chromatic aberration. Potential applications are expected to be found in augmented reality (AR) displays, multi-wavelength chiral imaging systems, and biomedical imaging applications.",Yu Su; Jialu Wang; Qihang Liu; Xianglin Ye; Yingjie Zhou; Fan Fan,Optics letters,2026,Journal Article,eng,retrieved,UNCERTAIN_REQUIRES_SCREENING,TITLE_ABSTRACT_REVIEW_REQUIRED,,,,,,,,
1523,TA-07,41441876,10.1007/s00701-025-06738-7,Comparing augmented reality-assisted and freehand external ventricular drain placement: a multicenter randomized controlled crossover phantom study.,"External ventricular drain (EVD) placement is a common neurosurgical procedure with high rates of misplacement when performed using the freehand technique. With augmented reality (AR), the accuracy of EVD placement could be improved by providing a 3-D overlay, guiding optimal placement using a virtual trajectory superimposed over the patient. In this study, we aimed to assess the efficacy and usability of an AR application for assisting EVD placements which supported trajectory planning, point-based image-to-patient registration and 3-D stereoscopic projection. We conducted a randomized controlled crossover trial involving 15 neurosurgical residents and one neurosurgeon, who performed 236 EVD procedures (118 AR-assisted and 118 freehand) on biomimetic phantoms. EVD placement accuracy was evaluated using the Kakarla scale, distance-to-target, angular inaccuracy, and depth inaccuracy. The total procedural time was recorded. The user experience was evaluated using the NASA Task Load Index (NASA-TLX) and the Usefulness, Satisfaction, and Ease of Use (USE) questionnaire. AR-assisted placement achieved significantly higher rates of optimal placement (Kakarla grade 1: 57.6% vs 37.3%; p < .001), lower rates of erroneous placement (Kakarla grade 3: 21.2% vs 40.7%; p < .001), a lower distance-to-target (median, 7.2 mm vs 11.4 mm; p < .001) and lower angular inaccuracy (median, 5.58° vs 7.60°; p < .001). Procedural time was longer for AR (median, 7 min 30 s vs 1 min 11 s; p < .001). Participants rated the AR system favorably on the USE for ease of learning (mean, 6.09/7 [SD, 0.94]) and satisfaction (mean, 6.45/7 [SD, 0.69]), while NASA-TLX scores indicated similar workloads between AR and freehand techniques. AR improves the accuracy of EVD placement compared to the freehand technique, which is expected to improve the efficacy in clinical settings. It increases total procedural time but remains within clinically acceptable limits and provides favorable usability.",Jesse A M van Doormaal; Elisa Colombo; Jasper M van der Zee; Wouter D Maathuis; Maarten Bot; Patrick O'Donnell; Bachtiar Burhani; Luca Regli; Pierre A J T Robe; Eelco W Hoving; Tristan P C van Doormaal,Acta neurochirurgica,2025,Journal Article; Randomized Controlled Trial; Multicenter Study; Comparative Study,eng,retrieved,UNCERTAIN_REQUIRES_SCREENING,TITLE_ABSTRACT_REVIEW_REQUIRED,,,,,,,,
1524,TA-07,41437824,10.11124/JBIES-24-00478,Technology-assisted methods to assess the quality of the therapeutic alliance between health care providers and patients: a scoping review.,"The goal of this review was to identify and summarize technology-assisted methods that assess nonverbal behaviors known to influence the quality of the therapeutic alliance between health care providers and patients in clinical, research, or educational settings. Strong therapeutic alliances in health care provider-patient relationships contribute to positive patient outcomes. Previous studies have shown that nonverbal behaviors from providers, such as tone of voice, facial expression, eye contact, and physical positioning, help build strong therapeutic relationships. Technological advances have created opportunities to automate detection and feedback about nonverbal behaviors in clinical interactions without the intervention of highly trained instructors. Automated detection and feedback will increase opportunities to develop better nonverbal communication, which is expected to improve the quality of the therapeutic alliance. Participants were current or aspiring health care providers who routinely would be expected to have patient encounters in clinical, educational, or research settings. Interactions could include actual patient interactions, model patients, virtual patients, or simulated patients. Included studies involved technology-assisted methods to collect or analyze at least 1 nonverbal behavior. This review included qualitative and quantitative studies and review articles. PubMed, Embase, CINAHL, ERIC, Scopus, and Google Scholar were searched for published and unpublished literature in English between 2010 and 2023. Two reviewers independently completed title and abstract screening, full-text review, and data extraction. Any conflicts that arose were resolved by a third reviewer. Extraction was completed by 2 reviewers. Twenty-five sources were included. The most frequently measured behaviors included gaze frequency or duration on the patient's face (52% of studies) and facial expression (48%), with 24% of studies measuring social touch or speech patterns, 20% measuring posture and gestures, 12% measuring proximity to patient, 8% measuring synchrony, and 4% measuring voice. Technologies for data collection included audio or video recordings and other technologies such as eye-tracking glasses or multi-functional headsets, used alone or integrated into augmented reality or virtual reality systems. Challenges associated with analyzing data included recognition of patients' and providers' voices, facial features, and body parts, and classifying body posture and movement as well as facial expression and movements. Studies used commercial, open source, or customized software to meet each challenge. Many incorporated machine learning or algorithms associated with artificial intelligence (AI), which required significant training data. Technology-assisted methods for analyzing voice and social touch were limited, whereas there were several available analysis techniques for analyzing synchrony, gestures, posture, and proximity to patients. The use of technology in collection and analysis of provider-patient interactions to enhance nonverbal behaviors and communication skills is rapidly developing, with multiple options available. Future efforts should focus on technology-assisted methods to analyze voice and social touch, and should transparently report contributing factors and training data for machine learning models or AI-associated algorithms. Development of systems will require significant testing to ensure accessibility to the intended audience and broadly accurate and meaningful nonverbal behaviors. OSF ( https://osf.io/kedmf ).",Plaiphon Vaidyanuvatti; Maxwell Geiger; Emily Nelson; Vineet Sadarangani; Megan DeArmond; Sherli Koshy-Chenthittayil; Cheryl E Hightower,JBI evidence synthesis,2026,Journal Article; Scoping Review,eng,retrieved,UNCERTAIN_REQUIRES_SCREENING,TITLE_ABSTRACT_REVIEW_REQUIRED,,,,,,,,
1525,TA-07,41436744,10.1111/medu.70159,When I say … extended reality.,"When we say “extended reality” in medical education, we mean more than headsets, it's about immersive, realistic learning that builds skills, judgment & collaboration. #MedEd",Renan Gianotto-Oliveira; Dario Cecilio-Fernandes,Medical education,2026,Journal Article,eng,retrieved,UNCERTAIN_REQUIRES_SCREENING,TITLE_ABSTRACT_REVIEW_REQUIRED,,,,,,,,
1526,TA-07,41430165,10.1186/s12891-025-09446-6,Augmented reality-based portable navigation improves accuracy of cup placement in total hip arthroplasty with a short learning curve.,"BACKGROUND: Malpositioning of the acetabular cup in total hip arthroplasty (THA) can cause complications including dislocation, wear, and aseptic loosening. Although computed tomography (CT)-based navigation systems have improved THA accuracy, the high cost and complexity of these systems have hindered their widespread use. Therefore, this study investigated the accuracy and learning curve of an augmented reality (AR)-based portable navigation system. METHODS: This retrospective study analyzed 106 hips in 87 patients who underwent primary THA using an AR-based portable navigation system between July 2023 and December 2024. A single surgeon performed all surgeries. The accuracy of the intraoperative navigation records for cup inclination and anteversion was assessed by comparing them with postoperative CT-based measurements. Absolute error values exceeding 5° and 10° were defined as outliers > 5° and > 10°, respectively. Receiver operating characteristic (ROC) analysis was used to evaluate the learning curve, and multivariate logistic regression identified risk factors associated with cases classified as outliers (> 5°). RESULTS: The mean absolute errors between the navigation records and postoperative measurements were 2.2° for inclination and 3.8° for anteversion. Outliers > 5° were observed in 31% of cases, while outliers > 10° were rare (2.8%). No dislocations or revisions occurred within six months. Learning curve analysis showed consistent accuracy in the initial cases. The only significant predictor of navigation error was intraoperative posterior pelvic tilt change (odds ratio 1.13, p = 0.04). Body mass index and subcutaneous fat thickness were not significantly different. CONCLUSIONS: The AR-based portable navigation provided highly accurate acetabular cup placement without a learning curve. However, excessive intraoperative posterior pelvic tilt increased the risk of anteversion overestimation, highlighting the need for intraoperative pelvic position management.",Tetsuya Tachibana; Hiroki Katagiri; Takahisa Ogawa; Ryusuke Saito; Tetsuya Jinno,BMC musculoskeletal disorders,2025,Journal Article,eng,retrieved,UNCERTAIN_REQUIRES_SCREENING,TITLE_ABSTRACT_REVIEW_REQUIRED,,,,,,,,
1527,TA-07,41429638,10.1016/j.hpb.2025.12.010,Augmented reality navigation combined with indocyanine green fluorescence imaging to assist reconstruction of iatrogenic bile duct injuries: a retrospective single-arm cohort study (with video).,"Iatrogenic bile duct injuries (IBDIs) remain complex and diverse, presenting significant challenges for preoperative evaluation and surgical repair. Patients who underwent hepaticojejunostomy (HJ) for IBDIs from May 2019 to June 2024 were enrolled. Preoperatively, all patients underwent preoperative individualized 3D modelling of bile duct injury (3DM-BDI) for assessment. During surgery, augmented reality navigation (ARN) combined with indocyanine green fluorescence imaging (ICG-FI) was used for guidance. Perioperative indicators and short-term postoperative outcomes were evaluated to verify the safety and feasibility of this novel approach. In all patients, the 3DM-BDI accurately predicted the type and extent of bile duct and vascular injuries. The mean operation time was 380.7 ± 83.9 min, and the mean intraoperative blood loss was 135.0 ± 169.7 mL, with no patients requiring intraoperative blood transfusion. The mean postoperative hospital stay was 9.3 ± 2.1 days. The navigation efficiency was 75 % for ICG-FI and 87.5 % for ARN. The success rate of reconstruction was 85.7 % based on follow-up within 90 days. The combination of ARN and ICG-FI as an auxiliary method in the reconstruction of IBDIs may be feasible and safe. These modalities may provide technical advantages in preoperative evaluation and precise dissection of hilar vessels and bile ducts during surgery.",Yi Zhou; Silue Zeng; Peilin Cai; Jinsheng Mai; Xinci Li; Hao Zhong; Zhenju Huang; Jian Yang; Zhihao Liu; Ning Zeng,HPB : the official journal of the International Hepato Pancreato Biliary Association,2026,Journal Article; Video-Audio Media,eng,retrieved,UNCERTAIN_REQUIRES_SCREENING,TITLE_ABSTRACT_REVIEW_REQUIRED,,,,,,,,
1528,TA-07,41428977,10.1097/PRS.0000000000012748,AI-Assisted Soft Tissue Virtual Planning in Computer-Assisted Jaw Reconstruction with Fibula Free Flaps.,"Computer-assisted surgery (CAS) has transformed jaw reconstruction, enabling one-stage functional reconstruction with fibula bone segmentation and dental implantation. However, virtual surgical planning (VSP) without consideration of perforator position and soft tissue can lead to a difficult flap inset. Despite the rapid development of bony planning in recent years, little progress has been made in planning soft tissue, which limits the predictable execution of the plan.An artificial intelligence-enabled automatic program for segmenting skin perforating vessels was developed. The models of skin perforating vessels were incorporated into the VSP workflow when designing osteotomy and dental implantation sites. During the surgery, the vessel models were automatically registered and projected onto the patient's skin for goggle-free augmented-reality (AR) flap design and harvest. Consecutive patients undergoing FFF reconstructions participated in this pilot study. The perforators identified by the AI program and during surgery were compared.Seventy-nine skin perforators in 26 consecutive patients were mapped out using the AI program and incorporated into the routine VSP workflow. No intraoperative adjustments to the plan were required due to the perforator location. The overall predictive accuracy of the skin perforator segmentation was 92.8%.For the first time, our study employed a combined AI and AR approach for preoperative planning and intraoperative execution of the soft tissue component in computer-assisted jaw reconstruction, demonstrating promising outcomes. This study demonstrated the potential of AI and AR to improve the predictability of functional jaw reconstruction.",Jane J Pu; Dinggang Shen; Xiao Fan; Benjamin Planche; Xi Ouyang; May C M Wong; Edward Y L Chu; Arun Innanje; James J Xia; Yu-Xiong Su,Plastic and reconstructive surgery,2025,Journal Article,eng,retrieved,UNCERTAIN_REQUIRES_SCREENING,TITLE_ABSTRACT_REVIEW_REQUIRED,,,,,,,,
1529,TA-07,41428903,10.1109/TVCG.2025.3646601,Enhancing Perceived Empathy in Empathic Mixed Reality Agents via Context-Aware Adaptation.,"Mixed Reality Agents (MiRAs) have been extensively studied to enhance virtual-physical interactions, using their ability to exist in both virtual and physical environments. However, little research has focused on enhancing perceived empathy in MiRAs, despite its potential for agent-assisted therapy, education, and training. To fill this gap, we investigate the impact of an Empathic Mixed Reality agent (EMiRA) that adapts to users' physiological states and physical events in a shooting game. We found that this adaptation enhanced users' social perceptions of the agent, including social presence, social connectedness, and perceived empathy. Physiological adaptation increased paternalism and reduced user dominance, while physical adaptation had no such effect. We discuss these findings and provide design implications for future EMiRAs.",Zhuang Chang; Dominik O W Hirschberg; Kunal Gupta; Mehak Sharma; Kangsoo Kim; Huidong Bai; Li Shao; Mark Billinghurst,IEEE transactions on visualization and computer graphics,2026,Journal Article,eng,retrieved,UNCERTAIN_REQUIRES_SCREENING,TITLE_ABSTRACT_REVIEW_REQUIRED,,,,,,,,
1530,TA-07,41428105,10.1007/s10548-025-01168-1,Semantic Modulation of Spatial Judgments in Augmented Reality: Evidence from fNIRS.,"This study examined how different types of semantic relationships modulate cortical activity during spatial judgments in an augmented reality (AR) setting. Participants viewed triads of everyday objects that were either thematically (co-occurring) or functionally (sharing a purpose) related and made spatial judgments varying in reference frame, egocentric (object closest to you?) vs. allocentric (object closest to another? ), and relation type, coordinate (distance-based) vs.categorical (left-right). Cortical activity was measured using functional near-infrared spectroscopy (fNIRS). Results showed that semantic modulation was most evident during allocentric-coordinate judgments, with increased activation in temporal regions for thematic triads compared to functional ones. In general, functionally related triads engaged parietal regions more broadly across conditions, while egocentric judgments elicited widespread parietal activity with reduced semantic modulation. Finally, categorical judgments showed minimal differences between semantic conditions. By combining AR with fNIRS, this study provides evidence that semantic knowledge influences cortical recruitment during spatial processing, offering a novel window into how meaning and spatial representation interact.",Francesco Ruotolo; Renato Orti; Michela Possenti; Lilas Haddad; Yann Coello; Angela Bartolo,Brain topography,2025,Journal Article,eng,retrieved,UNCERTAIN_REQUIRES_SCREENING,TITLE_ABSTRACT_REVIEW_REQUIRED,,,,,,,,
1531,TA-07,41427500,10.1002/pan.70109,A Pilot Randomized Controlled Trial to Determine the Efficacy of an auGmented reAlity gaMe in pediatrIc caNcer Patients Who Are Opioid Naïve Undergoing Surgery to Reduce Postoperative Opioid Use (The GAMING-ON Study).,"Pediatric musculoskeletal and cancer surgeries often lead to significant postoperative pain. Augmented reality (AR), a non-pharmacological approach to pain modulation, has been insufficiently studied for its potential role in reducing opioid use following major surgery in children. In this pilot trial, we randomly assigned pediatric patients undergoing major surgery, in a 1:1 ratio, to an AR versus non-AR scavenging game postoperatively. Randomization was stratified according to the study site. The primary endpoint was the rate of persistent opioid use measured at 90 days after hospital discharge. Secondary endpoints included pain intensity, opioid use, inpatient ambulation or ""out of bed"", movement, length of stay, and adverse events. We considered the trial a success if the rate of opioid use at 90 days postoperatively was significantly lower in the AR arm than in the non-AR arm. A total of 66 patients underwent randomization (n = 33 in each arm). The median age of each group was 12 years old. There were more females (72.7%) in the AR group than in the non-AR group (48.5%). Most patients (80%) had undergone oncological surgeries. The primary endpoint was met in over 95% of the patients. The overall rate of opioid use was low in both groups of patients (AR: 6.1% and non-AR: 9.7%) and did not reach statistical significance (p = 0.667). There were no statistically significant differences in secondary outcomes. In conclusion, this pilot study does not support the use of AR aimed at reducing the rate of persistent opioid use following pediatric surgery.",Juan P Cata; Juan J Guerra-Londono; Paloma Aveni; Nicolas Cortes-Mejia; Jose M Gloria; Jae Eun Choi; M Kim Hye; Pascal Owusu-Agyemang; Lei Feng; Clint Fuller; Elizabeth Rossmann Beel; Jamie Sinton,Paediatric anaesthesia,2026,"Journal Article; Randomized Controlled Trial; Research Support, N.I.H., Extramural",eng,retrieved,UNCERTAIN_REQUIRES_SCREENING,TITLE_ABSTRACT_REVIEW_REQUIRED,,,,,,,,
1532,TA-07,41426421,10.3389/fpsyg.2025.1661936,Real-time feedback enhances motor learning and motivation in youth team sports through augmented reality tools.,"Live augmented reality (AR) feedback has become a potential tool for the improvement of motor learning and motivation in youth sports. There is, however, minimal information on its combined performance and intrinsic motivation impacts on team sport in ecologically valid conditions. The research question of this study was to determine whether AR-based feedback is more effective in motor skill acquisition and motivation during youth soccer players than coach-based instruction. Sixty trained soccer players aged (12-15) were randomly grouped into an AR feedback group and a control group that had conventional verbal feedback. The three weeks were spent on the same training drills done by the two groups. On the pre-test, post-test, and four-week follow-up, motor performance (dribbling, passing, and shooting) was measured. The validated subscales of the Intrinsic Motivation Inventory were used to assess the motivation. The information on group differences and retention was analyzed by mixed-model ANOVA with Bonferroni adjustments and estimation of the effect size. The AR group recorded much greater improvement in all the measured skills, with the most improvement recorded in accuracy when shooting. The intrinsic motivation (interest, perceived competence, and effort) also improved more in the AR group. Motivational improvement was positively correlated with performance gains. The results show that AR feedback in real-time improves motor learning and intrinsic motivation among young athletes. The findings aid the application of AR as a pertinent and interactive instrument of skill development in those sport training settings among young people.",Xiaohua He; Li Wei,Frontiers in psychology,2025,Journal Article,eng,retrieved,UNCERTAIN_REQUIRES_SCREENING,TITLE_ABSTRACT_REVIEW_REQUIRED,,,,,,,,
1533,TA-07,41426123,10.1515/nanoph-2025-0501,Optical see-through augmented reality via inverse-designed waveguide couplers.,"Waveguide-based augmented-reality (AR) displays offer compact, optical see-through form factors but remain limited by chromatic dispersion, ghosting from parasitic diffraction orders, distortion of the see-through scene, and a restricted eyebox. We present triple-function metasurface couplers designed using adjoint-based optimization, which overcome these limitations and establish computational performance bounds. The out-coupler simultaneously preserves zeroth-order transmission of the see-through path and directs display light into designated diffraction orders while returning residual guided power as zeroth-order reflection for eyebox expansion. The in-coupler assigns distinct diffraction orders to R/G/B and equalizes their in-plane propagation angles, achieving achromatic guidance and eliminating chromatic path divergence. Quantitatively, the optimized out-coupler provides >90 % angle-averaged zeroth-order transmission for the see-through view (10-40× lower higher-order leakage) and >95 % zeroth-order guided reflection, while maintaining efficient diffractive couplings to the eyebox. PSF/MTF analyses confirm near-diffraction-limited virtual-image quality and strong suppression of see-through view distortion. Finally, benchmarking freeform against fabrication-constrained multilayer architectures (1-6 layers) shows that multilayers approach the freeform upper bound while remaining practical to fabricate. These results outline a general, manufacturable methodology for multifunctional metasurface couplers and a practical route to compact, high-quality AR waveguides.",Seunghyun Lee; Byounghyo Lee; Haejun Chung,"Nanophotonics (Berlin, Germany)",2025,Journal Article,eng,retrieved,UNCERTAIN_REQUIRES_SCREENING,TITLE_ABSTRACT_REVIEW_REQUIRED,,,,,,,,
1534,TA-07,41426093,10.1515/nanoph-2025-0410,Multicolor nanoring arrays with uniform and decoupled scattering for augmented reality displays.,"For vivid, immersive overlay of virtual images onto background scenes in augmented reality (AR) applications, it is crucial for the display element to achieve controllability of spectral selectivity and transmittance level. At the current stage, the transmittance of self-emissive transparent displays is limited to at most ∼60 %, constrained by the fill factor of emissive regions, restricting their scalability for immersive experiences. Although projection-based transparent screens using frequency-selective scatterers offer a promising alternative, the platforms suffer from spectral broadening and instability originating from color-dependent scattering and inter-scatterer coupling. Here, we present a transparent screen architecture based on multicolor nanoring arrays. By tuning the nanoring's resonance via inner-aperture size engineering, the architecture enables dense, symmetric RGB arrays with isolated and homogenized scattering responses. For inter-scatterer distances of 100-200+ nm, full-wave simulations confirm the robustness of well-isolated RGB reflections (FWHM < 25 nm), along with exceptional tunability of transmittance (50 % to above 80 %). As a platform for AR displays, we demonstrate the widest reported transparency-control range without any penalty to color balance or spectral selectivity. We also analyze the gamut area of projected images across transmittance levels, achieving a net gamut expansion (+11.0 % p at Λ = 120 nm; +5.5 % p at Λ = 190 nm) from the spectral narrowing of projection sources, and further propose a practical design map linking the maximum allowable transmittance to the ambient-to-source noise ratio. Our nanoring-based architecture provides a robust and scalable platform for next-generation transparent displays under real-world lighting conditions.",Inchul Woo; Hyeokjung Kang; Namkyoo Park,"Nanophotonics (Berlin, Germany)",2025,Journal Article,eng,retrieved,UNCERTAIN_REQUIRES_SCREENING,TITLE_ABSTRACT_REVIEW_REQUIRED,,,,,,,,
1535,TA-07,41424020,10.1002/jdd.70144,Incorporation of a Cellphone App to Improve Students' Learning Experiences.,,Nazlee Sharmin; Ava K Chow,Journal of dental education,2026,Journal Article,eng,retrieved,UNCERTAIN_REQUIRES_SCREENING,TITLE_ABSTRACT_REVIEW_REQUIRED,,,,,,,,
1536,TA-07,41417996,10.1109/TIP.2025.3644231,TG-TSGNet: A Text-Guided Arbitrary-Resolution Terrain Scene Generation Network.,"With the increasing demand for terrain visualization in many fields, such as augmented reality, virtual reality and geographic mapping, traditional terrain scene modeling methods encounter great challenges in processing efficiency, content realism and semantic consistency. To address these challenges, we propose a Text-Guided Arbitrary-Resolution Terrain Scene Generation Network (TG-TSGNet), which contains a ConvMamba-VQGAN, a Text Guidance Sub-network and an Arbitrary-Resolution Image Super-Resolution Module (ARSRM). The ConvMamba-VQGAN is built on top of the Conv-Based Local Representation Block (CLRB) and the Mamba-Based Global Representation Block (MGRB) that we design, to utilize local and global features. Furthermore, the Text Guidance Sub-network comprises a text encoder and a Text-Image Alignment Module (TIAM) for the sake of incorporating textual semantics into image representation. In addition, the ARSRM can be trained together with the ConvMamba-VQGAN, to perform the task of image super-resolution. To fulfill the text-guided terrain scene generation task, we derive a set of textual descriptions for the 36,672 images across the 38 categories of the Natural Terrain Scene Data Set (NTSD). These descriptions can be used to train and test the TG-TSGNet (The data set, model and source code are available at https://github.com/INDTLab/TG-TSGNet). Experimental results show that the TG-TSGNet outperforms, or at least performs comparably to, the baseline methods in image realism and semantic consistency with proper efficiency. We believe that the promising performance should be due to the ability of the TG-TSGNet not only to capture both the local and global characteristics and the semantics of terrain scenes, but also to reduce the computational cost of image generation.",Yifan Zhu; Yan Wang; Xinghui Dong,IEEE transactions on image processing : a publication of the IEEE Signal Processing Society,2025,Journal Article,eng,retrieved,UNCERTAIN_REQUIRES_SCREENING,TITLE_ABSTRACT_REVIEW_REQUIRED,,,,,,,,
1537,TA-07,41414634,10.1364/OE.579634,Naked-eye viewable 3D metasurface holographic movie made of silicon nitride.,"We present the design, fabrication, and experimental demonstration of a large-area, high-transmittance metasurface hologram capable of reconstructing naked-eye-viewable 3D images and dynamic holographic movies. Our approach employs electron beam lithography using the character projection (CP) method to realize rapid, large-area nanopatterning of SiN-based meta-atoms, enabling a device area exceeding previous metasurface holography demonstrations. The metasurface exhibits high optical transmittance of up to 79 % at the wavelength of 532 nm. Furthermore, we demonstrate a holographic movie consisting of eight frames arranging an array of metasurface holograms, achieving a playback speed of 2.8 frames per second. The reconstructed objects exhibit a large size to be resolved with the naked eye, and wide viewing angles without the need for additional magnifying or projection optics. This work advances the development of compact, lightweight, and practical 3D displays, paving the way for dynamic holographic applications and next-generation augmented reality systems.",Tamaki Onozawa; Shunsuke Takahashi; Masakazu Yamaguchi; Kentaro Iwami,Optics express,2025,Journal Article,eng,retrieved,UNCERTAIN_REQUIRES_SCREENING,TITLE_ABSTRACT_REVIEW_REQUIRED,,,,,,,,
1538,TA-07,41414306,10.1364/OE.577832,Design of a single-layer color waveguide display system based on a hybrid evolutionary algorithm.,"With the growing application scope of augmented reality (AR) display systems, monochromatic images no longer meet user requirements, while conventional color displays often lead to increased weight and cost due to structural complexity. To enable single-layer waveguide-based color displays, we propose a subwavelength waveguide structure for AR applications, blazed gratings as couplers to achieve light transmission through distinct high diffraction orders. By combining genetic algorithms with differential evolution strategies, we developed an improved hybrid optimization algorithm. The optimized system demonstrates average RGB diffraction efficiencies of 4.36%, 5.27%, and 3.97% at a 25° field of view (FOV), successfully implementing one-dimensional pupil expansion for AR display systems.",Xiao Qin; Da Mu; Fang Liu; Zheng Guo; Yunlong Jia,Optics express,2025,Journal Article,eng,retrieved,UNCERTAIN_REQUIRES_SCREENING,TITLE_ABSTRACT_REVIEW_REQUIRED,,,,,,,,
1539,TA-07,41414243,10.1364/OE.577124,3D reconstruction of concave specular objects via single-pixel imaging and implicit representations.,"3D reconstruction of concave specular objects poses significant challenges in computer vision, industrial inspection, optical calibration, and augmented reality. Their complex geometry, strong specular reflections, and multiple interreflections make accurate light-path correspondence extraction difficult, rendering it an open problem in 3D vision. To address this, we propose a two-stage framework that combines Fourier-based single-pixel imaging and implicit surface representation. First, reflected light is captured and decomposed into single and multiple reflection components to obtain reliable point-to-ray correspondences. Then, these correspondences serve as physical priors to constrain SDF-based reconstruction, enabling precise geometry recovery. Experiments on synthetic and real data demonstrate superior robustness and adaptability over traditional methods under complex reflective conditions.",Juan Wang; Li Li; Youcheng Cai; Qing Li; Zhaojing Wang; Tao Peng; Xinrong Hu,Optics express,2025,Journal Article,eng,retrieved,UNCERTAIN_REQUIRES_SCREENING,TITLE_ABSTRACT_REVIEW_REQUIRED,,,,,,,,
1540,TA-07,41411580,10.1364/JOSAA.570722,"Spiral adaptive Fresnel lens: generalizations, improvements, and augmented-reality/virtual-reality simulations.","Two complementary cylindrical lenses, each bent into a spiral, can form the components of an adaptive Fresnel lens whose focusing power can be tuned by rotating the two components relative to each other [Armstrong et al., J. Opt. Soc. Am. A42, 211 (2025)JOAOD60740-323210.1364/JOSAA.540585]. Corresponding windings of the cylindrical-lens spirals form the windings of the resulting adaptive Fresnel lens, and the addition of an Alvarez-Lohmann lens to the cylindrical lenses can improve the device through winding focusing-ensuring that each winding has the same focusing power as the Fresnel lens. Here we extend the type of spiral from logarithmic to Archimedean and hyperbolic; we introduce an alternative type of winding focusing by varying the separation between the two components; and we show how to design our adaptive Fresnel lenses so that, unlike the original design, they work best around non-zero focusing power. Finally, we present SpiralFresnelFrenzy, a web app that allows interactive and immersive raytracing simulations of the view through adaptive Fresnel lenses using augmented reality (AR) or virtual reality (VR). Our work significantly generalizes and improves spiral adaptive Fresnel lenses.",Maik Locher; Di Wu; Johannes Courtial,"Journal of the Optical Society of America. A, Optics, image science, and vision",2025,Journal Article,eng,retrieved,UNCERTAIN_REQUIRES_SCREENING,TITLE_ABSTRACT_REVIEW_REQUIRED,,,,,,,,
1541,TA-07,41411554,10.1364/JOSAA.570746,Visual crowding reduces blur sensitivity in peripheral vision: a study using natural textures in virtual reality.,"Peripheral vision plays a crucial role in extended reality by supporting immersion, navigation, and spatial awareness beyond the central field of view. However, it also presents perceptual differences compared to central vision, such as reduced visual acuity. One of the most significant challenges is visual crowding, where the presence of nearby elements disrupts the recognition of a peripheral target. While extensively studied in visual neuroscience, the practical implications of crowding for immersive image processing remain largely unexplored. This study investigates how crowding affects the perception of blur in natural textures within an extended reality environment. Participants were asked to detect blur in peripheral texture patches, presented in isolation or surrounded by similar textures. The results confirm that the presence of surrounding textures impairs blur sensitivity, with the strength of this effect depending on the properties of the textures. Specifically, crowding is more pronounced when the target and its surroundings are visually similar or when the central texture can be easily inferred from the surrounding content. By understanding how crowding happens in realistic scenes, this work opens perspectives for perceptually guided rendering and compression strategies in extended reality, where imperceptible degradations can be introduced without compromising visual quality.",Rivo Andriamanalina; Mohamed-Chaker Larabi; Steven Le Moan,"Journal of the Optical Society of America. A, Optics, image science, and vision",2025,Journal Article,eng,retrieved,UNCERTAIN_REQUIRES_SCREENING,TITLE_ABSTRACT_REVIEW_REQUIRED,,,,,,,,
1542,TA-07,41411273,10.1371/journal.pone.0339022,Autonomous vehicles with augmented reality internet of things and edge intelligence system for industry 5.0 based on 6G.,"In an era of rapidly evolving technology, traditional cloud computing struggles to meet the demands of resource-intensive smart devices. This necessitates a shift towards Edge Computing (EC), which brings computation and data storage closer to the network's edge, enhancing efficiency and reducing latency. This is particularly crucial for the Internet of Things (IoT), where supporting mobility, location awareness, and real-time processing are paramount. However, the scalability of EC applications is significantly influenced by network parameters and the capabilities of the computing system. This paper proposes a novel system architecture for Industry 5.0 that leverages the synergy between 6G networks, autonomous vehicles, Augmented Reality (AR), IoT, and edge intelligence to revolutionize transportation systems. Our approach integrates AR for enhanced user interfaces, utilizes IoT for data acquisition and control, and employs edge computing for real-time decision-making. Our experimental results demonstrate a strong correlation between processing speed and network bandwidth. While increasing either parameter individually enhances overall system performance. The two-tier architecture, combined with the Entity Objects (EO) model, demonstrates superior scalability compared to traditional approaches. By distributing processing tasks and leveraging the resources of other edge servers, the system can handle increasing numbers of AVs and data loads without compromising performance.",Amjed A Ahmed; Aqeel Kamil Kadhim; Mohammad Kamrul Hasan; Sumaia M Al-Ghuribi; Dhafar Hamed Abd; Salah A Aliesawi; Belal Abdullah Hezam Murshed; Luke Topham; Wasiq Khan; Abir Jaafar Hussain,PloS one,2025,Journal Article,eng,retrieved,UNCERTAIN_REQUIRES_SCREENING,TITLE_ABSTRACT_REVIEW_REQUIRED,,,,,,,,
1543,TA-07,41411021,10.1037/pha0000815,Glitches to growth: Lessons learned from developing and testing an augmented reality smartphone app for substance use treatment.,"Augmented reality (AR) is an advanced technology that has emerged as a helpful tool in mobile health interventions for substance use treatment. By superimposing virtual drug-related cues in one's real-world environment, AR could expand the delivery of extinction-based cue exposure therapies while mitigating costs and risks. Previous findings from our team show AR smoking cues elicit cravings like in vivo cues, with evidence of extinction after repeated AR exposure trials. Based on these findings, we developed an AR smoking cessation smartphone app to test as an adjuvant to a state tobacco quitline in an ongoing large-scale randomized controlled trial (NCT06088498). This article describes AR technology and its theoretical relevance to cue exposure therapies, as well as challenges related to app development, trial enrollment, and app engagement. Although some challenges and recommendations unique to AR are discussed (e.g., development of smoking-related AR images), most are relevant to the broader application of other advanced mobile health technologies. Examples include finding and collaborating with industry partners, such as app developers, with sufficient expertise in the relevant technology and in research; potential for selection bias based on smartphone capabilities and participants' technological abilities and affinities; explaining the novel treatment rationale within the app; and maximizing app engagement. Where relevant, these points will be illustrated with data collected during the randomized controlled trial. Recommendations offered may have utility for investigators and clinicians interested in AR and other advanced technologies (e.g., virtual reality, geo-mapping, wearables) to improve the reach and efficacy of treatments for substance use disorders. (PsycInfo Database Record (c) 2026 APA, all rights reserved).",Marilyn Horta; Ranjita Poudel; Karen O Brandon; Skye O Dougan; Helen Yates; Madison S Rivera; Ursula Martinez; Steven K Sutton; Damon J Vidrine; Lee M Ritterband; Kara P Wiseman; Katrina A Vickerman; Kea Turner; Margaret M Byrne; Min-Jeong Yang; Oyedolapo A Anyanwu; Thomas H Brandon; Christine Vinci,Experimental and clinical psychopharmacology,2026,"Clinical Trial, Phase II; Journal Article; Randomized Controlled Trial",eng,retrieved,UNCERTAIN_REQUIRES_SCREENING,TITLE_ABSTRACT_REVIEW_REQUIRED,,,,,,,,
1544,TA-07,41410978,10.1007/s11517-025-03496-7,Variability-Adaptive IV insertion training with dual haptic feedback in mixed reality.,"Intravenous (IV) needle insertion is a crucial nursing skill that can be challenging to master. This study introduces a variability-adaptive IV needle insertion simulation integrating dual haptic feedback and mixed reality (MR) to create a realistic IV training environment. Unlike traditional training tools, our system incorporates graphic and haptic variable factors to simulate varying IV difficulty levels, reflecting real clinical conditions. Four variability-based difficulty levels, tuned and validated by nursing faculty, were designed and automatically rendered during training sessions to implement variability-adaptive training. To measure the effectiveness of this training, training impact study was conducted with 54 nursing students at Kent State University after the refinement from iterative usability studies(53 participants). The students were randomly assigned to one of two groups (variability and static). The performances were analyzed using objective measurements (completion time, insertion angles, success rate, and hand grip position), as well as a proposed objective performance evaluation metric, IV-score. The results showed learning improvement in both groups, with the variable group achieving higher learning gains (Variable: success rate + 22.4%, IV-score + 8.15; Static: success rate + 19.3%, IV-score + 6.6). These findings demonstrate the potential of variability-based training in our system as an early step towards achieving real clinic-like variability-adaptive training.",Jin Woo Kim; Kwangtaek Kim; Jeremy Jarzembak; Robert Clements; John Dunlosky; Ann James; Jennifer Biggs,Medical & biological engineering & computing,2026,Journal Article,eng,retrieved,UNCERTAIN_REQUIRES_SCREENING,TITLE_ABSTRACT_REVIEW_REQUIRED,,,,,,,,
1545,TA-07,41409853,10.25259/SNI_863_2025,Augmented reality and 3D modeling for preoperative planning in microsurgical resection of brain arteriovenous malformations: A proof-of-concept study.,"Brain arteriovenous malformations (AVMs) present significant surgical challenges due to their complex angioarchitecture. This study evaluates the clinical application of augmented reality (AR) and 3D modeling for preoperative planning in AVM microsurgery. A prospective series of 20 patients with Spetzler-Martin grade II-IV AVMs underwent preoperative 3D planning using computed tomography/magnetic resonance imaging segmentation (Inobitec DICOM Viewer Pro), AR navigation (Microsoft HoloLens 2 with Medgital software), and QR-code registration. Technical parameters including target registration error (TRE), preoperative preparation time, and intraoperative outcomes were analyzed. Complete AVM resection was achieved in all cases (100%). The AR system demonstrated submillimeter accuracy (TRE: 0.5 ± 0.3 cm with QR-code vs. 1.2 ± 0.5 cm with craniometric points). Preoperative modeling required 15.3 ± 5.1 min, while AR navigation averaged 12.7 ± 3.2 min. Our findings support the feasibility of AR-assisted 3D planning as an adjunctive tool for AVM microsurgery. This proof-of-concept study suggests that AR technology may improve spatial orientation and facilitate surgical workflow, especially for complex lesions near eloquent areas. While the clinical benefit in terms of outcomes remains to be confirmed in larger prospective studies, the presented experience demonstrates technical reliability and practical applicability. Future integration with automated segmentation and cloud-based platforms may further enhance its clinical utility.",Anton Konovalov; Anastasia Kirichenko; Dmitri Okishev; Anton Artemyev; Anna Bogomazova; Marina Stogneva; Sofia Sergeeva; Ivan Erokhin; Yuri Pilipenko; Fyodor Grebenev; Shalva Eliava,Surgical neurology international,2025,Journal Article,eng,retrieved,UNCERTAIN_REQUIRES_SCREENING,TITLE_ABSTRACT_REVIEW_REQUIRED,,,,,,,,
1546,TA-07,41409818,10.25259/SNI_1112_2025,A smartphone-based augmented reality technique for preoperative planning of chronic subdural hematoma.,"Chronic subdural hematoma is one of the most common pathologies in neurosurgery and represents one of the first surgical challenges for residents and surgeons in their early years of experience, particularly when the hematoma lacks a typical hemispheric distribution. Our study presents an innovative and low-cost smartphone-based augmented reality (AR) technique designed to facilitate the preoperative planning of chronic subdural hematomas. Twenty patients with non-fully hemispheric subdural hematomas operated using a smartphone-based AR platform (AR-based planning, AR-b) were included in our study. Before the skin incision, the site and extent of the surgical access were verified by a second surgeon, whose planning was based solely on 2D computed tomography images (2D-b). Data regarding spatial discrepancies and length differences between the two planning were collected and analyzed with a paired t-test with a significance level of 0.05. No discrepancies >1 cm were found between the two methods. We found a significant difference between the length of the two planning phases (AR-b: 8' ± 1,9 vs. 2D-b: 4,1' ± 1,4). Nevertheless, concerning the overall surgical duration, no marked difference was found between the total length of the procedures performed with AR-b and similar procedures planned with 2D-b. Due to its lack of additional costs and effective precision, our technique represents a valuable aid for surgeons in training or in their early years of experience in the presurgical planning of chronic subdural hematoma.",Rocco Severino; Chiara Caggiano; Michelangelo Grassi; Sergio De Sio; Luca De Martino; Giovanna Cantatore; Giovanni Torelli; Henry Annecchiarico,Surgical neurology international,2025,Journal Article,eng,retrieved,UNCERTAIN_REQUIRES_SCREENING,TITLE_ABSTRACT_REVIEW_REQUIRED,,,,,,,,
1547,TA-07,41409573,10.1049/htl2.70044,Markerless Tracking of Robotic Surgical Instruments With Head Mounted Display for Augmented Reality Applications.,"In robotic-assisted laparoscopic surgery, an assistant surgeon stands at the bedside assisting the intervention, while the surgeon sits at the console teleoperating the robot. Tasks for the assistant include navigating new instruments into the surgeon's field-of-view and passing in or retracting materials from the body using hand-held tools. We previously developed ARssist, an augmented reality application based on an optical see-through head-mounted display (HMD), to aid the assistant. Localization of the HMD with respect to the robot was achieved via the attachment of markers. In this paper, we propose a novel markerless tracking method for robotic instruments using a HoloLens 2 HMD. We first run off-the-shelf YOLOv11 and SAMURAI (an adaptation of Segment Anything 2) networks to detect instrument primitives (shaft lines and keypoints). We then recover full 6D poses via a geometrically interpretable pipeline combining perspective-n-point (PnP) and a multi-view least-squares optimization. We experimentally compare the markerless tracking accuracy to a baseline marker-based tracking solution, and show similar instrument tip accuracy. This suggests that the markerless method is an acceptable substitute to marker-based tracking for this augmented reality application, while avoiding workflow issues with sterilizing and attaching markers.",Nicholas Greene; Aoqi Long; Yonghao Long; Zheng Han; Qi Dou; Peter Kazanzides,Healthcare technology letters,2025,Journal Article,eng,retrieved,UNCERTAIN_REQUIRES_SCREENING,TITLE_ABSTRACT_REVIEW_REQUIRED,,,,,,,,
1548,TA-07,41407573,10.1016/j.bjps.2025.11.051,Evaluating the role of the 'Accessible Novel Solutions for Widespread Emergency Reconstructive Surgery' (ANSWERS) 3D-printed perineal training model for conflict-related sexual violence injuries.,"Conflict-related sexual violence (CRSV) causes considerable physical and psychological harm, often leading to complex urogenital injuries that require specialised reconstructive surgery. Despite the growing global demand for specialised surgical care, access to niche specialities and training resources remain limited, particularly in high-conflict and resource-constrained areas. This study evaluates the effectiveness of the Accessible Novel Solutions for Widespread Emergency Reconstructive Surgery (ANSWERS) 3D-printed model, developed in collaboration with the Panzi Foundation, as a training tool for urogenital fistula repair associated with CRSV. Conducted at Panzi Hospital in the Democratic Republic of Congo, this study employed a cross-sectional survey design involving 13 healthcare professionals. Participants engaged in hands-on practice with the 3D-printed model, creating and repairing simulated defects to closely replicate CRSV injuries. The survey assessed the model's anatomical fidelity, usability and impact on surgical preparedness, incorporating quantitative ratings and qualitative feedback. Our findings revealed strong support for the model's training value, with most participants reporting increased confidence in their technical skills. Areas for improvement due to limitations of anatomical detail and material durability were noted. Qualitative insights indicated that integrating the Panzi score-a classification system for fistula severity-and augmented reality or extended reality technology could enhance the model's relevance and interactivity. The study highlights the use of the ANSWERS 3D-printed model in building competency-based training protocols in CRSV care. Future refinements in the multilayered materials, novel bioengineering approaches to enhance biomimicry, anatomical accuracy based on CT scans and Panzi score classifications hold great potential. Ultimately, digital integrations could lead to the development of a standardised, immersive training curriculum that aligns with Panzi Hospital's holistic approach, improving surgical outcomes for CRSV survivors globally.",Stephen R Ali; Gloire Byabene; Carys Edwards; Beth Norman; Octavian Parkes; Hari Arora; Denis Mukwege; Iain S Whitaker,"Journal of plastic, reconstructive & aesthetic surgery : JPRAS",2026,Journal Article,eng,retrieved,UNCERTAIN_REQUIRES_SCREENING,TITLE_ABSTRACT_REVIEW_REQUIRED,,,,,,,,
1549,TA-07,41405385,10.1002/advs.202516098,From Sample to Mixed Reality: A Translational 3D MALDI Imaging Platform for Advanced 3D Spatial Omics Analysis of 3D Cell Culture Disease Models.,"Human 3D cell cultures, including spheroids and organoids, are essential biological models for translational pharmaceutical and biomedical research. However, their 3D analysis using 2D- matrix-assisted laser desorption/ionization (MALDI) imaging-based spatial metabolomics remains challenging, since end-to-end solutions for 3D-enabling sample preparation, 3D-data processing, 3D-rendering, and 3D-user interaction are lacking. Here, a 3D-MALDI imaging platform and resource that advances each of three pillars is presented: i) the sample preparation introduces custom-designed molds for precise and reproducible embedding and cryosectioning of multiple spheroids and organoids, a substantial improvement over ad hoc or single-sample sectioning workflows; ii) the integrated computational framework that facilitates the generation of high-fidelity volumetric datasets that enable voxel-based analysis for feature discovery, surpassing traditional slice-based 2D analysis; iii) the mixed reality tool enables immersive spatial exploration of molecular distributions in 3D, extending user engagement beyond static 3D renderings. The versatility of the platform is illustrated by its translation to a clinical framework for the molecular profiling of patient-derived colon cancer organoids. Collectively, this integrated approach enables spatial metabolomic analysis in 3D, offers increased throughput, and paves the way for next-generation molecular diagnostics and personalized medicine applications.",Stefania Alexandra Iakab; Jonas Cordes; Thomas Enzlein; Florian Keller; Kevin Kastner; Theresa Mulholland; Björn Christian Fröhlich; Lars Gruber; James Lucas Cairns; Stefan Schmidt; Mathias Hafner; Richard Schneider; Johannes Betge; Frank Fischer; Julian Reichwald; Rüdiger Rudolf; Carsten Hopf,"Advanced science (Weinheim, Baden-Wurttemberg, Germany)",2026,Journal Article,eng,retrieved,UNCERTAIN_REQUIRES_SCREENING,TITLE_ABSTRACT_REVIEW_REQUIRED,,,,,,,,
1550,TA-07,41400753,10.1007/s11701-025-03056-z,A bibliometric analysis of the top 100 most-cited articles published in the Journal of Robotic Surgery.,"This study presents a bibliometric analysis of the top 100 most-cited papers published in the Journal of Robotic Surgery (JORS), aiming to identify publication patterns, leading authors and institutions, and major research themes. Publication data were retrieved from Scopus, including all original articles and review papers up to December 2025. A total of 2,534 documents were identified, comprising 2,126 original articles and 408 reviews, with the United States (1,045 publications), China (329), Italy (210), the United Kingdom (203), and India (123) as leading contributors. North Sichuan Medical College (56 publications) and Icahn School of Medicine at Mount Sinai (36) were the most productive institutions. The top 100 most-cited papers, published between 2008 and 2024, included 80 research articles and 20 reviews, with an average age of 7.66 years and 53.29 citations per paper. Annual publication output peaked in 2025 (551 articles), while mean citations per year increased over time, reaching 35.70 for the most recent papers. Co-word analysis using VOSviewer revealed three primary thematic clusters. The first cluster focused on training, simulation, and performance assessment, emphasizing virtual and augmented reality, haptic feedback, structured curricula, and platform-specific interfaces such as the da Vinci system. The second cluster centered on spine surgery, highlighting robotic-assisted and image-guided procedures, pedicle screw placement, minimally invasive techniques, intraoperative imaging, and postoperative outcomes in both adult and pediatric populations. The third cluster concentrated on urologic oncology, particularly prostate surgery, integrating perioperative outcomes, complication profiles, learning curves, and institutional or surgeon-level performance metrics. Across all clusters, studies consistently combined technological innovation with clinical application, including comparative evaluations of robotic versus conventional procedures, patient-centered outcomes, preclinical models, and novel surgical technologies such as 3D printing, augmented reality, and telesurgery. These findings demonstrate that highly cited research in robotic surgery emphasizes both clinical efficacy and technical development, with strong attention to training, outcome optimization, and emerging technologies. The study provides a comprehensive overview of influential research, guiding future investigations, and policy decisions in robotic-assisted surgery.",Siddig Ibrahim Abdelwahab; Manal Mohamed Elhassan Taha; Abdullah Farasani; Jobran M Moshi; Ahmad Assiri; Saeed Alshahrani; Khaled A Sahli; Hussam M Shubaily; Marwa Qadri; Amani Khardali; Waseem Hassan,Journal of robotic surgery,2025,Journal Article,eng,retrieved,UNCERTAIN_REQUIRES_SCREENING,TITLE_ABSTRACT_REVIEW_REQUIRED,,,,,,,,
1551,TA-07,41396955,10.1364/OL.578926,Suppressing optical crosstalk in microLED arrays for AR displays: a simulation and design study.,"MicroLED displays designed for augmented reality (AR) demand high light extraction efficiency (LEE), strong emission directionality, and minimal optical crosstalk to ensure superior image quality. In this work, we develop a comprehensive finite-difference time-domain (FDTD) simulation framework to investigate crosstalk suppression via device architecture modifications. We introduce the collimation efficiency (CE) as a key metric for AR systems. A thinned n-GaN layer with a reflective cup eliminates primary crosstalk from sidewalls and waveguiding. A subsequent thick microlens layer further boosts the primary pixel's CE to 15.57%. This optimized architecture reduces the effective crosstalk to 0.77%, providing an effective design strategy for AR displays.",Shuming Zhang; Jiahao Kang; Chengzhe Chai; Pengfei Li; Liang Zhang; Shulin Chen; Runan Zhang; Fan Gong; Lei Zhao; Shuang Wang; Chaohao Wang; Ze Yuan,Optics letters,2025,Journal Article,eng,retrieved,UNCERTAIN_REQUIRES_SCREENING,TITLE_ABSTRACT_REVIEW_REQUIRED,,,,,,,,
1552,TA-07,41396751,10.1109/JBHI.2025.3644234,Investigating the Effectiveness of Haptic Resistive Force Feedback to Improve Tremors in Parkinson's Disease: A Training Impact Study.,"The goal of this study was to investigate the effectiveness of haptic resistive force feedback in improving the upper limb tremors in Parkinson's Disease (PD) during a button push task. We developed a haptic-mixed reality (HMR) button push simulation system that provides virtual button touch feedback synchronized with mixed reality 3D buttons and various levels of kinesthetic resistance force against hand movements. Two user studies were conducted: one to ensure the system's usability with 25 healthy individuals, and another to measure tremor improvement over a five-day training program with seven individuals diagnosed with idiopathic PD. PD participants were randomly assigned to either a haptic resistive force group or a no haptic resistance group. The results demonstrated that the system provided excellent usability for both healthy and PD participants. Additionally, PD participants in the haptic resistance group showed improvements in tremor and upper bradykinesia levels compared to the no haptic resistance group.",Nafees Mahmood; Meldin Bektic; Chen Li; Angela Ridgel; Kwangtaek Kim,IEEE journal of biomedical and health informatics,2026,Journal Article; Randomized Controlled Trial,eng,retrieved,UNCERTAIN_REQUIRES_SCREENING,TITLE_ABSTRACT_REVIEW_REQUIRED,,,,,,,,
1553,TA-07,41396334,10.1007/s11701-025-03048-z,"Mapping the growth of robotic neurosurgery research: Insights from more than 5,000 publications and 100 top-cited papers.","This bibliometric analysis mapped global research activity in robotic neurosurgery using the Scopus database. A comprehensive search string combining multiple synonyms for robotics and neurosurgery was applied across three search fields. The title–abstract–keywords (TAK) search retrieved 5196 documents, the abstract-only 1998, and the title-only 432, spanning 1982–2025. Publication activity rose sharply after 2011, accounting for 85.8%, 89.3%, and 90.0% of all records, respectively. In the TAK category, Tian, W. led with 37 publications, followed by Theodore, N. (34), Roberts, D.W. (29), Siewerdsen, J.H. (27), and Marcus, H.J. (26). Leading institutions included Harvard Medical School (100), Johns Hopkins University School of Medicine (77), University of Toronto (75), and Chinese Academy of Sciences (74). By country, the United States (1906) and China (839) dominated output. Major funding sources were the National Natural Science Foundation of China (341) and the U.S. National Institutes of Health (224). The top journals were World Neurosurgery (307), International Journal of Computer Assisted Radiology and Surgery (143), and International Journal of Medical Robotics and Computer Assisted Surgery (114). The 100 most cited documents (1987–2023) originated from 53 sources, comprising 71 original articles and 29 reviews, with a mean of 81.37 citations per paper. Co-word dynamics (1993–2023) traced the evolution from early systems like Minerva and Pathfinder to validated spinal and brain stimulation robots. Focus shifted from image-guided and telemanipulated systems to robot-assisted spine surgery and deep brain stimulation, and later to augmented reality, autonomous navigation, and AI-based robotics. Thematic clustering indicated convergence of robotic guidance, MRI-compatible tools, and minimally invasive surgery, marking the field’s transition from feasibility testing to precision-driven clinical application. Additionally, manual review of the 25 most cited documents provided contextualized summaries of their primary themes and research emphasis, guided by citation impact and content relevance. Collectively, these findings highlight a rapidly expanding, technologically evolving field with growing clinical translation and interdisciplinary integration.",Siddig Ibrahim Abdelwahab; Manal Mohamed Elhassan Taha; Abdullah Farasani; Jobran M Moshi; Ahmad Assiri; Saeed Alshahrani; Khaled A Sahli; Hussam M Shubaily; Marwa Qadri; Amani Khardali; Waseem Hassan,Journal of robotic surgery,2025,Journal Article,eng,retrieved,UNCERTAIN_REQUIRES_SCREENING,TITLE_ABSTRACT_REVIEW_REQUIRED,,,,,,,,
1554,TA-07,41396203,10.1097/BRS.0000000000005594,Accuracy of Augmented Reality Navigation Versus Freehand Pedicle Screw Placement.,"Retrospective cohort study. To compare the accuracy of augmented reality (AR)-guided and freehand (FH) pedicle screw placement in the lumbosacral spine using computed tomography (CT)-based Gertzbein-Robbins (GRS) grading, and to assess demographic and surgical factors associated with accuracy. Accurate pedicle screw placement is essential for safe and effective spinal fusion. AR navigation has emerged as an alternative to conventional FH techniques, with potential advantages in accuracy, efficiency, and ergonomics. All patients who underwent pedicle screws placement from L1 to S1 using either AR navigation or conventional FH technique, with available postoperative CT imaging for screw accuracy assessment, were analyzed. Demographic and surgical characteristics were compared between both cohorts. A total of 202 patients were analyzed, comprising 1,109 pedicle screws placed (AR: n=548; FH: n=561). The proportion of clinically acceptable screws (GRS Grade A or B) was significantly higher in the AR group compared to the FH group (99.3% vs. 96.4%; P=0.013). The rate of clinically unacceptable breaches (GRS Grade C-E) was significantly lower in the AR group than in the FH group (0.7% vs. 3.6%; P=0.013). Level-specific directional summary showed that the highest number of breaches in the AR group occurred at L4, predominantly lateral (n=24), while in the FH group, breaches were most common at L5 and primarily medial (n=22). Demographic and surgical characteristics demonstrated no significant differences between the cohorts. AR-guided navigation was associated with significantly higher pedicle screw placement accuracy compared to conventional FH technique. As the largest study to date directly comparing these approaches, this analysis reinforces the notion that AR may offer more consistent accuracy in screw placement. Further prospective studies are needed to determine its long-term clinical implications.",Giuseppe Loggia; Aron Alakmeh; Fedan Avrumova; Franziska C S Altorfer; Jiaqi Zhu; Frank P Cammisa; Andrew Sama; Mazda Farshad; Darren R Lebl,Spine,2025,Journal Article,eng,retrieved,UNCERTAIN_REQUIRES_SCREENING,TITLE_ABSTRACT_REVIEW_REQUIRED,,,,,,,,
1555,TA-07,41394321,10.12688/openreseurope.21096.2,"Mapping immersive digital tools in the ICT4Water Cluster: innovation, interoperability and impact.","Immersive technologies-virtual, augmented, and mixed reality (XR)-are being piloted in the water sector for public engagement, training, and decision support. Within the European Commission's ICT4Water Cluster, multiple projects report XR tools, but comparable evidence on functionality, interoperability, and scalability is limited. We conducted a two-stage survey across ICT4Water projects (preliminary project-level screening: September-December 2023; tool-level assessment: April-May 2024). Responses were triangulated with public project materials. Seven distinct immersive solutions were analysed using a four-dimension rubric covering functionality, interoperability, scalability, and perceived impact. The portfolio spans VR, AR, MR, decision-support dashboards, and public-facing installations. Reported deployment options include PCs (4/7; 57%) and smartphones (4/7; 57%), with online-only operation in 3/7 (43%) tools and offline capability in 2/7 (29%). Interoperability is uneven: 3/7 (43%) expose data integration or APIs, while 4/7 (57%) lack external interfaces. Evidence of scalability beyond single-site pilots is reported for 4/7 (57%) tools; 3/7 (43%) remain at pilot/proof-of-concept stage. XR can enhance awareness, learning, and operational insight, yet broader uptake depends on open interfaces, shared semantics, and post-project maintainability. We recommend designing against open standards and Smart Data Models, adopting modular packaging and open repositories to support post-project sustainment, and embedding XR within utility workflows and digital-twin initiatives to enable responsible scale-up.",Ilias Karachalios; Nikolaos Tantaroudas; Christos Makropoulos,Open research Europe,2025,Journal Article,eng,retrieved,UNCERTAIN_REQUIRES_SCREENING,TITLE_ABSTRACT_REVIEW_REQUIRED,,,,,,,,
1556,TA-07,41391501,10.1016/j.jstrokecerebrovasdis.2025.108524,Holo-Stroke-ii: Stroke care through stroke hologram teleportation- inpatient immersion.,"Telestroke allows care irrespective of distance but has limitations in degree of immersive interaction. Augmented Reality (AR) holds promise, enabling providers and patients to interact as if in the same physical space. Prior investigations have shown immersive satisfaction for Holo-Stroke allowing 3D hologram providers to be transmitted to distant sites, and allowing for hologram assessments of Large Vessel Occlusions (LVOs). We presented 2 evaluation techniques (both telestroke and Holo-Stroke) to a group of stroke service inpatients. Three optical cameras with depth sensing capability were placed around the stroke provider, with imaging streams transmitted in real-time via intranet to a HoloLens 2 Head-Mounted-Display (HMD) worn by patient at a distant site. The provider was visualized in the patient's room as a hologram. Sample MRI, CTA, NIHSS picture card, and animation video were also visible to the patient through the HMD. Satisfaction questions were assessed via Likert scale. Wilcoxon Signed Rank, and Exact Binomial Test were used. Twenty inpatients with deficits consistent with acute stroke participated. Median age was 68 years, 45 % were female, 55 % white, and 20 % Hispanic. Median Likert scores favored Holo-Stroke over telestroke overall (47(93 %) vs 25.5(48 %);p < 0.001), and for immersion (10(92 %) vs 4(37 %);p < 0.001), beneficial technique (10(95 %) vs 5.5(55 %);p < 0.001), and seeing images (10(97 %) vs 5(45 %);p < 0.001). Clinical observations were overwhelmingly favorable. This Holo-Stroke telestroke, assessing acute stroke patients in the inpatient setting using wireless 3D hologram technique, resulted in robust immersion and significant increase in patient satisfaction. Although future evaluations of Holo-Stroke in acute telestroke are still warranted, Holo-Stroke has now clearly been shown to improve inpatient immersion and satisfaction.",Weichen Liu; Ben Shifflett; Teri McQuaid; Marissa D'Souza; Reza Bavarsad Shahripour; Kunal Agrawal; Dawn M Meyer; Derek Dutt; Dale Keehan; Nadir Weibel; Brett C Meyer,Journal of stroke and cerebrovascular diseases : the official journal of National Stroke Association,2026,Journal Article; Comparative Study,eng,retrieved,UNCERTAIN_REQUIRES_SCREENING,TITLE_ABSTRACT_REVIEW_REQUIRED,,,,,,,,
1557,TA-07,41388309,10.1186/s12984-025-01815-5,NeuraLoop: a high bandwidth closed-loop human-machine interface.,"Myoelectric interfaces have emerged as powerful tools for human-machine interaction (HMI), enabling intuitive control of virtual and physical devices. However, most existing systems are limited by low spatial resolution and unidirectional communication. To address these limitations, we developed NeuraLoop, a wearable, high-bandwidth, bidirectional interface that integrates myoelectric (EMG) signal acquisition and electrotactile stimulation feedback within a single wearable textile-based platform. NeuraLoop comprises a flexible matrix of 32 EMG recording and 32 electrotactile stimulation pads controlled by a compact electronic unit. We evaluated the system in two experimental tasks involving ten healthy subjects to demonstrate: (1) online classification of four transient thumb micro-gestures (thumb rightwards, leftwards, upwards, and downwards swipe directions), and (2) closed-loop control of a virtual cursor using micro-gesture commands and spatially encoded tactile feedback. A time-division multiplexing (TDM) strategy was implemented to enable simultaneous stimulation and recording. The subjects achieved a median success rate of 82% on the first attempt and over 94% within two attempts during online classification with visual feedback. All four micro-gestures were classified with similar accuracy. In the closed-loop control task with tactile feedback, participants navigated a 3 × 4 grid using only electrotactile stimulation, achieving 70% accuracy for exact target hits and 95% when including the hits in the neighboring cells (1 cell distance error). NeuraLoop demonstrates the feasibility of high-bandwidth, bidirectional HMI using a wearable, textile-based interface. The system enables accurate recognition of subtle micro-gestures and effective delivery of spatially encoded tactile feedback. These capabilities open new possibilities for intuitive control in applications such as prosthetics, rehabilitation, and virtual/augmented reality. Future work will explore multimodal feedback encoding and proportional gesture control.",Luis Pelaez Murciego; Elias Thomassen Dam; Hans Henrik Dalgaard; Nikola Jorgovanovic; Matija Strbac; Erika G Spaich; Strahinja Dosen,Journal of neuroengineering and rehabilitation,2025,Journal Article,eng,retrieved,UNCERTAIN_REQUIRES_SCREENING,TITLE_ABSTRACT_REVIEW_REQUIRED,,,,,,,,
1558,TA-07,41383059,10.1017/dmp.2025.121,Enhancing Disaster Preparedness and Community Safety Through Virtual Simulation: A Scoping Review in Undergraduate Health Education.,"Disaster medicine (DM) prepares health care professionals to manage emergencies caused by significant societal disruptions. Training recent graduates and final-year students is an essential element of disaster preparedness. This review aims to examine the use of Virtual Simulation (VS) in undergraduate students' DM training. The research team searched Scopus, PubMed, WOS, and Scielo. The team followed the 6-step approach described by Mak to conduct Scoping Reviews. We identified 262 reports, and 17 articles met the inclusion criteria. We extracted and analyzed data, focusing on educational settings, professions involved, and intervention characteristics. The report followed PRISMA guidelines. The implementation of VS in DM training has been geographically concentrated, with most studies focused on nursing education. Most programs use virtual reality, with limited augmented or mixed reality integration, principally in nursing students. The training focused primarily on triage, disaster preparedness, evacuation, decontamination, improving knowledge retention, self-confidence, and decision-making. Although VS has effectively enhanced technical skills and disaster preparedness, its use remains limited in undergraduate health education. Further research is needed to expand its application in interprofessional and non-nursing contexts, with deliberate practice principles to maximize efficiency. Integrating VS into community training can reduce costs and enhance large-scale emergency response. Disaster medicine (DM) prepares health care professionals to respond to emergencies that disrupt society. Training recent graduates and final-year students is crucial for preparedness, yet traditional methods often fail to provide hands-on experience. To bridge this gap, a scoping review explored the role of Virtual Simulation (VS) in DM training for undergraduate students. A team of 6 experts analyzed 262 studies, narrowing down to 17 relevant articles. Results revealed that VS is predominantly used in nursing education, focusing on triage, preparedness, evacuation, and decision-making key components in protecting both hospital resilience and community well-being. Programs largely relied on virtual reality, with minimal integration of augmented or mixed reality. Despite its potential to enhance skills and confidence, VS training seldom applied deliberate practice principles, limiting its effectiveness. Expanding VS adoption across health professions and incorporating deliberate practice could improve disaster preparedness, optimize resource use, and enhance community resilience, underscoring the need for further research and program development.",Daniel Torres-Agüero; Soledad Armijo-Rivera; Scarlett Vicencio-Clarke; Gustavo Norte; Eduardo Herrera; Andrés Lagos Cordero,Disaster medicine and public health preparedness,2025,Journal Article; Scoping Review,eng,retrieved,UNCERTAIN_REQUIRES_SCREENING,TITLE_ABSTRACT_REVIEW_REQUIRED,,,,,,,,
1559,TA-07,41381793,10.1007/s00701-025-06729-8,Long-term outcomes following augmented reality-assisted pedicle screw placement in spinal fusion patients.,"Augmented reality (AR) technology integrates intraoperative imaging into the surgical field through AR headsets, enabling real-time, heads-up surgical navigation. While previous work has demonstrated that AR navigation achieves excellent radiographic accuracy for instrumentation placement, no studies have reported long-term patient-reported outcomes (PROs) following AR-guided spine surgery. In this retrospective study with prospective follow-up, patient electronic medical records were reviewed for demographic, clinical, and outcome data. Pre- and postoperative PROs were collected, including Oswestry Disability Index (ODI) and 36-Item Short Form Survey (SF-36). Mental (MCS) and physical (PCS) component scores were derived from SF-36 responses. Univariate statistics and paired Wilcoxon tests were used to analyze patient characteristics and PROs. Multivariate linear regression was used to assess predictors of postoperative improvement in outcomes of interest. We identified 59 patients who underwent AR-guided spine surgery with ≥ 10 months follow-up (34% male, median age: 61 years, median follow-up: 25 months). Nine patients (15.3%) underwent reoperation at a median of 19 months-three for adjacent segment disease, four for pseudarthrosis, and two for other indications. Preoperatively, median ODI was 44 (severe disability), and MCS and PCS were 41.3 and 27.0. Postoperatively, ODI was 24 (moderate disability), and MCS and PCS were 54.1 and 37.7-representing significant improvements that exceed the minimal clinically important differences reported in the literature (approximately 10 points for ODI and 4 points for PCS and MCS; p < 0.001, p = 0.03, and p = 0.001, respectively). This study represents one of the first efforts to evaluate the clinical impact of augmented reality-assisted spinal surgery beyond intraoperative usage. While AR technology has been shown to enhance pedicle screw placement accuracy, our findings extend this knowledge by demonstrating sustained long-term improvements in physical functioning, mental health, and disability among patients undergoing AR-guided pedicle screw placement that are reasonably similar to those reported following other means of pedicle screw placement.",Sai Chandan Reddy; Mahnoor Shafi; Alison Park; Liam P Hughes; Jawad M Khalifeh; Tej D Azad; Timothy F Witham,Acta neurochirurgica,2025,Journal Article,eng,retrieved,UNCERTAIN_REQUIRES_SCREENING,TITLE_ABSTRACT_REVIEW_REQUIRED,,,,,,,,
1560,TA-07,41379923,10.1109/TVCG.2025.3642044,The Effect of Layout on Visual Search in Augmented Reality Multi-Window Displays.,"Augmented reality (AR) may provide supplementary information to support tasks in the physical world, offering the advantage of displaying multiple windows with high flexibility in interface layout. In AR-physical world mixed scenarios, users often need to locate and retrieve target information from virtual multi-window displays. Understanding how to design effective layouts for these interfaces is critical to enhancing visual search performance, a key element of information retrieval. This study examines the effects of depth separation, information density and curvature of virtual multi-window displays on a conjunctive visual search task in AR. Results indicate that reducing information density and introducing curvature significantly reduced both search time and the time taken to decide that the target was absent (task quit time). Although depth separation did not significantly affect search time, it notably reduced quit time. The number of errors was not significantly influenced by any of the factors. Additionally, users preferred a curved display with lower information density that remained within the device's field of view, and their search time was fastest with this layout. Finally, we noticed variations in layout preference and performance changes among individuals, possibly influenced by differences in search strategies.",Peiyu Zhang; Mohamad El Iskandarani; Sara Riggs,IEEE transactions on visualization and computer graphics,2026,Journal Article,eng,retrieved,UNCERTAIN_REQUIRES_SCREENING,TITLE_ABSTRACT_REVIEW_REQUIRED,,,,,,,,
1561,TA-07,41374548,10.3390/s25237172,Deriving Motor States and Mobility Metrics from Gamified Augmented Reality Rehabilitation Exercises in People with Parkinson's Disease.,"People with Parkinson's disease (PD) experience mobility impairments that impact daily functioning, yet conventional clinical assessments provide limited insight into real-world mobility. This study evaluated motor-state classification and the concurrent validity of mobility metrics derived from augmented-reality (AR) glasses against a markerless motion capture system (Theia3D) during gamified AR exercises. Fifteen participants with PD completed five gamified AR exercises measured with both systems. Motor-state segments included straight walking, turning, squatting, and sit-to-stand/stand-to-sit transfers, from which the following mobility metrics were derived: step length, gait speed, cadence, transfer and squat durations, squat depth, turn duration, and peak turn angular velocity. We found excellent between-systems consistency for head position (X, Y, Z) and yaw-angle time series (ICC(c,1) > 0.932). The AR-based motor-state classification showed high accuracy, with F1-scores of 0.947-1.000. Absolute agreement with Theia3D was excellent for all mobility metrics (ICC(A,1) > 0.904), except for cadence during straight walking and peak angular velocity during turns, which were good and moderate (ICC(A,1) = 0.850, ICC(A,1) = 0.477, respectively). These results indicate that motor states and associated mobility metrics can be accurately derived during gamified AR exercises, verified in a controlled laboratory environment in people with mild to moderate PD, a necessary first step towards unobtrusive derivation of mobility metrics during in-clinic and at-home AR neurorehabilitation exercise programs.",Pieter F van Doorn; Edward Nyman; Koen Wishaupt; Marjolein M van der Krogt; Melvyn Roerdink,"Sensors (Basel, Switzerland)",2025,Journal Article,eng,retrieved,UNCERTAIN_REQUIRES_SCREENING,TITLE_ABSTRACT_REVIEW_REQUIRED,,,,,,,,
1562,TA-07,41372904,10.1186/s12909-025-08420-z,Application and development of artificial intelligence and immersive technologies in dental education: a scoping review.,"BACKGROUND: Artificial intelligence (AI) has been developing rapidly recently, with large language models such as Chat Generative Pre-trained Transformer (ChatGPT) garnering widespread attention across various fields globally. This scoping review examines the applications and advancements of AI, including natural language processing and computer simulation, as well as immersive technologies such as virtual reality (VR), augmented reality (AR), and mixed reality (MR) in dental education. Despite substantial research highlighting the benefits of AI in specific dental disciplines, a comprehensive review of the latest developments in AI within dental education has yet to be conducted. METHODS: A scoping review methodology was employed to identify relevant articles published between 2022 and 2024. Five databases were used to identify studies that utilized AI, VR, AR, and MR within dental education: Web of Science, Embase, PubMed, Scopus, and the Educational Resources Information Center (ERIC). The search strategy adhered to the guidelines set forth by the Preferred Reporting Items for Systematic Reviews and Meta-Analyses Extension for Scoping Reviews (PRISMA-ScR). Research was classified by digital technology type and its implementation across dental specialties. RESULTS: Of the 1401 initial articles identified, 928 full-text articles were screened, and 76 ultimately met the selection criteria for the review. The selected research focused on AI, VR, AR, or MR applications within dental education. CONCLUSION: This review underscores the transformative impact of AI and immersive technologies on dental education. By deepening our understanding and expanding the application of these technologies, we can improve educational outcomes through better cognitive visualization, standardized clinical training, and integrated multidisciplinary learning. Future research should focus on optimizing AI integration strategies and developing best practices to leverage these advanced technologies in dental education fully.",Shuheng Huang; Yang Qu; Yutong Sun; Sishi Chen; Lisha Gu,BMC medical education,2025,Scoping Review; Journal Article,eng,retrieved,UNCERTAIN_REQUIRES_SCREENING,TITLE_ABSTRACT_REVIEW_REQUIRED,,,,,,,,
1563,TA-07,41360163,10.1016/j.otsr.2025.104567,"Contribution of a new augmented reality system in total knee arthroplasty implantation. An in vivo, prospective, non-comparative study of 60 cases.","Achieving planned alignment is one of the keys to implant survival and patient satisfaction in total knee arthroplasty (TKA). New technologies have been developed, such as robotics, patient-specific instruments (PSI), and augmented reality (AR). This study evaluated the contribution of AR through the Knee+™ device (PIXEE Medical Company, Besançon, France). This TKA navigation device uses AR to orient the distal femoral and proximal tibial cutting guides in the frontal and sagittal planes. Measurements are independent for the tibia and femur. The device requires no robot, no engineer, and no additional preoperative three-dimensional imaging. There are several papers dedicated to the Knee+™ device; this study is the largest prospective study to date and is independent of the device's promoter, to determine: (1) the accuracy of the Knee+™ device, (2) the existence of a learning effect on operative time and on accuracy, (3) the risk of using the device by reporting the intra-operative events and adverse events occurring within 3 months postoperatively. Knee+™ admits an error of less than 1.5 ° between the value announced by the device and post-operative radiographic measurements. This was a prospective, monocentric study involving 60 patients undergoing TKA with the device under study; mechanical alignment was planned. The accuracy of the procedure was analyzed during the intraoperative cutting inspection stage and then by measuring the Lateral Distal Femoral Angle (LDFA), Medial Proximal Tibial Angle (MPTA), and tibial slope on postoperative radiographs. There were no intraoperative adverse events and no revision surgery during the 3-month follow-up period. The mean error of the device was 1.23 ° ± 0.94 ° for the LDFA, 1.22 ° ± 1.05 ° for MPTA, and 2.15 ° ± 1.43 ° for the tibial slope. For the femur, no patient had an angle value with an error >3°; for the tibia, one patient (1.7%) had an angle value with an error >3° in the frontal plane, and twelve patients (21%) had an angle value with an error >3° in the sagittal plane. The learning curve showed no effect on accuracy, but operating time was reduced by 20 min after the tenth prosthesis was fitted with the device. This study showed that the Knee+™ device is a safe, reliable, and reproducible AR tool. It has a rapid learning curve for TKA placement. It can be considered as an alternative or an aid to conventional instrumentation in TKA. IV; prospective non-comparative study.",Grégoire Duval; Aurore Emery; Martin Tripon; Robin Oger; Julen Dunet; Gaëlle Maroteau; Christophe Hulet,"Orthopaedics & traumatology, surgery & research : OTSR",2026,Journal Article,eng,retrieved,UNCERTAIN_REQUIRES_SCREENING,TITLE_ABSTRACT_REVIEW_REQUIRED,,,,,,,,
1564,TA-07,41355200,10.1002/jdd.70112,Augmented Reality of Anatomical Structures of the Maxillomandibular Complex for Learning Dental Radiographic Techniques.,"Augmented reality (AR) enables interactive learning in real-world environments. In dental radiography education, AR offers a promising tool to enhance students' clinical skills by allowing them to simulate and practice procedures before engaging with actual patients. Repeated practice in an AR environment can reinforce theoretical knowledge and improve practical competence. Understanding dental anatomy and surrounding bone structures is essential for achieving accurate radiographic techniques, and 3D reconstructions from cone-beam computed tomography (CBCT) aid this learning. To develop and evaluate an AR application designed to support the learning of periapical radiographic techniques. An AR application was developed using Digital Imaging and Communication in Medicine (DICOM) images, which were converted into Standard Tessellation Language (STL) format. Meshmixer software was employed to construct a three-dimensional patient model, which was then used to create visual simulations of periapical radiographic projections based on established literature. The resulting images were integrated into the M3DMIX AR platform for visualization. Usability was assessed by 44 undergraduate dental students using a questionnaire based on the System Usability Scale (SUS). The AR application achieved a mean usability score of 89.26 on the SUS, indicating a high level of user satisfaction. Students reported that the AR tool positively influenced their learning experience and enhanced their understanding of radiographic techniques. The AR application developed in this study demonstrated strong potential as an effective educational tool for teaching periapical radiographic techniques. Its high usability rating suggests that AR can significantly contribute to improving dental radiography education.",Maitê Michel Piazza Willig; Mariana Boessio Vizzotto; Henrique Timm Vieira; Priscila Fernanda da Silveira Tiecher; Thiago de Oliveira Gamba; Nádia Assein Arús; Luis Ernesto Arriola-Guillén; Heraldo Luís Dias da Silveira,Journal of dental education,2026,Journal Article,eng,retrieved,UNCERTAIN_REQUIRES_SCREENING,TITLE_ABSTRACT_REVIEW_REQUIRED,,,,,,,,
1565,TA-07,41350928,10.1038/s41415-025-8918-6,Perceptions of a metaverse platform for oral health education (Meta-OHE) among adolescents: a focus group discussion.,"Objective To explore secondary school students' perceptions of a metaverse platform called Meta-OHE (metaverse for oral health education).Methods Focus group discussions (FGDs) were conducted with purposively sampled 16-year-old secondary school students from semi-government schools in Malaysia. Participants engaged with the Meta-OHE platform on Mitoworld for one week before the FGDs sessions on https://mitoworld.io/world/w/2808/meta-ohe . The FGDs, conducted in both English and Malay, each lasted between 30-60 minutes and were guided by a semi-structured topic guide until data saturation was achieved. The data were analysed through framework analysis, using NVivo 14.0 to systematically code and develop themes.Results A total of 81 students participated in 16 FGDs. Emerging themes in their perceptions of the metaverse platform Meta-OHE included freedom and exploration, interactive features, access to oral health information, and immersive learning experiences. Participants favoured visually appealing environments, customisable avatars, diverse oral health education content, and the integration of augmented reality and virtual reality technologies. Desired platform features from the participants also included gamification, reward systems, up-to-date information, diverse environments, social features, short videos, educational simulations, and age-appropriate content.Conclusion The study revealed positive perceptions of Meta-OHE for oral health education, suggesting its potential as an innovative tool for engaging secondary school students in oral health promotion and education. However, frequent updates, maintenance and expansions to content, technical diversity and features were emphasised to maintain interest and relevance.",Amirul Faiz Luai; Low Wei Shang; Shim Man Xi; Eddy Hasrul Hassan; Budi Aslinie Md Sabri; Nawwal Alwani Mohd Radzi,British dental journal,2025,Journal Article,eng,retrieved,UNCERTAIN_REQUIRES_SCREENING,TITLE_ABSTRACT_REVIEW_REQUIRED,,,,,,,,
1566,TA-07,41348636,,Implementation of Augmented Reality Into Radiology.,,Miryam Cahoon Nelson; Christopher Wertz; Chelsie Wheatley; Breezy Bird,Radiologic technology,2025,Journal Article,eng,retrieved,UNCERTAIN_REQUIRES_SCREENING,TITLE_ABSTRACT_REVIEW_REQUIRED,,,,,,,,
1567,TA-07,41348506,10.2196/73783,Advancing Digital Access to Physical Therapy via Virtual and Extended Reality Technology: Prototype Development and Usability Evaluation.,"The United States faces significant challenges in physical therapy (PT) access due to high demand, a shortage of professionals, and patient-related obstacles, which can adversely affect recovery and function. Limited access to PT may lead to increased dependence on medications for pain management, highlighting the need for nonpharmacologic options to reduce opioid overprescribing. Low back pain, a leading cause of disability and high medical costs, is a common reason for requiring PT following surgery. Studies have shown that virtual reality (VR)-guided movements can improve motor function and reduce pain intensity. The objective of this study was to design, develop, and evaluate a VR-based prototype for individualized postoperative PT for patients recovering from back surgery to investigate its potential to improve convenience, access, and health outcomes in future research. Study methods involved participatory design and development of VR software for PT back exercises using the design box method, an inductive, problem-oriented collaborative design approach. A usability evaluation of the resulting prototype was conducted with patients recovering from back surgery using a think-aloud protocol and usability survey. Six participants evaluated the VR prototype and reported usability challenges that included mismatched VR boundaries, limited familiarity with VR, and difficulties with the headset and hand controls. The System Usability Scale resulted in a total usability score of 58.3 out of 100, indicating a below-average score (68 being average). In the design and evaluation of a VR-based PT prototype, we found that while participants were enthusiastic, they faced usability challenges due to insufficient instructions and difficulties operating the VR device, highlighting the need for effective onboarding and extensive prototype testing to improve accessibility and engagement in health care. Future evaluations will investigate disparities among different groups to ensure accessibility and effectiveness for all users.",Victoria Lynn Tiase; Julie M Fritz; Jesse Ferraro; Gregory Bayles; Ahmad Alsaleem; Guilherme Del Fiol; Kensaku Kawamoto; Darrel Brodke; Brook Martin; Roger Altizer,JMIR formative research,2025,"Journal Article; Research Support, Non-U.S. Gov't",eng,retrieved,UNCERTAIN_REQUIRES_SCREENING,TITLE_ABSTRACT_REVIEW_REQUIRED,,,,,,,,
1568,TA-07,41347141,10.1049/htl2.70030,A Landmark-Free 3D-2D Rigid Liver Registration via Point Cloud Matching for Laparoscopic Surgery.,"Real-time registration of preoperative 3D liver models to intraoperative 2D laparoscopic images is essential for augmented reality navigation in minimally invasive liver surgery. However, 3D-2D registration typically depends on anatomical landmarks extraction and pose estimation based on iterative projection-based landmark distance computation, which is time-consuming. Unlike iterative pose refinement strategies, our method treats liver pose estimation as a partial-to-complete point matching problem. First, our method leverages monocular depth estimation to reconstruct partial intraoperative point clouds from a single RGB image. Then, a two-stage point matching framework establishes dense 3D-3D correspondences, ultimately inferring the 6-DoF rigid pose by solving a weighted SVD over the matched point pairs. The experiments on the P2ILF dataset have a reprojection error of 126.37 ± 48.98 pixels and a target registration error of 25.20 mm on the LLR-LUS dataset. These results indicate that our method achieves promising accuracy and efficiency in aligning preoperative models to intraoperative scenes, suggesting its potential for practical rigid alignment in near real-time laparoscopic liver AR navigation.",Binyan Huang; Xiangyue Yang; Fucang Jia,Healthcare technology letters,2025,Journal Article,eng,retrieved,UNCERTAIN_REQUIRES_SCREENING,TITLE_ABSTRACT_REVIEW_REQUIRED,,,,,,,,
1569,TA-07,41345057,10.1021/acsami.5c20611,Low-Voltage-Driven Liquid Metal Microdroplet/Poly(vinyl Chloride) Gel Actuator for Smart Haptic Interaction Application.,"Electroactive dielectric elastomer actuators are highly promising for haptic interfaces due to their low noise, large deformations, and skin-compliant properties. However, their high driving voltage (several kilovolts, resulting from the dielectric constant-Young's modulus trade-off) and inherent in-plane actuation mode greatly limit their use in practical haptic devices. Herein, the characteristic trade-off between dielectric constant and Young's modulus is overcome by incorporating modulus-near-zero liquid metal (LM) microdroplets into dielectric poly(vinyl chloride) gel (PVCG), enabling large actuation strains under relatively low electric fields. Furthermore, the in-plane expansion deformation of the LM-modified PVCG actuator is effectively converted into a pronounced out-of-plane actuation mode by leveraging the unique microscopic creep deformation mechanism and mesh-like electrodes. As a result, the optimized PVCG actuator demonstrates a 1.6-time improvement of the electromechanical coupling sensitivity coefficient and a 1.8-time enhancement of out-of-plane actuation displacement compared to its unmodified counterpart at a low electric field of 3.75 V μm-1 (750 V). Finally, a compact, low-voltage-driven haptic device prototype is fabricated based on the developed PVCG actuators, and its practical applications are demonstrated. The haptic device delivers a remarkable out-of-plane actuation strain of 20% and an output stress of 1.5 kPa, both well within the perceptible range of human skin mechanoreceptors. These results highlight the significant application potential of the presented PVCG actuator and device in the fields of virtual reality/augmented reality and assistive navigation communication for the blind.",Meng-Ting Xu; Yu Zhu; Zhi-Han Chen; Yu-Tong Fu; Zicai Zhu; Ting Fan; Zhen-Hua Tang; Yuan-Qing Li; Shao-Yun Fu,ACS applied materials & interfaces,2025,Journal Article,eng,retrieved,UNCERTAIN_REQUIRES_SCREENING,TITLE_ABSTRACT_REVIEW_REQUIRED,,,,,,,,
1570,TA-07,41342518,10.1097/JS9.0000000000004207,Commentary: from feasibility to precision indication: context-dependent value of augmented reality and fluorescence guidance in parenchyma-sparing hepatectomy.,,Yiping Tang; Ruizi Shi,"International journal of surgery (London, England)",2025,Journal Article,eng,retrieved,UNCERTAIN_REQUIRES_SCREENING,TITLE_ABSTRACT_REVIEW_REQUIRED,,,,,,,,
1571,TA-07,41340847,10.2196/68580,Extended Reality Biofeedback for Functional Upper Limb Weakness: Mixed Methods Usability Evaluation.,"The perception-action cycle enables humans to adapt their behaviors by integrating sensory feedback into motor actions. Functional neurological disorder (FND) disrupts this cycle, leading to maladaptive motor responses and a diminished sense of agency. FND includes functional seizures, movement disorders, and cognitive impairments, significantly affecting quality of life. Recent advancements in extended reality (XR) neurotechnologies provide opportunities for novel rehabilitation approaches, leveraging visual and haptic feedback to retrain motor control and restore agency in individuals with functional limb weakness. This study aimed to co-design and evaluate an XR-based biofeedback platform for upper-limb rehabilitation in FND, incorporating multisensory feedback (visual and haptic) to enhance motor retraining. A mixed methods design was used. In phase 1, a Delphi survey (N=20, patients with FND) identified key user requirements, emphasizing customizability, real-time feedback, accessibility, and comfort. These insights guided the codevelopment of an XR biofeedback platform. In phase 2, a co-design workshop with 6 participants (3 FND patient representatives and 3 health care professionals) evaluated the usability of 3 XR training tasks: virtual reality (VR) relaxation task, a guided meditation in a VR calming environment; XR position feedback task (""Hoop Hustle""), a VR-based motion task requiring arm movements to interact with virtual objects, providing real-time positional biofeedback; and XR force feedback task, a haptic robot-assisted exercise using the Human Robotix System (HRX-1) haptic device, applying resistive forces to guide upper limb movements. Participants completed system usability scale (SUS) questionnaires and provided qualitative feedback, which was analyzed using NVivo (QSR International) thematic analysis. The XR position feedback task achieved the highest usability ratings, with 4 out of 6 participants scoring it above 85, indicating ""excellent"" usability. The VR relaxation task received polarized scores: 2 participants rated it highly (90 and 87.5), while 3 scored it poorly (mid-40s), citing motion discomfort and disengagement. The XR force feedback task had mixed usability outcomes (SUS range: 27.5-95.0), with 1 participant with functional dystonia struggling significantly (SUS 27.5), while others rated it between 62.5 and 95.0. Qualitative feedback emphasized comfort (lighter headsets and better ergonomic design), immersion and content quality (clearer visuals and reduced distracting audio prompts), personalization (adjustable settings for speed, difficulty, and force resistance), and accessibility (cost concerns and home usability considerations). Overall, participants viewed the XR biofeedback platform as highly promising but in need of fine-tuning. This study demonstrates the feasibility and usability of an XR neurotechnology platform for FND rehabilitation, with strong acceptance of XR position feedback, mixed reactions to VR relaxation, and individual-specific usability outcomes for the force feedback task. Findings underscore the need for personalization features and hardware refinement. Future work will focus on enhancing usability, improving accessibility, and evaluating effectiveness in larger clinical trials.",Anirban Dutta; Katerina Hatjipanagioti; Matthew Alexander Newsham; Lewis Leyland; Lindsey Rickson; Alastair Buchanan; Ildar Farkhatdinov; Jacqueline Twamley; Abhijit Das,JMIR XR and spatial computing,2025,Journal Article,eng,retrieved,UNCERTAIN_REQUIRES_SCREENING,TITLE_ABSTRACT_REVIEW_REQUIRED,,,,,,,,
1572,TA-07,41340843,10.2196/73574,Assessing the Feasibility of Using Apple Vision Pro While Performing Medical Precision Tasks: Controlled User Study.,"The emergence of next-generation video-see-through head-mounted displays, such as the Apple Vision Pro (AVP), has generated considerable interest in the medical field. While preliminary studies highlight AVP's potential, no controlled study has rigorously assessed its usability for precision-based medical tasks requiring fine motor control and real-world perception. This study aims to evaluate the feasibility of using AVP while performing real-world medical precision tasks. To assess AVP's feasibility, we conducted a controlled user study with 20 health care professionals, who performed 3 different suturing techniques across 3 intervention conditions. Participants completed the same tasks using AVP, the Microsoft HoloLens 2 (MHL2), and a baseline (without a head-mounted display). A within-subject design was used, ensuring that each participant experienced all intervention groups. We used a mixed methods research approach, incorporating both quantitative metrics, including task completion time, suturing performance, system usability score, cognitive load, virtual reality sickness, and presence score, as well as qualitative insights gathered through interviews. Participants took significantly longer to complete the entire task using AVP (570.0, SD 192.0 s) compared with MHL2 (456.0, SD 120.0 s; P<.001) and baseline (472.0, SD 143.0 s; P<.001). The analysis on participants' average suture performance revealed no significant differences across interventions (P=.76). The total raw NASA Task Load Index score among participants was significantly higher for AVP (43.9, SD 15.9) compared with MHL2 (21.5, SD 13.8; P<.001) and baseline (19.1, SD 15.1; P<.001). The analysis of the presence questionnaire demonstrated a significantly higher presence score for MHL2 (115.0, SD 11.4) compared with AVP (93.7, SD 12.7; P<.001). The overall virtual reality sickness questionnaire score was significantly higher for AVP (66.9, SD 19.8) compared with MHL2 (41.1, SD 9.32; P<.001). Moreover, the calculated system usability score for MHL2 (72.7, SD 8.54) was significantly higher compared with AVP (50.3, SD 14.4; P<.001). In conclusion, AVP has potential for non-time-sensitive medical applications or those that emphasize digital elements over real-world interaction. Its current usability limitations, particularly increased cognitive load and prolonged task execution times, suggest that further optimizations are necessary before widespread clinical adoption is feasible.",Hamraz Javaheri; Vitor Fortes Rey; Paul Lukowicz; Gregor A Stavrou; Jakob Karolus; Omid Ghamarnejad,JMIR XR and spatial computing,2025,Journal Article,eng,retrieved,UNCERTAIN_REQUIRES_SCREENING,TITLE_ABSTRACT_REVIEW_REQUIRED,,,,,,,,
1573,TA-07,41340842,10.2196/57361,A Local Training Program to Increase Awareness of Emerging Extended Reality Technologies Among Health Care Professionals: Development Study.,"Demands on health care services can greatly outweigh capacity. Multifactorial causative factors present great challenges, forcing the National Health Service (NHS) to increase efficiency and adaptivity. Concurrently, digital advancements are excelling and long-term plans for NHS sustainability are focusing on the use of technological interventions to benefit patients. As a result, integration of extended reality (XR) technology has become an important focus of health care research. However, models of how the digital literacy of health care workforces can be developed and how frontline staff can be actively involved in the design and development of creative digital interventions are lacking. Such programs are essential to allow the development and upscaling of digital innovation within the NHS for the benefit of the patients.Such a program has been developed in the Digital Futures research lab at Torbay and South Devon NHS Foundation Trust, representing one of the first immersive digital technologies research spaces embedded within the NHS. A ""Digital Deep Dive"" training program has been developed, allowing local health care workers to recognize the possibilities of digital health care technologies and supporting them in the evolution of ideas for potential bespoke digital solutions appropriate to their own patient groups and care pathways. This paper aims to explain the development of this unique XR Deep Dive program and present the evaluation that informed future directions for its ongoing development. The Deep Dive sessions were designed according to relevant pedagogic principles, including experiential, active, and contextual learning theories. Voluntary pilot sessions were held for local clinical teams comprised of junior doctors, consultants, nurses, and allied health professionals. Self-selection sampling was used. Participants completed an anonymous postsession feedback form, which was used to conduct a service evaluation. Data were analyzed using descriptive statistics (quantitative) and thematic analysis (qualitative). In total, 21 completed questionnaires were analyzed. Overall, the sessions were positively received: all participants reported increased awareness of the potential for digital health care innovation postsession and most found it useful and relevant to their clinical careers. Participants valued the sessions being grounded in a context relevant to local practice with opportunities to interact with the technology through the lens of use cases. We have developed a unique training initiative providing contextually relevant XR technology awareness training for health care professionals locally. Despite the growing pace of digital health care innovation, we recognized a knowledge gap in our local workforce regarding the potential of XR technologies within health care. We responded by developing a training program grounded in the concept of digital co-creation-working with staff and service users to develop bespoke solutions integrated within patient pathways. The results from this paper will help to inform future directions for developing digital awareness training in our trust and have implications for wider NHS digital literacy training.",Charlotte Galvin; Jonathan Watt; Payal Ghatnekar; Nicholas Peres; Jacqueline Rees-Lee,JMIR XR and spatial computing,2025,Journal Article,eng,retrieved,UNCERTAIN_REQUIRES_SCREENING,TITLE_ABSTRACT_REVIEW_REQUIRED,,,,,,,,
1574,TA-07,41340840,10.2196/68810,Role of Augmented Reality in Tertiary Care: Qualitative Investigation Using Thematic Analysis.,"While augmented reality (AR) as a concept is not new, it is still an emerging technology with a wide range of applications that it could provide value for. In the medical field, AR is becoming ever more prevalent, but while it has been applied to various medical tasks, it is far from commonplace. Radiological imaging has been suggested as one of these applications, and the radiology workflow capacity crisis the United Kingdom's National Health Service is experiencing is a potential opportunity for technology to alleviate pressure. Understanding clinical stakeholders and current systems is important for identifying design opportunities for developing AR to enhance interactions and gain more from radiological images. This study had 3 key aims. First, to build an understanding of the field in the context of AR; second, to understand the stakeholders and workflows surrounding radiological images; and finally, to suggest how AR could integrate within these workflows and current practices in order to provide value. We conducted 14 interviews with hospital-based consultants in a range of specialties and then completed a thematic analysis on the transcripts in order to find trends that suggest what value AR could add to radiological imaging, where that value could be added, and who would benefit. We implemented reflexive thematic analysis to develop themes from across the interviews, which were then built on to suggest design implications. We find that the need for efficiency in image evaluation is present across many roles, regardless of the clinical question, but consultants can be resistant to new technology. Additionally, we find that the current capability of AR technology could be of greater benefit to radiologists as opposed to surgeons or other practitioners. We discuss these findings for the development of AR applications and present 3 design implications that stand as our core contribution. We conclude with 3 design implications for the application of AR within radiological imaging based on the results of our thematic analysis and frame them within the Human-Computer Interaction and medical fields. The first design implication highlights efficiency and how AR has the potential to allow for quicker comprehension and measurements. Second, we suggest that the capability of AR tools should complement existing techniques and not simply replicate current ability in 3 dimensions. Finally, the integration of AR tools with existing workflows is crucial in the uptake of the technology in order not to negatively disrupt practice.",Jacob Hobbs; Christopher Bull; Caroline Claisse; Mat Elameer; Richard Davison,JMIR XR and spatial computing,2025,Journal Article,eng,retrieved,UNCERTAIN_REQUIRES_SCREENING,TITLE_ABSTRACT_REVIEW_REQUIRED,,,,,,,,
1575,TA-07,41340837,10.2196/82858,Integrating Extended Reality Into Primary Care Chronic Pain Programs: A Real-World Feasibility Study of the REDOCVR Intervention.,"Chronic pain management in public health services often struggles with limited engagement, emotional burden, and medication use. XR shows promise in specialized settings, but evidence for codesign and integration into primary care remains limited. This study aimed to examine the feasibility, usability, and real-world implementation of REDOCVR, an XR-supported psychoeducational program, and to explore preliminary clinical outcomes during its integration into chronic pain groups in public primary care centers. This was a nonrandomized, hybrid type 2 phased implementation study conducted in 3 primary care centers in Catalonia, Spain. The intervention built on existing multidisciplinary psychoeducational chronic pain groups led by psychologists and physiotherapists. In collaboration with patients, XR modules were codesigned and incorporated to enhance mindfulness, cognitive reframing, and motor activation activities already established in routine care. Eight weekly sessions included 15-20 minutes of this content, with a supervised medication tapering protocol included in later groups. Primary outcomes were implementation measures (adherence, tolerability, System Usability Scale, and satisfaction). Secondary outcomes included patient-reported clinical measures (Warwick-Edinburgh Mental Well-being Scale [WEMWBS], Hospital Anxiety and Depression Scale [HADS], Central Sensitization Inventory, and EQ-5D-5L) and medication changes, assessed at baseline, post-intervention, and 5-month follow-up. In total, 42 participants were enrolled, and 36 (85.7%) completed the intervention and all assessments. Adherence was high, and no serious adverse events occurred, with minimal cybersickness reported (5.6%). Patient usability was strong (mean 81.4, 95% CI 75.6-87.1), and overall satisfaction was high (mean 82.4, 95% CI 78.5-86.4). Professional usability was moderate (mean 59.1, 95% CI 51.6-66.5). Statistically significant improvements were observed in emotional well-being (Warwick-Edinburgh Mental Well-being Scale mean change 4.8, 95% CI 2.9-6.7; Cohen d=0.86), anxiety (HADS-A -2.5, 95% CI -3.8 to -1.2; Cohen d=0.66), and depression (HADS-D -1.6, 95% CI -2.5 to -0.7; Cohen d=0.62) (all P<.001). Mobility improved significantly (median change -1.0, 95% CI -1.0 to 0.0, P=.09), while Pain/Discomfort showed a nonsignificant trend (P=.08). Among tapering participants (n=22), mean use of benzodiazepines decreased by 71.7% and opioids by 41.8% at 5 months. This study suggests that an XR-enhanced psychoeducational program can be incorporated into group-based chronic pain care within the public primary health care system. Exploratory improvements in emotional well-being, anxiety, depression, and reduced use of high-risk medications during supervised tapering indicate potential benefits, although causal inferences cannot be drawn given the feasibility design. These findings provide practical insights to inform refinement and progression to larger controlled studies evaluating scalability and long-term effects in routine primary care.",Jose Ferrer Costa; Alexandra Fernandez Brusco; Christian Torrecillas Camacho; Elena Villabona Lopez; Melanie Rodriguez Belloso; Laura Villares Urgell; Pablo Serrano Barrena; Nuria Moran Bueno,JMIR XR and spatial computing,2025,Journal Article,eng,retrieved,UNCERTAIN_REQUIRES_SCREENING,TITLE_ABSTRACT_REVIEW_REQUIRED,,,,,,,,
1576,TA-07,41338780,10.1016/j.jsr.2025.10.011,Risk awareness assessment of construction workers wearing AR head-mounted displays using EEG signals.,"Augmented reality (AR) head-mounted displays have gained attention in the construction industry for enhancing information visualization and operational efficiency. However, their impact on workers' risk awareness remains underexplored. This study proposes a novel EEG-based framework to evaluate the risk awareness of construction workers performing tasks in an AR-enhanced environment. Forty participants equipped with AR headsets and EEG devices completed a series of tasks-standing, walking, and measuring-on a simulated elevated steel frame. EEG signals were processed using wavelet transforms to extract real-time power in theta, alpha, beta, and gamma bands, from which engagement (ENI) and vigilance indices were derived. The result shows that cognitive engagement increases while vigilance decreases during high workload tasks such as measuring, indicating reduced risk awareness. Statistical analyses confirm that task type significantly affects both ENI and vigilance, while repeated exposure improves overall vigilance but has limited effect on high-load tasks. These findings provide a neurocognitive perspective on how AR affects worker safety and highlight the importance of task-specific design and training in AR-integrated construction work.",Hanwen Ju; Tanyel Bulbul; Xiaoying Yang; Jeremy Withers,Journal of safety research,2025,Journal Article,eng,retrieved,UNCERTAIN_REQUIRES_SCREENING,TITLE_ABSTRACT_REVIEW_REQUIRED,,,,,,,,
1577,TA-07,41337421,10.1109/EMBC58623.2025.11253120,Centimeter Differences in Wrist Electrode Placement Significantly Impact Myoelectric Performance.,"The long-term goal of this research is to establish electromyography (EMG) as an intuitive and dexterous control interface for human-computer interaction. EMG is an established technique for classifying hand gestures and motions, used often in prosthetics and orthotics. Recently, there has been a shift towards recording EMG at the wrist, instead of at the forearm, to yield a more socially acceptable form factor for consumer applications. EMG within the size of a watch or bracelet means fewer electrodes and more variable placement with respect to the underlying muscle anatomy. Here, we explore how differences in location along the wrist impact EMG quality and myoelectric control. We recorded EMG and compared myoelectric performance across three different regions of electrodes (distal, central, and proximal) using electrode arrays at both the wrist and the forearm. We found that a small 4.3 cm shift proximally on the wrist yields significant improvements in EMG information content and myoelectric performance. When trained on a k-Nearest Neighbors model, classification accuracy increased from 79.3% at the distal wrist region to 83.7% at the proximal wrist position. EMG from the proximal wrist region also had significantly more information content, as indicated by greater variance outside of the first principal component and by more frequently selected channels via a minimum-redundancy-maximum-relevance selection approach. These findings indicate that the spatial position of electrodes at the wrist has a noticeable impact on myoelectric control in a way not seen in traditional EMG recordings from the forearm. This can inform the design of future wrist-worn EMG devices, which in turn may lead to more robust control for partial hand prostheses, hand orthoses, and augmented/virtual reality.Clinical Relevance- A subtle change in the position of electromyographic electrodes on the wrist can yield significant improvements in the control of technology, like prostheses, exoskeletons, and virtual/augmented reality.",Connor D Olsen; Samuel R Lewis; Joshua D Gubler; Mason K Coleman; Tyler S Davis; Jacob A George,Annual International Conference of the IEEE Engineering in Medicine and Biology Society. IEEE Engineering in Medicine and Biology Society. Annual International Conference,2025,Journal Article,eng,retrieved,UNCERTAIN_REQUIRES_SCREENING,TITLE_ABSTRACT_REVIEW_REQUIRED,,,,,,,,
1578,TA-07,41337369,10.1109/EMBC58623.2025.11252729,Neural network-based pose estimation and real-time tracking of ultrasound probes.,"Object tracking is a crucial component in the medical field, with great potential to enhance clinical workflows, particularly when integrated with augmented reality technologies. Accurate and reliable tracking systems can improve precision, usability, and operator feedback, facilitating innovative applications such as telemedicine, medical training, and robot-assisted procedures. This study evaluates the performance of FoundationPose, a neural network designed for six-degree-of-freedom pose estimation and real-time object tracking, in the context of ultrasound probe tracking. The RGB and depth images necessary for the network's operation were acquired using an Intel RealSense D435 3D camera. The feasibility and accuracy of FoundationPose were evaluated by analysing its ability to estimate both the translational and rotational components of the probe's pose. Experimental results demonstrated the network's ability to achieve mean errors of less than 6mm in distance estimation and under 1° in rotation tracking, with low sensitivity to the initialisation point. These findings confirm the potential of FoundationPose for real-time ultrasound probe tracking in controlled conditions. Future developments could focus on integrating this system with augmented reality platforms to provide real-time visual guidance and enhance clinical applications.Clinical relevance-This system enables precise real-time ultrasound probe tracking, enhancing procedural accuracy and supporting advanced clinical applications like augmented reality guidance and robotic-assisted interventions.",Cosimo Aliani; Alberto Morelli; Leonardo Bocchi,Annual International Conference of the IEEE Engineering in Medicine and Biology Society. IEEE Engineering in Medicine and Biology Society. Annual International Conference,2025,Journal Article,eng,retrieved,UNCERTAIN_REQUIRES_SCREENING,TITLE_ABSTRACT_REVIEW_REQUIRED,,,,,,,,
1579,TA-07,41337163,10.1109/EMBC58623.2025.11253874,"Towards 6G-Connected Healthcare: Perspectives, Risks and Real-World Applications for Smart Hospitals.","The healthcare sector is undergoing a paradigm shift driven by demographic changes, rising costs, and a shortage of specialized staff. To tackle this, the next generation of wireless technologies, particularly Sixth Generation (6G), is offering transformative potential enabling seamless connectivity, Extended Reality (XR) telemedicine, and AI-assisted automation in medical environments from 2030 and beyond. As one of the first works of its kind, this paper draws a realistic vision of how 6G can empower the evolution of ""smart hospitals"", fostering efficiency, reliability, and accessibility in healthcare services. Therefore, 6G's technological fundamentals, multi-layer architecture, and expected features are described from the medical point of view. Also, an exemplary hospital treatment process illustrates how these advancements can be matched to current clinical demands, including i) location-based services, ii) intra-operative telemedicine, and iii) smart patient monitoring by Wireless Body Area Networks (WBANs). This way, a foundation is laid for the subsequent definition of specific requirements for the development of 6G. Despite its ambitions, the adoption of 6G in healthcare raises critical concerns regarding economic efficiency, security, data privacy, regulatory compliance, and liability, which are being addressed by this work. By highlighting technical features, opportunities, and risks, this work offers a comprehensive overview targeted at medical professionals and clinical decision-makers. 6G holds the potential for necessary improvements regarding patient care, making high-quality healthcare more accessible, efficient, and adaptive to global needs, if done right.",Clemens Mollenhoff; Bharat Agarwal; Jan Herbst; Matthias Rub; Thomas Petzold; Tobias Pabst; Ralf Irmer; Christoph Lipps; Hans D Schotten; Thomas Neumuth; Max Rockstroh,Annual International Conference of the IEEE Engineering in Medicine and Biology Society. IEEE Engineering in Medicine and Biology Society. Annual International Conference,2025,Journal Article,eng,retrieved,UNCERTAIN_REQUIRES_SCREENING,TITLE_ABSTRACT_REVIEW_REQUIRED,,,,,,,,
1580,TA-07,41337078,10.1109/EMBC58623.2025.11254596,Human Body Communication between Pocketed and On-body Devices.,"The Internet of Bodies (IoB) interconnects devices in, on, and around the human body, enabling applications such as health monitoring, augmented reality, etc. Over the past few decades, human body communication (HBC), leveraging the human body as a conductive medium for data transmission, has emerged as an energy-efficient alternative to radio-frequency (RF) communication traditionally used in IoB systems, with improved physical security, and has attracted significant scholarly attention. The variability of the human body channel has been widely studied through simulations and measurements with devices placed in direct contact with the human body. However, the communication between on-body devices and a mobile device in the pocket, such as a smartphone, also represents a critical aspect of HBC systems. This paper, for the first time, explores the channel profile of HBC between an on-body device and a pocketed device at different postures, and device positions and orientations. Simulations and measurements with miniaturized wearable devices in both electro quasi-static (EQS) and body resonance (BR) regions are conducted. The results indicate that the pocketed transmitter (Tx) leads to ~15 dB larger channel gain reduction in EQS region than BR region. Moreover, pocketed Tx facing upward or downward leads to about 20 dB and 8 dB more channel gain degradation in EQS and BR regions, respectively, when the Tx and Rx are placed on different sides. These findings illustrate the HBC channel profiles of interaction between pocketed devices and on-body nodes, providing insights for developing HBC systems with pocketed devices.",Qi Huang; Shreyas Sen,Annual International Conference of the IEEE Engineering in Medicine and Biology Society. IEEE Engineering in Medicine and Biology Society. Annual International Conference,2025,Journal Article,eng,retrieved,UNCERTAIN_REQUIRES_SCREENING,TITLE_ABSTRACT_REVIEW_REQUIRED,,,,,,,,
1581,TA-07,41336767,10.1109/EMBC58623.2025.11254391,A Closed-loop Platform for the Embodiment of Supernumerary Robotic Limbs During Augmented Tasks.,"Despite the growing interest and the advances in human movement augmentation, i.e., the use of supernumerary robotic limbs (SRLs) to enhance human abilities beyond natural skills, little has been investigated concerning their embodiment. However, embodiment, defined as the sense of ownership and agency over SRLs, is particularly interesting because it has the potential to significantly improve their control performance and modify how the user perceives the human-machine ensemble.In this study, we capitalized on the ability of the closed sensorimotor loop to promote the inclusion of the SRL into the representation of the user's body (i.e., leading to SRL embodiment). We developed and tested a closed-loop platform that allows participants to control a supernumerary robotic arm and simultaneously receive supplementary feedback through vibrotactile stimulation while performing a trimanual task in augmented reality. After interacting with the SRL within the closed-loop platform for approximately 40 minutes, we implicitly evaluated the SRL embodiment by estimating the peripersonal space via a multisensory reaction time task. Preliminary results obtained by five healthy participants suggest that the platform can successfully induce the embodiment of the SRL as testified by the extension of participants' peripersonal space.",Michela Iandoli; Davide Deiana; Mattia Pinardi; Alessia Noccaro; Domenico Formica; Giovanni Di Pino,Annual International Conference of the IEEE Engineering in Medicine and Biology Society. IEEE Engineering in Medicine and Biology Society. Annual International Conference,2025,Journal Article,eng,retrieved,UNCERTAIN_REQUIRES_SCREENING,TITLE_ABSTRACT_REVIEW_REQUIRED,,,,,,,,
1582,TA-07,41336366,10.1109/EMBC58623.2025.11253031,Augmenting Body Weight Support Rehabilitation with Mixed Reality to Enhance Lower Limb Functional Recovery Post-Stroke.,"Traditional stroke rehabilitation can be repetitive and disengaging, leading to reduced patient adherence and slower recovery. Technology such as Mixed Reality (MR) offers a novel approach to rehabilitation by transforming repetitive exercises into immersive interactive experiences. This study investigates the use of MR to enhance lower limb rehabilitation in subacute stroke patients by integrating immersive exercises with a dynamic body weight support system (the Vector Gait and Safety System). Our system features interactive tasks, including stepping exercises, obstacle avoidance, hand-eye coordination drills, and balance challenges, designed to improve mobility, coordination, and engagement.Healthcare professionals, including doctors and physical therapists, participated in hands-on trials and provided structured feedback. The results indicate that the system is intuitive and engaging, and offers functional benefits over conventional methods. These findings establish a foundation for future clinical trials to assess the long-term impact of MR-based rehabilitation.Clinical relevance- MR shows the potential to enhance adherence to therapy and outcomes, making it a viable complement to traditional rehabilitation approaches. This work showcases MR's potential to advance clinical rehabilitation and research in medicine and biology.",Jeremy Varghese; Aishwari Talhan; Amy Teale; Thenkurussi Kesavadas,Annual International Conference of the IEEE Engineering in Medicine and Biology Society. IEEE Engineering in Medicine and Biology Society. Annual International Conference,2025,Journal Article,eng,retrieved,UNCERTAIN_REQUIRES_SCREENING,TITLE_ABSTRACT_REVIEW_REQUIRED,,,,,,,,
1583,TA-07,41336276,10.1109/EMBC58623.2025.11253309,"Effect of Wrist Posture on the Intensity, Size, and Location of Hand Sensations Evoked by Transcutaneous Nerve Stimulation at the Wrist.","The long-term goal of this research is to restore sensorimotor function to individuals with upper-limb loss. Partial hand amputation accounts for 92% of all upper-limb amputations and results in up to a 90% loss of total upper extremity ability. Prostheses used by these individuals are often abandoned due to a lack of sensory feedback, which is key to dexterous hand movement while using a prosthesis. Transcutaneous electrical nerve stimulation (TENS) at the wrist is a promising modality of sensory feedback for individuals with partial hand amputations, as it can evoke sensations on the missing digits through a socially acceptable form factor like a watch or bracelet. However, the wrist may also present challenges for TENS because the underlying nerves change position relative to the electrodes on the surface of the skin during wrist motions. Here, we show that wrist posture significantly alters the percept intensity, size, and location. This was true for wrist flexion/extension, rotation and deviation, as well as for percepts on the thumb, middle, and pinky fingers. Future work should determine if the observed changes in percept intensity, size, and location have a clinically meaningful impact on sensory function. More complex stimulation parameters and/or real-time adjustments in response to wrist motion could enable more consistent haptic feedback if necessary. Ultimately, robust wrist-worn haptic feedback could have broad implications for prosthetics, orthotics, and virtual and augmented reality.Clinical Relevance- Artificial sensations evoked by transcutaneous nerve stimulation at the wrist change with wrist motion, which may necessitate more robust or adaptable stimulation parameters.",Kaysen K Hansen; Troy N Tully; Abigail R Citterman; Abigail T Harrison; Marshall A Trout; Caleb J Thomson; Marta M Iversen; Jacob A George,Annual International Conference of the IEEE Engineering in Medicine and Biology Society. IEEE Engineering in Medicine and Biology Society. Annual International Conference,2025,Journal Article,eng,retrieved,UNCERTAIN_REQUIRES_SCREENING,TITLE_ABSTRACT_REVIEW_REQUIRED,,,,,,,,
1584,TA-07,41336265,10.1109/EMBC58623.2025.11253320,Computer Vision and Augmented Reality Guided Shoulder Rehabilitation.,"Range of motion (ROM) measurements are essential for evaluating and diagnosing musculoskeletal disorder (MSDs) in the shoulder, such as rotator cuff tendinitis, impingement, rotator cuff tears, and tendinopathy. This study proposes a computer vision (CV)-based system for shoulder rehabilitation ROM measurement as a cost-effective, noninvasive, and accessible alternative to traditional goniometric methods. The system uses the MediapPipe Pose model to predict shoulder joint angles for remote rehabilitation assessment. The predicted joint angles were in agreement (LoA within ± 2.5° and RMSE < 1) with standard ROM measurement systems. Real-Time visual feedback with dynamically drawn trajectories on the screen around the subject are color-coded as red, orange, and green to indicate achieved ROM angles of <80°, between 80° and 100°, and >100°, respectively. These feedback mechanisms enhance patient engagement by motivating them to improve their rehabilitation outcomes. Thus, a novel system has been designed exclusively for shoulder rehabilitation by quantifying their performance using ROM metrics. The results have been compared against commercially available motion tracking sensors towards validating its real-time clinical applicability.Clinical Relevance- The CV-based joint movement analysis has significant implications, particularly for MSD care and rehabilitation, by providing real-time feedback to physiotherapists and patients.",S Pravin Kumar; Kavitha A; S Saranya; Deepa Sri R,Annual International Conference of the IEEE Engineering in Medicine and Biology Society. IEEE Engineering in Medicine and Biology Society. Annual International Conference,2025,Journal Article,eng,retrieved,UNCERTAIN_REQUIRES_SCREENING,TITLE_ABSTRACT_REVIEW_REQUIRED,,,,,,,,
1585,TA-07,41336115,10.1109/EMBC58623.2025.11253039,Precision Needle Localization Using Electromagnetic Tracking and AR Visualization in Ventricular Interventions.,"This study introduces an augmented reality (AR) system using electromagnetic (EM) stylet tracking to enhance surgical precision and patient safety for external ventricular drainage (EVD). By integrating a tablet PC, 3D camera, and EM tracking system, this study developed a real-time navigation method for catheter insertion. The system employs deep learning facial landmark detection and coordinate registration techniques to align CT, 3D camera, and EM tracking systems. A phantom model experiment was conducted with 20 trials: 20 drainage procedures and 20 accuracy measurements. All 20 drainage attempts were successful. And the Euclidean distance error for the 20 trials of measurement was 1.68 ± 0.66 mm. The research suggests significant potential for further development of AR technologies in neurosurgical interventions, highlighting the importance of continuous technological innovation in medical precision procedures.",S Choi; K Koo; T H Rho; C U Park,Annual International Conference of the IEEE Engineering in Medicine and Biology Society. IEEE Engineering in Medicine and Biology Society. Annual International Conference,2025,Journal Article,eng,retrieved,UNCERTAIN_REQUIRES_SCREENING,TITLE_ABSTRACT_REVIEW_REQUIRED,,,,,,,,
1586,TA-07,41335977,10.1109/EMBC58623.2025.11253256,Advancing Telerehabilitation with AI: Predicting Balance Scores from Early Sessions.,"Telerehabilitation systems have transformed the management of balance and gait impairments, particularly in older adults with chronic low back pain. This study integrates multimodal balance exercises, cognitive retraining, and augmented reality within the HOLOBALANCE system. Using data from an eight-week rehabilitation program, predictive models based on machine learning (XGBoost and AdaBoost) were developed to estimate final balance outcomes using as few as 3 to 6 sessions. The results indicate that XGBoost performs optimally for shorter prediction horizons (i.e., 3-4 sessions) with RMSE values of 0.292 and 0.351, and R2 values of 0.014 and 0.216, respectively, whereas AdaBoost achieves superior accuracy at longer horizons (i.e., 6 sessions) with RMSE of 0.21 and a lower MAPE of 13.5%. Key predictive features, including training progression, physical performance, and pain levels, were consistently validated across models. This predictive capability allows clinicians to tailor interventions early, optimizing therapy outcomes and resource allocation. These findings highlight the potential of predictive modeling to enhance rehabilitation strategies by enabling early intervention and personalized adjustments tailored to individual patient needs. The use of AI algorithms bridges the gap between advanced technological interventions and traditional rehabilitation, providing a powerful tool for improving clinical decision-making and its outcomes in postural control rehabilitation.",Dimitrios G Boucharas; Marina Georgoula; Efterpi Karapintzou; Athanasios A Pardalis; Konstantinos Maglaras; Vassilis Tsakanikas; Andreia Pimenta; Carlos Agostinho; Ricardo Jardim-Goncalves; Christos Nikitas; Eleftheria Iliadou; Dimitris Kikidis; Dimitios I Fotiadis,Annual International Conference of the IEEE Engineering in Medicine and Biology Society. IEEE Engineering in Medicine and Biology Society. Annual International Conference,2025,Journal Article,eng,retrieved,UNCERTAIN_REQUIRES_SCREENING,TITLE_ABSTRACT_REVIEW_REQUIRED,,,,,,,,
1587,TA-07,41335230,10.1007/s11517-025-03487-8,Laparoscopic augmented reality navigation system based on deep learning and SLAM.,"The application of video see-through augmented reality (VST-AR) navigation in laparoscopic surgery helps visualize key anatomical structures that are hidden, which can enhance the surgeon’s intraoperative perception and improve the safety of the surgery. In this paper, a VST-AR navigation system oriented towards laparoscopic surgery is proposed. This system only relies on preoperative medical imaging slices, without the need for additional equipment. Novel and robust solutions are proposed for two main sub-problems: non-invasive registration and registration updating. Firstly, a vision Transformer-based depth estimation network is fine-tuned for 3D reconstruction of the intraoperative scene, which enhances its robustness to texture-less and variable soft tissues. Then, virtual markers are constructed to establish a spatial relationship between the virtual and real organs, achieving non-invasive registration. To solve the registration updating, based on the depth information obtained from network inference, RGBD SLAM (simultaneous localization and mapping) technology is introduced into the pose tracking of the stereoscopic laparoscope, realizing the synchronous updating of real and virtual laparoscopic viewpoints. The performance of the proposed navigation system on a phantom gallbladder is quantitatively evaluated by surgeons to determine its accuracy and potential for clinical application. The experimental results demonstrated reliable performance in depth estimation (average error 19.575 pixels), dynamic registration accuracy (2.23 ± 0.25 mm), and tracking precision (2.3 mm translation, [Formula: see text] rotation), indicating that the proposed navigation system can effectively guide the identification of key anatomical structures and improve the accuracy and success rate of laparoscopic surgeries.",Bo Guan; Jianchang Zhao; Bo Yi; Lizhi Pan; Jianmin Li,Medical & biological engineering & computing,2026,Journal Article,eng,retrieved,UNCERTAIN_REQUIRES_SCREENING,TITLE_ABSTRACT_REVIEW_REQUIRED,,,,,,,,
1588,TA-07,41333278,10.3389/frobt.2025.1702360,Benchmarking complete-to-partial point cloud registration techniques for laparoscopic surgery.,"Registering a preoperative 3D model of an organ with its actual anatomy viewed from an intraoperative video is a fundamental challenge in computer-assisted surgery, especially for surgical augmented reality. To address this, we present a benchmark of state-of-the-art deep learning point-cloud registration methods, offering a transparent evaluation of their generalizability to surgical scenarios and establishing a robust guideline for developing advanced non-rigid algorithms. We systematically evaluate traditional and deep learning GMM-based, correspondence-based, correspondence-free, matching-based, and liver-specific point cloud registration approaches on two surgical datasets: a deformed IRCAD liver set and DePoll dataset. We also propose our complete-to-partial point cloud registration framework that leverages keypoint extraction, overlap estimation, and a Transformer-based architecture, culminating in competitive registration results. Experimental evaluations on deformed IRCAD tests reveal that most deep learning methods achieve good registration performances with TRE<10 mm, MAE(R) < 4 and MAE(t)<5 mm. On DePoll, however, performance drops dramatically due to the large deformations. In conclusion, deep-learning rigid registration methods remain reliable under small deformations and varying partiality but lose accuracy when faced with severe non-rigid changes. To overcome this, future work should focus on building non-rigid registration architectures that preserve the strengths of self-, cross-attention and overlap modules while enhancing correspondence estimation to handle large deformations in laparoscopic surgery.",Alberto Neri; Veronica Penza; Nazim Haouchine; Leonardo S Mattos,Frontiers in robotics and AI,2025,Journal Article,eng,retrieved,UNCERTAIN_REQUIRES_SCREENING,TITLE_ABSTRACT_REVIEW_REQUIRED,,,,,,,,
1589,TA-07,41329373,10.1007/s00270-025-04249-7,Dual-camera Augmented Reality-Based Navigation System for Precision CT-guided Biopsy and Ablation.,"To develop and characterize a CT-mounted dual-camera navigation system for augmented reality (AR) in CT-guided needle procedures. Two orthogonal cameras were mounted on the CT gantry. The position of an anthropomorphic liver phantom relative to the gantry was registered to the cameras. Phantom targets and anatomy were preprocedurally segmented and overlaid on a monitor. A needle was angled and manipulated to the targets with feedback based upon the axial and sagittal camera perspectives. In one iteration, an automatic needle segmentation with vector extension helped define virtual needle trajectories. Four interventional radiologists each performed 18 needle placements in three cohorts (n = 6 each): 1. Dual-camera-based navigation (""Cam-Nav""). 2. Dual-camera-based navigation plus automatic needle trajectory definition (""Path-Nav""), and 3. CT-guided ""freehand"". Needle placement accuracy (closest distance from needle to target center), angle error and placement time (from planning to final needle position) were measured. Median needle placement accuracy using Cam-Nav, Path-Nav, and freehand was 5.3 mm (interquartile range 3.8-8.3), 5.1 mm (2.3-6.1), and 16.7 mm (7.7-26.6). Angle errors were 3.3 degrees (2.3-4.5), 2.6 degrees (2.3-3.8), and 9.7 degrees (6.1-15.3). Path-Nav demonstrated no difference in accuracy and angle error compared to Cam-Nav (p = 0.35, p = 0.43) but median errors were improved. Both camera techniques demonstrated better accuracy and angle errors (all p < 0.001) and showed shorter placement times (32 s [21-45], 36 s [26-60], p = 0.29) compared to freehand (86 s [65-114], both p < 0.001). CT-mounted dual-camera navigation showed improved needle placement accuracy over freehand and may present a reliable, cost-effective, and rapid navigation option for percutaneous needle placements. No level of evidence, experimental study.",Tabea Borde; Sheng Xu; Laetitia Saccenti; Michael T Kassin; Nicole A Varble; Bradford J Wood,Cardiovascular and interventional radiology,2026,Journal Article,eng,retrieved,UNCERTAIN_REQUIRES_SCREENING,TITLE_ABSTRACT_REVIEW_REQUIRED,,,,,,,,
1590,TA-07,41327451,10.1186/s13102-025-01439-1,Virtual reality as an assessment tool in neurorehabilitation: a scoping review of current evidence and future directions.,"BACKGROUND: Virtual reality (VR) technologies are increasingly applied in neurorehabilitation, but most research has focused on their therapeutic applications rather than assessment potential. OBJECTIVE: The aim of this scoping review was to map the evidence on VR-based assessment tools in neurorehabilitation, including types of tools, targeted neurological conditions, technological specifications, and research gaps. METHODS: A scoping review was conducted and reported in accordance with PRISMA-ScR. The protocol was prospectively registered in PROSPERO (CRD420251113260). Searches of PubMed, Scopus, Web of Science, The Cochrane Central Register of Controlled Trials (CENTRAL), IEEE Xplore, and grey literature were performed from inception to July 2025. Eligible studies involved VR for assessment purposes in neurological populations and reported validity, reliability, usability, or assessment performance. Data were charted and synthesised thematically. RESULTS: Sixteen studies met the inclusion criteria. Most adapted established assessments such as the Box and Block Test, Action Research Arm Test, or Virtual Peg Insertion Test into VR formats. Populations included stroke, multiple sclerosis, Parkinson’s disease, cerebral palsy, spinal cord injury, and movement disorders. VR systems ranged from custom-built motion-tracking platforms to commercial head-mounted displays with controllers or optical hand-tracking. Convergent validity ranged from moderate to excellent (r = 0.65–0.99), with optical tracking and mixed reality systems (r > 0.90) generally outperforming controller-based approaches (r ≈ 0.65). Usability was often rated highly but varied across conditions and modalities, with some studies reporting higher usability ratings for physical tasks compared to VR. Key gaps included limited normative datasets, heterogeneous hardware/software, and minimal longitudinal evaluations. CONCLUSIONS: VR-based assessments in neurorehabilitation remain a developing field. Preliminary evidence suggests good validity, usability, and feasibility, with potential to provide richer performance data that augment conventional assessment. However, large-scale, standardised, and condition-specific studies are required before widespread clinical implementation.",Mohammed M Alrashidi; Ahmed S Alanazi; Shahad Alkhannani; Amirah Alharbi; Shahad Almuayrifi; Ayman A Alhammad; Saad A Alhammad; Abdulrhman S Mashabi,"BMC sports science, medicine & rehabilitation",2025,Journal Article,eng,retrieved,UNCERTAIN_REQUIRES_SCREENING,TITLE_ABSTRACT_REVIEW_REQUIRED,,,,,,,,
1591,TA-07,41326541,10.1038/s41598-025-29734-4,Holographic effect through full parallax multi-viewpoint augmented reality with extended depth of field.,"Augmented reality near eye display (AR NED) is highly promising for applications that integrate real-world environments with virtual imagery. However, their commercialization is currently limited by the vergence and accommodation conflict (VAC), which arises from the mismatch between binocular vergence depth and monocular focal depth. In this study, we show a holographic-like AR optical system that generates full parallax multi-viewpoint (FPMVP) with an extended depth of field, achieving sharp virtual images at the observer’s gaze depth and optical blur at other depths, without mechanical actuation or modification of optical components. This holographic-like visual effect effectively reduces VAC by providing monocular depth cues. Simultaneously, the extended depth of field of the FPMVP optical system enables resolution that satisfies the Rayleigh criterion over a broad range. The simple optical structure and excellent scalability of this technology demonstrate significant potential for future commercialization in the AR NED market.",Jinho Yoon; Ki-Hyuk Yoon; Wonshik Choi; Sung Kyu Kim,Scientific reports,2025,Journal Article,eng,retrieved,UNCERTAIN_REQUIRES_SCREENING,TITLE_ABSTRACT_REVIEW_REQUIRED,,,,,,,,
1592,TA-07,41325038,10.1097/DSS.0000000000004939,Putting it all Together: Assessing the Whole Face in the Context of the Whole Patient.,"Facial rejuvenation is most effective when guided by a holistic, patient-centered assessment that integrates anatomical, psychological, and cultural dimensions. Emerging digital tools and structured frameworks now enable clinicians to translate this multidimensional understanding into individualized treatment plans. To consolidate clinical insights from the preceding articles and present a practical framework for whole-face assessment, emphasizing diversity-aware consultation, structured evaluation, and digital innovation in aesthetic dermatology. A multidisciplinary panel of experts in dermatology, oculoplastic, and plastic surgery reviewed regional aging patterns, cross-ethnic variations, and communication models to develop a unified approach to consultation and treatment planning. A patient-centric consultation is recommended, supported by validated tools that structure assessment and improve communication; the authors reviewed the Galderma Facial Assessment Scale (FASTM) for this purpose. The FASTM and its companion augmented-reality application (FACE by GaldermaTM) support structured, inclusive, and patient-engaged consultations. This approach improves visualization of outcomes, enhances communication, and promotes balanced treatment planning across diverse populations. Integration of injectable regimens-combining hyaluronic acid (HA) fillers, neuromodulators, and biostimulators-further refines pan-facial rejuvenation outcomes. Whole-face assessment requires merging science, art, and empathy. Diversity-informed clinical frameworks, supported by digital visualization technologies, enable equitable, patient-specific aesthetic care that aligns clinical precision with authentic, individualized beauty goals.",Kavita Mariwalla; Sabrina Fabi; Daniel Belkin; José R Montes; Rebecca Fitzgerald; Amelia Hausauer; Wendy Lee; Charles Boyd; Shilpi Khetarpal; Breanna Pasko Jernigan,Dermatologic surgery : official publication for American Society for Dermatologic Surgery [et al.],2025,Consensus Statement; Journal Article; Practice Guideline,eng,retrieved,UNCERTAIN_REQUIRES_SCREENING,TITLE_ABSTRACT_REVIEW_REQUIRED,,,,,,,,
1593,TA-07,41322318,10.4103/JCDE.JCDE_717_25,Evaluation of fracture resistance in a single rooted mandibular first premolar following access opening with AReneto® system: A finite element study.,"Preservation of pericervical dentin (PCD) during access cavity preparation plays a critical role in maintaining the fracture resistance of endodontically treated teeth. Traditional access techniques, when providing visibility and canal access, often compromise structural integrity. The integration of guided endodontic systems offers a promising minimally invasive alternative. This study aimed to evaluate the fracture resistance of mandibular first premolar following conventional access cavity preparation and augmented reality (AR)-assisted minimally invasive access cavity preparation using the AReneto® system, through finite element analysis (FEA). Three freshly extracted, intact mandibular premolars were chosen for the study. Sample 1 was kept as the control. Sample 2 was prepared using the conventional access cavity technique, while Sample 3 was prepared with AReneto® system. Pre- and postoperative cone-beam computed tomography scans were converted into three-dimensional finite element models using CS3D® software. To simulate functional occlusal forces, three loading conditions were applied, each directed along the long axis of the tooth. These models were then subjected to FEA in ANSYS® software to evaluate stress distribution and displacement. FEA revealed the highest displacement and stress concentration in Sample 2. Sample 3 demonstrated lower displacement and Sample 1 showed the least displacement. AR-assisted access preparation using the AReneto® system offers a conservative, accurate, and clinically feasible approach that preserves PCD and enhances the fracture resistance of endodontically treated teeth. The integration of AR in endodontics represents a significant advancement toward minimally invasive endodontics.",Pucha Sai Manaswini; Varun Prabhuji; C Champa; Ashwija Shetty; S Veena Pai,Journal of conservative dentistry and endodontics,2025,Journal Article,eng,retrieved,UNCERTAIN_REQUIRES_SCREENING,TITLE_ABSTRACT_REVIEW_REQUIRED,,,,,,,,
1594,TA-07,41321764,10.1016/j.bas.2025.105854,Handling Editor: Prof F KandzioraNew frontiers in craniovertebral junction surgery: How innovations are changing the game.,"The craniovertebral junction (CVJ) is an anatomically complex and surgically challenging region, where critical neurovascular structures converge. Traditional surgical approaches to this area have involved high risks of morbidity due to the intricate anatomy and limited surgical corridors. Recent advancements in minimally invasive techniques, imaging, robotic assistance, and artificial intelligence are revolutionizing CVJ surgery. This article reviews current innovations shaping the future of CVJ surgery, emphasizing improved safety, precision, and patient outcomes.",Rossella Rispoli; Massimiliano Visocchi; Francesco Signorelli; Barbara Cappelletto,Brain & spine,2025,Journal Article,eng,retrieved,UNCERTAIN_REQUIRES_SCREENING,TITLE_ABSTRACT_REVIEW_REQUIRED,,,,,,,,
1595,TA-07,41316175,10.1186/s12913-025-13568-x,Developing novel smoking cessation resources for Aboriginal people who smoke tobacco and their healthcare providers: a mixed methods study.,"INTRODUCTION: Many health professionals (HPs) are reluctant to offer smoking cessation advice to Aboriginal Australians who smoke; suggesting a need for better education to improve HP skills and knowledge to increase confidence. Previous studies exploring culturally relevant smoking cessation training for HPs have been effective among HPs working with Aboriginal Australians. Thus, identifying mechanisms to increase accessibility of these programs is an important public health issue. Augmented reality (AR) has the potential to enhance digital health interventions, and is effective and acceptable across a range of fields. Under the guidance of an Aboriginal advisory group, two sets of resources were developed; i) patient education and cessation resources for use by Aboriginal people who smoke, and ii) HP resources providing brief education to support Aboriginal patients who smoke. The aim of this study was to explore the acceptability of, and iteratively co-design these resources with HPs through qualitative interviews and questionnaires. METHODS: HPs were recruited from two South Australian public hospitals between August 2020 and June 2021. One-on-one interviews were conducted with n=18 HPs, with transcripts coded using the Theoretical Framework of Acceptability (TFA). RESULTS: Participants found that the AR-embedded patient resources provided engaging and relatable quit smoking support. The HP resources based on brief counselling techniques were considered a helpful reminder to prompt a smoking cessation conversation with Aboriginal patients. CONCLUSION: These resources were considered acceptable by HPs who treat Aboriginal Australians who smoke, and may serve as a useful adjunct to HP training sessions.",Kelsey Sharrad; Sasha Stewart; Nick Marlow; Alyson J Crozier; Ian Gwilt; Adrian Esterman; Gillian Gould; Antony Veale; Alwin Chong; Haydyn Bromley; Kristin Carson-Chahhoud,BMC health services research,2025,Journal Article,eng,retrieved,UNCERTAIN_REQUIRES_SCREENING,TITLE_ABSTRACT_REVIEW_REQUIRED,,,,,,,,
1596,TA-07,41313812,10.1088/1361-6498/ae258b,Preparedness and ethical challenges of Czech Fire Rescue Service in radiological response operations.,"The Fire Rescue Service of the Czech Republic is a key component of the integrated rescue system, ensuring the protection of the population, the environment, and property from the effects of fires, chemical accidents, and radiation incidents. Given the changing security situation in Europe and growing technological demands, it is necessary to analyse the preparedness and activities of members of the Fire Rescue Service of the Czech Republic in the area of chemical services and radiation protection. The aim of the study was to evaluate the current state of professional training, equipment, and ethical aspects of interventions, and to propose measures to increase the effectiveness of the system. Methodologically, the work is based on qualitative research of professional literature and evaluation using SWOT analysis, which identifies the strengths and weaknesses of the system, opportunities, and threats. The results show that the Fire Rescue Service of the Czech Republic has a robust training system and technical facilities, but faces challenges in the areas of integrating new technologies, the mental resilience of responders, and ethical decision-making. The study recommends expanding training to include augmented reality simulations, supporting research into environmentally friendly shielding materials, and introducing ethical protocols for interventions in contaminated environments.",Štěpán Kavan; Eva Stýblová; Radka Rypl Dušková; Jiří Dušek; Renata Havránková,Journal of radiological protection : official journal of the Society for Radiological Protection,2025,Journal Article,eng,retrieved,UNCERTAIN_REQUIRES_SCREENING,TITLE_ABSTRACT_REVIEW_REQUIRED,,,,,,,,
1597,TA-07,41313705,10.1109/TVCG.2025.3634631,Running with Data: A Survey of the Current Research and a Design Exploration of Future Immersive Visualisations.,"This work investigates the current research on in-situ visualisations for running: visualisations about data that are referred to during the running activity. We analyse 47 papers from 33 Human-Computer Interaction and Visualisation venues and identify six dimensions of a design space of in-situ running visualisations. Our analysis of this design space highlights an emerging trend: a shift from on-body, peripersonal visualisations (i.e., in the space within direct reach, such as visualisations on a smartwatch or a mobile phone display) towards extrapersonal displays (i.e., in the space beyond immediate reach, such as visualisations in immersive augmented reality displays) that integrate data in the runner's surrounding environment. We explore this opportunity by conducting a series of workshops with 10 active runners in total, eliciting design concepts for running visualisations and interactions beyond conventional 2D displays. We find that runners show a strong interest for visualisation designs that favour more context-aware, interactive, and unobtrusive experiences that seamlessly integrate with their run. These findings inform a set of design considerations for future immersive running visualisations and highlight directions for further research.",Ang Li; Charles Perin; Gianluca Demartini; Stephen Viller; Jarrod Knibbe; Maxime Cordeil,IEEE transactions on visualization and computer graphics,2026,Journal Article,eng,retrieved,UNCERTAIN_REQUIRES_SCREENING,TITLE_ABSTRACT_REVIEW_REQUIRED,,,,,,,,
1598,TA-07,41313139,10.1002/ca.70054,Seamless Learning Journey: Exploring Digital Anatomical Experiences in Enriched Medical Education With Metaverse-Supported Virtual Cadaver.,"The difficulties experienced in accessing cadavers worldwide are increasing the demand for technology-supported solutions. Virtual cadavers can ensure continuity of education by providing students with the opportunity to explore and examine realistic anatomical structures in detail without any geographical or physical restrictions. In this context, the development of alternative methods such as augmented reality (AR) or virtual reality (VR) tools is of great importance for students to continue their education. In the current study, the effectiveness of a medical education model enriched through metaverse-supported virtual cadavers was examined in order to contribute to the seamless learning experience of students. Consistent with the aim of the study, the effects of this model on students' academic achievement, attitudes towards the course, and academic motivation were evaluated. The study adopted a mixed methodology incorporating qualitative and quantitative techniques. An achievement test, anatomy attitude scale, and academic motivation scale were employed as data collection instrument in the study. In addition, interviews were conducted with the students in the experimental group to examine their experiences with virtual cadavers in the metaverse environment in depth. This study was conducted with the participation of 110 first-year medical students studying at a state university in Türkiye. Within the scope of the study, the students were divided into two groups as experimental and control groups. Although the control group followed the traditional anatomy curriculum, the experimental group performed some activities on virtual cadaver models in the metaverse environment in addition to the curriculum. The research results revealed that the academic achievement, motivation and attitude levels of the students in the experimental group increased more than those in the control group. The students emphasized that metaverse-supported virtual cadaver activities have the potential to increase students' course success, attitudes towards the course and motivation. The findings show that more comprehensive and in-depth research is needed on the potential effects of metaverse-supported virtual cadaver applications in education. This is an important step to increase the efficiency of metaverse applications in education.",Tarık Talan; Yusuf Kalınkara; Rabia Taşdemir,"Clinical anatomy (New York, N.Y.)",2026,Journal Article,eng,retrieved,UNCERTAIN_REQUIRES_SCREENING,TITLE_ABSTRACT_REVIEW_REQUIRED,,,,,,,,
1599,TA-07,41310779,10.1186/s13063-025-09276-w,"Walking adaptability training for individuals after stroke (ATTAINS): study protocol for a randomized, waiting-list controlled trial.","People with stroke (PwS) in the chronic phase often experience difficulties adapting their gait to meet environmental demands. This so-called walking adaptability is important for safe and independent walking in everyday life. Walking adaptability can be trained on a treadmill with augmented reality (C-mill), but conclusive evidence of its effectiveness in PwS is yet lacking. The primary aim of this study is, therefore, to evaluate the efficacy of C-mill-based task-specific training on walking adaptability in a randomized controlled trial. As a secondary aim, we will conduct a responder analysis to explore potential determinants of treatment effects. This is a single-center, randomized, waiting-list controlled trial. We aim to enroll 84 people in the chronic phase (> 6 months) after a first, unilateral supratentorial stroke, who are able to walk independently for 10 min. Following baseline assessment, participants will be randomly assigned to either the experimental group or the waiting-list control group. The experimental group will receive ten 1-h training sessions on the C-mill targeting walking adaptability in a 5-week period. Participants assigned to the waiting-list controlled group will continue their usual care for 5 weeks; thereafter they will receive the same walking adaptability training as the experimental group. To determine the effects of the training, assessments of walking adaptability, as well as other balance and gait-related tasks, will be conducted at baseline (T0) and following the 5-week intervention/waiting period (T1). To allow responder analysis across both groups, the waiting-list control group will have an additional assessment (T2) following their training period. The two primary outcomes are the time needed to complete the obstacle subtask of the Emory functional ambulation profile (EFAP-obstacle) and the error-corrected time score on the walking adaptability ladder test (WALT). To correct for the two primary outcomes significant effects are assumed for p < 0.025. Secondary outcomes include lab-based tests to assess target stepping and gait stability and commonly used clinical tests to assess balance and walking capacity. Furthermore, home-based walking activity and falls are monitored. The results of this study are expected to inform tailored provision of walking adaptability training in PwS in the chronic phase. ClinicalTrials.gov NCT05827380 (URL: https://clinicaltrials.gov/study/NCT05827380 ). Final protocol submitted on 18-7-2022, registered on 25-04-2023.",Marijne Nieuwelink; Katrijn Smulders; Jip Kamphuis; Jorik Nonnekes; Noël Keijsers; Vivian Weerdesteyn,Trials,2025,Journal Article; Clinical Trial Protocol,eng,retrieved,UNCERTAIN_REQUIRES_SCREENING,TITLE_ABSTRACT_REVIEW_REQUIRED,,,,,,,,
1600,TA-07,41305142,10.3390/s25226934,Advancing Medical Training with Mixed Reality and Haptic Feedback Simulator for Acupuncture Needling.,"Traditional acupuncture training often lacks consistent, objective feedback, while current extended reality (XR) solutions rarely include quantitative assessment. This study developed and evaluated a feedback-enabled mixed reality (MR) acupuncture simulator to improve skill acquisition through depth-responsive guidance. The system, used on Microsoft HoloLens 2, combines a MetaHuman-based virtual patient with expert-designed acupoint geometries. It provides depth-dependent vibrotactile cues via a wearable haptic device and calculates a composite score from normalized metrics, including insertion depth, angular deviation, tip-to-center distance, and task duration. Ten participants (eight novices and two experts) performed needle tasks at LI4, LI11, and TE3 across two sessions. Mean depth error decreased from 6.41 mm to 3.58 mm, and task time from 9.29 s to 6.83 s. At LI11, beginners improved in achieved depth (16.24 ± 1.88 mm to 19.74 ± 1.23 mm), reduced angular deviation (27.83° to 15.34°), and shortened completion time (38.77 s to 13.28 s). Experts outperformed novices (69.25 ± 21.64 vs. 56.26 ± 23.37), confirming construct validity. Usability evaluation showed a mean overall score of 4.46 ± 0.51 and excellent reliability (McDonald's ω = 0.93). These results demonstrate that expert-informed scoring and depth-responsive haptic feedback substantially enhance accuracy, efficiency, and learning confidence, validating the system's technical robustness and educational readiness for clinical acupuncture training.",Kasunika Guruge; H M K K M B Herath; Nuwan Madusanka; Hi-Joon Park; Chang-Su Na; Myunggi Yi; Byeong-Il Lee,"Sensors (Basel, Switzerland)",2025,Journal Article,eng,retrieved,UNCERTAIN_REQUIRES_SCREENING,TITLE_ABSTRACT_REVIEW_REQUIRED,,,,,,,,
1601,TA-07,41305044,10.3390/s25226836,Enhancing Musical Learning Through Mixed Reality: A Case Study Using PocketDrum and Meta Quest 3 for Drum Practice.,"This work presents a mixed reality application for drum learning that combines the PocketDrum virtual drumming device with the Meta Quest 3 headset, integrating hand tracking to provide an immersive, responsive experience without the need for a physical drum set. The system features a modular architecture for real-time strike detection, visual guidance synchronized with music, spatial calibration, and audio rendering. The system additionally makes use of the headset's color Passthrough during the calibration stage to align the virtual drum kit with the player's position. To evaluate the system's performance, a technical analysis was conducted to measure latency, jitter, and sampling rate across the technologies involved. Additionally, a functional validation experiment assessed how spatial hand tracking from Meta Quest 3 improved PocketDrum's classification accuracy. Results showed that the fused system corrected 19.1% of drum assignment errors made by the inertial-only setup, enhancing consistency in complex rhythmic patterns. These findings demonstrate the effectiveness of sensor fusion for immersive percussion training and support its potential use in accessible, feedback-rich musical learning environments.",Mariano Banquiero; Gracia Valdeolivas; M-Carmen Juan,"Sensors (Basel, Switzerland)",2025,Journal Article,eng,retrieved,UNCERTAIN_REQUIRES_SCREENING,TITLE_ABSTRACT_REVIEW_REQUIRED,,,,,,,,
1602,TA-07,41303032,10.3390/jcm14227998,It's More than Just a Game: Exploring the Benefits of Mixed Reality on Cognition in a Stroke Case Series.,"Background: The chronic manifestations of stroke are commonly multisystemic, affecting motor function, perception, cognition, and more. Conventional interventions have limitations when it comes to cost and their mundane nature, which are often perceived as boring. A high prevalence of risk factors has resulted in the adult population experiencing a stroke, many of whom require medical intervention, whose limitations strain both the patient and the healthcare system. Recently, extended reality (XR) has demonstrated promise as a rehabilitative aid for cognition, proprioception, and motor function following stroke without conventional therapy constraints. Methods: This case series explores the relationship between mixed reality (MR; one modality of XR) and cognitive performance in three post-stroke patients. Three post-stroke participants completed 12, one-hour MR training sessions over 4 weeks. Cognitive performance was assessed and changes were compared across three timepoints: baseline, immediately following the intervention, and following a 90-day washout period. Results: Participants demonstrated improvement in memory, executive function, and processing speed. Additionally, two out of the three participants demonstrated trends for improvement in attention and working memory. Conclusions: While these promising results tentatively suggest that 12 h of mixed reality training may yield cognitive improvement in post-stroke patients, a larger sample size is needed before drawing definitive conclusions.",E Eduardo Medina; Madison A N Webster; Justin Huber; Amanda C Glueck,Journal of clinical medicine,2025,Case Reports; Journal Article,eng,retrieved,UNCERTAIN_REQUIRES_SCREENING,TITLE_ABSTRACT_REVIEW_REQUIRED,,,,,,,,
1603,TA-07,41302752,10.3390/mi16111234,Compact Design of a 50° Field of View Collimating Lens for Lightguide-Based Augmented Reality Glasses.,"Designing a compact collimating lens system for augmented reality (AR) applications presents significant optical challenges. This paper presents a compact, 50-degree field-of-view collimating lens system explicitly designed for lightguide-based AR glasses. The compact collimating lens is designed for a 0.32-inch microdisplay and consists of four plastic aspherical lenses. The optical design results in a collimating lens with a F-number of 2.17 and an entrance pupil diameter of 4 mm. Optical distortion is less than 0.29%, and the modulation transfer function (MTF) is greater than 0.23 at 250 cycles/mm. The overall lens diameter, including the lens barrel, measures 10.16 mm, while the lens length is 11.48 mm. The lens volume is 0.93 cm3, and its mass is 1.08 g. Compared to existing collimator designs, this approach significantly improves the trade-off between field of view, optical quality, and device miniaturization. The proposed design supports integration with 0.32-inch microdisplays, making it a practical and manufacturable solution for next-generation AR eyewear. This paper presents innovative contributions to the optical design of AR glasses, demonstrating considerable potential in reducing size and weight, and optimizing optical performance.",Wen-Shing Sun; Yi-Lun Su; Ying-Shun Hsu; Chuen-Lin Tien; Nai-Jen Cheng; Ching-Cherng Sun,Micromachines,2025,Journal Article,eng,retrieved,UNCERTAIN_REQUIRES_SCREENING,TITLE_ABSTRACT_REVIEW_REQUIRED,,,,,,,,
1604,TA-07,41301328,10.3390/bs15111526,How Body Esteem Influences Virtual Model Selection and Intention to Use Virtual Fitting Rooms.,"Virtual fitting rooms have come a long way, incorporating augmented reality, artificial intelligence, and body scanning technologies to enhance the shopping experience. While the extant literature has provided systematic examinations of consumers' experience for virtual fitting rooms, factors that affect consumers' virtual model selection and intention to use virtual fitting rooms remain understudied. This study aims to explore how consumers' body esteem influences virtual model selection, trust in virtual models, and intention to use virtual fitting rooms. The results of an empirical study in China showed that consumers with high (vs. low) body esteem were more willing to select virtual models with body sizes that were congruent with (vs. larger than) their own, and they were more likely to trust virtual models and use virtual fitting rooms. The preference for thin models and the need for uniqueness produced a moderating effect. These results provide valuable insights into consumers' intention to use virtual fitting rooms in e-commerce.",Ruijuan Wu; Huizhen Jin,"Behavioral sciences (Basel, Switzerland)",2025,Journal Article,eng,retrieved,UNCERTAIN_REQUIRES_SCREENING,TITLE_ABSTRACT_REVIEW_REQUIRED,,,,,,,,
1605,TA-07,41301218,10.3390/bioengineering12111262,"Augmented Reality Navigation for Extreme Lateral Interbody Fusion with Posterior Instrumentation: Feasibility, Outcomes, and Surgical Technique.","Background: Extreme lateral interbody fusion (XLIF) is a minimally invasive spine procedure that traditionally relies on fluoroscopy and neuromonitoring for safe disc space access and instrumentation. Augmented reality (AR) navigation offers real-time anatomical visualization and may reduce fluoroscopy use. This is the first description of applying augmented reality to lateral spine surgery. Methods: We conducted a case series of five patients who underwent AR-guided LLIF between May 2024 and July 2025. Surgery was performed in either lateral decubitus or prone transpsoas (PTP) orientation. AR navigation was performed using the Augmedics xvision Spine System, with intraoperative CT-based registration and optical tool tracking. Clinical and operative data, including operative time, estimated blood loss (EBL), length of stay (LOS), radiation exposure, instrumentation accuracy, and postoperative outcomes, were collected and analyzed. Results: Five patients (4 female, 1 male; age > 65; BMI range 20.7-37.2) underwent AR-guided XLIF across 8 levels (L2-L5). The mean operative time was 5 h 1 min (range: 2 h 8 min-6 h 45 min), and mean EBL was 94 mL. Mean LOS was 5.85 days (range: 2-10). Mean radiation exposure was 21.73 mGy, significantly lower than published averages for fluoroscopy-guided XLIF (108.6 mGy). At follow-up, all patients reported pain reduction, with 4/5 achieving complete symptom resolution. Instrumentation accuracy was confirmed radiographically in all cases. Conclusions: This clinical series demonstrates the first clinical application of AR to lateral lumbar interbody fusion. AR navigation was feasible, safe, and effective, providing accurate disc space access and instrumentation with markedly reduced radiation exposure. These findings support AR as a promising adjunct to improve safety, efficiency, and workflow in lateral spine surgery.",Gabriel Urreola; Matileen G Cranick; Jose A Castillo; Hania Shahzad; Allan R Martin; Kee Kim; Safdar Khan; Richard L Price,"Bioengineering (Basel, Switzerland)",2025,Journal Article,eng,retrieved,UNCERTAIN_REQUIRES_SCREENING,TITLE_ABSTRACT_REVIEW_REQUIRED,,,,,,,,
1606,TA-07,41300108,10.3390/foods14223950,"High-Quality, High-Impact Augmented Virtuality System for the Evaluation of the Influence of Context on Consumer Perception and Hedonics: A Case Study in a Sports Bar Environment.","The adoption of immersive technologies is increasing in sensory, consumer, and marketing research, yet existing extended reality (XR) systems face limitations in realism, ease of product interaction, presence, data collection, and scalability. This study presents Sense-AV, an augmented virtuality (AV) system designed for large-scale sensory and consumer tests with enhanced immersion and realism. 102 participants evaluated two foods and one beverage across two sessions: a conventional sensory booth and the Sense-AV system, which simulated a sports bar environment. Real-time data collection was supported through API-linked mobile questionnaires, audio prompts via the head-mounted display (HMD), and open comments recorded by voice. Sense-AV was rated highly for usability, efficiency, satisfaction, presence, and sensory awareness. Older participants reported greater ease in handling products, while some difficulties with mobile input were noted but had minimal impact on the overall user experience (UX). Interviews emphasized immersion, intuitive use, and minor technical adjustments. No significant differences in overall product liking were found between methods, except for the mayonnaise, which scored higher in the immersive setting. Although food intake was lower in Sense-AV, oral feedback was more detailed and expressive. The system demonstrates innovation by improving realism and external validity in large-scale sensory evaluations.",João Pedro Marques; José Carlos Ribeiro; Rui Costa Lima; Luís Baião; Bruna Barbosa; Célia Rocha; Luís Miguel Cunha,"Foods (Basel, Switzerland)",2025,Journal Article,eng,retrieved,UNCERTAIN_REQUIRES_SCREENING,TITLE_ABSTRACT_REVIEW_REQUIRED,,,,,,,,
1607,TA-07,41298777,10.1038/s41598-025-29553-7,IM-MetaLAB: the first digital laboratory for teaching the fundamental concepts of instrumentation and measurement in metaverse.,"This paper presents the Instrumentation and Measurements Metaverse Laboratory (IM-MetaLAB), an immersive virtual laboratory developed within the metaverse to support hands-on training in instrumentation and measurement. Unlike previous Augmented Reality (AR)/Virtual Reality (VR)-based solutions or simulated environments, IM-MetaLAB integrates real laboratory instruments through digital twins that communicate in real time with their physical counterparts using Standard Commands for Programmable Instruments (SCPI) commands over Message Queuing Telemetry Transport (MQTT). The platform supports synchronous and asynchronous learning modes, promotes collaborative activities among students, and replicates real-world laboratory procedures in a safe and accessible 3D environment. A representative case study, focused on root means square (RMS) voltage measurement, demonstrates the system's capabilities in executing full experimental workflows. Comparative analysis with traditional, online, and remote lab-based teaching methods was conducted using key performance indicators such as student engagement, completion rate, and examination scores. The results indicate that IM-MetaLAB significantly improves learning outcomes and practical proficiency. Ongoing work addresses scalability and cost-reduction through the implementation of a custom hardware interface.",Francesco Bonavolontà; Antonio Monaco; Enzo Caputo; Annalisa Liccardo,Scientific reports,2025,Journal Article,eng,retrieved,UNCERTAIN_REQUIRES_SCREENING,TITLE_ABSTRACT_REVIEW_REQUIRED,,,,,,,,
1608,TA-07,41295105,10.3390/jimaging11110388,Evaluating Feature-Based Homography Pipelines for Dual-Camera Registration in Acupoint Annotation.,"Reliable acupoint localization is essential for developing artificial intelligence (AI) and extended reality (XR) tools in traditional Korean medicine; however, conventional annotation of 2D images often suffers from inter- and intra-annotator variability. This study presents a low-cost dual-camera imaging system that fuses infrared (IR) and RGB views on a Raspberry Pi 5 platform, incorporating an IR ink pen in conjunction with a 780 nm emitter array to standardize point visibility. Among the tested marking materials, the IR ink showed the highest contrast and visibility under IR illumination, making it the most suitable for acupoint detection. Five feature detectors (SIFT, ORB, KAZE, AKAZE, and BRISK) were evaluated with two matchers (FLANN and BF) to construct representative homography pipelines. Comparative evaluations across multiple camera-to-surface distances revealed that KAZE + FLANN achieved the lowest mean 2D error (1.17 ± 0.70 px) and the lowest mean aspect-aware error (0.08 ± 0.05%) while remaining computationally feasible on the Raspberry Pi 5. In hand-image experiments across multiple postures, the dual-camera registration maintained a mean 2D error below ~3 px and a mean aspect-aware error below ~0.25%, confirming stable and reproducible performance. The proposed framework provides a practical foundation for generating high-quality acupoint datasets, supporting future AI-based localization, XR integration, and automated acupuncture-education systems.",Thathsara Nanayakkara; Hadi Sedigh Malekroodi; Jaeuk Sul; Chang-Su Na; Myunggi Yi; Byeong-Il Lee,Journal of imaging,2025,Journal Article,eng,retrieved,UNCERTAIN_REQUIRES_SCREENING,TITLE_ABSTRACT_REVIEW_REQUIRED,,,,,,,,
1609,TA-07,41292801,10.1101/2025.11.11.686354,Agentic Lab: An Agentic-physical AI system for cell and organoid experimentation and manufacturing.,"Reproducibility in biological research and manufacturing remains constrained by the complexity of multi-step protocols, fragmented data-analysis pipelines, and the intrinsic variability of experimental execution. Here, we present Agentic Lab, an agentic-physical AI platform that unifies large language model and vision language model (LLMs/VLMs)-driven reasoning with real-world laboratory operations. Agentic Lab uses multi-agent orchestration architecture, comprising of specialized subagents for knowledge retrieval, protocol design, multimodal data analysis, and training-free segmentation and representation learning for intrinsically explainable single-cell and organoid phenotyping. These agents operate under the orchestration of a virtual principal investigator MolAgent that is linked to an augmented reality (AR)-based physical AI interface, which can bridge digital reasoning with human physical execution. Agentic Lab perceives real-world experimental activities, provides context-aware instructions, identifying procedural errors in real time for humans to correct, and continuously evolves with its long-term memory database expanding through the accumulation of experimental data logs from human scientists. This interaction allows scientists and AI agents to collaborate and co-evolve dynamically, closing the loop between planning, action, and analysis in the traditional cell and organoid research lifecycle. We demonstrate Agentic Lab in organoid differentiation from human pluripotent stem cells, where it autonomously generates protocols, monitors culture procedures, and identifies subtle morphological heterogeneity linked to growth conditions. The system interprets these phenotypes, grounds them in literature, and proposes targeted instructions for improving differentiation efficiency. By combining multi-agent reasoning with physical laboratory awareness, Agentic Lab transforms experimentation and biomanufacturing from a static workflow into an adaptive, feedback-driven, bidirectional process that integrates agentic AI into the research lifecycle. This framework establishes a foundation for intelligent laboratories that integrate design, execution, and interpretation within a unified agentic-physical system.",Wenbo Wang; Simran Swain; Jaeyong Lee; Zuwan Lin; Bradley Canales; Almir Aljović; Yaxuan Liu; Qiang Li; Arnau Marin-Llobet; Mai Liu; Zihan Gao; Ren Liu; Juan R Alvarez-Dominguez; Jia Liu,bioRxiv : the preprint server for biology,2025,Journal Article; Preprint,eng,retrieved,UNCERTAIN_REQUIRES_SCREENING,TITLE_ABSTRACT_REVIEW_REQUIRED,,,,,,,,
1610,TA-07,41290389,10.1891/JCP-2025-0022,"Therapists' Perspectives on the Use, Barriers, and Facilitators of Digital Mental Health Interventions and Extended Reality into the Treatment of OCD.","Although exposure with response prevention (ERP) is the frontline treatment for obsessive-compulsive disorder (OCD), several challenges exist in its implementation. Emerging technologies, including mobile health (mHealth) apps and extended reality (XR), offer innovative solutions to overcome these challenges. In response, we surveyed OCD therapists to establish the utilization of emerging technologies in clinical practice and investigate accompanying barriers. A total of 223 therapists reported their use, interest, and perceived barriers regarding mHealth and XR tools in clinical practice. While 62.1% presently reported using mHealth apps-mostly mindfulness and mood tracking-fewer therapists used them for ERP-specific tasks. Despite high interest in XR by OCD therapists, only 9.1% had used XR in ERP. Barriers to technology utilization included lack of knowledge, limited training, and uncertainty about evidence to support use. Findings highlight a need for clinical resources, therapist training, and further research to determine how to optimize the implementation of ERP using novel technologies.",Lauren E Browning; Alexandria H Chang; Nathan M Boyle; Kesley A Ramsey; Joseph F McGuire,Journal of cognitive psychotherapy,2025,Journal Article,eng,retrieved,UNCERTAIN_REQUIRES_SCREENING,TITLE_ABSTRACT_REVIEW_REQUIRED,,,,,,,,
1611,TA-07,41290208,10.1111/ases.70189,"Clinical Practice and Survey of Three-Dimensional Images, Virtual Reality, Augmented Reality and Mixed Reality for Robotic-Assisted Surgery in Urology-""Anatomy on the Border"" Expert Consensus Meeting.","There have been no nationwide surveys on the effectiveness of 3D images, virtual reality (VR), augmented reality (AR), and mixed reality (MR) in robotic-assisted surgery for urology. This study aimed to conduct a nationwide survey of techniques for laparoscopic and robotic 3D images, VR, AR, and MR in urology, and to propose a consensus on their effectiveness. In July 2024, the Japan Society for Endoscopic Surgery conducted an anonymous online survey to evaluate the effectiveness of 3D images, VR, AR, and MR among 44 certified laparoscopic technicians and qualified proctors in robotic surgery. Thirty-two urologists surveyed reported using 3D imaging for preoperative evaluation (84%) and to understand anatomy (75%), with 97% reporting clinical benefits and 85% indicating that it improved the quality of surgery. This widespread usage and the reported benefits of 3D imaging in urology should reassure the audience about the effectiveness of this technology. VR/AR/MR were primarily used for simulation (19%) and navigation (16%). While 63% expressed interest in these technologies, 51% reported never having used them. Among the barriers to adoption, 25% cited high cost, 24% cited the effort required for data processing, and 14% cited the difficulty of use. 3D images and VR/AR/MR technologies were expected to play a pivotal role in urological robotic surgery. These technologies have the potential to enhance precision and improve outcomes significantly. This study provided a comprehensive overview of the current usage status and challenges associated with these techniques.",Satoshi Kobayashi; Daisuke Asano; Yujin Kudo; Shintaro Narita; Shuichi Morizane; Toshiya Abe; Kenoki Ohuchida; Tomonori Habuchi; Atsushi Takenaka; Go Wakabayashi; Tomoharu Yoshizumi; Keiichi Akahoshi; Norihiko Ikeda; Minoru Tanabe; Masafumi Nakamura; Yuko Kitagawa; Masatoshi Eto,Asian journal of endoscopic surgery,2025,Journal Article; Consensus Statement,eng,retrieved,UNCERTAIN_REQUIRES_SCREENING,TITLE_ABSTRACT_REVIEW_REQUIRED,,,,,,,,
1612,TA-07,41289318,10.1371/journal.pone.0333043,Measuring eye vergence angle in extended reality.,"Recently, extended reality (XR) displays, including augmented reality (AR) and virtual reality (VR), have integrated eye tracking capabilities, which could enable novel ways of interacting with XR content. In natural settings, eye vergence angle (EVA) changes constantly, based on the distance of fixated objects. Here, we measured EVA for eye fixations on real and virtual target objects in three different environments: real objects in the real world (real), virtual objects in the real world (AR), and virtual objects in a virtual world (VR). In a repeated measures design with 13 participants, EVA was measured while participants fixated on targets at varying distances. As expected, the results showed a significant main effect of target depth such that increasing EVA was associated with closer targets. However, there were consistent individual differences in baseline EVA. There was also a smaller but statistically significant main effect of environment (real, AR, VR) on EVA. Importantly, EVA was stable with respect to the starting depth of previously fixated targets and invariant to the direction (convergence vs. divergence) of vergence changes. In addition, EVA proved to be a more veridical depth estimate than verbal subjective depth judgments.",Mohammed Safayet Arefin; John Edward Swan Ii; Russell Cohen Hoffing; Steven M Thurman,PloS one,2025,Journal Article,eng,retrieved,UNCERTAIN_REQUIRES_SCREENING,TITLE_ABSTRACT_REVIEW_REQUIRED,,,,,,,,
1613,TA-07,41288461,10.1097/GME.0000000000002694,"Virtual patients, real learning: extended reality simulation for clinical menopause education.","To develop and evaluate the acceptability and effectiveness of an extended reality (XR) avatar-based menopause education simulation module for the clinical training of OB/GYN residents. This menopause education pilot recruited 57 OB/GYN residents from nine institutions via listservs and snowball sampling. Participants completed a menopause-focused XR avatar simulation module developed using Kern's curriculum design framework and guided by APGO/CREOG objectives and national guidelines. Learners completed an 11-item preintervention and postintervention assessment measuring usability and satisfaction (Kirkpatrick Level 1: reaction outcomes) and knowledge and self-reported confidence (Level 2: learning outcomes). Descriptive statistics summarized additional outcomes, and paired t tests were used to evaluate changes in knowledge. We also conducted a brief descriptive review of voluntary free-text comments. From preintervention to postintervention, mean knowledge scores improved from 79.8% to 82.8% ( P =0.028). Participants reported improved preparedness and confidence across multiple domains: 59% improvement in overall readiness to manage menopause, 50% in comfort managing hormone therapy, and 39% in managing nonhormone therapy. No learners reported feeling ""not at all prepared"" postintervention. Most rated the module as effective (63%) and more engaging than lectures (60%); 96% would recommend it. Narrative feedback endorsed the module as valuable while suggesting improvements in interactivity, content depth, and avatar responsiveness. The XR simulation module demonstrated acceptability and effectiveness in enhancing clinical menopause training. Results support its potential as a scalable educational tool to address gaps in clinical menopause education.",Jill Liss; Christine Conageski; Jody Steinauer; Clint Carlson; Arina Chesnokova,"Menopause (New York, N.Y.)",2026,Journal Article,eng,retrieved,UNCERTAIN_REQUIRES_SCREENING,TITLE_ABSTRACT_REVIEW_REQUIRED,,,,,,,,
1614,TA-07,41286294,10.1038/s41598-025-25661-6,Evaluating digital technologies for architectural heritage preservation using interval-valued q-rung orthopair fuzzy aggregation operators.,"Digital technologies have made their presence in the field of architectural heritage as an essential tool to save most historical structures from wearing out, environmental damage, and urban transformation. The objective of this research is to investigate the effects of digital information technology on the preservation of architectural heritage with a novel integration of interval valued q-rung orthopair fuzzy weighted average (IVq-ROFWA) and interval valued q-rung orthopair fuzzy weighted geometric (IVq-ROFWG) operators, an approach that has not, to the best of current knowledge, been previously applied in this domain. The application of these more advanced fuzzy aggregation methods provides the benefit of incorporating uncertainty and imprecision in expert judgments to account for the indeterminate, implicit relationships between various preservation criteria, including data accuracy, integration with restoration efforts, and long-term data accessibility. Given five alternatives considered in terms of five attributes, the IVq-ROFWA method rated augmented reality as the highest. In contrast, the IVq-ROFWG method rated heritage building information modeling as the highest. The present research highlights another aspect of high relevance to decision-makers, as it provides valuable recommendations on selecting the most effective digital tools to preserve their heritage. The novelty of the study lies in the introduction of new types of IVq-ROFWA and IVq-ROFWG operators in architectural heritage conservation, which provide more robust, precise, and reliable decisions based on uncertainty.",Li Wang,Scientific reports,2025,Journal Article,eng,retrieved,UNCERTAIN_REQUIRES_SCREENING,TITLE_ABSTRACT_REVIEW_REQUIRED,,,,,,,,
1615,TA-07,41286255,10.1038/s41598-025-26972-4,Deep learning-based approaches for human pose estimation in interdisciplinary physics applications.,"Human pose estimation has emerged as a critical problem in computer vision due to its extensive applications across interdisciplinary fields, including robotics, augmented reality, sports analysis, and biomechanics. Traditional methods, while effective in controlled environments, often fail to generalize to real-world scenarios due to challenges such as occlusions, scale variations, and temporal inconsistencies in video data. To address these limitations, we propose the Hierarchical Spatio-Temporal Pose Network (HSTPN), a deep learning-based framework that integrates multi-scale feature fusion with attention mechanisms to capture both global context and fine-grained details. The Adaptive Pose Refinement Strategy (APRS) enhances pose predictions by iteratively refining key point locations, leveraging spatial, temporal, and domain-specific constraints. Together, these innovations enable our approach to achieve superior accuracy and robustness across diverse datasets, including both constrained and unconstrained environments. Experimental results demonstrate that HSTPN and APRS outperform state-of-the-art methods in terms of prediction accuracy, temporal coherence, and computational efficiency, making them well-suited for real-time and interdisciplinary physics applications.",Li Zhiliang; Li Zhuo,Scientific reports,2025,Journal Article,eng,retrieved,UNCERTAIN_REQUIRES_SCREENING,TITLE_ABSTRACT_REVIEW_REQUIRED,,,,,,,,
1616,TA-07,41284394,10.1109/TVCG.2025.3634786,Investigating the Effects of Augmented Reality on Message Credibility When Visualizing Environmental Impacts.,"Augmented reality (AR) has increasingly been used to communicate environmental impacts, offering greater engagement than conventional displays. However, its effect on message credibility-how much people believe in the content of the communication-remains unclear. In a preregistered study, we compared the perceived credibility of environmental information presented via visualizations on an AR headset or a desktop display. We created display-specific visual encodings (3D concrete for AR, 2D bar charts for desktop) and added two control conditions to cross display and encoding. We found no difference in message credibility between AR and desktop, though concrete AR was rated most engaging. Supplementary material is available at https://osf.io/n4p5c/.",Aymeric Ferron; Ambre Assor; Pierre Dragicevic; Yvonne Jansen,IEEE transactions on visualization and computer graphics,2026,Journal Article,eng,retrieved,UNCERTAIN_REQUIRES_SCREENING,TITLE_ABSTRACT_REVIEW_REQUIRED,,,,,,,,
1617,TA-07,41282424,10.1049/htl2.70034,Augmented Reality With Dynamic Anatomy Modelling for Knee Arthroscopy.,"Research on augmented reality (AR) for knee arthroscopy has not adequately focused on knee flexion during surgery. To overcome major AR errors caused by knee movement, this study presents an association model between the finite-element models of the knee surface and bones to enable dynamic anatomy modelling. The association model allows the displacement of the knee surface elements and the reaction force of the bone elements to interact with each other. During knee flexion, the real-time shape of the knee is captured with a colour and depth camera, and the association model deforms accordingly from the extension to the flexion state. The proposed model was evaluated using computed tomography data from the knees of six participants. The results showed that the association model successfully compensates for the movement of the femur and tibia within an error margin of only 3.85 mm around the drilling area. The proposed model could therefore enable effective AR-based surgical navigation during knee surgeries.",Deokgi Jeung; Hyun-Joo Lee; Hee-June Kim; Hyunseok Choi; Jaesung Hong,Healthcare technology letters,2025,Journal Article,eng,retrieved,UNCERTAIN_REQUIRES_SCREENING,TITLE_ABSTRACT_REVIEW_REQUIRED,,,,,,,,
1618,TA-07,41276734,10.1007/s10143-025-03955-7,"Use of technologies in neurosurgery - a national survey of the section ""techniques and innovations"".","Advancements in neurosurgery have transformed the field, enabling safer, minimally invasive procedures supported by modern navigation, neuromonitoring, and intraoperative imaging techniques. The integration of robotics and navigation systems further enhances surgical precision, while advanced imaging modalities like intraoperative MRI and CT scans allow real-time visualization, facilitating more accurate tumor removal and hardware placement. Emerging technologies such as virtual reality and augmented reality are revolutionizing surgical planning, education, and patient-specific modeling. Despite these innovations, the application and education regarding these tools remain limited. This study aims to provide a comprehensive report on the availability of advanced techniques and facilities, as well as the quality of education imparted in Germany. To address this, a nationwide survey was conducted among 89 departments to evaluate the availability and utilization of modern neurosurgical technologies. The survey revealed that university hospitals tend to possess more advanced equipment, perform higher surgical volumes, and offer 24/7 services more frequently than other centers. Techniques such as intraoperative neuromonitoring, neuronavigation, and advanced imaging are widely available, particularly in academic centers; however, gaps exist in their consistent implementation across all hospitals. Residency programs increasingly incorporate training in these innovative techniques, with a strong correlation between university hospital status and educational opportunities. The survey highlights the need for broader dissemination of these technologies and standardized training to ensure all centers can provide high-quality, around-the-clock neurosurgical care. Overall, ongoing research, technological integration, and education are vital for advancing neurosurgical outcomes and expanding access to cutting-edge treatments across Germany.",Fatemeh Khafaji; Christoph Sippl; Julian Prell; Stefan Linsler,Neurosurgical review,2025,Journal Article,eng,retrieved,UNCERTAIN_REQUIRES_SCREENING,TITLE_ABSTRACT_REVIEW_REQUIRED,,,,,,,,
1619,TA-07,41276572,10.1038/s41598-025-27493-w,Student acceptance and evolving teacher roles in mixed reality dance education.,"With the ongoing digitalization of dance education, there remains a lack of instruments to evaluate students’ needs concerning the integration of Mixed Reality (MR). This study aimed to develop the MR Dance Attitude Scale (MR-DAS) based on Gardner’s Multiple Intelligence (MI) Theory as the conception framework and to investigate how MR acceptance may reshape future teaching roles. A mixed-methods approach was employed, comprising a validated questionnaire administered to 110 dance majors and semi-structured interviews (n = 7). Validity and reliability were assessed using SPSS 26.0. Quantitative results demonstrated strong suitability for factor analysis (KMO = 0.926, p < 0.001). Exploratory Factor Analysis extracted 27 items grouped into three dimensions: Learning Impact, MR Teaching Intention, and Equipment Requirements. Qualitative findings highlighted multiple barriers influencing technology acceptance. Findings indicated that students are highly receptive to MR due to its potential to enhance learning efficiency and interactivity; however, they also emphasized the irreplaceable role of human teachers in fostering creativity, interpreting culture, and ensuring safety. These insights support a collaborative model combining teachers and MR technologies. The validated instrument as a reliable assessment instrument, is capable of identifying the varied learning needs of students, and offers a practical resource for educators aiming to further investigate the application and advancement of MR technology in educational contexts. This contributes to the realization of sustainable and quality education aligned with Sustainable Development Goal 4.",Yang Meng; Ng Khar Thoe; Abd Razak Nurul Nadiah,Scientific reports,2025,Journal Article,eng,retrieved,UNCERTAIN_REQUIRES_SCREENING,TITLE_ABSTRACT_REVIEW_REQUIRED,,,,,,,,
1620,TA-07,41272011,10.1038/s41598-025-26283-8,Improved COOT optimization: An approach to multilevel thresholding in image segmentation.,"Image thresholding is one of the fastest and easiest approach for image segmentation and serves as a preprocessing step in computer vision and image processing applications, such as surveillance, image perception, scene understanding, artificial intelligence, augmented reality, biomedical imaging, remote sensing, image fusion, etc. Metaheuristic approaches have recently gained attention in the field of image segmentation. The standard COOT algorithm is a good alternative for solving complex optimization problems; however, it suffers from drawbacks, such as stagnation and insufficient balance between exploration and exploitation. This paper proposes the application of an improved COOT (ICOOT) optimization algorithm for multilevel image thresholding. In the proposed method, Lévy flights are incorporated to enhance the exploration capability of COOT, and quasi-opposition-based learning is introduced to improve the exploitation capacity and balance exploration and exploitation. To verify the efficiency of the ICOOT algorithm, it has been tested for solving complex optimization problems from the CEC'17 benchmark. The ICOOT algorithm is also employed to calculate the threshold values in image segmentation via Otsu's entropy as an objective function for practical purposes. In addition to testing its performance in image thresholding, the proposed ICOOT algorithm has also been tested on benchmark images and computed tomography (CT) images from COVID-19 patients. The presented approach is compared with various state-of-the-art algorithms, and the ICOOT results outperform them.",Simrandeep Singh; Harbinder Singh; Seyed Jaleleddin Mousavirad; Diego Oliva; Abdelazim G Hussien; Laith Abualigah,Scientific reports,2025,Journal Article,eng,retrieved,UNCERTAIN_REQUIRES_SCREENING,TITLE_ABSTRACT_REVIEW_REQUIRED,,,,,,,,
1621,TA-07,41272010,10.1038/s41598-025-25272-1,Research on the emerging technological intervention models in design education from a strategic perspective of global design education institutions.,"With the rapid advancement of emerging technologies, design education is undergoing a model transformation. This study employs a mixed-methods approach that combines semantic textual analysis with semi-structured interviews, which aims to examine the development strategies of 71 design education institutions worldwide to systematically analyze the pathways through which technologies such as Artificial Intelligence (AI), Virtual and Augmented Reality (VR/AR), Big Data, and Robotics are integrated into design education. Four major models of intervention are identified: lab-driven innovation, industry incubation, interdisciplinary fusion, and curriculum integration. The research reveals that emerging technologies primarily intervene in areas such as instructional support, pedagogy, and curriculum structure, while remaining underrepresented in strategic dimensions such as regional distribution of DEIs, degree types, and stakeholder types. It also highlights key challenges including resource disparity, lack of accreditation frameworks, overreliance on technology, and ethical risks. In response, it proposes strategic solutions such as regional resource sharing, modular accreditation systems, human-AI collaborative teaching, industry-driven curriculum optimization, and ethical governance of technology.",Fan Chen; Zhongjie Lin; Xiang Li,Scientific reports,2025,Journal Article,eng,retrieved,UNCERTAIN_REQUIRES_SCREENING,TITLE_ABSTRACT_REVIEW_REQUIRED,,,,,,,,
1622,TA-07,41271840,10.1038/s41598-025-25048-7,Intelligent feature fusion with dynamic graph convolutional recurrent network for robust object detection to assist individuals with disabilities in a smart Iot edge-cloud environment.,"Smart Internet of Things (IoT)-edge-cloud computing defines intelligent systems where IoT devices create data at the network's edge, which is then further processed and analyzed in local edge devices before transmission to the cloud for deeper insights and storage. Visual impairment, like blindness, has a deep effect on a person's psychological and cognitive functions. So, the use of assistive models can help mitigate the adverse effects and improve the quality of life for individuals who are blind. Much current research mainly concentrates on mobility, navigation, and object detection (OD) in smart devices and advanced technologies for visually challenged people. OD is a vital feature of computer vision that includes categorizing objects within an image, allowing applications like augmented reality, image retrieval, etc. Recently, deep learning (DL) models have emerged as an excellent technique for mining feature representation from data, primarily due to significant developments in OD. The DL model is well-trained with manifold images of objects that are highly applicable to visually impaired individuals. This paper presents an intelligent Feature Fusion with Dynamic Graph Convolutional Recurrent Network for Robust Object Detection (FFDGCRN-ROD) approach to assist individuals with disabilities. The paper aims to present an intelligent OD framework for individuals with disabilities utilizing a smart IoT edge cloud environment to enable monitoring and assistive decision-making. At first, the image pre-processing phase involves resizing, normalization, and image enhancement to eliminate the noise and enhance the image quality. For the OD process, the FFDGCRN-ROD approach employs the faster R-CNN to identify and locate specific targets within the images automatically. Furthermore, the fusion models, namely CapsNet, SqueezeNet, and Inceptionv3, are used for the feature extraction process. Finally, the FFDGCRN-ROD model implements the dynamic adaptive graph convolutional recurrent network (DA-GCRN) model to detect and classify objects for visually impaired people accurately. The experimental validation of the FFDGCRN-ROD methodology is performed under the Indoor OD dataset. The comparison analysis of the FFDGCRN-ROD methodology demonstrated a superior accuracy value of 99.65% over existing techniques.",Manal Abdullah Alohali; Fuhid Alanazi; Yaser Abdulaziz Alsahafi; Ishfaq Yaseen,Scientific reports,2025,Journal Article,eng,retrieved,UNCERTAIN_REQUIRES_SCREENING,TITLE_ABSTRACT_REVIEW_REQUIRED,,,,,,,,
1623,TA-07,41268813,10.1002/smll.202508908,Reverse Micelle Templated Construction of Strongly Confined Ultra-Small Perovskite Quantum Dots with Exceptionally Narrow Blue Emission.,"Strongly confined quantum dots (QDs) have the advantages of a narrow full width at half maximum (FWHM) and rapid radiative recombination, making them promising candidates for realizing high-end display devices with exceptional color purity. However, the synthesis of stable and ultra-small perovskite QDs (UsPQDs) with a uniform size remains a critical challenge because of the difficulty of controlling picosecond ionic metathesis reactions. In this study, a novel reverse micelle soft-template strategy is demonstrated for achieving the precise nanoconfinement of CsPbBr3 UsPQDs, yielding ultra-small monodisperse particles with an average diameter of 2 nm. The obtained CsPbBr3 UsPQDs exhibited deep-blue emission at 443 nm and a narrow FWHM of less than 10 nm, accompanied by a near-unity photoluminescence quantum yield. The scalability and universality of this reverse micelle soft-template methodology are demonstrated, realizing the controllable synthesis of MAPbBr3 and FAPbBr3 UsPQDs with narrow blue emissions. A liquid-state light-emitting diode fabricated using the UsPQDs exhibited deep blue emission (CIE: 0.157, 0.018). A patterned dot-matrix display of 50-µm pixels fabricated via aerosol jet printing and photolithography demonstrated the viability of achieving wide-gamut augmented reality/virtual reality microdisplays.",Yanliu Zhu; Zhanpeng Qin; Shirong Wang; Xianggao Li; Hongli Liu,"Small (Weinheim an der Bergstrasse, Germany)",2026,Journal Article,eng,retrieved,UNCERTAIN_REQUIRES_SCREENING,TITLE_ABSTRACT_REVIEW_REQUIRED,,,,,,,,
1624,TA-07,41267962,10.3389/fneur.2025.1635699,Comparison of augmented reality glasses for the assistive communication support of hearing loss.,"Augmented reality (AR) glasses can be utilized for various medical applications. Primarily, a visual overlay on the optic screen offers additional operational information. A transfer of acoustic information via speech-to-text transcript using AR glasses presents a new non-surgical option to support patients with different forms of hearing loss. This study aimed to evaluate different AR glasses for speech-to-text transcription. We compared four different AR glasses systems (Even Realities, G1; Meizu, MYVU IMIKI; XREAL, AIR, and Epson, Moverio 40) in terms of speech-to-text transcription, design, software, microphone and connection in this laboratory based study. Speech-capturing ability was tested using free-field numbers, monosyllables, and OLSA in quiet and in noise. The AR systems achieved Freiburger monosyllabic speech recognition rates between 20 and 45% at 65 dB. OLSA in quiet results vary between 77 and 100%, with increases of +1.7 dB and +3.5 dB in noise. AR systems differ substantially in terms of design, software, microphone position, and connection. Proposed indication groups are given. AR glasses provide a potential supportive tool for patients with specific indications suffering from hearing loss. The systems show limitations in challenging hearing situations.",Helge Rhodin; Imran Ersoy; Sefa Aygun; Christoph J Pfeiffer; Anna Lisa Vollmer; Ingo Todt,Frontiers in neurology,2025,Journal Article,eng,retrieved,UNCERTAIN_REQUIRES_SCREENING,TITLE_ABSTRACT_REVIEW_REQUIRED,,,,,,,,
1625,TA-07,41267894,10.1049/htl2.70031,Automatic Annotations by Augmented Reality-Enabled Laparoscopic Surgery.,"Accurate labels of surgical procedures such as image segmentations or interaction labels are paramount for many of today's medical image computing tasks. Creating a dataset with these labels requires a great deal of manual work and relies on the involvement of medical experts, which is very time-consuming and costly. We propose a pathway for the automatic generation of such labels utilizing the spatial and temporal registration between a patient, the anatomical model, tracked surgical instruments, and the surgeon's view of the patient. These requirements for the automatic generation of labels are identical to the requirements of many navigated and augmented reality (AR) enabled surgeries. The AR system, through 3D registration, has the defining ability to accurately overlay real objects with their virtual counterparts. Our approach collects the complete raw data (e.g. video, tracking data, calibrations etc.) that feeds a live laparoscopic AR system for later analysis. By converting these complete recordings of the surgery into different representations, the AR system generates valuable datasets as mere by-products. Additionally, as our approach does not rely on visual input alone but on additional 3D information, the system can create labels even if the visual input is occluded or a tool interacts with tissue outside of the view of the laparoscopic camera. In this paper, we present a realization of this concept, then evolve this foundational idea into an interactive system that assists users in annotating surgical data. Finally, we gather and analyse feedback from six participants to evaluate the efficacy and user-friendliness of our system.",Alexander Winkler; Christian Heiliger; Thomas Heiliger; Ulrich Eck; Konrad Karcz; Nassir Navab,Healthcare technology letters,2025,Journal Article,eng,retrieved,UNCERTAIN_REQUIRES_SCREENING,TITLE_ABSTRACT_REVIEW_REQUIRED,,,,,,,,
1626,TA-07,41267767,10.3389/fpsyg.2025.1588047,Advancing educational equity in rural China: the impact of AI devices on teaching quality and learning outcomes for sustainable development.,"This study investigates the impact of AI-assisted teaching on teaching quality and learning outcomes in rural schools in China, aiming to promote educational equity and sustainable educational growth. Through questionnaire surveys of 268 teachers and controlled experiments in 12 schools (4 urban, 8 rural), we assess whether AI-integrated Mixed Reality (MR) devices can enhance educational experiences in resource-constrained environments, supporting sustainable development. The research integrates the Technology Readiness Index (TRI), Innovation Diffusion Theory (IDT), and Technology Acceptance Model (TAM) to propose a comprehensive framework for studying teachers' acceptance of these devices. Results indicate that AI-assisted teaching significantly improves teaching quality and learning outcomes, particularly in natural science courses, with rural schools showing greater gains (15.69% score improvement vs. 10.27% urban). Education investment in such technologies can reduce urban-rural disparities. Future research should explore subject-specific applications, strengthen teacher training, and enhance technical support to achieve educational equity and sustainable educational growth.",Ronghui Chen; Yuanyuan Wu; Zhe Chen; Peng Zhou,Frontiers in psychology,2025,Journal Article,eng,retrieved,UNCERTAIN_REQUIRES_SCREENING,TITLE_ABSTRACT_REVIEW_REQUIRED,,,,,,,,
1627,TA-07,41265010,10.1016/j.apergo.2025.104683,"Evaluating typeface, letter spacing, and line spacing of designs on text legibility in optical see-through head-mounted displays while walking.","Optical see-through head-mounted displays (OST-HMDs) employ a distinctive method of information presentation that differs from conventional devices. This approach influences the human-computer interaction and text legibility. This study examines the impact of typefaces, letter spacing, and line spacing on OST-HMD text legibility while walking. Two experiments were conducted. Experiment 1 evaluated the influence of two typefaces on text legibility, while Experiment 2 investigated the effects of three levels of letter spacing and line spacing. Both experiments followed the MNREAD protocol. The findings indicated that the selected typefaces did not significantly affect text legibility. However, smaller letters and line spacing negatively affected text legibility. These results will be beneficial in formulating recommendations for typefaces, letter spacing, and line spacing when displaying text on OST-HMDs, enhancing user experience and ensuring optimal legibility in various applications.",Chih-Yu Hsiao; De-Cheng Liu; Chien-Chi Chang; Ming-Hui Liu,Applied ergonomics,2026,Journal Article,eng,retrieved,UNCERTAIN_REQUIRES_SCREENING,TITLE_ABSTRACT_REVIEW_REQUIRED,,,,,,,,
1628,TA-07,41263478,10.2196/75104,Performance and Perceptions of Health Care Professionals Using an Immersive Virtual Reality Tool for Home Care Training: Observational Feasibility and Acceptability Study.,"Informal caregivers play a crucial role in home care and many lack formal training, potentially compromising patient safety. Immersive virtual reality (VR) offers an innovative approach to training by simulating real-life caregiving scenarios in a risk-free environment. Prior to implementation, the environments and the technique's feasibility and acceptability must be assessed by the professionals who will use it to train caregivers, establishing a performance benchmark based on experienced health care professionals. This study aims to test feasibility and develop exploratory benchmarks and acceptability of immersive VR training for home caregiving tasks, using experienced professionals to establish a reference standard for execution quality. This observational study was conducted in health care centers in Andalusia, the Valencian Community, and Madrid (Spain). A structured process was followed, including the identification of key home care tasks, the development of best practice guidelines, creation of immersive VR training materials, and the design of a performance evaluation rubric. Health care professionals (n=75) were recruited using a convenience sampling approach. They performed caregiving tasks in VR, and their performance was recorded and assessed using a standardized rubric, which included 205 predefined errors. Participants also completed a posttraining survey evaluating usability, comprehension, and perceived applicability to real-world caregiving. A total of 75 professionals participated, completing 257 caregiving simulations in a fully immersive VR environment. A total of 417 errors were identified (417/3142, 13.3% of the maximum number of predefined errors), with a mean average of 5.6 (SD 6.8) errors per participant. The most frequent errors occurred in medication management, insulin administration, diaper changing, broncho aspiration prevention, blood pressure monitoring, and hand hygiene. The perceived usefulness of VR training was rated 8.1 out of 10 points (SD 1.9), with 98.7% (74/75) of the participants stating that the time spent in the simulation was worthwhile and 85.3% (64/75) agreeing that the tasks were appropriately represented. Immersive VR training for informal caregivers is a feasible and well-accepted approach, demonstrating high perceived usefulness among health care professionals. The study establishes a preliminary benchmark for home caregiving task execution, providing a basis for future research evaluating informal caregivers' performance and targeted training interventions to enhance patient safety. Further studies are needed to explore the long-term impact of VR training on caregiver competence and home care quality.",José Mira; Javier Rios; Eva Gil-Hernández; Nida Abed; Vanesa Ribeiro-Neves; Clara Pérez-Esteve; Mercedes Guilabert-Mora; Almudena Arroyo; Maria Purificacion Ballester,JMIR serious games,2025,Journal Article,eng,retrieved,UNCERTAIN_REQUIRES_SCREENING,TITLE_ABSTRACT_REVIEW_REQUIRED,,,,,,,,
1629,TA-07,41259710,10.2196/79278,Usability Evaluation of a Mixed Reality Platform in Pediatric Interventional Cardiology by Specialist Physicians: Mixed Methods Study.,"Immersive technologies such as virtual reality, augmented reality, and mixed reality are used in pediatric interventional cardiology (IC) to improve anatomical visualization and spatial understanding and support procedural precision. These technologies offer 3D representations of complex cardiac structures, which can aid in preprocedural planning, intraoperative navigation, and team communication. As these technologies gain traction in IC, understanding how medical specialists perceive their value is vital. This study assesses what IC specialist physicians consider valuable in immersive technologies by evaluating their experiences with CardioVision, a software designed for pediatric IC procedures. A mixed methods design was used, combining questionnaires and semi-structured interviews. Purposeful and snowball sampling was used to recruit specialist physicians with experience in IC. The recruited specialist physicians were asked to submit IC cases for software testing. These were uploaded to CardioVision by the developer, who also conducted the testing in person with the physicians at their designated clinical stations. A total of eight specialist physicians completed a pretest questionnaire, used the software, and thereafter completed a posttest questionnaire, which included System Usability Scale and Likert-scale questions on experience with the software. The interviews explored the specialist physicians' experience with the software's performance. Of the 8 participants, 6 further participated in the interviews. The interviews were conducted by two2 of the authors. The qualitative data were analyzed using inductive content analysis, involving subjective interpretation of textual material from the interviews. Following the approach outlined by Elo and Kyngäs, the process comprised three phases: preparation, organization, and reporting. In the preparation and organization phases, one author organized and categorized the interview data in an Excel sheet. The two2 authors then reviewed the material, compared emerging codes and themes, and reached consensus on the final main theme and subthemes for reporting. In total, 8 questionnaires and 6 interviews were obtained from specialist physicians from Belgium, France, Germany, and Italy. Quantitative data from mean System Usability Scale scores showed that users felt confident using the system (mean 4.25). When using the software, the highest positive feedback was for visualization of structures, where all users (8/8, 100%) agreed. Overall, most participants (6/8, 75%) rated the system positively for decision-making support and 5/8 (63%) for complex case preparation. One participant (1/8, 12%) disagreed with its effectiveness in preparing complex cases, indicating mixed opinions in this area. In the interviews, emerging themes aligned with quantitative data to show that participants valued the software's ease of use, high-quality visualization, and decision-making support. Additional benefits included use in medical education, interprofessional collaboration, and patient communication. Developer-clinician collaboration was emphasized as vital for effective integration into routine practice. Immersive technologies offer clinical value when aligned with user needs and integrated through collaborative development.",Catherine Chilute Chilanga; Andreas Jahnen; Linda Hafskjold,JMIR formative research,2025,"Journal Article; Research Support, Non-U.S. Gov't",eng,retrieved,UNCERTAIN_REQUIRES_SCREENING,TITLE_ABSTRACT_REVIEW_REQUIRED,,,,,,,,
1630,TA-07,41258384,10.1186/s41205-025-00303-9,Corrective osteotomy for malunited distal radius fracture using an augmented reality (AR) osteotomy guide.,"Distal radius fracture malunion can result in functional limitations, and corrective osteotomy has been used to treat symptomatic cases. This study aimed to evaluate the precision of corrective osteotomy for distal radius malunion by projecting a virtual osteotomy guide onto the surgical field using augmented reality (AR). Six patients with a mean age of 48 years underwent corrective osteotomy using an AR osteotomy guide. Preoperative planning involved creating 3D bone models from computed tomography (CT) data and simulating osteotomy using medical computer-aided design software. The 3D data were converted into a hologram and installed on a head-mounted display (HoloLens). During surgery, the hologram was overlaid onto the patient’s radius and osteotomy was performed in alignment with the AR osteotomy plane. Radius was corrected by inserting a bone graft which was shaped along a 3D simulation model and fixed with a locking plate. Bone union was achieved at a mean of 4.0 months postoperatively. Clinical outcomes, including range of motion, grip strength, and patient-reported outcomes, improved postoperatively. Radiographic evaluation revealed improvements in the volar tilt, radial inclination, and ulnar variance. Accuracy analysis revealed a difference of 3.3 mm in osteotomy level and deviations of 7.0° in flexion-extension and 3.3° in radioulnar from the simulation. The correction angle showed a difference of 6.5° in the flexion-extension direction and 3.9°in the radioulnar direction compared with the simulation. This study demonstrates the potential of using an AR osteotomy guide for corrective osteotomy in distal radius malunion treatment. However, improvements in the accuracy of volar tilt reduction and simplicity of the technique are required for clinical applications.",Akira Kodama; Masaru Munemori; Shogo Iwaguro; Kazushi Yokomachi; Yuchi Sumida; Nobuo Adachi,3D printing in medicine,2025,Journal Article,eng,retrieved,UNCERTAIN_REQUIRES_SCREENING,TITLE_ABSTRACT_REVIEW_REQUIRED,,,,,,,,
1631,TA-07,41258370,10.1038/s41598-025-24608-1,An intelligent taekwondo coaching system based on augmented reality technology with real-time feedback mechanisms.,"Traditional taekwondo training methods face limitations in providing objective, real-time feedback for technique improvement, relying primarily on subjective instructor observations that may lack precision and consistency. This research presents an innovative intelligent taekwondo coaching framework that integrates augmented reality technology with advanced motion analysis algorithms to deliver comprehensive, real-time training feedback. The system employs a modular architecture incorporating multi-modal sensor data acquisition, deep learning-based pose estimation, biomechanical analysis, and immersive AR visualization to create an interactive training environment. The motion recognition module utilizes convolutional neural networks specifically adapted for taekwondo techniques, achieving recognition accuracies exceeding 95% across nine fundamental technique categories with processing latencies below 25 milliseconds. The comprehensive evaluation framework assesses movement quality across eight dimensions including geometric accuracy, temporal coordination, and force generation, providing personalized feedback through AR overlays. Experimental validation with 47 practitioners across novice, intermediate, and advanced skill levels demonstrates significant improvements in learning efficiency and technique standardization compared to conventional training methods. User experience evaluation reveals high satisfaction ratings (average 8.5/10) across interface usability, feedback clarity, and learning effectiveness. The system successfully addresses critical gaps in martial arts instruction by democratizing access to high-quality technical guidance while maintaining the engagement and motivation essential for skill development. This research establishes important foundations for next-generation sports training technologies and provides valuable insights for developing similar intelligent coaching systems across diverse athletic disciplines.",Feng Yang; Zizhuo Wang,Scientific reports,2025,Journal Article,eng,retrieved,UNCERTAIN_REQUIRES_SCREENING,TITLE_ABSTRACT_REVIEW_REQUIRED,,,,,,,,
1632,TA-07,41258152,10.1038/s41598-025-24415-8,Revolutionizing the way students learn photographic arts through experiential education using AI and AR systems.,"The evolution of educational environments has seen a shift from conventional classrooms to technology-enhanced smart classrooms, driven by the rapid advancement of digital tools. The integration of traditional art education and modern technologies lacks interactivity and personalized feedback, which limits student engagement and creative progression. The objective of this research is to assess how AI and AR can be combined to improve student engagement, creativity, academic performance, and aesthetic understanding in art education. Data were collected from smart classroom sessions involving educational videos and interactive AR applications focused on photography. The pre-processing stage automatically filters low-quality images, retaining those with high saliency and clarity scores to ensure meaningful input for analysis. Using a TensorFlow-based experimental framework, a Deep Recurrent Neural Network (DRNN) algorithm was employed for intelligent image synthesis and feedback, allowing real-time analysis of composition and augmented visual storytelling. Results indicated notable improvements in student, Accuracy (97.18%), precision (97.33%), recall (96.95%), F1 score (97%). Students responded positively to the immersive experience, showing increased appreciation for cultural and visual diversity. In conclusion, the study demonstrates that integrating AI and AR in smart classroom environments can redefine art education by fostering experiential learning and providing dynamic, student-centered educational opportunities.",Shashi Kant Gupta; Ahmed Alemran; Umi Salma Basha; Atiaf Ibrahim Zakari; SeongKi Kim; Raja Sarath Kumar Boddu; Sunil Kumar Vohra,Scientific reports,2025,Journal Article,eng,retrieved,UNCERTAIN_REQUIRES_SCREENING,TITLE_ABSTRACT_REVIEW_REQUIRED,,,,,,,,
1633,TA-07,41256282,10.3389/fpubh.2025.1682659,Integrating augmented reality into health media campaigns: toward a more behavioral impact economic evaluation.,"This study investigates the efficacy and economic efficiency of augmented-reality (AR)-enhanced health-media campaigns in urban settings of Jordan, the Saudi Arabia. Employing a quasi-experimental, comparative design, 600 adults aged 18-45 were randomly assigned to either an AR intervention-featuring interactive 3D simulations of smoking risks and vaccination mechanisms-or a conventional video/text campaign. Pre- and post-intervention surveys measured cognitive/emotional engagement, behavioral intention, and self-reported health actions, while detailed cost logs enabled incremental cost-effectiveness ratio (ICER) analyses. Results demonstrated that AR immersion significantly elevated presence [F(1,594) = 152.07, p < 0.001] and time-on-task [F(1,594) = 210.33, p < 0.001], which in turn produced larger and more durable increases in intention (η 2 = 0.14 for Arm × Time interaction) and actual behavior change [smoking reduction t(598) = 20.84, p < 0.001; vaccination uptake χ 2(1) = 32.56, p < 0.001]. Economic evaluation revealed that AR campaigns achieved lower ICERs (USD 29.50 per unit behavior change) compared to conventional media, with sensitivity analyses confirming robustness. Multi-group moderation analyses confirmed stronger path coefficients and greater cost-efficiency in the Saudi Arabia sample, underscoring the moderating role of technological readiness and cultural factors. These findings affirm AR's promise as a cost-effective modality for immersive health promotion.",Mohammed Habes; Amirah ALZahrani; Suhib Y Bdoor; Amal Hassan Alhazmi; Areej Abdulllah Alfawaz; Razaz Waheeb Attar,Frontiers in public health,2025,Journal Article; Randomized Controlled Trial,eng,retrieved,UNCERTAIN_REQUIRES_SCREENING,TITLE_ABSTRACT_REVIEW_REQUIRED,,,,,,,,
1634,TA-07,41255790,10.3389/fneur.2025.1691434,NP-guide: a portable projection-based navigation system for neurosurgery and beyond.,"Stereotactic systems and various robot-assisted navigation platforms in neurosurgery have enabled high-precision localization. However, these systems, while highly accurate, are expensive, technically demanding, and procedurally complex, making them less practical for routine use. This study introduced and evaluated the Navigation and Projection Guide (NP-Guide), a projection-based augmented reality (AR) system designed to provide a portable and accessible solution for surgical navigation. NP-Guide, a mobile application, projects patient imaging data and three-dimensional (3D) reconstructions onto the patient's head surface to assist with localization. This proof-of-concept study prospectively enrolled 52 neurosurgical patients, randomized to the NP-Guide group (n = 27) or the freehand localization group (n = 25). Two physicians with different training backgrounds performed the procedures. Localization error and operating time were measured using a commercial optical navigation system (ONS). Bland-Altman analysis was applied to assess inter-operator agreement, and learning curves were generated to evaluate proficiency. Baseline characteristics were comparable (all p > 0.05). In the NP-Guide group, mean localization error was 4.1 ± 2.1 mm for Physician A and 3.4 ± 1.8 mm for Physician B, with mean times of 1.2 ± 0.5 min and 1.1 ± 0.4 min, respectively. Compared with freehand localization, NP-Guide significantly improved the accuracy and efficiency (all p < 0.001). Bland-Altman analysis demonstrated good inter-operator agreement; no significant difference was observed (p = 0.25). Learning curves showed that operating times plateaued at approximately 1 min after about 15 cases. The NP-Guide demonstrated accurate, efficient, and reproducible projection-based localization in this proof-of-concept study. Its portability, low cost, and ease of use suggest potential value, particularly in resource-limited settings. However, these findings should be interpreted as preliminary, and further phantom experiments and multicenter clinical studies are required before widespread adoption in routine practice.",Zhongjie Shi; Xin Gao; Sifang Chen; Deyong Xiao; Zhangyu Li; Xiaojun Li; Yilong Peng; Jiajia Yu; Zhanxiang Wang,Frontiers in neurology,2025,Journal Article,eng,retrieved,UNCERTAIN_REQUIRES_SCREENING,TITLE_ABSTRACT_REVIEW_REQUIRED,,,,,,,,
1635,TA-07,41254277,10.1038/s41598-025-26856-7,VR-prep improves visualization of medical data in augmented reality on smartphones.,"Relaying complex anatomical information between clinicians and to patients is challenging in medical routine and might be improved via direct 3D visualization of image series in augmented reality (AR) in portable devices. We devised a workflow for displaying medical imaging data in augmented reality on smartphones, relying solely on open-source products: 'Medical Imaging XR' (MIXR) application, '3D Slicer' software, and 'Fiji'. We designed a pipeline for image transformation and data harmonization (VR-prep) to expedite and optimize the 3D rendering of DICOM series in MIXR. VR-prep significantly reduced the size of image files to be uploaded to MIXR, without sacrificing quality and readability of images. Due to reduced file size, upload and download times onto the mobile device were significantly lower. Our workflow is suitable for CT, MRI, US and PET-CT, whereas MIXR alone only permits CT data. VR-prep is user-friendly and allows for broader integration of medical imaging data sets in AR, to facilitate clinician to clinician and clinician to patient communication. VR-prep relies exclusively in open-source software making it viable to adopt in a broad range of applications from clinical decision-making, patient communication, and medical education.",A M C Böhner; A M Jacob; M Bahaaeldin; L Oelmeier; A Isaak; C C Pieper; J A Luetkens; D Kuetting,Scientific reports,2025,Journal Article,eng,retrieved,UNCERTAIN_REQUIRES_SCREENING,TITLE_ABSTRACT_REVIEW_REQUIRED,,,,,,,,
1636,TA-07,41251786,10.1007/s00464-025-12380-2,Telestration with augmented reality in minimally invasive and robotic-assisted surgery: a scoping review.,"Minimally Invasive Surgery (MIS) and Robotic-Assisted Surgery (RAS) offer advantages over open surgery, including smaller incisions and quicker recovery. However, the learning curve in MIS and RAS presents several challenges, primarily due to their reliance on verbal instructions. MIS and RAS training is continually evolving, with new educational and simulation models emerging in recent years. Telestration, combined with augmented reality (AR), enables annotating videos and images as active feedback during surgery. These modalities have been used in the operating room to highlight anatomical structures, aiding visual communication and reinforcing verbal communication in MIS and RAS. This study aimed to provide a scoping review of the use, current applications, and development of telestration and with AR in MIS and RAS. A scoping review was conducted using the Joanna Briggs Institute methodology and the PRISMA extension for scoping reviews (PRISMA-ScR) 2018 statement and recommendations. Two researchers independently searched the literature in the following databases: PubMed, the Association for Computing Machinery (ACM), the Institute of Electrical and Electronics Engineers (IEEE), and Google Scholar. From a total of 625 screened studies, 33 were included in the scoping review based on relevance, reported innovation, clinical and surgical implementation, and potential benefits in MIS and RAS. Intraoperative surgical guidance using telestration with AR has already been implemented in the MIS and RAS fields, such as urology, colorectal surgery, gynecology, and orthopedics. Telestration with AR is increasingly used in MIS and RAS simulation and training. This technology optimizes communication during surgical procedures, reduces complication rates, and enhances performance, potentially leading to improved patient outcomes. Telestration with AR is an innovative tool in MIS and RAS that improves surgical training, communication, and idea exchange, sometimes replacing on-site mentoring.",Amila Cizmic; Frida Häberle; Anas A Preukschas; Laetitia Hampe; Vasile Bintintan; Thilo Hackert; Manish Chand; Felix Nickel,Surgical endoscopy,2025,Journal Article; Scoping Review,eng,retrieved,UNCERTAIN_REQUIRES_SCREENING,TITLE_ABSTRACT_REVIEW_REQUIRED,,,,,,,,
1637,TA-07,41250721,10.7759/cureus.94768,Evaluation of Artificial Intelligence's Ability to Explore Literature on Orthopedic Navigation and Related Surgical Anatomy.,"Introduction Artificial intelligence has recently garnered increased research interest in orthopedics; yet, its role in the exploration of orthopedic literature remains unknown. We aimed to evaluate the ability of ChatGPT and ScholarGPT to identify and outline literature on orthopedic navigation and the visualization of related surgical anatomy. Methods We asked ChatGPT and ScholarGPT to list and summarize five studies: 1) about augmented reality-based navigation in orthopedic surgery, 2) about how well augmented reality-based navigation enabled anatomical accuracy in orthopedic surgery, and 3) which compared augmented reality-based navigation with another navigation technique in orthopedic surgery. Regarding each query, we evaluated how many studies were correctly detected and accurately summarized. Results ChatGPT scored excellently in identifying studies across all three queries. However, its performances in accurately summarizing these studies were 40%, 60%, and 60% respectively. On the other hand, ScholarGPT's performances in identifying were 60%, 40%, and 0%, respectively, while in summarization, they were 0%, 20%, and 0%, respectively. Both platforms exhibited bias in favor of augmented reality-based navigation across all queries. Conclusion ChatGPT and ScholarGPT are not yet able to provide researchers with reliable data from the literature on orthopedic navigation and related surgical anatomy. Ongoing artificial intelligence development may essentially reinforce these platforms' potential to play a more significant role in orthopedic research.",Dimitrios Chytas; Angelo V Vasiliadis; Ethan Choucroun; Tanisha Naresh Chindore; Taha Ouhenach; Derin Eva Sadiq; Michael-Alexander Malahias,Cureus,2025,Journal Article,eng,retrieved,UNCERTAIN_REQUIRES_SCREENING,TITLE_ABSTRACT_REVIEW_REQUIRED,,,,,,,,
1638,TA-07,41249669,10.1007/s10278-025-01745-7,Feasibility of Using the Apple Vision Pro for Diagnostic Radiology: User Experience and Perceived Clinical Utility.,"To assess the feasibility and user experience of spatial computing with Apple Vision Pro (AVP) in medical imaging radiology education. This prospective observational pilot study, approved by the Institutional Review Board and HIPAA-compliant, was conducted at a multisite academic medical center from January to March 2025. Twenty-five radiology physicians (22 diagnostic radiology residents, 2 neuroradiology fellows, 1 neuroradiology attending) participated. After a 5-min setup, participants engaged in a combined structured and self-guided trial of the AVP for clinical applications such as image viewing and electronic health record navigation. Participants completed pre-use and post-use surveys to assess user familiarity, comfort, and perceived utility using 5-point Likert scales. Matched responses were analyzed with Wilcoxon signed-rank tests. Timing data for onboarding and total session duration were recorded. Mean time to device competency was 4.0 ± 1.37 min, and average session time was 14.1 ± 4.94 min. Significant pre-to-post improvements were observed in perceived utility for multidisciplinary conferences (p = 0.039). The majority rated overall experience and ease of use ≥ 4/5 post-use. Eye strain occurred in 12%; no users reported nausea. Most participants cited ease of use (84%) and efficiency (80%) as key factors influencing future adoption. In this small-scale pilot, the AVP demonstrated strong short-term feasibility and perceived usability for medical imaging among surveyed physician trainees. Results support further investigation of spatial computing in other clinical workflows and medical imaging education.",Joshua Volin; Vidya Viswanathan; Elizabeth A Krupinski; Nabile Safdar; Rachel Silverman; Vikram Narayan; Elias Kikano,Journal of imaging informatics in medicine,2025,Journal Article,eng,retrieved,UNCERTAIN_REQUIRES_SCREENING,TITLE_ABSTRACT_REVIEW_REQUIRED,,,,,,,,
1639,TA-07,41247909,10.1109/TPAMI.2025.3633453,MADiff: Motion-Aware Mamba Diffusion Models for Hand Trajectory Prediction on Egocentric Videos.,"Understanding human intentions and actions through egocentric videos is important on the path to embodied artificial intelligence. As a branch of egocentric vision techniques, hand trajectory prediction plays a vital role in comprehending human motion patterns, benefiting downstream tasks in extended reality and robot manipulation. However, capturing high-level human intentions consistent with reasonable temporal causality is challenging when only egocentric videos are available. This difficulty is exacerbated under camera egomotion interference and the absence of affordance labels to explicitly guide the optimization of hand waypoint distribution. In this work, we propose a novel hand trajectory prediction method dubbed MADiff, which forecasts future hand waypoints with diffusion models. The devised denoising operation in the latent space is achieved by our proposed motion-aware Mamba, where the camera wearer's egomotion is integrated to achieve motion-driven selective scan (MDSS). To discern the relationship between hands and scenarios without explicit affordance supervision, we leverage a foundation model that fuses visual and language features to capture high-level semantics from video clips. Comprehensive experiments conducted on five public datasets with the existing and our new evaluation metrics demonstrate that MADiff predicts comparably reasonable hand trajectories compared to the state-of-the-art baselines.",Junyi Ma; Xieyuanli Chen; Wentao Bao; Jingyi Xu; Hesheng Wang,IEEE transactions on pattern analysis and machine intelligence,2026,Journal Article,eng,retrieved,UNCERTAIN_REQUIRES_SCREENING,TITLE_ABSTRACT_REVIEW_REQUIRED,,,,,,,,
1640,TA-07,41247008,10.1080/00140139.2024.2447870,Measuring physical demand in Augmented Reality learning environments.,"Augmented Reality revolutionises education by enhancing learning with interactive, immersive experiences. However, the impact of long-term AR use, particularly in terms of physical demand, within educational environments remains poorly understood. This study investigates the relationship between AR engagement and physical demand, utilising motion capture technology, NASA Task Load Index, and HoloLens eye-tracking to quantify user posture, engagement, and perceived workload. We hypothesise that prolonged AR interaction results in a change in slouching scores, indicating increased fatigue. The results show a strong correlation between the slouching score and the NASA-TLX physical demand score. Our study lays the groundwork for incorporating predictive modelling to develop proactive physical demand measures.",Varun Pulipati; Jung Hyup Kim; Fang Wang; Danielle Oprean; Kangwon Seo,Ergonomics,2025,Journal Article,eng,retrieved,UNCERTAIN_REQUIRES_SCREENING,TITLE_ABSTRACT_REVIEW_REQUIRED,,,,,,,,
1641,TA-07,41246495,10.1515/nanoph-2024-0734,Tunable holographic metasurfaces for augmented and virtual reality.,"Augmented and virtual reality (AR/VR) is transforming how humans interact with technology in a wide range of fields and industries, from healthcare and education to entertainment. However, current device limitations have impeded wider integration. Tunable holographic metasurfaces represent a promising platform for revolutionizing AR/VR devices by precisely controlling light at the subwavelength scale. This article examines current challenges and opportunities from both the AR/VR and holographic metamaterial perspectives and explores how improvements to state-of-the-art approaches can address these challenges. In particular, we propose a focus on easily manufacturable and broadly electrically tunable metasurface technologies including liquid crystal integration and excitonic tuning in 2D materials. Advanced metasurface optimization techniques including machine learning will also be crucial for exploring the large design space.",Akeshi Aththanayake; Andrew Lininger; Cataldo Strangi; Mark A Griswold; Giuseppe Strangi,"Nanophotonics (Berlin, Germany)",2025,Journal Article,eng,retrieved,UNCERTAIN_REQUIRES_SCREENING,TITLE_ABSTRACT_REVIEW_REQUIRED,,,,,,,,
1642,TA-07,41245342,10.3389/fpsyg.2025.1694986,Simulating and stimulating performance: developing a next-generation music performance simulator.,"The spaces where musicians practice often differ considerably from where they perform. As such, musicians are an emblematic example of performers who must adapt their skillset to contexts where the visual, aural, social, and psychological environment introduces significant increases in variety, risk, and pressure. Numerous domains address this disparity through the use of simulation, giving the performer the opportunity to learn and challenge their skills in contexts more closely resembling real-world conditions. This article describes the implementation of simulation in music performance contexts through the development of the second generation of performance simulation technologies at the Royal College of Music. It outlines the design requirements for a large, immersive space with a high degree of flexibility in recreating the visual and acoustic atmosphere of a performance stage and corresponding backstage area, while also facilitating performance capture and analysis. Applications for such a facility are outlined to advance research, teaching, and knowledge exchange within and beyond music performance.",George Waddell; Richard Bland; Aaron Williamon,Frontiers in psychology,2025,Journal Article,eng,retrieved,UNCERTAIN_REQUIRES_SCREENING,TITLE_ABSTRACT_REVIEW_REQUIRED,,,,,,,,
1643,TA-07,41244633,10.1109/thms.2025.3592791,Palpation Characteristics of an Instrumented Virtual Cricothyroidotomy Simulator.,"Cricothyroidotomy (CCT) is a critical, life-saving procedure requiring the identification of key neck landmarks through palpation. Interactive virtual simulation offers a promising, cost-effective approach to CCT training with high visual realism. However, developing the palpation skills necessary for CCT requires a haptic interface with tactile sensitivity comparable to human fingers. Such interfaces are often represented by plastic partial mannequins, which require further adaptation to integrate into virtual environments. This study introduces an instrumented physical palpation interface for CCT, integrated into a virtual surgical simulator, and tested on ten surgeons who practiced the procedure over a training period. Data on haptic interactions collected during the training was analyzed to evaluate participants' palpation skills and explore their force modulation strategies about landmark identification scores. Our findings suggest that trainees become more precise in their exploration over time, apply greater normal forces around target areas. Initial landmark identification performance influences adjustments in the overall applied pressure.",Melih Turkseven; Trudi Di Qi; Ganesh Sankaranarayanan; Suvranu De,IEEE transactions on human-machine systems,2025,Journal Article,eng,retrieved,UNCERTAIN_REQUIRES_SCREENING,TITLE_ABSTRACT_REVIEW_REQUIRED,,,,,,,,
1644,TA-07,41241740,10.1186/s12877-025-06710-1,"Dementia-specific adaptations to physical performance tests of balance, mobility, and lower limb strength and function: a reliability study in people with dementia.","Valid and reliable physical performance tests are crucial for accurately assessing the physical performance of people with dementia (PwD) and for evaluating the effects of interventions. However, existing physical performance tests for PwD often show insufficient reliability. This study aims to investigate the reliability of physical performance tests of balance, mobility and lower limb strength and function that were specifically adapted for PwD. We conducted a reliability study with test-retest design and a one-week gap between tests among PwD living in nursing homes. Adaptations were made to either the instruction and administration, or the scoring of the three physical performance tests as follows: The Frailty and Injuries: Cooperative Studies of Intervention Techniques (FICSIT) for balance (adaptations to administration and scoring), the Timed-Up and Go Test (TUG) and its five phases (standing up, walking, turning around, walking, sitting down) for mobility (adaptations to instruction, administration and scoring in terms of analysing the five phases separately, and the Sit-to-Stand test (STS) for lower limb strength and function (adaptations to instruction and administration). The tests were standardized in terms of cues used to administer and guide them. We assessed absolute reliability (Standard Error of Measurement; Coefficient of Variance, Minimal Detectable Change) and relative reliability (Intraclass correlation coefficient; weighted Cohen's Kappa). The absolute and relative test-retest reliability of the PP tests was assessed. We examined relative and absolute reliability values of PP tests in a sample of 26 PwD (mean age, 88 years; mean Mini Mental State Examination (MMSE) score, 14). No statistically significant differences were found between baseline and retest. Relative reliability values ranged from 0.258 to 0.505 for balance (FICSIT), 0.011 to 0.860 for mobility (TUG), and 0.506 to 0.678 for lower limb strength and function (STS). Absolute reliability values as indicated by the coefficient of variation (CV) ranged from 23.5 to 92.8. Adaptations regarding test administration and/ or scoring did not improve reliability values as compared to the original test versions. TUG test phases showed the highest reliability values for the gait phases. Future adaptations should focus on reducing the cognitive component of demand during physical performance tests. Assistive technologies such as augmented reality could improve test reliability by providing more consistent and controlled test environment. German Clinical Trials Register DRKS00019205, retrospectively registered, registration date: 11 November 2019.",Bettina Barisch-Fritz; Jelena Krafft; Janina Krell-Roesch; Alexander Woll,BMC geriatrics,2025,Journal Article,eng,retrieved,UNCERTAIN_REQUIRES_SCREENING,TITLE_ABSTRACT_REVIEW_REQUIRED,,,,,,,,
1645,TA-07,41240531,10.1016/j.nepr.2025.104627,Extended reality technologies in child health education for undergraduate healthcare students: A scoping review.,"The aim of this scoping review is to describe and map studies investigating the use of extended reality (XR) in child health education for undergraduate healthcare students. Globally there is a need for more child health practitioners. Educators need to prepare healthcare students to care for this population group. XR tools such as virtual reality (VR) are increasingly used in healthcare education to immerse students in a scenario and engage them in learning. There is an increasing number of studies reporting the use of XR to teach students about child health related topics. A scoping review was undertaken to explore studies on this topic. 2262 articles were initially identified for review and 22 were included for this scoping review. These were reported using a framework for scoping studies and reported using the PRISMA ScR guidelines. Of the 22 articles included, most were published between 2021 and 2023, in the USA. Medicine was the most reported discipline and VR was the most commonly used technology. All studies reported on an example that involved an unwell child. This scoping review found that there were no applications that reported on a well child scenario which is an important finding as learning about a well child is critical for this workforce. This scoping review also highlighted that there is potentially an inequity across health care roles in the use of this technology in healthcare education as Medicine was the most common discipline, followed by Nursing.",Emma Collins; Chris Paton; Steve Gallagher,Nurse education in practice,2026,Scoping Review; Journal Article,eng,retrieved,UNCERTAIN_REQUIRES_SCREENING,TITLE_ABSTRACT_REVIEW_REQUIRED,,,,,,,,
1646,TA-07,41239149,10.1007/s11948-025-00563-y,"Embodiment, Relationships, and Sexuality: An Ethical Analysis of Extended Reality Technologies.","Communication technologies change the way we relate to each other and ourselves. In this essay we analyze the effects that extended reality (XR) technologies are likely to have on conceptions of the self, romantic relationships, and other associated concepts like sexual orientation. While these technologies are in their infancy, key psychological and philosophical concepts are already being explored. We begin by defining extended reality and the family of technologies that make it possible. We pay special attention to the way these immersive technologies ground the experiences of presence which can become virtually real. These experiences provide a useful framework for understanding the phenomena of XR embodiment. XR embodiment, the experience of one’s self as embodied in XR, opens up the possibility of blended physical and digital narrative selves which form the basis of new forms of relationships. In a future where XR is incorporated into the basic social and political structures of society, XR embodiment and virtually real experiences challenge normative concepts like sex and sexual orientation. Contemporary conceptions of the self, sex, consent, and love emerged in purely physical contexts to help us navigate the limitations of physical embodiment. XR embodiment requires a new ethical framework to make room for these possibilities. We end the paper by assessing ethical risks XR embodiment can introduce for XR developers, and researchers.",Erick José Ramirez; Laura Clark; Sydney Campbell; Julian Dreiman; Dorian Clay; Raghav Gupta; Shelby Jennett,Science and engineering ethics,2025,Journal Article,eng,retrieved,UNCERTAIN_REQUIRES_SCREENING,TITLE_ABSTRACT_REVIEW_REQUIRED,,,,,,,,
1647,TA-07,41235485,10.3233/SHTI251568,Australian Healthcare Consumers 'Curiosity' in Digital Health Technologies.,"This study explores Australian consumers' digital literacy (DL), use of digital health technologies (DHTs), and curiosity toward emerging tools. A cross-sectional online survey (n = 416) examined DL levels, current usage of technologies such as telehealth, wearables, mHealth apps, e-pharmacy, and chatbots, and preferences for future innovations like smart glasses, virtual reality/augmented reality, medical drones, and robot companions. DL was highest in data and communication domains and varied by age, gender, education, and location. Despite women and younger adults reporting higher DL, technology adoption often hinged on perceived usefulness, usability, and trust. Telehealth was widely used (90%+) while emerging technologies attracted greater curiosity from men and the 30-39 age group. These findings suggest that curiosity - both diversive and specific - drives early exploration and continued engagement with DHTs. To support equitable adoption, digital health strategies should integrate DL-building interventions and curiosity-driven design, aligned with the Australian Digital Health Strategy's goals for inclusive, consumer-centred innovation.",Randi Thanthiriwattage; Michael Liem; Muhammad Nouman; Tafheem Wani; Tracey Marriner; Kylie Ovenden; James Boyd; Urooj Raza Khan,Studies in health technology and informatics,2025,"Journal Article; Research Support, Non-U.S. Gov't",eng,retrieved,UNCERTAIN_REQUIRES_SCREENING,TITLE_ABSTRACT_REVIEW_REQUIRED,,,,,,,,
1648,TA-07,41233963,10.1021/acsami.5c13831,Integration of Quantum Dot Light-Emitting Diodes and Charge Trap Thin-Film Transistor Arrays for Memory-In-Pixel Applications.,"The advancement of ultrahigh-resolution displays and extended reality applications has driven increasing demand for compact and low-power device architectures capable of simultaneously performing memory and light-emission functions at the pixel level. To address this need, charge-trap thin-film transistors (CTTFTs) based on oxide semiconductors have attracted attention as promising nonvolatile memory elements due to their excellent electrical performance and compatibility with large-area fabrication processes. In this study, we propose a memory-in-pixel (MIP) device that monolithically integrates a CTTFT and a quantum dot light-emitting diode (QD-LED) within a single pixel. The fabricated CTTFT, employing an Al2O3/HfO2/Al2O3 gate dielectric and an oxide channel, achieved a field-effect mobility of 22.1 cm2/V·s, a subthreshold swing of 99.1 mV/dec, an on/off current ratio exceeding 109, and a wide memory window of 6.06 V. To enable self-erasing functionality, a QD-LED was monolithically integrated on top of the CTTFT using a photolithography-based lift-off process. The resulting QD-LEDs demonstrated EQEs of 20.9%, 6.5%, and 1.7% for red, green, and blue, respectively. Notably, ZnSeTe-based Cd-free QD-LEDs achieved an erasing efficiency of ∼60%, outperforming their Cd-based counterparts. This hybrid MIP architecture operates without external erase components and offers a compact, environmentally friendly platform suitable for next-generation high-resolution display applications.",Seoungmin Park; Eun A Kim; Gijun Ju; Sinwon Choi; Hyunji Jeong; Jae-Hoon Han; Dae-Hwan Ahn; Jaekyun Kim; Moonsub Shim; Heesun Yang; Seong-Yong Cho; Younghyun Kim,ACS applied materials & interfaces,2025,Journal Article,eng,retrieved,UNCERTAIN_REQUIRES_SCREENING,TITLE_ABSTRACT_REVIEW_REQUIRED,,,,,,,,
1649,TA-07,41232097,10.2196/79091,Embracing the Future of Medical Education With Large Language Model-Based Virtual Patients: Scoping Review.,"In recent years, large language models (LLMs) have experienced rapid development. LLM-based virtual patients have begun to gain attention, offering new opportunities for simulations in medical education. This study aims to systematically analyze the current applications, research trends, and challenges of LLM-based virtual patients in medical education and to explore potential future directions for development. This study adheres to the PRISMA-ScR (Preferred Reporting Items for Systematic Reviews and Meta-Analyses extension for Scoping Reviews) guidelines. Five databases (Web of Science Core Collection, PubMed, IEEE Xplore, Embase, and Scopus) were searched from January 1, 2018, to June 24, 2025, to identify studies related to the application of LLM-based virtual patients in medical education. A comprehensive analysis of LLM-based virtual patients from research design to application and evaluation was conducted. A total of 28 studies were included in this scoping review. Analysis revealed that 92.9% (26/28) of the studies were published in the past 2 years, indicating that LLM-based virtual patient research is still in its early stages. The research primarily focuses on medical training and spans a wide range of medical disciplines. When using LLMs, advanced technologies such as social robots, virtual reality, and mixed reality are used to present LLM-based virtual patients. Combining these technologies with various supplementary tools enhances the realism of LLM-based virtual patients and improves user interaction. The evaluation of LLM-based virtual patients mainly emphasizes user experience. However, evaluation methods lack standardization, and only 13% (3/23) of studies used validated tools in assessing LLM-based virtual patients, while only 21.7% (5/23) of studies objectively measured learning outcomes facilitated by LLM-based virtual patients. All included studies expressed a positive attitude toward LLM-based virtual patients; however, they overlook privacy and security considerations in practical applications. LLM-based virtual patients hold significant innovation potential in medical education and are still in the early stages of development. They are primarily applied in medical training and show promise in communication skills training, although they cannot replace real-world interactions. Moreover, the heterogeneity of research designs, the absence of nonverbal cues in interactions, and concerns regarding privacy and security limit their broader implementation. Future research should focus on improving the reliability, realism, safety, and scientific efficacy of LLM-based virtual patients. Open Science Framework Registries 10.17605/OSF.IO/DMC9Q; https://osf.io/DMC9Q/overview.",Jianwen Zeng; Wenhao Qi; Shiying Shen; Xin Liu; Sixie Li; Bing Wang; Chaoqun Dong; Xiaohong Zhu; Yankai Shi; Xiajing Lou; Bingsheng Wang; Jiani Yao; Guowei Jiang; Qiong Zhang; Shihua Cao,Journal of medical Internet research,2025,Journal Article; Scoping Review,eng,retrieved,UNCERTAIN_REQUIRES_SCREENING,TITLE_ABSTRACT_REVIEW_REQUIRED,,,,,,,,
1650,TA-07,41231666,10.1080/17483107.2025.2586641,From access to agency: how assistive and emerging technologies mediate self-determination in autistic adulthood.,"Assistive and emerging technologies matter not only for the access they provide, but for what they enable autistic adults to decide and do. Guided by the Causal Agency Theory, this cross-sectional qualitative descriptive study used semi-structured interviews with 106 autistic adults in Chile to examine how everyday technologies shape choice, self-regulation, and beliefs about one's capacity to act. We analysed the data using a hybrid inductive-deductive reflexive thematic approach, which yielded five thematic areas: technology as a context for choice-making; digital scaffolds for planning, pacing, and adaptive replanning; empowerment through feedback calibrated to personal goals; autonomy negotiated through consented interdependence; and barriers and ethical tensions that undermine control. Technology supported self-determination when it preserved authorship of decisions, provided simple refusal and reversible settings, protected attention, and respected privacy and sensory needs. Agency was compromised when configurations were imposed by others, automation was opaque, or notifications and sensory stimuli were excessive The findings may inform rehabilitation and inclusive design by outlining possible mechanisms linking features-such as reminders, permissions, feedback, and adjustable sensory profiles-to processes of choice, regulation, and confidence valued by autistic adults.",Izaskun Álvarez-Aguado; Felipe Muñoz La Rivera; Vanessa Vega; Jennifer Figueroa-Figueroa; Miguel Roselló-Peñaloza; Félix González-Carrasco; Rodrigo Arriagada-Chinchón; Felipe Espinosa Parra; Herbert Spencer; Maryam Farhang,Disability and rehabilitation. Assistive technology,2026,Journal Article,eng,retrieved,UNCERTAIN_REQUIRES_SCREENING,TITLE_ABSTRACT_REVIEW_REQUIRED,,,,,,,,
1651,TA-07,41228864,10.3390/s25216641,BDGS-SLAM: A Probabilistic 3D Gaussian Splatting Framework for Robust SLAM in Dynamic Environments.,"Simultaneous Localization and Mapping (SLAM) utilizes sensor data to concurrently construct environmental maps and estimate its own position, finding wide application in scenarios like robotic navigation and augmented reality. SLAM systems based on 3D Gaussian Splatting (3DGS) have garnered significant attention due to their real-time, high-fidelity rendering capabilities. However, in real-world environments containing dynamic objects, existing 3DGS-SLAM methods often suffer from mapping errors and tracking drift due to dynamic interference. To address this challenge, this paper proposes BDGS-SLAM-a Bayesian Dynamic Gaussian Splatting SLAM framework specifically designed for dynamic environments. During the tracking phase, the system integrates semantic detection results from YOLOv5 to build a dynamic prior probability model based on Bayesian filtering, enabling accurate identification of dynamic Gaussians. In the mapping phase, a multi-view probabilistic update mechanism is employed, which aggregates historical observation information from co-visible keyframes. By introducing an exponential decay factor to dynamically adjust weights, this mechanism effectively restores static Gaussians that were mistakenly culled. Furthermore, an adaptive dynamic Gaussian optimization strategy is proposed. This strategy applies penalizing constraints to suppress the negative impact of dynamic Gaussians on rendering while avoiding the erroneous removal of static Gaussians and ensuring the integrity of critical scene information. Experimental results demonstrate that, compared to baseline methods, BDGS-SLAM achieves comparable tracking accuracy while generating fewer artifacts in rendered results and realizing higher-fidelity scene reconstruction.",Tianyu Yang; Shuangfeng Wei; Jingxuan Nan; Mingyang Li; Mingrui Li,"Sensors (Basel, Switzerland)",2025,Journal Article,eng,retrieved,UNCERTAIN_REQUIRES_SCREENING,TITLE_ABSTRACT_REVIEW_REQUIRED,,,,,,,,
1652,TA-07,41228042,10.3390/healthcare13212675,Physicians' Perceptions of AI and Extended Reality in Telemedicine: A Multi-Specialty Cross-Sectional Survey in Romania.,"Background and Objectives: Artificial intelligence (AI) and extended reality (XR) are reshaping telemedicine, yet physician-level adoption depends on perceived value, training needs, and specialty context. We quantified attitudes toward AI/XR, identified barriers/benefits, and tested advanced relationships (moderation and mediation). Methods: Cross-sectional survey of Romanian physicians (n = 43) across anesthesiology and ICU, surgical, medical, and dentistry. Items were translated into English and mapped to 5-point scales. A 10-item Telemedicine Acceptance Index (TAI; α = 0.86) and a 2-item XR Utility Index (XUI) were computed. Moderation by specialty (Training Priority × Specialty) and bootstrap mediation (2000 resamples) of Future Potential → XUI → TAI were performed. Results: Overall acceptance and perceived utility of XR were moderate to high across specialties; participants most frequently identified technical and financial constraints as barriers and time efficiency and improved access as key benefits. Acceptance patterns were similar across specialties and aligned most strongly with beliefs about future system-level potential and the priority assigned to hands-on training. Conclusions: Physicians reported favorable acceptance of AI/XR-enabled telemedicine. Perceived future system-level value and prioritization of hands-on training were the most consistent correlates of acceptance across specialties. Technical and financial constraints remained the primary barriers, while time efficiency and access emerged as leading perceived benefits. Acceptance appears to be driven more by beliefs about system-level potential and practical upskilling than by specialty identity.",Florina Onetiu; Melania Lavinia Bratu; Felix Bratosin; Tiberiu Bratu,"Healthcare (Basel, Switzerland)",2025,Journal Article,eng,retrieved,UNCERTAIN_REQUIRES_SCREENING,TITLE_ABSTRACT_REVIEW_REQUIRED,,,,,,,,
1653,TA-07,41228039,10.3390/healthcare13212672,Patient Perspectives on AI- and XR-Enabled Telemedicine: A Cross-Sectional Survey in Romania.,"Background and Objectives: As artificial intelligence (AI) and extended reality (XR) enter routine care, understanding patient acceptance is essential. We assessed attitudes toward AI/XR-enabled telemedicine among Romanian patients and examined correlates of acceptance. Methods: We analyzed 198 survey responses to a 20-item questionnaire. Ordinal items were encoded 1-4. The Acceptance Index measured trust in AI, perceived improvement in care, and willingness to choose AI-assisted visits (on a 1-4 scale). Results: Respondents were predominantly 31-50 years old (62.6%) and university educated (76.2%); 27.3% reported prior experience with AI/XR. Acceptance averaged 3.27 ± 0.59 (α = 0.780) and did not differ by age (p = 0.922). Prior users showed higher acceptance than non-users (3.47 ± 0.47 vs. 3.19 ± 0.59; p = 0.0011). Knowledge (ρ = 0.189, p = 0.048) and perceived accessibility (ρ = 0.229, p = 0.016) correlated with acceptance; privacy concern did not (ρ = 0.072, p = 0.455). Subgroups: Prior use was associated with higher acceptance across education levels, with a significant effect in secondary education (Holm-adjusted p = 0.029; Cliff's δ = 0.56). Ordinal logistic model: higher willingness to pay (OR 6.81, 95% CI 3.39-13.66, p < 0.001) and greater perceived accessibility (OR 1.83, 95% CI 1.03-3.24, p = 0.040) independently predicted choosing AI-assisted visits. Conclusions: Patient acceptance of AI/XR-enabled telemedicine was moderate to high, strongest among prior users, and increased when access felt easy. Knowledge modestly supported acceptance; privacy concerns did not diminish it. Clear value propositions, streamlined access, and optional exposure pathways may enhance informed uptake.",Codrina Mihaela Levai; Laura Alexandra Nussbaum; Daian-Ionel Popa; Sonia-Roxana Burtic; Bogdan Florin Căpăstraru; Iulius Jugănaru,"Healthcare (Basel, Switzerland)",2025,Journal Article,eng,retrieved,UNCERTAIN_REQUIRES_SCREENING,TITLE_ABSTRACT_REVIEW_REQUIRED,,,,,,,,
1654,TA-07,41225056,10.1038/s41598-025-23557-z,"Users evaluating physical, virtual, and mixed reality prototypes exhibit differential DLPFC brain activity.","The emergent use of mixed reality (MR) technology in product development and evaluation provides new opportunities for prototyping across the physical and virtual domain. However, it is unknown how MR prototypes affect users' cognitive processes during final stage product evaluation. This experiment explores how different prototype representations-physical, virtual, and MR-affect users' DLPFC brain activity as measured by functional near-infrared spectroscopy (fNIRS), subjective workload, and affective state. Ntotal=88 participants split in three independent groups received either a physical (N = 30), virtual (N = 30), or MR (N = 28) representation of a power drill, tasked to evaluate its usability and propose a design change. The results demonstrate significantly different oxygenated and deoxygenated haemoglobin concentration changes in users' dorsolateral prefrontal cortex (DLPFC), depending on representation mode (i.e., physically, virtual, or MR), and task (i.e., evaluation or proposing a design change). While there were some between-group differences in physical demand and subjective performance, other subjective workload and affective state measures did not significantly differ. These results are novel, demonstrating that users' DLPFC brain activity differ depending on prototype representation mode. This could imply differing cognitive processes, but further research is required. Nevertheless, choosing prototype representation mode is not trivial and should be a careful consideration.",Henrikke Dybvik; Christopher Cox; Isabelle Ormerod; Pasi Aalto; Chris Snider,Scientific reports,2025,Journal Article,eng,retrieved,UNCERTAIN_REQUIRES_SCREENING,TITLE_ABSTRACT_REVIEW_REQUIRED,,,,,,,,
1655,TA-07,41224842,10.1038/s41598-025-23348-6,A deep learning framework for finger motion recognition using forearm ultrasound imaging.,"Precise classification of finger movements is essential for effective hand gesture recognition, as it facilitates reliable control across multiple degrees of freedom. Surface electromyography (sEMG) has been widely used for monitoring muscle activities in the forearm and applied for the classification of finger motion. However, due to its inherent limitations, sEMG fails to provide a satisfactory solution for finger motion recognition. As an alternative, A-mode ultrasound-based sensing methods have been proposed and have demonstrated great potential. In this paper, we present a finger motion classification method based on deep learning using forearm ultrasound imaging. Since B-mode ultrasound offers 2D visualization of muscle activity, it capture broader anatomical features and reducing sensitivity to transducer placement compared to A-mode ultrasound. Real-time ultrasound images of forearm muscles were acquired during nine predefined finger motions, comprising five single-finger motions and four multi-finger motions. A framework was developed to classify the finger motion. The framework demonstrated high accuracy in recognizing finger motions, with an overall average classification accuracy and an F1 score of 95.64% and 0.9563, respectively. The experimental results demonstrated the feasibility of the proposed method in accurately classifying various finger movements. The proposed method holds potential for various applications such as gesture recognition in virtual reality (VR)/augmented reality (AR), controlling robotic hands, and assisting in medical rehabilitation for finger dexterity.",Yohan Lee; Keunsoo Ko; Jaeyeop Jang; Jung-Min Lee; Changhan Yoon,Scientific reports,2025,Journal Article,eng,retrieved,UNCERTAIN_REQUIRES_SCREENING,TITLE_ABSTRACT_REVIEW_REQUIRED,,,,,,,,
1656,TA-07,41223240,10.1371/journal.pone.0336120,A study protocol for assessing the effects of intangible cultural heritage experiences on human well-being.,"While interventions have been designed which use extended reality (XR) technology in promoting physical, mental and social well-being through cultural heritage experiences, well-defined methodologies for the assessment of such interventions is lacking. We present a protocol for evaluating the usability and effectiveness of an XR system that mediates and facilitates access to intangible cultural heritage experiences. We aim to assess the effects of these experiences on user well-being and attitudes across four case studies: ageing societies, sustainable tourism, disappearing communities, and immigration and multiculturalism. Participants will be randomly assigned to control or intervention groups. The effects of the XR intervention on well-being will be assessed through statistical analysis of the participants' salivary cortisol and cortisone levels, physiological signals, and subjective ratings, both pre- and post-intervention and between control and intervention groups. Usability will be measured through a system usability scale. Speech will be recorded for qualitative and natural language processing analysis. Machine learning models will be developed for prediction of affect and well-being on multimodal data. This is one of the first international and multidisciplinary studies to explore the effects of XR-mediated intangible cultural heritage experiences on well-being and attitudes towards issues of societal importance. One of the main strengths of this study is the range of data modalities it collects, and the range of methods it employs to analyse these data in a complementary manner, including qualitative, statistical and advanced machine learning methods. This protocol offers a method and four case studies to assess the potential of immersive XR experiences and interventions of intangible cultural heritage as contributors to increased well-being and as actors of societal change. It stands as a reference model for further similar interventions in the field.",Alicia Núñez García; Sofia de la Fuente García; Erfan Lowemi; Masood Masoodian; Renata Vieira; Aurea Rodrigues; Saturnino Luz,PloS one,2025,Journal Article,eng,retrieved,UNCERTAIN_REQUIRES_SCREENING,TITLE_ABSTRACT_REVIEW_REQUIRED,,,,,,,,
1657,TA-07,41223104,10.1109/TVCG.2025.3631385,Quality Assessment of 3D Human Animation: Subjective and Objective Evaluation.,"Virtual human animations have a wide range of applications in virtual and augmented reality. While automatic generation methods of animated virtual humans have been developed, assessing their quality remains challenging. Recently, approaches introducing task-oriented evaluation metrics have been proposed, leveraging neural network training. However, quality assessment measures for animated virtual humans not generated with parametric body models have yet to be developed. In this context, we introduce a first such quality assessment measure leveraging a novel data-driven framework. First, we generate a dataset of virtual human animations together with their corresponding subjective realism evaluation scores collected with a user study. Second, we use the resulting dataset to learn predicting perceptual evaluation scores. Results indicate that training a linear regressor on our dataset results in a correlation of 90%, which outperforms a strong deep learning baseline.",Rim Rekik; Stefanie Wuhrer; Ludovic Hoyet; Katja Zibrek; Anne-Helene Olivier,IEEE transactions on visualization and computer graphics,2026,Journal Article,eng,retrieved,UNCERTAIN_REQUIRES_SCREENING,TITLE_ABSTRACT_REVIEW_REQUIRED,,,,,,,,
1658,TA-07,41221830,10.1002/ohn.70062,Integration of Trackerless Surface Reconstruction-Based Surgical Navigation With Exoscopic Trans-Mastoid Surgery.,"A trackerless approach to surgical navigation employing simultaneous localization and mapping (SLAM) algorithms based on surface reconstruction from 3D endoscopy fused with preoperative imaging has been demonstrated to have approximately 1 mm mean surgical navigation errors in the anterior and lateral skull base. This study evaluates the feasibility of a SLAM-based surgical navigation system during combined exoscopic-endoscopic trans-mastoid surgery. Interventional deceased donor cohort study. Tertiary care hospital. Trans-mastoid exoscopic dissections were performed in deceased donor temporal bones. At two operative steps, surface models were reconstructed from stereoscopic exoscopy or endoscopy video, and volumetric computed tomography (CT) models were segmented to generate anatomic models. The surface reconstructions and CT-generated models were coregistered using corresponding features, and accuracy was quantified using four metrics: reconstruction, registration, and exoscope-exoscope or endoscope-exoscope surface-surface (S-S) registration errors. High-fidelity exoscopic surface model reconstruction with coregistration to CT or endoscope surface models was performed after mastoid bone exposure and mastoidectomy in 10 deceased donor temporal bones. The mean (SD) reconstruction, registration, exoscope-exoscope S-S registration, and endoscope-exoscope S-S registration errors in millimeters, respectively, were 0.72 (0.32), 1.43 (0.49), 1.72 (0.59), and 1.49 (0.61). A SLAM-based surgical navigation system can enable accurate localization of anatomic points of interest, which is maintained throughout exoscopic surgical dissection and between alternating use of exoscopy and endoscopy. With further development, this approach to navigation has the potential to provide accurate and continuous navigation data during lateral skull base surgery without compromising surgical efficiency and economy of motion.",Ryan A Bartholomew; Haoyin Zhou; Kyle Mital; Afash Haleem; Drew J Montigny; Timothy R Smith; Jeffrey P Guenette; Jayender Jagadeesan; C Eduardo Corrales,Otolaryngology--head and neck surgery : official journal of American Academy of Otolaryngology-Head and Neck Surgery,2026,Journal Article,eng,retrieved,UNCERTAIN_REQUIRES_SCREENING,TITLE_ABSTRACT_REVIEW_REQUIRED,,,,,,,,
1659,TA-07,41220408,10.1016/j.jcot.2025.103178,International approaches to orthopaedic sports injury education: Advancing clinical practice through global collaboration.,"Sports injuries represent a growing global health challenge, placing substantial demands on healthcare systems and requiring multidisciplinary management. As orthopaedic sports trauma becomes increasingly complex, high-quality education and standardised training are essential to improve prevention, diagnosis, and treatment outcomes. This narrative review aims to analyse current educational models and training pathways in orthopaedic sports injury management worldwide, evaluate the role of technological innovations, and highlight opportunities for international collaboration to enhance clinical practice and education. A wide spectrum of training methods is currently employed, ranging from traditional time-based models to modern competency-based curricula. Innovations such as virtual and augmented reality, simulation-based learning, and e-learning have demonstrated promising results in surgical skill acquisition and knowledge retention. International fellowships and consensus frameworks further contribute to the harmonisation of training standards. However, disparities persist in access to educational resources, healthcare infrastructure, and implementation of new technologies, particularly in low- and middle-income countries. To meet the demands of contemporary orthopaedic sports medicine, educational strategies must evolve through global collaboration, integration of emerging technologies, and commitment to equity. Standardised, multidisciplinary, and evidence-informed training models are needed to ensure optimal patient care and professional competence across diverse healthcare environments.",Filippo Migliorini; Ludovico Lucenti; Michele Mercurio; Leonardo Puddu; Tommaso Bardazzi; Jörg Eschweiler,Journal of clinical orthopaedics and trauma,2025,Journal Article,eng,retrieved,UNCERTAIN_REQUIRES_SCREENING,TITLE_ABSTRACT_REVIEW_REQUIRED,,,,,,,,
1660,TA-07,41218198,10.2196/75327,Wearable Augmented Reality for Nystagmus Examination in Patients With Vertigo: Randomized Crossover Usability Study.,"We demonstrate the feasibility of a wearable, augmented reality-based nystagmus examination system, showing its preliminary diagnostic agreement with conventional video-oculography and its potential for portable vestibular assessment in patients with vertigo.",Ching-Nung Wu; Ming-Che Chen; Chien-Yan Chien; Hsiang-Han Chang; Sheng-Dean Luo; Chung-Feng Hwang; Wan-Jung Chang,Journal of medical Internet research,2025,Journal Article; Randomized Controlled Trial,eng,retrieved,UNCERTAIN_REQUIRES_SCREENING,TITLE_ABSTRACT_REVIEW_REQUIRED,,,,,,,,
1661,TA-07,41216772,10.1002/jhbp.70025,Mixed Reality-Based Education Using a Three-Dimensional Anatomical Model Before and During Transpapillary Pancreatic Duct Stenting.,"Tanisaka and colleagues describe the use of mixed reality-based three-dimensional anatomical models for education and guidance before and during transpapillary pancreatic duct stenting. Using a head-mounted display and hand controllers, clinicians visualize patient-specific pancreatic duct anatomy from multiple perspectives, supporting preprocedural understanding and intraoperative navigation in a technically challenging procedure.",Yuki Tanisaka; Shomei Ryozawa; Takao Itoi; Masafumi Mizuide; Akashi Fujita; Ryuichi Watanabe; Ryosuke Hamamura; Maki Sugimoto,Journal of hepato-biliary-pancreatic sciences,2025,Case Reports; Journal Article,eng,retrieved,UNCERTAIN_REQUIRES_SCREENING,TITLE_ABSTRACT_REVIEW_REQUIRED,,,,,,,,
1662,TA-07,41215459,10.1364/OE.575619,Broadband and wide-angle surface relief gratings for single-waveguide full-color augmented reality displays.,"High diffraction efficiency (DE) surface-relief grating (SRG) has been widely used as an input or output coupler in augmented reality (AR) displays. However, its limited spectral bandwidth and angular response hinder the application for single-waveguide full-color AR glasses. To achieve broadband spectrum and wide angular response simultaneously, in this paper, we propose and optimize the multicoated-layer SRG and multilayer SRG structures based on their device parameters and refractive index. The DE of each proposed SRG is calculated by rigorous coupled-wave analysis (RCWA) and then optimized by the particle swarm optimization (PSO) algorithm. Our simulation results indicate that the multilayer SRGs exhibit an average DE exceeding 87% in both spectrum and angular response, and their angular uniformity across the red, green, and blue colors is better than 84%. To demonstrate its impact on the emerging AR glasses, we apply the optimized SRGs as an in-coupler in a waveguide. Our simulation results indicate that the system efficiency using the proposed multicoated layer and multilayer SRGs as an in-coupler is enhanced by 20% in comparison with traditional SRGs.",Yongziyan Ma; Yuqiang Ding; Yefu Zhang; Po-Sheng Chiu; Seok-Lyul Lee; Shin-Tson Wu,Optics express,2025,Journal Article,eng,retrieved,UNCERTAIN_REQUIRES_SCREENING,TITLE_ABSTRACT_REVIEW_REQUIRED,,,,,,,,
1663,TA-07,41215348,10.1364/OE.570562,Dynamic interactive holography with semantic-aware occlusion modeling from a single RGB image.,"In recent years, computer-generated holography has demonstrated significant potential and research value in emerging display technologies such as virtual reality and augmented reality, owing to its unique advantages in 3D holographic reconstruction and algorithm-driven encoding. However, existing hologram generation methods based on single-view images are primarily designed for ideal Lambertian surfaces, making it difficult to accurately model complex light field behaviors in non-Lambertian materials, such as specular reflections and virtual images. Additionally, these methods often fail to effectively extract the implicit 3D structural information from images, thereby limiting their interactive capabilities. To address these challenges, we propose a semantic-aware interactive holography that generates editable 3D point cloud holograms from a single RGB image, supporting complex occlusion modeling and dynamic interaction. Numerical simulations and optical experiments demonstrate that the proposed method accurately estimates depth in non-Lambertian scenarios such as mirror reflections and underwater objects, enabling dynamic editing and display, and significantly enhancing the realism and interactivity of holographic displays.",Yingqing Huang; Xiaoming Chen; Chaoqun Ma; Xiaoyu Jiang,Optics express,2025,Journal Article,eng,retrieved,UNCERTAIN_REQUIRES_SCREENING,TITLE_ABSTRACT_REVIEW_REQUIRED,,,,,,,,
1664,TA-07,41214485,10.1111/codi.70296,World's first live AI-assisted augmented reality (AR) robotic colon surgery with instrument deocclusion: Navigating the future of surgery.,,Thalia Petropoulou; Jente Simoens; Andreas Polydorou; Pieter De Backer; Alex Mottrie,Colorectal disease : the official journal of the Association of Coloproctology of Great Britain and Ireland,2025,Journal Article,eng,retrieved,UNCERTAIN_REQUIRES_SCREENING,TITLE_ABSTRACT_REVIEW_REQUIRED,,,,,,,,
1665,TA-07,41214001,10.1038/s41598-025-22653-4,Attention guided feature fusion using marine predator algorithm for facial emotion recognition.,"Facial expressions are essential components of human relationships that help us understand the intentions of others. Automated emotion recognition from facial expressions applies to various fields, including human-computer interaction (HCI), healthcare, modern augmented reality, human-robot interaction (HRI), and smart living. Nevertheless, the FER remains challenging due to pose variation, non-uniform illumination, facial accessories, and other factors. Emotion detection using conventional models has shortcomings in the mutual optimization of feature extraction and classification. As a result, artificial intelligence (AI) models are automatically applied for facial emotion recognition (FER). With machine learning (ML) and deep learning (DL) methods, FER enables the automated classification and detection of various emotions, including happiness, anger, sadness, surprise, and more. This paper proposes an Attention-Guided Fusion of Feature Extraction for Emotion Detection through Facial Expressions Using the Marine Predator Algorithm (AFFE-EDFEMPA) approach. The AFFE-EDFEMPA model aims to present an effective system for FER. Bilateral filtering (BF) is initially employed in the image pre-processing stage to improve image quality by eliminating unwanted noise. Furthermore, fusion models such as AlexNet and SqueezeNet implement feature extraction to detect and select relevant features from input data. The AFFE-EDFEMPA model employs a bidirectional long short-term memory with temporal attention (BiLSTM-TA) model for facial emotion classification. Finally, the marine predator algorithm (MPA) optimally adjusts the hyperparameter values of the BiLSTM-TA model, resulting in excellent classification performance. The simulation process is performed to exhibit the promising outcomes of the AFFE-EDFEMPA technique under the FER-2013 and CK + datasets. The experimental validation of the AFFE-EDFEMPA technique illustrated superior accuracy values of 99.22% and 99.13%, outperforming existing models.",Ali Muhammed Aljodea; Hassan Gise,Scientific reports,2025,Journal Article,eng,retrieved,UNCERTAIN_REQUIRES_SCREENING,TITLE_ABSTRACT_REVIEW_REQUIRED,,,,,,,,
1666,TA-07,41210355,10.1016/j.dib.2025.112182,A dataset of exocentric images capturing hand gestures in multiplayer games.,"This dataset presents 7221 exocentric (third-person) frame images of hand gestures recorded during multiplayer tabletop games including Ludo, Poker, and Snakes and Ladders. The recordings were made using a Google Pixel 6a smartphone at 30 frames per second (FPS), and frame images were extracted at a fixed interval of one frame every four seconds. Each extracted image was resized to 512 × 512 pixels. The dataset captures two-, three-, and four-person gameplay sessions under four distinct lighting conditions (natural, white, yellow, and dim), reflecting realistic and varied visual environments. The frames include natural gesture dynamics with motion blur, occlusions, and object manipulations, offering authentic interaction data. This dataset supports research in computer vision, human-computer interaction, and Extended Reality (XR), enabling studies in gesture recognition, hand-object interaction, and occlusion handling. It can also be applied in supervised and unsupervised learning tasks, evaluation of gesture-tracking algorithms, and XR benchmarking for real-world gaming interactions. By providing authentic multi-person interaction footage from consistent top-down viewpoints, this dataset facilitates advancements of gesture recognition systems designed for collaborative environments and interactive gaming applications.",Talukder Hasnat Zadid; Sharia Arfin Tanim; M F Mridha,Data in brief,2025,Journal Article,eng,retrieved,UNCERTAIN_REQUIRES_SCREENING,TITLE_ABSTRACT_REVIEW_REQUIRED,,,,,,,,
1667,TA-07,41210274,10.1016/j.artd.2025.101877,Pelvic Position at Cup Placement Compared With Intraoperative Pelvic Motion in the Lateral Decubitus Position.,"It is important for surgeons to consider the pelvic position at cup placement for accurate cup placement. This position depends on both the pelvic position at set-up and the degree of intraoperative pelvic motion from set-up to cup placement. The present study aimed to characterize and compare the pelvic position at cup placement with intraoperative pelvic motion during primary total hip arthroplasty in the lateral decubitus position. This study also investigated whether the pelvic position at set-up or intraoperative pelvic motion had a greater impact on the pelvic position at cup placement. Pelvic positions were measured in 86 hips using an augmented reality-based portable hip navigation system. The pelvic reference plane was registered in the supine position, and patients were then positioned in the lateral decubitus position for surgery. Pelvic positions were recorded at set-up and at the time of cup placement. Mean pitch and roll angles at cup placement were significantly different from those of intraoperative pelvic motion (P < .001, .009), with greater variations in pitch and roll angles at cup placement. Directional differences in pitch and roll were also observed. Comparison of means showed that the pelvic position at set-up was close to the pelvic position at cup placement for pitch, whereas intraoperative pelvic motion was close to the pelvic position at cup placement for roll. The pelvic position at cup placement differed from intraoperative pelvic motion. The pelvic position at set-up and intraoperative pelvic motion contributed differently to the pelvic position at cup placement.",Hiromasa Tanino; Ryo Mitsutake; Hiroshi Ito,Arthroplasty today,2025,Journal Article,eng,retrieved,UNCERTAIN_REQUIRES_SCREENING,TITLE_ABSTRACT_REVIEW_REQUIRED,,,,,,,,
1668,TA-07,41209325,10.1039/d5ra04477d,Genetic algorithm-accelerated computational discovery of liquid crystal polymers with enhanced optical properties.,"Liquid crystal polymers with exceptional optical properties are highly promising for next-generation virtual, augmented, and mixed reality (VR/AR/MR) technologies, serving as high-performance, compact, lightweight, and cost-effective optical components. However, the growing demands for optical transparency and high refractive index in advanced optical devices present a challenge for material discovery. In this study, we develop a novel approach that integrates first-principles calculations with genetic algorithms to accelerate the discovery of liquid crystal polymers with low visible absorption and high refractive index. By iterating within a predefined space of molecular building blocks, our approach rapidly identifies reactive mesogens that meet target specifications. Additionally, it provides valuable insights into the relationships between molecular structure and properties. This strategy not only accelerates material screening but also uncovers key molecular design principles, offering a systematic and scalable alternative to traditional trial-and-error methods.",Jianing Zhou; Yuge Huang; Arman Boromand; Keian Noori; Lafe Purvis; Chulwoo Oh; Lu Lu; Zachary W Ulissi; Vahe Gharakhanyan; Xinyue Zhang,RSC advances,2025,Journal Article,eng,retrieved,UNCERTAIN_REQUIRES_SCREENING,TITLE_ABSTRACT_REVIEW_REQUIRED,,,,,,,,
1669,TA-07,41207912,10.1038/s41391-025-01024-0,Augmented Reality PSMA-3D guided robotic pelvic lymph node dissection (PLND) in prostate cancer patients.,"Intraoperative identification of suspicious lymph node metastases (LNM) detected at PSMA-PET is key to achieve optimal surgical outcomes of robot-assisted radical prostatectomy (RARP) with pelvic lymph node dissection (PLND). We aim to describe a novel technique of augmented reality (AR)-PSMA-3D guided PLND based on preoperative PSMA-PET for real-time identification of LNM. Thirteen patients with high-risk PCa and miN1-2 or miM1a disease at PSMA-PET were prospectively enrolled. 3D segmentation model including suspicious LNM was created from PSMA-PET images. Patients underwent RARP with AR-PSMA-3D guided PLND for real-time intraoperative identification of suspicious LNM. Pathologic examination was used as reference standard. Four (30%) men had suspicious LNM at PSMA-PET outside the field of the PLND template. The AR-PSMA-3D guided PLND allow to dissect each region with suspected LNM at PSMA-PET with no intraoperative complications. Nine (69%) patients had pN1 disease and three (23%) men had nodal metastases outside the PLND template. The sensitivity, specificity, PPV, NPV and AUC of AR-PSMA-3D guided PLND at a per-region analysis were 69%, 90%, 52%, 95% and 0.79, respectively. low spatial resolution of PSMA-PET for micro-metastases and the need for manual alignment of the 3D model. AR-PSMA-3D guidance for PLND in patients with miN1-N2-M1a disease at PSMA-PET allows to facilitate the resection of suspicious LNM including those outside the PLND template. We propose a novel technique combining AR and PSMA-PET 3D models to guide PLND during RARP in PCa patients. The AR-PSMA-3D guidance for PLND allows a promising real-time identification of suspicious nodes, even outside the PLND template.",L Bianchi; A Mottaran; B Bortolani; L Cercenelli; A Farolfi; R Scarlatti; P Piazza; M Ragni; M Droghetti; F Chessa; M Salvador; C Gaudiano; F Giunchi; M Barbagallo; A Borriello; M Fiorentino; P Castellucci; C Mosconi; E Marcelli; S Fanti; R Schiavina; E Brunocilla,Prostate cancer and prostatic diseases,2025,Journal Article,eng,retrieved,UNCERTAIN_REQUIRES_SCREENING,TITLE_ABSTRACT_REVIEW_REQUIRED,,,,,,,,
1670,TA-07,41204887,10.1111/jopr.70054,Augmented-reality-assisted intraoral scanning: An andragogical study.,"The aims of the present study were to (a) compare the scanning time and image count to complete optical scans of a typodont between augmented-reality-assisted intraoral scanning (ARIOS) and intraoral scanning (IOS), (b) compare the precision of the scan data derived from ARIOS and IOS, (c) compare participant-related outcomes between ARIOS and IOS, and (d) evaluate the effect of andragogical training in enhancing operator proficiency. A multisession within-subject experiment was conducted to compare ARIOS and IOS. Twenty-five dental students participated in the study. A training session was done to procure familiarity with both experimental conditions. The trial session consisted of each participant performing three sets of optical scans of a typodont under ARIOS and IOS. The time required to complete the scan and the number of images taken were recorded. Participant feedback was collected by means of entry, exit, and NASA-Task Load Index surveys. Precision of the scanned data was measured in root mean square (RMS). The present study observed a 7:3 preference for ARIOS at the exit survey. Scanning efficacy from ARIOS to IOS found an 8.5% decrease in mandibular scanning time, a 10.5% decrease in maxillary scanning time, an 8.6% decrease in mandibular scanning image count, and a 9.3% decrease in maxillary image count in favor of ARIOS. Precision of the scan data between ARIOS and IOS was comparable in RMS. Andragogical practice of training enhanced participants' proficiency with ARIOS. ARIOS was advantageous compared to IOS in scanning efficacy, ergonomics, ease of use, and overall workload.",Seung Jun Song; Brynn Gwartzman; Derek Lee; Jared Urban; Steven K Feiner; Irena Sailer,Journal of prosthodontics : official journal of the American College of Prosthodontists,2026,Journal Article; Comparative Study,eng,retrieved,UNCERTAIN_REQUIRES_SCREENING,TITLE_ABSTRACT_REVIEW_REQUIRED,,,,,,,,
1671,TA-07,41201926,10.1109/TNSRE.2025.3630557,Effects in Brain Symmetry and Functional Connectivity of tDCS Combined With XR in Chronic Stroke.,"This study examines the effects of combining transcranial direct current stimulation (tDCS) with extended reality (XR) exercises on brain connectivity and motor recovery in chronic stroke. We evaluate changes in electroencephalography (EEG) based connectivity and symmetry parameters, their correlation with clinical improvements, and their prognostic potential. Participants underwent XR rehabilitation with either active anodal tDCS or sham stimulation. EEG connectivity metrics and symmetry indices were assessed before and after the intervention alongside upper and lower limb motor function assessments. Correlation analyses were conducted to examine associations between EEG variations and motor improvements. As results, significant reductions in the brain symmetry index and the directional brain symmetry index were observed in the active tDCS group in the alpha, beta, and gamma EEG frequency bands, indicating an increase in symmetry after rehabilitation. Comparing the evolution of EEG features with clinical variations, in the active tDCS group greater correlations of changes in high frequency connectivity with upper and lower limb improvements were found. In conclusion, the addition of anodal tDCS to XR therapy seems to enhance neuroplasticity by modulating high-frequency power and connectivity, possibly also promoting more effective motor recovery. This study provides a comprehensive analysis of tDCS-enhanced XR rehabilitation, offering novel insights into brain connectivity changes and potential biomarkers for stroke recovery.",Bruna M Carlos; Pedro F G de Vazquez; Lucas T Menezes; Saulo S Feitosa; Marcio V N da Silva; Sara R M Almeida; Jayne A F Silvestre; Larissa L Pontes; Alexandre F Brandao; Cassio V Ruas; Gabriela Castellano,IEEE transactions on neural systems and rehabilitation engineering : a publication of the IEEE Engineering in Medicine and Biology Society,2025,"Journal Article; Research Support, Non-U.S. Gov't",eng,retrieved,UNCERTAIN_REQUIRES_SCREENING,TITLE_ABSTRACT_REVIEW_REQUIRED,,,,,,,,
1672,TA-07,41199103,10.1007/s40519-025-01797-2,Pilot study: PORTION-O-MAT-a mixed reality solution for investigating perceptual and behavioural abnormalities during food portioning in adolescents with anorexia nervosa.,"Anorexia nervosa (AN) is a severe eating disorder characterized by perceptual distortions and restrictive eating behaviours. This pilot study examines portion size estimation in adolescent AN patients using a mixed-reality (MR) approach. The objective is to evaluate the potential of this method for the assessment and treatment of AN, with a particular focus on its ecological validity and its applicability for investigating portion size estimation. A total of 30 female participants were recruited: 15 adolescent AN patients and 15 healthy adults as pretest. Participants engaged in a simulated meal assembly task within an MR environment, adjusting portion sizes of virtual food components to match a ""typical"" meal size (100%). Decision-making patterns and self-reported eating disorder symptoms were recorded. Statistical analyses included descriptive statistics, group comparisons and correlation analysis to examine associations between clinical variables and portion sizes, decision-making time and other decision parameters. AN patients consistently selected significantly smaller portion sizes than healthy adults, particularly for high-calorie foods. No significant differences were observed in decision-making time or uncertainty indicators. The findings support the hypothesis that AN patients exhibit altered food perception in the sense that they tend to overestimate the size of visually presented food portions. The MR approach proved effective in simulating meal selection, Future studies should include larger and more diverse samples and incorporate real food intake to further validate these results.",Jessica Gutheil; Oliver Kratz; Martin Diruf; Stefanie Horndasch,Eating and weight disorders : EWD,2025,Journal Article,eng,retrieved,UNCERTAIN_REQUIRES_SCREENING,TITLE_ABSTRACT_REVIEW_REQUIRED,,,,,,,,
1673,TA-07,41197867,10.1016/j.jvir.2025.107907,Augmented Reality Visualization in Musculoskeletal Interventions: User Feedback and Ergonomic Impact on Needle Placement Procedures.,"In this retrospective review, a head-mounted augmented reality (AR) display was investigated to evaluate its clinical usability and ergonomic benefits across multiple musculoskeletal image-guided procedures. Data were collected through an electronic survey with 5-point Likert scale (n = 9) and single-user motion analysis. Nine interventional radiologists rated their experience in procedures including drainage, biopsy, endovascular procedure, ablation, and cement augmentation. Kinematic data were obtained from 14 needle placement procedures (10 kyphoplasties and 4 spinal biopsies), comparing sessions with AR enabled (n = 7) versus without AR (n = 7). User feedback indicated high comfort (median Likert score, 5), ease of use (median Likert score, 4), and positive ergonomic impact (median Likert score, 5), with 66% reporting improved ergonomics. Motion analysis revealed procedures without AR required more frequent (P = .003) and greater magnitude (P = .0002) head turns during image-guided needle advancement. AR demonstrated improvements in ergonomic efficiency and user satisfaction for musculoskeletal interventional procedures, although image quality refinement could enhance clinical adoption.",Afareen Jaleel; Ruben Geevarghese; Megan Worthington; Liwei Jiang; Jonathan Latzman; Debkumar Sarkar; Javin Schefflein; Francois H Cornelis,Journal of vascular and interventional radiology : JVIR,2026,Journal Article,eng,retrieved,UNCERTAIN_REQUIRES_SCREENING,TITLE_ABSTRACT_REVIEW_REQUIRED,,,,,,,,
1674,TA-07,41197006,10.2106/JBJS.CC.24.00616,Use of a Mixed-Reality Navigation System During Implantation of Custom Triflange Component in Revision Total Hip Arthroplasty: A Case Report.,"A 77-year-old woman with chronic pelvic discontinuity and type IIIB acetabular bone loss after right hip hemiarthroplasty underwent acetabular reconstruction using a custom triflange acetabular component. A mixed-reality image-based navigation system was used intraoperatively to guide bone loss assessment and component placement. As far as we know, this is the first report of this technology in custom triflange reconstructions. Reconstruction of acetabular bone loss is challenging. Mixed-reality systems may improve intraoperative decision making, surgical efficiency, and outcomes in this vulnerable population.",Shawn Kaura; Matthew Stein; Samuel Wellman; Michael Bolognesi; Sean Ryan,JBJS case connector,2025,Journal Article; Case Reports,eng,retrieved,UNCERTAIN_REQUIRES_SCREENING,TITLE_ABSTRACT_REVIEW_REQUIRED,,,,,,,,
1675,TA-07,41195372,10.1177/20552076251388404,A new reality for telehealth: A simulation-based comparison of wearable mixed reality with videoconferencing for clinician-to-clinician telehealth.,"Telehealth is crucial to the provision of high-quality treatment of critically unwell patients in rural areas. Our aim was to explore the benefits and limitations of a mixed reality (MR) headset for clinician-to-clinician telehealth in a simulated rural context, in which the advising clinician directly views the treating clinician's point-of-view and uses holographic annotations to provide visual guidance in three-dimensional space. Twenty-five clinicians trialled a MR headset-the Microsoft HoloLens 2-and evaluated it against a trolley-based videoconferencing device used in current practice. Each participant trialled the devices while role-playing one of two perspectives: the Rural Clinician accessing support or the Advising Clinician providing support. Advising Clinicians had higher ratings of usability and self-efficacy, and lower ratings of mental workload, when providing support via the MR headset compared to the videoconferencing trolley (ps < 0.035). However, Rural Clinicians rated the MR headset lower on usability compared to the videoconferencing trolley (p = 0.020), and rated their self-efficacy and mental workload equally when using both devices (ps > 0.253). Participants generally preferred to use the MR headset over the videoconferencing trolley. On average, scenarios took 1 minute longer to complete when using the MR headset (p < 0.001). Wearable MR technology has the potential to improve the quality of support provided to rural clinicians; however, it may be more beneficial for those dialling in to the device (advising clinicians) rather than those wearing the device (rural clinicians). Factors that may limit its safety and efficiency are discussed.",Chiara Santomauro; Daniel Best; Beth Wray; Felicity Burgmann; Tricia Pilotto; Sarah Pearce; Mia McLanders,Digital health,2025,Journal Article,eng,retrieved,UNCERTAIN_REQUIRES_SCREENING,TITLE_ABSTRACT_REVIEW_REQUIRED,,,,,,,,
1676,TA-07,41191829,10.5489/cuaj.9286,Enhancing surgical capacity in the low- to middle-income countries An initial report of a Global Surgery Partnership Initiative in pediatric and reconstructive urology using a mixed-method approach.,"Pediatric and adult reconstructive urology remain underrepresented in global surgical efforts, despite their critical role in restoring genitourinary function. This global surgery initiative aimed to address the gap in specialized urologic care in low- to middle-income countries (LMICs) through a longitudinal, mentorship-based approach integrating augmented reality (AR) telementoring. This report describes an approach used to enhance global surgical expertise in LMICs and summarizes data documenting impact. A Global Surgery Partnership Initiative was launched by an academic surgeon from the University of Toronto to address the lack of specialized pediatric and reconstructive urologic training. Through collaboration with local institutions in the Philippines and Vietnam, the program employed a mixed-method approach that delivered longitudinal mentorship, combining virtual case conferences, in-person surgical mentoring, pilot of AR-supported telementoring, and continuous postoperative coaching. Patient outcomes were assessed and mentees self-reported pre- and post-intervention surveys evaluating comfort and technical understanding. Descriptive statistics and paired t-tests were used to analyze outcomes. Thirty-eight pediatric and adult reconstructive urology cases were performed. Over time, operative times and length of stay decreased, with low complication rates (6/38, 12.7%) and Clavien-Dindo ≥3 complications (3/38, 8%). Mentee comfort and understanding significantly improved (mean comfort score: 3.06 to 6.77; technical understanding: 4.77 to 8.43; p<0.001). AR-assisted mentoring, introduced in 2022 and expanded in 2024, showed feasibility, with further enhanced intraoperative feedback and sustainability. This structured, mixed-method model effectively improved surgical competencies and system-level capacity in LMICs. Unlike short-term missions, this initiative emphasized continuity, adaptability, and sustainability. It presents a scalable framework for integrating reconstructive urology into global health programs while leveraging AR to overcome geographic and resource limitations.",Michael E Chua; Kate Luzelle Aba; Kay Rivera; Anh Dao Nguyen; Mandy Rickard; Joao Pippi Salle; Armando Lorenzo; Ellen C Chong; Manuel C See,Canadian Urological Association journal = Journal de l'Association des urologues du Canada,2026,Journal Article,eng,retrieved,UNCERTAIN_REQUIRES_SCREENING,TITLE_ABSTRACT_REVIEW_REQUIRED,,,,,,,,
1677,TA-07,41191453,10.1177/15533506251393422,Mixed Reality for Localisation of Rib Fractures Before Surgical Stabilization: A Pilot Study of an Innovative Tool.,"BackgroundAccurate localisation of rib fractures is crucial for successful surgical stabilisation of rib fractures (SSRF). Mixed reality (MR) technology can overlay anatomical imaging onto a patient in real-time, which may facilitate the visualisation of rib fractures, allowing accurate skin surface markings for incision. This pilot study assessed the feasibility of using mixed reality (MR) for rib fracture localisation in SSRF.MethodsThis study involved a pre-clinical phase with two healthy patients and a clinical phase with six patients undergoing SSRF in a single tertiary trauma centre. CT scans were transformed into patient-specific 3D holographic models, which were projected through Microsoft HoloLens2TM (HL2) onto the patient after anatomical calibration. The study assessed hologram projection, number of fractures identified, time taken, and distance from skin marking to the fracture site. Iterative improvements to the MR system were implemented throughout the study.ResultsStable and accurate hologram projection was achieved in both phases. In the clinical portion, MR identified 54 rib fractures, including subscapular fractures, compared to 30 identified by US. The mean time to mark all fractures was 9.07 minutes for MR and 10.02 minutes for US. The mean displacement from skin marking to the fracture site was 2.89 cm for MR and 2.04 cm for US. Technical challenges included distorted surface anatomy and positional variations.ConclusionMR technology in the setting of SSRF is feasible and facilitates de-novo visualisation of rib fractures. Technical limitations must be addressed before widespread clinical use.",Jineel H Raythatha; Alireza Moghadam; Hoijoon Jung; Ge Jin; Jinman Kim; Jeremy Hsu,Surgical innovation,2026,Journal Article,eng,retrieved,UNCERTAIN_REQUIRES_SCREENING,TITLE_ABSTRACT_REVIEW_REQUIRED,,,,,,,,
1678,TA-07,41191257,10.1007/s40615-025-02719-9,Patient-Provider Communication and Health Disparities: An Experiment Exploring Language Proficiency and Communication Accommodation.,"Effective communication is critical for equitable healthcare delivery. In situations where there is language discordance between patients and providers, with one person speaking a shared language more proficiently, communication challenges may exacerbate disparities, particularly for racially or ethnically minoritized patients. Even when patients and providers are both fluent enough in English to not need interpretation, communication challenges intensify when patients are required to use their second language (L2) to interact with a native English (L1) speaking healthcare provider. Communication accommodation encompasses speech adjustments used to mitigate these barriers. Because communication accommodation strategies are not explicitly taught in healthcare training, it is unknown how healthcare providers adjust and the role a patient's English proficiency plays in guiding provider language choices. This experimental study tested how L1 physician assistant students modify their communication during intake interviews with Latine L2 avatar patients of varying English proficiency, using the mixed-reality simulation platform Mursion. Data from 41 physician assistant students in 2023-2024 were analyzed for acoustic (i.e., speech rate, pitch modulation) and lexical adjustments (i.e., word frequency, contextual diversity). Results revealed significant accommodations: students reduced their speech rate, narrowed their pitch range, and used higher-frequency vocabulary when interacting with lower-proficiency L2 avatars. The results demonstrate that communication accommodation occurs and could be a potential mechanism for the widening or narrowing of healthcare disparities in patient outcomes. Future work should consider identifying which accommodations improve patients' comprehension of medical advice and their relationships with healthcare providers.",Kathrin Rothermich; Rose P Baker-Iyore; Dai'Sha Dowson; Hannah Ragsdale; Elisha Eanes; Makyah McNeill; Mi Hwa Lee; Deeonna E Farr; Audrey Eaves; Joseph G L Lee; Susan C Bobb,Journal of racial and ethnic health disparities,2025,Journal Article,eng,retrieved,UNCERTAIN_REQUIRES_SCREENING,TITLE_ABSTRACT_REVIEW_REQUIRED,,,,,,,,
1679,TA-07,41188632,10.1007/s00405-025-09683-4,Is 2D-augmented reality precise enough for middle ear endoscopic surgery?,"Augmented reality in the operating room enhances surgical precision. Merging information from preoperative 3D imaging into the real-time video during surgery allows for better visualization of critical structures. Displaying an augmented real-time video on a screen requires a 2D/3D to 2D image registration as a preliminary step. An accurate error estimation is crucial for evaluating the system's performance. A reprojection error estimation has been commonly calculated based on a pinhole camera model, which does not accurately represent the optical properties of an endoscope or an operative microscope. In our work, a system for registering a CT-scan to a 2D-otoendoscopic video was evaluated. This system was designed for use in an augmented reality setup for ear surgery. Evaluation was performed using the target registration reprojection error measurement. A comparison between the pinhole camera model and the thin-lens model was conducted. Additionally, a quantification formula for the target registration reprojection error was established and the parameters affecting it were analyzed. Specifically, the target's distance from the camera lens and its angle of alignment with the optical axis were assessed. Five human ear resin models bearing spherical Markers with their corresponding CT-scans were used. The estimated error with the thin-lens model was 0.65 ± 0.52 mm versus 0.79 ± 0.60 mm with the pinhole model (18% of difference). Target registration reprojection error tended to be correlated to the distance from the camera lens. In conclusion, both the target-lens distance and the target alignment influence the target registration reprojection error measurement. The choice of the optical model affects significantly the error estimation, and the thin-lens model should be preferred in endoscopic applications. Based on the results, the tested augmented reality system is compatible with ear surgery.",Ali Taleb; Caroline Guigou; Alain Lalande; Alexis Bozorg Grayeli,European archives of oto-rhino-laryngology : official journal of the European Federation of Oto-Rhino-Laryngological Societies (EUFOS) : affiliated with the German Society for Oto-Rhino-Laryngology - Head and Neck Surgery,2026,Journal Article,eng,retrieved,UNCERTAIN_REQUIRES_SCREENING,TITLE_ABSTRACT_REVIEW_REQUIRED,,,,,,,,
1680,TA-07,41188502,10.1038/s41598-025-24603-6,Portable mixed reality navigation system for neurosurgery: a clinical feasibility study.,"This study aimed to develop a portable mixed reality navigation (PMRN) system for neurosurgery and assess its feasibility, providing design insights for the optimization and wider adoption of mixed reality navigation. The PMRN system linked a head-mounted display (HMD) and a portable laptop via a router, forming a local network. Active infrared tracking enabled real-time localization of a custom surgical probe. Accuracy was first tested in a laboratory using simulation models, then evaluated in a prospective clinical study of 42 patients with intracranial lesions. Clinically, the probe of a traditional optical navigation (TON) system was placed at PMRN-localized targets, and the Euclidean distance between the two systems was measured to quantify localization error. Doctors also subjectively assessed the alignment of mixed reality holograms with patient anatomy to evaluate reliability. In laboratory testing, two doctors each performed 10 simulated head model localizations, with an average time of under 5 min. The times decreased with practice and stabilized at approximately 3.5 min. The maximum fiducial registration error (FRE) and target registration error (TRE) were 2.5 mm and 2.3 mm, respectively, with no significant difference between doctors. In the clinical study (n = 42 patients), the mean localization time was 4.3 ± 1.0 min, the FRE was 2.2 ± 0.7 mm, and the TRE was 1.7 ± 0.5 mm. Doctors rated the hologram-patient alignment as satisfactory in 40 cases (95%); the remaining two cases showed a 3 mm deviation, which was attributed to slight patient movement or reduced device performance in low-battery mode. The PMRN system is portable, easy to use, and achieves millimeter-level accuracy in neurosurgical procedures with high surgeon satisfaction. It meets the needs of most routine operations but requires further refinement for submillimeter-precision procedures. These results confirm its clinical feasibility and support its further development and adoption in mixed reality neurosurgical navigation.",Zhongjie Shi; Yilong Peng; Xin Gao; Xiaojun Li; Gang Chen; Shujie Sun; Zhanxiang Wang,Scientific reports,2025,Journal Article,eng,retrieved,UNCERTAIN_REQUIRES_SCREENING,TITLE_ABSTRACT_REVIEW_REQUIRED,,,,,,,,
1681,TA-07,41188476,10.1038/s41598-025-22565-3,The clinical value and application of augmented reality navigation in brachial plexus schwannoma.,"This study aimed to introduce the application of magnetic resonance imaging (MRI)-derived augmented reality (AR) navigation in the surgical treatment of brachial plexus schwannomas and to evaluate and statistically analyze their clinical outcomes. Preoperative MRI data were converted into 3D reconstructions and AR holograms. Using mixed-reality glasses, surgeons employed these reconstructions for intraoperative tumor localization and surgical planning. Outcomes were assessed through structural visualization metrics (tumor, arteries, veins, and nerves) and clinical parameters (incision length, operative time, intraoperative blood loss, postoperative complications, satisfaction, and Quick-DASH scores). Twelve patients (mean age 44.75 ± 3.76 years) successfully underwent tumor resection. Compared to conventional MRI, AR demonstrated superior visualization of tumors (p < 0.0001), arteries (p = 0.0004), veins (p < 0.0001) and nerves (p < 0.0001). Although there was no significant change in incision length, intraoperative blood loss and Quick-DASH, AR navigation significantly reduced operative time (p = 0.04) and improved satisfaction score (p = 0.03). AR navigation enables intuitive surgical planning to circumvent critical neurovascular structures, thereby enhancing procedural safety for brachial plexus schwannoma resection, which makes it a promising adjunctive technique.",Zirui Yu; Wanling Zheng; Peng Peng; Lingkang Zhu; Xuanyu Zhao; Sihan Hu; Huali Zhao; Yanqun Qiu,Scientific reports,2025,Journal Article,eng,retrieved,UNCERTAIN_REQUIRES_SCREENING,TITLE_ABSTRACT_REVIEW_REQUIRED,,,,,,,,
1682,TA-07,41185567,10.1017/S0022215125103745,The use of Microsoft HoloLens 2 in teaching clinical paediatric ENT: a modern approach to reducing child distress.,"Clinical exposure is vital in medical education, but in paediatric otolaryngology traditional bedside teaching can cause children distress and fatigue. Augmented reality technology offers a solution to enhance learning while reducing these challenges. This study evaluated the feasibility of using Microsoft HoloLens 2 augmented reality technology in clinical paediatric ENT to reduce children distress during bedside teaching. An 18-month pilot study at Alder Hey Children's Hospital involved 109 4th-year medical students from the University of Liverpool. Students participated in virtual ward round sessions, where one student performed a clinical review using HoloLens 2, while others observed and interacted remotely. Feedback from students, patients and parents was collected verbally and via questionnaires. Overall, 69 per cent of students rated the augmented reality session as equivalent or better than traditional bedside teaching. Most students (87 per cent) had no prior experience with augmented reality, yet found it engaging and beneficial. Parent reported reduced stress for their children. Augmented reality using HoloLens 2 is a promising tool for teaching clinical paediatric ENT, providing an immersive, child-friendly learning experience. While effective, high costs and technical challenges may restrict wider implementation. Future studies should explore further integration of augmented reality in medical education.",Nathan Richard Walker; Timothy Davies; Joey Ridgley-Vaidya; Umarah Muhammad; Madhankumar Krishnan,The Journal of laryngology and otology,2025,Journal Article,eng,retrieved,UNCERTAIN_REQUIRES_SCREENING,TITLE_ABSTRACT_REVIEW_REQUIRED,,,,,,,,
1683,TA-07,41185253,10.1364/OL.569584,"High-quality, depth-cue-enhanced lensless holographic near-eye displays via pupil optimization.","Holographic near-eye displays (NEDs) offer a promising pathway toward compact and immersive virtual and augmented reality (VR/AR) systems by enabling natural 3D perception through wavefront reconstruction. Although advances in computational algorithms have improved image quality and real-time performance, practical implementations of holographic NEDs still face challenges in achieving high-quality reconstruction and apparent depth cues without bulky optics. In this Letter, we propose what we believe to be a novel multi-aperture pupil optimization algorithm tailored for lensless holographic NEDs that enhances reconstructed image quality and depth perception. The method is validated through simulations and optical experiments.",Jie Zhou; Shuyang Xie; Lei Jiang; Yimou Luo; Yang Wu; Jun Wang,Optics letters,2025,Journal Article,eng,retrieved,UNCERTAIN_REQUIRES_SCREENING,TITLE_ABSTRACT_REVIEW_REQUIRED,,,,,,,,
1684,TA-07,41185191,10.1364/OL.575356,Structural design and optimization of quantum dot color conversion layers for AR microdisplays.,"Augmented reality (AR) applications demand directionally high light conversion efficiency (LCE) from micro-LED quantum dot (QD) displays. We address this need by presenting a structural integration scheme that overcomes reabsorption loss and non-directional emission. Our comprehensive optical simulation study demonstrates that an optimal QD film thickness mitigates reabsorption, and integrating a side reflective bank and a top distributed Bragg reflector (DBR) significantly enhances LCE and improves light extraction. Crucially, by optimizing a micro-lens directly on the QD pixel, we achieve highly directional emission within a ±20∘ acceptance angle, increasing the ±20∘ LCE from 5.38% to an impressive 19.45%. Our findings reveal that combined structural engineering is essential for high-performance AR-compatible micro-LED QD displays.",Shulin Chen; Shuming Zhang; Jiahao Kang; Liang Zhang; Runan Zhang; Juejun Xue; Ze Yuan,Optics letters,2025,Journal Article,eng,retrieved,UNCERTAIN_REQUIRES_SCREENING,TITLE_ABSTRACT_REVIEW_REQUIRED,,,,,,,,
1685,TA-07,41184432,10.1038/s41598-025-22253-2,Making smartglasses accessible: perspectives and prototypes from co-design with people with aphasia.,"Smartglasses are set to become a mainstream consumer technology in the near future. However, emerging technologies often overlook the accessibility needs of users with disabilities and older adults, increasing the risk of alienation and marginalization of these vulnerable communities. To address this tension, we conducted three co-design workshops with people living with aphasia (N=14) to examine their perspectives on smartglasses, envision potential applications, and identify anticipated barriers. Co-designers proposed and prototyped a variety of smartglass applications for both general and aphasia-specific support. However, co-designers also raised concerns about interaction difficulties and the socially conspicuous form-factor of current smartglass designs. Additionally, we evaluated smartglass functionalities using a mixed reality HoloLens head-mounted display (HMD). While participants expressed enthusiasm, qualitative and quantitative findings revealed mixed reactions. The standard hands-free interaction of the HoloLens was perceived as publicly awkward and deemed inaccessible for participants with vision impairments or post-stroke paralysis. Our findings highlight the need for more inclusive design practices to ensure emerging smartglasses empower all users.",Humphrey Curtis; Timothy Neate,Scientific reports,2025,Journal Article,eng,retrieved,UNCERTAIN_REQUIRES_SCREENING,TITLE_ABSTRACT_REVIEW_REQUIRED,,,,,,,,
1686,TA-07,41184139,10.14444/8817,Overlay of Nerve Roots to Aid in Augmented Reality-Guided L4 to L5 Transforaminal Interbody Fusion: A Methodologic Pilot.,"Minimally invasive transfacet transforaminal lumbar interbody fusion (TF-TLIF) offers advantages over open approaches, including reduced tissue disruption and faster recovery. However, limited visualization increases the risk of neural injury, particularly to the exiting nerve roots and thecal sac. This case report illustrates the integration of augmented reality (AR) to enhance real-time visualization during TF-TLIF. A 53-year-old man with symptomatic L4 to L5 spondylolisthesis underwent AR-assisted TF-TLIF. Preoperative imaging included magnetic resonance imaging, computed tomography, and advanced neurography sequences (Multi-Echo iN Steady-state Acquisition, Short Tau Inversion Recovery, and Dixon T1), which were used to generate a 3D model of critical anatomy. A safe transfacet trajectory was planned preoperatively and overlaid onto the surgical field through the operative microscope, using intraoperative 3D imaging for registration. Intraoperative neurophysiological monitoring complemented visual guidance. AR enabled continuous visualization of neural structures during drilling, discectomy, and cage placement. The patient had no complications and was discharged on postoperative day 1 without new neurological deficits. While limited to a single case, this report demonstrates the feasibility of AR-assisted TF-TLIF. This technology may serve as a promising adjunct in minimally invasive spine surgery. Further studies are needed to assess the impact on efficiency and outcomes.",Okba Ghellab; Andreas Seas; Eric Shaker; Alyssa M Bartlett; Mounica Paturu; Evan Calebrese; Muhammad M Abd-El-Barr,International journal of spine surgery,2025,Journal Article,eng,retrieved,UNCERTAIN_REQUIRES_SCREENING,TITLE_ABSTRACT_REVIEW_REQUIRED,,,,,,,,
1687,TA-07,41180552,10.1002/jeo2.70474,"Mixed reality enhances interobserver reliability in tibial plateau fracture classification compared to computed tomography, 3D computed tomography and 3D printing.","Tibial plateau fractures present a diagnostic challenge due to complex morphology and demanding anatomy. Reliable diagnosis is essential for treatment planning and clinical outcomes. Prior studies showed benefits of 3D computed tomography (3DCT) and 3D printing (3DP) using CT-based systems, but the potential of mixed reality (MR) remains unexplored. This study tested the hypothesis that MR enhances spatial understanding of fracture morphology, thereby improving interobserver reliability and diagnostic confidence across modern classification systems compared to CT, 3DCT and 3DP. Twenty-two intra-articular tibial plateau fractures (Arbeitsgemeinschaft Osteosynthese [AO]/OTA type B or C) were assessed using four visualisation modalities: (1) CT, (2) 3D reconstructions, (3) 3D-printed models and (4) MR holograms (Microsoft HoloLens 2). Twelve raters (six junior and six senior surgeons) classified each fracture using AO/OTA, 10-segment and revisited Schatzker systems and rated their diagnostic confidence using a 5-point Likert scale. Interobserver reliability was measured via kappa coefficients and percentage match. Differences were analysed using one-way analysis of variance (p < 0.05). MR demonstrated the highest interobserver reliability for all classification systems: AO/OTA (0.43 vs. 0.32 for CT), 10-segment (0.17 vs. 0.11) and revisited Schatzker (0.43 vs. 0.24). Diagnostic confidence for AO/OTA differed significantly between modalities (p = 0.045), with the highest values observed for 3DP (76%) and MR (58%) compared to CT (47%). Revisited Schatzker showed the largest reliability gain, though confidence declined compared to 3DP (59% vs. 34%). MR improved classification reliability and diagnostic confidence for tibial plateau fractures compared to CT, 3DCT and 3DP. The effect was most evident in less-experienced surgeons, indicating MR's value for surgical training and preoperative planning. Further research should explore MR's integration into education and its impact on clinical outcomes. Level II.",Tobias Dust; Julian-Elias Henneberg; Maximilian J Hartel; Tobias Malte Ballhause; Christian Arras; André Strahl; Johannes Keller; Anna Streckenbach; Karl-Heinz Frosch; Matthias Krause,Journal of experimental orthopaedics,2025,Journal Article,eng,retrieved,UNCERTAIN_REQUIRES_SCREENING,TITLE_ABSTRACT_REVIEW_REQUIRED,,,,,,,,
1688,TA-07,41176418,10.1016/j.medengphy.2025.104409,Fast geometric deep learning for intraoperative soft tissue deformation estimation: Towards real-time AR guidance in liver surgery.,"The real-time computation of the intraoperative spatial positioning of soft tissues, particularly those not visible within the body, such as blood vessels, is crucial for augmented reality navigation systems. Conventional biomechanical models face challenges in real-time computation and the acquisition of boundary conditions. A novel deep learning framework is proposed, integrating an optimized PointNet++ architecture for modelling liver and vascular deformation. The framework utilizes multi-scale feature extraction, lightweight self-attention mechanisms, and residual feature propagation to predict vascular displacement fields and normal vectors. A hybrid loss function that integrates Chamfer distance and MSE losses improves geometric consistency and deformation accuracy. The proposed approach, utilizing finite element method (FEM)-simulated datasets of liver stretching procedures, exhibits enhanced performance with root mean square errors (RMSE) of 2.78 ± 0.69 mm for hepatic veins and 1.81 ± 0.74 mm for portal veins. This method surpasses conventional techniques by 37.5% in accuracy and reduces inference time to 0.25 seconds. The optimized network exhibits a computation speed that is 83.9% faster than leading non-rigid registration algorithms. Subsequent tumour localization experiments demonstrate a targeting accuracy of 3.2 mm via vascular topology analysis, confirming clinical relevance. This research develops an effective framework for predicting deformation in real-time, providing a significant advancement for navigation in AR-guided hepatobiliary surgery.",Zixuan Zhai; Enpeng Wang; Xiaojun Chen,Medical engineering & physics,2025,Journal Article,eng,retrieved,UNCERTAIN_REQUIRES_SCREENING,TITLE_ABSTRACT_REVIEW_REQUIRED,,,,,,,,
1689,TA-07,41171615,10.1097/PEC.0000000000003503,"Assessing Pediatric CPR Practices in the Prehospital Setting: EMS Clinician Experience, Perceptions, and Resource Utilization.","Pediatric out-of-hospital cardiac arrest (OHCA) is rare but critical, requiring rapid and effective cardiopulmonary resuscitation (CPR). Delivering high-performance CPR (HPCPR) in the prehospital setting is challenging, especially for EMS clinicians with limited pediatric exposure. This study aimed to assess EMS clinicians' pediatric CPR experience, confidence in HPCPR, and access to CPR feedback systems. A secondary objective was to evaluate perceptions of augmented reality (AR) feedback systems. A cross-sectional survey was distributed electronically to EMS clinicians in 5 Maryland counties from January to May 2024. The survey included items on demographics, CPR experience, confidence in pediatric resuscitation, feedback device usage, and opinions on AR-based guidance. Descriptive and comparative analyses were conducted based on clinician type, experience, and administrative role. Fifty-eight EMS clinicians participated. While 78% had performed pediatric CPR, experience differed significantly by clinician type and years of service. Paramedics (87%) and clinicians with >6 years' experience (87%) had greater exposure than EMTs (46%) and less experienced clinicians (42%) ( P <0.05). Confidence in HPCPR was higher for adults (98%) than for infants (84%) and toddlers (83%). Only 52% had access to pediatric CPR feedback devices, although 97% of users reported improved CPR quality. Among those without access, 93% believed feedback would improve performance. Interest in AR feedback was moderate; barriers included cost, reliability, and training. EMS clinicians vary in pediatric CPR experience and access to performance tools. Expanded pediatric training and real-time feedback technologies may improve prehospital resuscitation outcomes.",Keith Kleinman; Justin M Jeffers; Sean Tackett; Margaret Leppert; Emma Billings; Jennifer F Anders,Pediatric emergency care,2026,Journal Article,eng,retrieved,UNCERTAIN_REQUIRES_SCREENING,TITLE_ABSTRACT_REVIEW_REQUIRED,,,,,,,,
1690,TA-07,41170895,10.2196/68431,Exploring Mixed-Reality Exergames for Sports Rehabilitation: Design Insights and Evaluation Findings.,"Exergaming, involving physically active play, provides a means for motivating and functional training. It may also offer an innovative solution for rehabilitation after sports injuries such as anterior cruciate ligament (ACL) injury. Rehabilitation is lengthy and only partially prepares athletes for the demands of sports. As a result, only 65% of athletes return to the same performance level as before the injury. Exergames specific to ACL rehabilitation are missing. Their unique combination of physical and cognitive challenge may contribute to preparing patients for their return to sports. Collaboration of sport scientists, game designers, and physiotherapists enables comprehensive and user-centered development of an innovative training concept incorporating the needs of both patients and therapists along with scientific evidence. This project aimed to develop a specific exergame scenario for sports rehabilitation after ACL injuries. A research-driven, user-centered, iterative approach was followed. The project was structured into four phases: (1) assessment of motor performance during a fitness exergame, (2) investigation and establishment of user requirements, (3) development of a new exergame, and (4) validation of the new exergame. For assessment of motor performance, lower extremity kinematics during a fitness exergame scenario in the ExerCube were assessed in 24 athletes (6 after ACL injury) using marker-based motion capture. Regarding user requirements, focus groups with physiotherapists and patients were conducted. Development of a new exergame was from the kinematic analysis results and user requirements guided the iterative, interdisciplinary design of a new exergame scenario and movement concept for the ExerCube. For validation, developed exergame scenarios were recurrently evaluated with patient and therapist focus groups and transformed into a final exergame scenario. For assessment of motor performance, there was a main effect of exercise in maximal knee valgus, knee internal rotation, and hip flexion with P<.001. Squats showed the lowest knee valgus (4.23°, 95% CI 4.12-4.51) and knee internal rotation angle (3.68°, 95% CI 3.33-4.03). Focus groups revealed that patients want to return to sports as quickly as possible but have concerns about sensory overload during training. Physiotherapists desire a device that allows additional independent training with new therapeutic stimuli. Concerning the development of a new exergame, the movement concept for the new exergame included strength and balance exercises, and a mini-exergame for endurance, reaction, and skill training. Three difficulty levels allow for varying complexity and speed. For validation, focus groups on the newly developed exergame scenarios highlighted their motivational potential, suitability for autonomous use, and the need for therapist-controlled adaptation and integration with conventional tools. The interdisciplinary, evidence-based approach facilitated a systematic development of requirements for an exergame for rehabilitation, ensuring user-centered implementation. A final evaluation confirmed its motivational potential and applicability, leading to its deployment at all ExerCube locations.",Michelle C Haas; Larissa Wild; Leander Schneeberger; Eveline S Graf; Anna Lisa Martin-Niedecken,JMIR serious games,2025,Journal Article,eng,retrieved,UNCERTAIN_REQUIRES_SCREENING,TITLE_ABSTRACT_REVIEW_REQUIRED,,,,,,,,
1691,TA-07,41169195,10.1111/jmft.70086,Teaching Through Immersive Experience: Mixed-Reality Simulation for Couple Therapy Training.,"This article explores the application of mixed-reality simulation as a teaching tool for Emotionally Focused Couple Therapy (EFT) within a master's-level course designed to enhance the clinical skills of couple/marriage and family therapy students. It describes the structure, implementation, and delivery of the course, highlighting how the technology can support experiential learning in therapist training. The article also discusses the strengths and challenges of using mixed-reality simulation in this teaching context and offers recommendations for future use and integration in clinical training.",Tatiana Melendez-Rhodes,Journal of marital and family therapy,2026,Journal Article,eng,retrieved,UNCERTAIN_REQUIRES_SCREENING,TITLE_ABSTRACT_REVIEW_REQUIRED,,,,,,,,
1692,TA-07,41168781,10.1186/s12909-025-08117-3,Awareness and perceptions of virtual reality in physiotherapy: a cross-sectional study among students and clinicians in Palestine.,"BACKGROUND: Virtual reality(VR) and augmented reality(AR) are increasingly used in physiotherapy to improve patient engagement and recovery outcomes. However, their adoption in Palestine remains limited. Understanding students’ and clinicians’ awareness and impressions is critical for planning future VR incorporation into physiotherapy education and practice. OBJECTIVES: To explore and compare the awareness and perceptions of VR/AR technologies in physiotherapy among final-year physiotherapy students and practicing clinicians in Palestine. METHODS: This cross-sectional study was carried out from December 2024 to May 2025 involved 500 participants recruited via convenience sampling from accredited universities and rehabilitation centers throughout Palestine. A well-structured, self-administered questionnaire was developed to assess participants’ knowledge, clinical familiarity, training needs, and future perspectives regarding VR in physiotherapy among final-year students and clinicians. A pilot studywereth 30 participants was conducted to determine the questionnaire’s content validity and reliability, demonstrating a good internal consistency with a Cronbach’s alpha of 0.80. RESULTS: Most participants were female (70.6%) and aged 18–30 years (93.6%), with 70% final-year physiotherapy students and 30% clinicians. Clinicians reported higher VR/AR awareness (62.3% vs. 52.6%, p = 0.017) and greater participation in related workshops (p < 0.05). Both groups identified motion tracking as defining rehabilitation technology. High cost was the most cited disadvantage, while neurological and musculoskeletal applications were viewed as most suitable. Although 51.2% were neutral on ethical concerns, over half believed current training was inadequate, and most preferred combining VR with traditional methods (89%). Overall, 91.8% supported specialized educational programs to enhance clinical application, engagement, and progress tracking. CONCLUSION: The findings demonstrate moderate VR/AR awareness among Palestinian physiotherapists, but their limited hands-on experience and institutional support hinder widespread adoption. Clinicians are more familiar than students, indicating the need for earlier curricular exposure.",Amer Ghrouz; Fahed Herbawi; Duaa Abualkhair; Rami Jaber; Haneen Dhaidel; Hala Salah; Amani Anabtawi; Azza Alsharif; Malik Alqub; Mustafa Ghanim; Hazem Abu Nijmeh,BMC medical education,2025,Journal Article,eng,retrieved,UNCERTAIN_REQUIRES_SCREENING,TITLE_ABSTRACT_REVIEW_REQUIRED,,,,,,,,
1693,TA-07,41168718,10.1186/s12909-025-08037-2,Trends analysis and future study of medical and pharmacy education: a scoping review.,"This scoping review aims to provide a comprehensive analysis of emerging trends and future developments in medical and pharmacy education, addressing the need to adapt educational approaches to the rapidly evolving healthcare landscape. A systematic literature search was conducted in multiple databases to identify relevant studies published between April 2014 and April 2024. Studies pertaining to trends, forecasting, and future directions in medical and pharmacy education were included. Data extraction and synthesis followed a comprehensive process involving independent reviewers and standardized forms. Emerging themes were identified through coding and conceptual mapping techniques. Out of the 926 records found, a total of 22 studies were reviewed, revealing several key trends: (1) Integration of artificial intelligence (AI), virtual/augmented reality (VR/AR), and digital technologies to enhance learning and skills; (2) Curricular reforms emphasizing interprofessional education, value-based care, population health, and social determinants; (3) Adoption of multidisciplinary approaches incorporating genomics, biotechnology, and data science; (4) Increased focus on preventive care and chronic disease management; (5) Establishment of ethical frameworks and competency standards for human-AI collaboration. A significant emphasis was placed on balancing technological innovation with core clinical skills and humanistic values. This review highlights transformative trends in medical and pharmacy education, providing insights for stakeholders on aligning curricula and teaching methods with the evolving healthcare landscape. Embracing technological advancements like AI and VR/AR, while promoting adaptability, interdisciplinary collaboration, and patient-centered care, is essential for maintaining educational relevance. Developing a workforce proficient in human-AI collaboration and equipped with multidisciplinary expertise is crucial for future healthcare delivery.",Manuchehr Bashirynejad; Fatemeh Soleymani; Shekoufeh Nikfar; Ali Zackery; Abbas Kebriaeezadeh; Reza Majdzadeh; Behzad Fatemi; Nafiseh Zare,BMC medical education,2025,Journal Article; Scoping Review,eng,retrieved,UNCERTAIN_REQUIRES_SCREENING,TITLE_ABSTRACT_REVIEW_REQUIRED,,,,,,,,
1694,TA-07,41168672,10.1080/02640414.2025.2580838,Testing the validity of 360-video for analysing visual exploratory activity in soccer.,"Extended reality (XR) technologies present new opportunities to measure sports performance in immersive, representative environments. This study aimed to i) assess the construct and face validity of a 360-video simulation for capturing visual exploratory activity (VEA) in women's soccer and ii) understand players' perceptions of acceptability and tolerability of the simulation. Eleven sub-elite women's soccer players and eleven novices viewed 40 soccer videos in a head-mounted display. Footage was recorded using a stationary GoPro 360 Max camera at eye height in six pitch locations. Participants verbalised and acted out an action response. VEA was measured by the number of 'scans' away from the ball before it reached the 360-video camera. Participants answered open-ended questions on acceptability, physical fidelity, and tolerability. Mann-Whitney U tests compared scan frequency and actions per trial between the two groups. Results supported construct and face validity, with good acceptability, tolerability, and physical fidelity. Soccer players (Mdn = 0.31 scans/s) had significantly higher scan frequencies than novices (Mdn = 0.06 scans/s, p < 0.001) and generated significantly more detailed responses per trial (p < 0.001). 360-video offers a valid, acceptable method for capturing VEA. Future work should assess its efficacy for skill development.",James Feist; Naomi Datson; Oliver R Runswick; Chris Pocock,Journal of sports sciences,2025,Journal Article,eng,retrieved,UNCERTAIN_REQUIRES_SCREENING,TITLE_ABSTRACT_REVIEW_REQUIRED,,,,,,,,
1695,TA-07,41164771,10.1002/ccr3.70919,Reconstruction of the Sternoclavicular Joint With an Autologous Fibular Head: A Case Report.,"Medial clavicle defects resulting from medial clavicle resection may lead to related complications and pain in patients. Additionally, the clavicle acts as a shield to protect the neurovascular structures located below the medial third; therefore, it is recommended to reconstruct the medial clavicle after resection. We report a unique case of autologous fibular head transplantation for sternoclavicular joint reconstruction, with the assistance of three-dimensional (3D) reconstruction and mixed reality (MR) technology. A 21-year-old female patient presented to the hospital with a painless mass in the right medial clavicle. The mass gradually grew larger and became painful during the following 2 months. There was no previous history of tuberculosis, fever, weight loss, or night sweats. Computed tomography angiography showed bone destruction and a soft tissue mass, with the lesion resembling a malignant bone tumor. Using preoperative 3D reconstruction and MR technology, the articular surfaces of the fibular head and clavicle were found to have a certain degree of similarity. Therefore, sternoclavicular joint reconstruction using the fibular head graft was performed. At the 1-year follow-up, the clavicular pain was completely relieved, the Constant-Murley score was improved, and the cosmetic effect was satisfactory. Current methods of clavicular reconstruction mainly include biotic and abiotic reconstruction. Among these, biotic autologous bone is a good material for the repair and reconstruction of bone defects. Three-dimensional reconstruction and MR can provide spatial visualization. In this case, this combination allowed complete resection and subsequent effective reconstruction.",Yuan Gao; Feng Pan; Jun Zhang; Songjie Ji; Guanning Shang,Clinical case reports,2025,Journal Article,eng,retrieved,UNCERTAIN_REQUIRES_SCREENING,TITLE_ABSTRACT_REVIEW_REQUIRED,,,,,,,,
1696,TA-07,41164320,10.1002/jeo2.70476,High coronal alignment accuracy and satisfactory early outcomes using augmented reality assisted kinematic alignment in total knee arthroplasty.,"Accurate component positioning in total knee arthroplasty (TKA) is critical for implant longevity and patient satisfaction. Augmented reality (AR)-based navigation systems offer enhanced precision and intraoperative versatility. This study evaluated the accuracy of component positioning, implant sizing and short-term clinical outcomes of a novel AR-assisted navigation system (NextAR, Medacta International) in TKA using a modified kinematic alignment (KA) technique. Forty-one consecutive patients underwent primary TKA using AR-assisted navigation with ≥12-month follow-up. Preoperative CT-based 3D planning optimised cut orientation and component placement. All received a cemented medial pivot prosthesis (GMK Sphere) with full femoral resurfacing following a KA protocol. Tibial cuts were guided intraoperatively by real-time ligament balancing. Planned versus achieved positions were compared on radiographs. Western Ontario and McMaster Universities Osteoarthritis Index (WOMAC), forgotten joint score (FJS) and range of motion (ROM) were recorded pre- and postoperatively and analysed using paired t-tests (p < 0.05). The average difference between planned and postoperative alignment was 0.05° ± 0.76° for LDFA, 0.1° ± 0.6° for MPTA, -0.5 ± 1.7° for femoral component flexion, and 0.3° ± 1.3° for PTS. Root mean square errors were 0.75°, 1.23°, 1.73° and 1.34°, respectively. Postoperative HKA improved from 174.3° ± 3.4° to 177.8° ± 2.1° (p < 0.001). Component size prediction was accurate in 100% of femurs and 95.1% of tibias. At final follow-up (14.2 ± 2.3 months), WOMAC improved from 51.5 ± 16.7 to 13.6 ± 5.3, FJS from 26.2 ± 9.6 to 82.2 ± 7.4, flexion from 103.3° ± 17.4° to 129.4° ± 7.2° and extension from 3.3° ± 0.43° to 0.1° ± 0.28° (all p < 0.001). AR-based navigation in modified KA-TKA ensured accurate LDFA restoration and femoral sizing, with good short-term outcomes. Variability remained in MPTA, femoral flexion and PTS. Although no coronal recuts were needed, two tibial recuts for tight extension gaps highlight areas for system refinement. Level IV.",Giorgio Cacciola; Francesco Bosco; Daniele Vezza; Matteo Schirò; Francesco Carturan; Gianpaolo Gazziero; Marco Bufalo; Luigi Sabatini,Journal of experimental orthopaedics,2025,Journal Article,eng,retrieved,UNCERTAIN_REQUIRES_SCREENING,TITLE_ABSTRACT_REVIEW_REQUIRED,,,,,,,,
1697,TA-07,41164070,10.7759/cureus.93424,"Integrating Virtual Learning Into a Primarily Cadaveric-Based Curriculum: Medical Students' Perspectives, Opinions, and Attitudes.","Human anatomy is a crucial component of medical education, traditionally taught through human cadaveric dissection, prosections, and formal lectures. However, challenges such as limited exposure to material, difficulty visualizing structures, and cadaver shortages have prompted the integration of virtual anatomy technologies, such as software applications, web-based educational three-dimensional (3D) platforms, and virtual reality, into curricula. These resources offer advantages by accommodating different learning styles, enabling the analysis of anatomical structures in various planes, and increasing exposure to learning materials. Although research has explored modernizing anatomy education with virtual tools, limited focus has been placed on student opinions of integrating virtual resources. This study aimed to examine how the first-time implementation of virtual resources, including web-based educational 3D platforms, augmented reality, and software applications, affected student learning and their opinions on the further integration of virtual learning. An Institutional Review Board (IRB)-approved survey was conducted with first-year medical students enrolled in an introductory human anatomy course at a single institution. Students completed Likert scale and open-ended response questions regarding their experiences using virtual learning tools. Surveys were distributed to students at the start of the course and after each of the three required examinations. Of the 58 students who consented, 42 responded (72.4%), yielding 65 total responses including duplicates. Among the respondents, 69.2% (n=45) felt virtual resources were more effective compared to traditional methods, and 92.3% (n=60) rated them as slightly to extremely useful. Short-answer responses revealed that students had a positive view of virtual tools and found them helpful for achieving course goals. Students saw potential for the greater integration of virtual learning in anatomical education. Overall, students felt that virtual resources complemented traditional cadaveric dissection, particularly among growing cadaver shortages.",Justin Lindsay; Aurelia Incristi; Alexander Hull; Anes Gadun; Sydne Ballengee; Graham Kessler; Barbara Kraszpulska,Cureus,2025,Journal Article,eng,retrieved,UNCERTAIN_REQUIRES_SCREENING,TITLE_ABSTRACT_REVIEW_REQUIRED,,,,,,,,
1698,TA-07,41160344,10.1007/s10459-025-10486-9,Designing a course for healthcare professionals: examining readiness for adopting emerging technologies into education and practice.,"Emerging technologies such as artificial intelligence, the Internet of Things, blockchain, virtual and augmented reality are increasingly shaping healthcare education and practice. As the need for digitally skilled healthcare professionals increases, there is a growing demand for structured educational programs. This paper presents a model for assessing readiness to adopt emerging technologies in healthcare education, along with a course design framework that embeds these technologies into professional training curricula. To evaluate students’ readiness for adopting emerging technologies in both theoretical and practical aspects of professional education, a study was conducted at the College of Health Sciences in Serbia. The findings reveal students’ attitudes, perceived benefits, values, and trust regarding the integration of emerging technologies into healthcare curricula. Based on these findings, a structured course with ten modules was designed, aligning empirical readiness factors with pedagogical objectives. The study contributes a replicable, evidence-based framework for integrating emerging technologies into health sciences education, particularly relevant for developing-country contexts aiming to prepare their healthcare workforce for digital transformation. The proposed approach seeks to bridge the gap between traditional healthcare education and modern technological demands, ensuring that future professionals are equipped with the necessary knowledge and skills to thrive in digitally enabled healthcare systems.",Branka Rodić; Aleksandra Labus; Lazar Marković,Advances in health sciences education : theory and practice,2026,"Journal Article; Research Support, Non-U.S. Gov't",eng,retrieved,UNCERTAIN_REQUIRES_SCREENING,TITLE_ABSTRACT_REVIEW_REQUIRED,,,,,,,,
1699,TA-07,41157434,10.3390/s25206380,MsGf: A Lightweight Self-Supervised Monocular Depth Estimation Framework with Multi-Scale Feature Extraction.,"Monocular depth estimation is an essential component in computer vision that enables 3D scene understanding, with critical applications in autonomous driving and augmented reality. This paper proposes a lightweight self-supervised framework from single RGB images for multi-scale feature extraction and artifact elimination in monocular depth estimation (MsGf). The proposed framework first designs a Cross-Dimensional Multi-scale Feature Extraction (CDMs) module. The CDMs module combines parallel multi-scale convolution with sequential feature convolutions to achieve multi-scale feature extraction with minimal parameters. Additionally, a Sobel Edge Perception-Guided Filtering (SEGF) module is proposed. The SEGF module uses the Sobel operator to decompose the features into horizontal direction features and vertical direction features, and then generates the filter kernel through two steps of filtering to effectively suppress artifacts and better capture structural and edge features. A large number of ablation experiments and comparative experiments on the KITTI and Make3D datasets demonstrate that the MsGf with only 0.8 M parameters can achieve better performance than the current most advanced methods.",Xinxing Tian; Zhilin He; Yawei Zhang; Fengkai Liu; Tianhao Gu,"Sensors (Basel, Switzerland)",2025,Journal Article,eng,retrieved,UNCERTAIN_REQUIRES_SCREENING,TITLE_ABSTRACT_REVIEW_REQUIRED,,,,,,,,
1700,TA-07,41153056,10.1186/s42836-025-00340-z,Accuracy of a novel mixed reality surgical platform for total knee arthroplasty.,"Computer-assisted navigation has improved surgeons' ability to achieve accurate implant placement in total knee arthroplasty (TKA). As technology evolves and new systems are introduced, it is imperative to evaluate their accuracy for achieving desired goals. This work evaluated the accuracy of a novel mixed reality surgical guidance platform that uses a head-mounted device to measure patient bony anatomy, quantify soft tissue balance, and provide quantitative resection guidance overlaid on the surgical field. Accuracy is evaluated in a cadaveric simulated use study and in a comprehensive evaluation of the tracking subsystem using the international ASTM standard F2554-22. Depth and angular errors are reported across eight knees for the proximal tibial, distal femoral, and posterior femoral resections by comparing platform-navigated resection metrics to caliper-measured resection depths and post-operative CT-measured angles. Analysis of the tracking subsystem investigated instrument localization error across the tracking volume, including rotational and positional extremes. Testing also extended the ASTM standard to include additional rotation tests and an evaluation procedure for planar accuracy metrics. All cadaveric simulated use depth and angular absolute errors were below 2 mm and 2°, with 83% less than or equal to 1 mm and 1°. Absolute resection errors averaged 0.7 ± 0.4 mm and 0.6 ± 0.4° for depths and angles, respectively. The tracking subsystem localized over 99.5% of points with positional accuracy better than ± 2 mm and localized over 99.5% of planes with angular accuracy better than ± 1°. Average absolute tracking errors were sub-millimeter and sub-degree. This open and imageless platform for TKA surgical guidance requires only 13 landmarks with no additional equipment footprint, minimal tooling, and data overlaid holographically onto the surgical scene, while still providing a comprehensive set of metrics with state-of-the-art accuracy. Video Abstract.",H John Cooper; Aaron Young; Jacob B Brenza; Mike E King; Winona L Richey,"Arthroplasty (London, England)",2025,Journal Article,eng,retrieved,UNCERTAIN_REQUIRES_SCREENING,TITLE_ABSTRACT_REVIEW_REQUIRED,,,,,,,,
1701,TA-07,41152940,10.1186/s40001-025-03307-7,Preliminary evaluation of mixed reality navigation with single-vertebra registration in spinal surgery.,"To develop a mixed reality navigation system based on single-vertebra registration and to preliminarily validate its feasibility in clinical surgery, providing a potential reference for spinal surgical navigation registration methods. We developed a portable, stand-alone, optical-based mixed reality navigation system for spinal surgery using a head-mounted display. The system integrates registration and real-time localization functions, enabling single-vertebra registration via anatomical landmarks and interactive visualization through the HoloLens 2 platform. System performance was evaluated in both laboratory and clinical settings by measuring localization time, fiducial registration error (FRE), and target registration error (TRE). Preoperative assessments were conducted on patient-specific 3D-printed vertebral models, and intraoperative evaluations were performed on exposed vertebrae during surgery. Additional trials with novice surgeons were performed to assess the learning curve. For selected cases requiring pedicle screw placement, surgeons qualitatively evaluated the intraoperative visualization of preplanned screw trajectories in terms of anatomical congruence, feasibility, and display clarity. A total of 37 spinal surgery patients were included, covering cervical, thoracic, and lumbar segments. The average preoperative navigation time based on 3D-printed models was 2.96 ± 0.26 min, compared with 3.11 ± 0.25 min intraoperatively (p = 0.002). The FRE was 1.37 ± 0.54 mm preoperatively and 1.42 ± 0.52 mm intraoperatively (p = 0.178). The TRE was 1.52 ± 0.56 mm preoperatively and 1.75 ± 0.61 mm intraoperatively (p = 0.001). Among four pedicle screw placement cases, three were rated satisfactory intraoperatively, and one showed an approximately 5 mm deviation due to minor patient positional changes. The learning curve indicated that procedure time stabilized at approximately 2.7 min after about 15 practice cases. The single-vertebra registration-based mixed reality navigation system enables rapid and accurate vertebral localization in both preoperative and intraoperative settings, with TREs within clinically acceptable limits. The system is portable, easy to operate, and provides an intuitive, immersive navigation interface without relying on external tracking devices. These features suggest its potential as a cost-effective and versatile tool for spinal surgery navigation.",Zhongjie Shi; Zirui Su; Lingling Yang; Xin Gao; Deyong Xiao; Yilong Peng; Xiaojun Li; JianFeng Guo; Shujie Sun; Zhanxiang Wang,European journal of medical research,2025,Journal Article,eng,retrieved,UNCERTAIN_REQUIRES_SCREENING,TITLE_ABSTRACT_REVIEW_REQUIRED,,,,,,,,
1702,TA-07,41152106,10.1016/j.acra.2025.09.050,Evaluation of a Virtual Reality CT-Guided Focal Liver Biopsy Module.,"This study evaluated a novel, virtual reality (VR) computed tomography (CT)-guided focal liver biopsy module for improving residents' knowledge and confidence. Interventional radiology (IR) residents (n=18) were divided into a control group (PGY-1s) and an intervention group (PGY-2s and PGY-3s). All participants completed pre-, post-, and one-month surveys of confidence and a test of knowledge. The intervention group completed the CT-guided focal liver biopsy VR module between surveys on two occasions. When the intervention group performed the procedure in the VR environment, procedure length, number of scans, and accuracy of needle placement were recorded. Exam scores, confidence ratings, and VR headset performance metrics were analyzed using Wilcoxon signed-rank tests. The control group demonstrated no significant changes at any timepoint. The intervention group demonstrated significant knowledge gains pre- to post-survey (p=0.03) with no significant change at follow-up (p=0.09). Confidence in ordering steps and performing the procedure increased significantly pre- to post- (p=0.03 vs p=0.02) and pre- to final- (p=0.01 vs p=0.01). VR needle placement accuracy was stable at one month (p=0.64) though scan counts (p=0.16) and completion times (p=0.03) increased. The VR module improved residents' knowledge and confidence with gains remaining stable at one month, despite a decline in VR-specific motor skills. These findings demonstrate the benefits of VR as a teaching tool.",Blaire K Rikard; David N Williams; Kate Donovan; Ivan Dimov; Minh-Thuy Nguyen; Anjali Dasari; Jonathan G Martin; Raul N Uppot,Academic radiology,2026,"Journal Article; Research Support, Non-U.S. Gov't",eng,retrieved,UNCERTAIN_REQUIRES_SCREENING,TITLE_ABSTRACT_REVIEW_REQUIRED,,,,,,,,
1703,TA-07,41151955,10.1136/bmjopen-2025-103908,Digital mirror therapy combined with repetitive peripheral magnetic stimulation for upper limb motor function in patients who had a stroke: protocol for a single-centre randomised controlled trial in China.,"Upper limb motor dysfunction after stroke is a leading cause of disability worldwide, resulting in a significant economic burden on society. Rehabilitation is a key strategy for improving this condition. Although studies have shown that digital mirror therapy and repetitive peripheral magnetic stimulation individually provide benefits, the effectiveness of their combination remains unclear. We are conducting a randomised controlled trial to evaluate the efficacy of combining digital mirror therapy with repetitive peripheral magnetic stimulation in treating upper limb motor dysfunction post-stroke, in order to meet the urgent clinical need for more effective treatment options. This is a single-blind randomised controlled trial. A total of 46 participants will be randomly assigned in a 1:1 ratio to either the digital mirror therapy combined with repetitive peripheral magnetic stimulation group or the repetitive peripheral magnetic stimulation group. Both groups will undergo the intervention protocol spanning four consecutive weeks. Assessments will be conducted at baseline and after 4 weeks of treatment. The primary outcome will be evaluated using the Fugl-Meyer Assessment for Upper Extremity score. Secondary outcomes include the Action Research Arm Test, Box and Block Test, Modified Barthel Index, Fugl-Meyer Assessment - Upper Extremity Sensory subscale, Modified Ashworth Scale, as well as pinch strength, grip strength and adverse events. Intention-to-treat analysis will be applied to all data, including missing or dropout data. The study was approved by the Ethics Committee of Quanzhou First Hospital on 23 September 2024 (2024K193). The final results of this study will be published in a peer-reviewed journal. ChiCTR2400092692.",ZeXiang He; Lili Wang; Qiuxiang Lin; Jiawei Qin; Wanting Wang; Jiali Lin; Jingfeng Wang; Keh-Chung Lin; Jie Jia,BMJ open,2025,Journal Article; Clinical Trial Protocol,eng,retrieved,UNCERTAIN_REQUIRES_SCREENING,TITLE_ABSTRACT_REVIEW_REQUIRED,,,,,,,,
1704,TA-07,41150273,10.3390/polym17202732,Phase-Retrieval Algorithm for Hololens Resolution Analysis in a Sustainable Photopolymer.,"In this paper, the iterative Gerchberg-Saxton (GS) phase-retrieval algorithm is employed to reconstruct the amplitude spread function (ASF) of hololenses (HLs) recorded on a sustainable PVA/acrylate-based photopolymer, Biophotopol, when working with a CCD sensor. The main objective of this work is to characterize the spatial resolution of HLs, which are key components in a wide range of optical systems, including augmented reality (AR) glasses, combined information displays, and holographic solar concentrators. The GS algorithm, known for its efficiency in phase retrieval without prior knowledge of the phase of the optical system, is used to reconstruct the ASF, which is critical for mitigating information loss during imaging. Spatial resolution is quantified by convolving the ASFs obtained with two resolution tests (objective and subjective) and analyzing the resulting image using a CCD sensor. The convolution process allows an accurate assessment of lens performance, highlighting the resolution limits of manufactured lenses. The results show that the iterative GS algorithm provides a reliable method to improve image quality by recovering phase and amplitude information that might otherwise be lost, especially when using CCD or CMOS sensors. In addition, the recorded hololenses exhibit a spatial resolution of 8.9 lp/mm when evaluated with the objective Siemens star chart, and 30 cycles/degree when evaluated with the subjective Random E visual acuity test, underscoring the ability of Biophotopol-based HLs to meet the performance requirements of advanced optical applications. This work contributes to the development of sustainable high-resolution holographic lenses for modern imaging technologies, offering a promising alternative for future optical systems.",Tomás Lloret; Víctor Navarro-Fuster; Marta Morales-Vidal; Inmaculada Pascual,Polymers,2025,Journal Article,eng,retrieved,UNCERTAIN_REQUIRES_SCREENING,TITLE_ABSTRACT_REVIEW_REQUIRED,,,,,,,,
1705,TA-07,41145630,10.1038/s41598-025-21470-z,Intelligent monitoring system for quality of life of colostomy patients based on deep learning and AR.,"The clinical challenges in monitoring high-incidence complications in patients with colostomy after colorectal cancer surgery have led to the development of an intelligent monitoring system based on deep learning and augmented reality technology in this study. Traditional care relies on subjective scales for assessment, which has issues such as insufficient sensitivity and delayed response. The existing technical systems also have significant limitations in perception dimensions, environmental adaptability, and decision-making timeliness. Therefore, this study proposes a triple-technology integration solution: by fusing impedance sensing, pH-responsive hydrogels, and 3D depth cameras in a heterogeneous manner, a multi-modal perception network is established to achieve the collaborative collection of physiological and biochemical parameters and morphological features; a cross-modal spatio-temporal fusion network is designed, using dynamic attention mechanisms and differential manifold optimization algorithms to solve the feature coupling problem caused by the heterogeneity of multi-source data; an augmented reality visualization system is developed, combining spatial projection optimization and programmable haptic feedback to build a ""visual-tactile-spatial"" multi-dimensional human-machine interaction channel. The system was verified through multi-center randomized controlled trials, confirming its significant improvement in the early warning performance of complications, enhancement of the standardization of nursing operations, and reduction of medical resource consumption. The core innovation lies in the first introduction of the federated learning framework into the field of colostomy care, combined with neural architecture search for lightweight model deployment, and the quantification of health economic benefits through Markov models. This research marks a paradigm shift in postoperative care from experience-driven to data-driven, providing an extensible technical model for the intelligent monitoring of chronic diseases. In the future, it is necessary to expand the cross-disease transfer learning architecture and develop flexible and degradable sensors to enhance the accessibility of primary medical care.",Shengqin Wang; Yuqing Zhang; Fangfang Xu; Guihua Zhou,Scientific reports,2025,Journal Article,eng,retrieved,UNCERTAIN_REQUIRES_SCREENING,TITLE_ABSTRACT_REVIEW_REQUIRED,,,,,,,,
1706,TA-07,41145508,10.1038/s41467-025-64679-2,Resolution limit of the eye - how many pixels can we see?,"As large engineering efforts go towards improving the resolution of mobile, augmented reality (AR), and virtual reality (VR) displays, it is important to know the maximum resolution at which further improvements bring no noticeable benefit. This limit is often referred to as the retinal resolution, although the limiting factor may not necessarily be attributed to the retina. To determine the ultimate resolution at which an image appears sharp to our eyes with no perceivable blur, we created an experimental setup with a sliding display, which allows for continuous control of the resolution. The lack of such control was the main limitation of the previous studies. We measure achromatic (black-white) and chromatic (red-green and yellow-violet) resolution limits for foveal vision, and at two eccentricities (10° and 20°). Our results demonstrate that the resolution limit is higher than what was previously believed, reaching 94 pixels per degree (ppd) for foveal achromatic vision, 89 ppd for red-green patterns, and 53 ppd for yellow-violet patterns. We also observe a much larger drop in the resolution limit for chromatic patterns (red-green and yellow-violet) than for achromatic patterns. Our results provide quantitative benchmarks for display development, with implications for future imaging, rendering, and video coding technologies.",Maliha Ashraf; Alexandre Chapiro; Rafał K Mantiuk,Nature communications,2025,Journal Article,eng,retrieved,UNCERTAIN_REQUIRES_SCREENING,TITLE_ABSTRACT_REVIEW_REQUIRED,,,,,,,,
1707,TA-07,41145050,10.1016/j.neunet.2025.108219,Uncertainty-constrained fusion of single-view and multi-view depth estimation for AR virtual-real occlusion.,"Virtual-real occlusion is a critical challenge in augmented reality (AR). In complex scenes, the accuracy and stability of occlusion handling between virtual objects and the physical world strongly affect interaction realism and user immersion. Depth-based methods are attractive for real-time AR due to their computational efficiency and adaptability. However, this approach heavily relies on highly accurate depth estimation. Methods based on hardware sensors are often difficult to deploy widely, while depth estimation algorithms are prone to performance degradation in complex interactive scenarios. Therefore, we design a depth estimation algorithm specifically suited for such environments. We design a hybrid depth estimation algorithm that integrates single-view and multi-view cues. The proposed model augments multi-view cost volumes with features from a single-view encoder and introduces a Bayesian convolution-based uncertainty module to suppress low-confidence predictions, particularly near boundaries and occlusions. A dynamic mask generated by the single-view branch occludes moving regions in non-target frames, reducing the negative impact of dynamics during cost-volume construction. On ScanNet v2, our method improves over the multi-view baseline SimpleRecon with an overall reduction in AbsRel by about 23.9% and RMSE by 28%, while δ1 increases by 5.43 percentage points. In addition, the boundary intersection over union (IoU) in AR occlusion assessment has been improved by 7.13%, indicating more reliable depth and sharper occlusion handling.",Jia Liu; Shuai Ding; Yongze Li; Bin Wang; Lina Wei; Dapeng Chen,Neural networks : the official journal of the International Neural Network Society,2026,Journal Article,eng,retrieved,UNCERTAIN_REQUIRES_SCREENING,TITLE_ABSTRACT_REVIEW_REQUIRED,,,,,,,,
1708,TA-07,41144408,10.1109/TNSRE.2025.3626255,Toward Plug and Play Myoelectric Control via One-Shot Latent Representation Alignment.,"Myoelectric control has emerged as a common tool for human-machine interaction with applications in prostheses, rehabilitation, and mixed reality. Despite the growing research and promising results in controlled laboratory settings, there are challenges to its widespread adoption. During activities of daily living, factors such as limb position, electrode shift, cross-day variability, and individual differences reduce the reliability of controllers. Moreover, most existing work to address these issues is validated on individuals without limb differences, limiting clinical generalizability. We posit that even in the presence of these confounding factors, the intention of performing a specific gesture remains similar. Hence, a common underlying dynamics of muscle activity could be leveraged to create a robust myoelectric controller. Therefore, we propose a one-shot learning framework based on Multi-set Canonical Correlation Analysis to align the latent representation of the surface electromyography signals to achieve reliable myoelectric control across limb positions, days, and individuals with only minimal calibration data from a new condition (i.e., limb position, day, or individual). Importantly, we show that our framework generalizes from individuals without limb differences to an individual with a congenital limb difference despite different muscular physiology. Therefore, our framework can eliminate the need for retraining and data-hungry models, promoting plug-and-play myoelectric control robust to variations in limb position, day, and individual.",Zubaidah Al-Mashhadani; Trevor Overton; Di Wu; Mohsen Rakhshan,IEEE transactions on neural systems and rehabilitation engineering : a publication of the IEEE Engineering in Medicine and Biology Society,2025,Journal Article,eng,retrieved,UNCERTAIN_REQUIRES_SCREENING,TITLE_ABSTRACT_REVIEW_REQUIRED,,,,,,,,
1709,TA-07,41142407,10.1117/1.NPh.12.4.045005,Improving neuroimaging headgear placement robustness using facial-landmark-guided augmented reality.,"Accurate and consistent probe placement is crucial in functional near-infrared spectroscopy (fNIRS) and electroencephalogram (EEG) experiments, especially in longitudinal and group-based studies. Both operator experience and subject head shape variability can affect placement accuracy. We aim to develop an easy-to-use software, NeuroNavigatAR (NNAR), utilizing augmented reality (AR) and machine learning to estimate and display in real-time the subject's cranial and head landmarks to guide consistent headgear placement. By applying a facial recognition toolbox to the image frames extracted from a video camera, we can obtain and continuously track subject-specific three-dimensional facial landmarks. Separately, we have precomputed a robust linear transformation between facial landmarks and key cranial landmarks, including nasion and preauricular points, using a large public head-model library consisting of over 1000 subjects. These allow us to rapidly estimate subject-specific cranial landmarks and subsequently render atlas-derived head landmarks to the subject's camera stream. An open-source graphical user interface implementing this AR system has achieved a speed of 15 frames per second using a laptop. A median 10-20 position error of 1.52 cm was found when using a general adult atlas and is further reduced to 1.33 cm and 0.75 cm when using age-matched atlas models and subject-specific head surfaces, respectively. NNAR demonstrated consistent head-landmark prediction errors across repeated measurement sessions; there is also no statistically significant difference in accuracy across age groups. NNAR is an easy-to-use AR headgear placement monitoring tool that is expected to significantly enhance consistency and reduce setup time for fNIRS and EEG probe donning across a wide range of studies.",Fan-Yu Yen; Yu-An Lin; Qianqian Fang,Neurophotonics,2025,Journal Article,eng,retrieved,UNCERTAIN_REQUIRES_SCREENING,TITLE_ABSTRACT_REVIEW_REQUIRED,,,,,,,,
1710,TA-07,41140387,10.3389/fpls.2025.1687282,A counting method of whiteflies on crop leave images captured by AR glasses based on segmentation and improved YOLOv11 models.,"The whitefly (Bemisia tabaci) is a globally distributed agricultural pest. While accurate monitoring of this species is crucial for early warning systems and efficient pest control, traditional manual monitoring methods suffer from subjectivity, low accuracy with large populations, and arduous data traceability. To surmount these challenges, this paper proposes an automatic counting method for whitefly adults and late-instar nymphs, based on whitefly images acquired using augmented reality (AR) glasses and a segmentation-then-detection approach. Acquired by the surveyors wearing AR glasses, the images of whiteflies on the undersides of crop leaves are transmitted to a server via Wi-Fi/5G. The system enables the automatic whitefly counting model to enumerate the adult and late-instar nymph populations, and the results can be viewed on both the AR glasses and mobile devices. The study utilizes Mask2Former-Leaf to segment the foreground primary leaf in pursuit of the minimal influence of non-primary leaf areas and background noise in the images, and detects tiny whitefly adults and late-instar nymphs in high-resolution images by involving the YOLOv11-Whitefly detection model. This model integrates Slicing Aided Hyper Inference (SAHI) capability, and can enormously amplify the feature representation of tiny objects by slicing large images through overlapping windows for both training and inference. Furthermore, DyCM-C3K2 is introduced into the YOLOv11 backbone network, which enhances the detection capability for small whitefly targets by dynamically generating input-dependent convolutional kernels, and injecting global contextual information into local convolution operations. Also, a Multi-Branch Channel Re-Weighted Feature Pyramid Network (MCRFPN) is designed to replace the original neck network, optimizing the fusion between superficial and deep features. In contrast to mainstream detection models such as YOLO, RTMDet, Cascade-CNN, DETR, and DINO, YOLOv11-Whitefly demonstrates superior performance-attaining an average recall rate of 86.20%, an average precision of 84.25%, and an mAP50 of 91.60% for whitefly adults and late-instar nymphs. With the purpose of visualizing the whitefly infestation data, this paper developed an intelligent whitefly survey system that provides on-site visualization of whitefly images integrated with their adult and late-instar nymph counting results. This facilitates surveyors in understanding pest populations and formulating scientific control decisions.",Shilong Zhao; Jun Lyu; Shuhua Liu; Zelin Feng; Heping Ling; Jiabao Jiao; Zhaoxin Ni; Baojun Yang; Qing Yao; Ju Luo,Frontiers in plant science,2025,Journal Article,eng,retrieved,UNCERTAIN_REQUIRES_SCREENING,TITLE_ABSTRACT_REVIEW_REQUIRED,,,,,,,,
1711,TA-07,41138388,10.1016/j.jvc.2025.09.006,"Application of an interactive, stereoscopic three-dimensional viewer to evaluate atrial septal defects in five dogs.","Definitive closure of atrial septal defects (ASDs) has been reported in dogs utilizing a variety of methods, including device occlusion. We report five dogs with ASD in which multidimensional imaging with computed tomography angiography (CTA) and three-dimensional reconstruction was utilized to assess suitability for device occlusion. Three dogs were initially evaluated for an asymptomatic murmur noted during routine preventative care visits, and two had presenting complaints of mild exercise intolerance. Concurrent congenital heart disease was diagnosed in four of the dogs including pulmonary valve stenosis (n = 2), mitral and tricuspid valve dysplasia (n = 2), and restrictive perimembranous ventricular septal defect (n = 1). Following comprehensive transthoracic echocardiography, ECG-gated CTA was acquired under conscious sedation to characterize ASD anatomy including rim tissue and surrounding structures to determine candidacy for device occlusion. A reconstructed model was viewed with three-dimensional glasses in a mixed reality environment displayed as a stereoscopic object able to be rotated in 360° on a desktop monitor. Inadequate rim tissue was demonstrated in four dogs. Device occlusion was recommended in one dog and successfully performed with a hybrid procedure. Subsequently, balloon pulmonary valvuloplasty was performed. The dog was clinically doing well at 9.1 years of age. The remaining four dogs were clinically doing well (three) or had mild exercise intolerance reported (one) at 4.0-11.5 years of age. This case series demonstrates the utility of stereoscopic models and an interactive mixed reality viewer to assess procedural candidacy for device occlusion in dogs with ASD.",C H Stoner; S Wesselowski; S G Gordon; A B Saunders,Journal of veterinary cardiology : the official journal of the European Society of Veterinary Cardiology,2025,Case Reports; Journal Article,eng,retrieved,UNCERTAIN_REQUIRES_SCREENING,TITLE_ABSTRACT_REVIEW_REQUIRED,,,,,,,,
1712,TA-07,41137100,10.1186/s13019-025-03616-2,Enhanced effects of augmented reality-based cardiac rehabilitation in the first phase on recovery quality in patients undergoing coronary artery bypass graft surgery.,"Open-heart surgery is considered as a major treatment for severe coronary artery stenosis with some possible post-operative complications. The successful implementation of the first phase of cardiac rehabilitation (CR) program can make a fall in incidence of these clinical complications. In this study, we aimed to determine the effects of the first phase of cardiac rehabilitation program on quality of recovery (QoR) in patients after coronary artery bypass graft surgery (CABG) based on augmented reality techniques. The clinical trial, conducted from April 2020 to January 2021 at Ghaem Hospital in Iran, involved 60 ICU patients post-open-heart surgery, divided into treatment and control groups. The treatment group used a software-based phase-1 cardiac rehabilitation program featuring videos and images, while the control group followed a standard rehabilitation routine. Data was analyzed using SPSS, employing descriptive statistics and tests such as the Student's t-test, Mann-Whitney U test, and Chi-square test. According to the findings of this study, the mean overall QoR score indicated an increase for both treatment and control groups in ICU admission/discharge time. But, patients in the treatment group had a statistically significant increase in comparison with non-significant changes in the control group (P < 0.001). The study found that using augmented reality for early-stage rehabilitation in the ICU can enhance recovery quality for patients after coronary artery bypass graft surgery. Hence, AR technology could be integrated into various stages of cardiac rehabilitation. This study was registered in the Iranian Registry of Clinical Trials (no. IRCT20200203046361N1) on 16/02/2020.",Mahdi Kahrom; Kheizaran Miri; Neda Ghlichi Moghaddam; Seyyed Reza Mazloum; Fatemeh Hajiabadi,Journal of cardiothoracic surgery,2025,Journal Article,eng,retrieved,UNCERTAIN_REQUIRES_SCREENING,TITLE_ABSTRACT_REVIEW_REQUIRED,,,,,,,,
1713,TA-07,41136434,10.1038/s41598-025-21044-z,MOTT modular optical tool tracking framework enabling efficient benchmarking.,"Optical tool tracking is the process of determining the 6DoF pose of an object in real time using visual sensor streams and image processing algorithms. It enables spatial localization in applications such as robotics, medical imaging, augmented reality, and precision manufacturing. However, existing solutions often involve tight coupling between hardware and software, complicating the management and benchmarking of different tracking systems. This paper presents the Modular Optical Tool Tracking (MOTT) framework, a unified platform for implementing, integrating, and benchmarking optical tracking solutions. A requirement-based design approach was adopted, using Quality Function Deployment (QFD) to systematically derive technical features and identify design drivers that guided the architecture of the framework. The resulting software framework standardizes the concept of an optical tracking method, featuring a flexible and extensible architecture based on object-oriented principles. Two marker-based tracking methods using an RGB camera as video source were evaluated through the developed framework. The presented case studies showcased the use of the framework for method implementation and comparison within a unified pipeline, reporting computational metrics such as frame rate, CPU and memory usage, and providing pose visualizations. The proposed framework enables standardized evaluation and benchmarking of optical tracking systems, and provides a foundation for future extensions involving non-optical tracking modalities and large-scale comparative studies. The implementation is openly available at https://github.com/tooltip-optical-tracking/mott-framework .",Federico Salerno; Alessandro Contenti; Luca Ulrich; Giorgia Marullo; Sandro Moos; Enrico Vezzetti,Scientific reports,2025,Journal Article,eng,retrieved,UNCERTAIN_REQUIRES_SCREENING,TITLE_ABSTRACT_REVIEW_REQUIRED,,,,,,,,
1714,TA-07,41134474,10.1007/s10803-025-07023-3,Aligning XR Research with Autistic Priorities and Lived Experiences: Insights from the Project PHoENIX Study.,"The purpose of this study was to address this gap by using a multi-methods focus group approach within Project PHoENIX, an XR environment co-designed with adult autistic participants. The current study explores how autistic participants perceive the potential of XR technologies to amplify their strengths, align with their priorities, and navigate barriers, guided by research questions focused on the adoption, relevance, and empowerment of XR tools for the transition-aged autistic population. This study conducted focus group sessions with 12 autistic participants within the PHoENIX XR environment, using structured activities, virtual tours, and interactive tasks to gather data. Data were analyzed through a three-phase qualitative coding process, revealing two primary categories: Autistic-Centered Considerations and Technology-Centered Considerations. Overarching themes and subthemes were identified that provide nuanced insights into both the needs of transition-aged autistic individuals relative to XR and the affordances and limitations of XR platforms in supporting them. Findings in this study highlight the potential of XR research to support practical, strengths-based approaches that align with the lived priorities of autistic individuals, ensuring that future interventions are both empowering and inclusive.",Matthew Schmidt; Jie Jennifer Lu; Noah Glaser; M Curtis Gluck; Shangman Eunice Li; Yueqi Weng; Rui Tammy Huang,Journal of autism and developmental disorders,2025,Journal Article,eng,retrieved,UNCERTAIN_REQUIRES_SCREENING,TITLE_ABSTRACT_REVIEW_REQUIRED,,,,,,,,
1715,TA-07,41131376,10.1007/s00464-025-12326-8,Visual marker-based augmented reality for intraoperative ultrasound in minimally invasive surgery.,"Intraoperative ultrasonography (IOUS) is essential in minimally invasive hepatobiliary-pancreatic surgery but requires surgeons to alternate attention between laparoscopic and ultrasound monitors, disrupting workflow. We developed Flag AR, an augmented reality system that superimposes real-time ultrasound images onto laparoscopic displays using visual marker tracking. This prospective observational study included 14 patients undergoing minimally invasive hepatobiliary-pancreatic procedures between March and April 2025. Three experienced surgeons performed target identification tasks using both Flag AR and conventional IOUS. Eye-tracking analysis measured gaze shifts and visual focus time using wearable eye-tracking glasses. Twenty-six anatomical targets were evaluated, including liver tumors (n = 13), gallbladder tumors (n = 4), and vascular structures (n = 9). Although task completion time showed no significant difference between modalities (23.8 vs. 22.1 s, P = 0.351), Flag AR significantly reduced gaze shifts compared to conventional IOUS (1.8 vs. 8.4 shifts, P < 0.001) and increased time focused on a single monitor (97.9% vs. 73.8%, P < 0.001). Flag AR represents the first clinical application of purely visual marker-based ultrasound overlay technology in minimally invasive surgery. By enabling sustained visual focus on a single display, this system improves surgeon workflow efficiency during IOUS procedures without compromising task performance, potentially enhancing spatial visualization and reducing cognitive workload in complex surgical procedures.",Takeshi Takamoto; Yusuke Kazami; Yujiro Nishioka; Akihiko Ichida; Nobuhisa Akamatsu; Yoshikuni Kawaguchi; Kiyoshi Hasegawa,Surgical endoscopy,2025,Journal Article; Observational Study,eng,retrieved,UNCERTAIN_REQUIRES_SCREENING,TITLE_ABSTRACT_REVIEW_REQUIRED,,,,,,,,
1716,TA-07,41126284,10.1186/s13019-025-03665-7,Augmented reality-assisted infraclavicular first rib resection for arterial and venous thoracic outlet syndrome: a case series.,"The infraclavicular approach is a surgical approach for vascular thoracic outlet syndrome (TOS). However, difficulty in accessing the posterior aspect of the first rib may cause insufficient decompression. To address this problem, we used augmented reality (AR) technology to intraoperatively visualize and determine the extent of rib resection. This study aimed to introduce AR-assisted infraclavicular first rib resection for arterial or venous TOS and report its clinical outcomes. AR-assisted rib resection was introduced in our unit in 2022. Using an infraclavicular approach, we performed first rib resection and scalenectomy with the assistance of endoscopy. We compared the edge of the intraoperatively resected rib with the resection area of the preoperative simulation displayed in the AR to determine the extent of the resection. Six patients who underwent AR-assisted rib resection for arterial or venous TOS had excellent or good Derkash scores at 1 year postoperatively. Postoperative angiography revealed no subclavian vessel stenosis. AR technology enables intraoperative three-dimensional assessment of the location of major vessels and the extent of resection, which may contribute to improved outcomes.",Ryogo Furuhata; Atsushi Tanji; Yuki Yamai; Taku Suzuki,Journal of cardiothoracic surgery,2025,Journal Article,eng,retrieved,UNCERTAIN_REQUIRES_SCREENING,TITLE_ABSTRACT_REVIEW_REQUIRED,,,,,,,,
1717,TA-07,41125660,10.1038/s41598-025-20833-w,Examining the impact of augmented reality on students' learning outcomes.,"This study investigates student and teacher perceptions of using augmented reality (AR) in the classroom and evaluates AR's impact on student cognition and academic performance. Research on its use for educational purposes is at the cradle stage, requiring more investigations. To provide more insights into the efficacy of AR in improving students' learning outcomes, this study utilized a mixed-method research methodology to collect data from 88 participants. The researchers gathered and assessed data to examine the participants' viewpoints on utilizing augmented reality. The study's findings indicate that while research affirms the efficacy of augmented reality (AR) in enhancing students' learning experiences, both students and teachers acknowledged the presence of several pitfalls. Nonetheless, this study suggests that using augmented reality (AR) may result in positive learning outcomes.",Xin Tian; Chinaza Solomon Ironsi,Scientific reports,2025,Journal Article,eng,retrieved,UNCERTAIN_REQUIRES_SCREENING,TITLE_ABSTRACT_REVIEW_REQUIRED,,,,,,,,
1718,TA-07,41124603,10.2196/75907,Investigating a Telerehabilitation Platform Integrated With a Rehabilitation Robot Using Microsoft HoloLens 2 for Upper-Limb Therapy: Pilot Usability Study.,"Upper-limb impairments following conditions such as stroke and spinal cord injury contribute significantly to long-term disability. Many survivors of stroke face limited access to rehabilitation due to geographical, financial, or scheduling barriers, leaving unmet therapeutic needs. This study conducted a preliminary evaluation of the usability of a novel telerehabilitation platform integrating a portable, desktop-mounted robot (DMRbotV3) with a mixed reality HoloLens 2 application to support accessible and adaptive upper-limb neurorehabilitation. This was a pilot usability study. Six participants, 3 (50%) stroke survivors (≥3 months after the event) recruited from a hospital stroke registry and 3 (50%) occupational therapists (≥1 year of clinical experience) recruited through convenience sampling in the Greater Milwaukee region, completed a single 2-hour session using the telerehabilitation platform in the BioRobotics laboratory at the University of Wisconsin-Milwaukee. Participants tried out the system, which delivered passive, active, and resistive exercises through DMRbotV3 combined with interactive mixed reality displays, and then completed a customized usability questionnaire. Data collected included (1) robotic parameters from onboard sensors (joint position, velocity, and interaction forces); (2) participant usability feedback from questionnaires to assess usability, satisfaction, and user engagement; and (3) documentation of adverse events and safety concerns. Descriptive statistics (mean scores and ranges) were used to analyze usability ratings and performance parameters. The system was safe and well tolerated, with no adverse events reported. All participants completed the session, and usability scores averaged ≥4.0 across all items, reflecting high satisfaction and engagement with mixed reality integration. The robotic system demonstrated smooth performance, with controlled joint velocity profiles (-10 m/s to +10 m/s) and adaptive interaction forces up to approximately 25 N. This preliminary study supports the usability of combining robotics and mixed reality technologies into a telerehabilitation platform for upper-limb neurorehabilitation. Participant feedback also identified opportunities for refinement to enhance adaptability and personalization of therapy.",Md Mahafuzur Rahaman Khan; Md Ishrak Islam Zarif; Aditya Pillai; Inga Wang; Mohammad H Rahman,JMIR rehabilitation and assistive technologies,2025,Journal Article,eng,retrieved,UNCERTAIN_REQUIRES_SCREENING,TITLE_ABSTRACT_REVIEW_REQUIRED,,,,,,,,
1719,TA-07,41122895,10.1161/CIR.0000000000001374,Part 12: Resuscitation Education Science: 2025 American Heart Association Guidelines for Cardiopulmonary Resuscitation and Emergency Cardiovascular Care.,"Developed by the American Heart Association, these Guidelines represent the first comprehensive update of education recommendations since 2020. Incorporating the results of structured evidence reviews from the International Liaison Committee on Resuscitation, these are guidelines for the design and delivery of resuscitation training for health care professionals and lay rescuers. This update emphasizes the continuous evolution of evidence evaluation and the necessity of adapting educational strategies to local needs and diverse community demographics. Existing guidelines remain relevant unless specifically updated in this publication. Key topics that are new, are substantially revised, or have significant new literature include the use of cardiopulmonary resuscitation feedback devices in training, rapid-cycle deliberate practice, teamwork and leadership training, manikin fidelity, gamified learning, virtual and augmented reality, use of cognitive aids, stepwise training, blended learning, scripted debriefing, instructor training, alternative objects for lay rescuer chest compression training, and special considerations for training in the management of opioid overdose. How certain personal considerations may influence the overall impact of education are also reviewed, including disparities accordingly related to gender, race, socioeconomic status, and language; the impact of training for school children; and factors that act as barriers or facilitators to lay rescuer willingness to perform cardiopulmonary resuscitation. We conclude with a summary of current knowledge gaps in resuscitation education science and a discussion of future directions for optimizing the impact of resuscitation training programs.",Aaron J Donoghue; Marc Auerbach; Arna Banerjee; Audrey L Blewer; Adam Cheng; Kelly D Kadlec; Yiqun Lin; Emily Diederich; Taylor Sawyer; Devita T Stallings; Lorrel E B Toft; Deborah Torman; Jaylen I Wright; Stephen M Schexnayder; Katie N Dainty,Circulation,2025,Journal Article; Practice Guideline,eng,retrieved,UNCERTAIN_REQUIRES_SCREENING,TITLE_ABSTRACT_REVIEW_REQUIRED,,,,,,,,
1720,TA-07,41120484,10.1038/s41598-025-20398-8,"Upcycling of regular wood trunks and logs using wave function collapse (WFC), augmented reality (AR), and mixed reality (MR) technologies for circular design.","In sustainable building design and construction (SBDC), irregular timber elements, such as unprocessed logs, forks, and branches, remain significantly underutilised due to their complex geometries, which complicate reconfiguration and lead to considerable material waste. This study addresses this challenge by introducing a computational workflow that optimises the upcycling of irregular wood into feasible building components. The CAAD contribution of this work lies in applying Wave Function Collapse (WFC) as a digital aggregation method, enabling automated spatial configuration of irregular wood elements. This method integrates 3D scanning, algorithmic aggregation, and finite element analysis (FEA) to assess structural viability, ensuring efficient material utilisation. For joinery experiments, our engineering application involves the development of a heat-moldable joinery method using recycled PET bottles, which eliminates the need for adhesives or mechanical fasteners. By leveraging the heat-shrink properties of PET, structurally stable connections are formed between upcycled wood components. The proposed framework is demonstrated through the fabrication of functional furniture and pavilion-scale architectural prototypes, showcasing an innovative approach to material repurposing. This study advances Computer-Aided Architectural Design (CAAD) and construction techniques by 3D scanning, volumetric design, AI-driven building scale ideation and Augmented Reality (AR) and MR-assisted assembly, demonstrating scalable solutions for sustainable architecture and circular material reuse.",Jianing Luo; Boyuan Yu; Yuan Jiang; Adam Fingrut; Adam Holloway,Scientific reports,2025,Journal Article,eng,retrieved,UNCERTAIN_REQUIRES_SCREENING,TITLE_ABSTRACT_REVIEW_REQUIRED,,,,,,,,
1721,TA-07,41120120,10.3393/ac.2025.00906.0129,Technical implementation and feasibility of the world's first artificial intelligence-assisted augmented reality-based instrument de-occlusion in robotic-assisted right hemicolectomy.,,Thalia Petropoulou; Pieter De Backer; Kyriacos Evangelou; Jente Simoens; Andreas Polydorou; Alex Mottrie,Annals of coloproctology,2025,Journal Article,eng,retrieved,UNCERTAIN_REQUIRES_SCREENING,TITLE_ABSTRACT_REVIEW_REQUIRED,,,,,,,,
1722,TA-07,41115864,10.1038/s41378-025-01069-0,Body-coupled minimalist human-machine interface for multifunctional touch detection.,"Human-machine interfaces (HMI) are of paramount importance as they serve as essential conduits between humans and the digital realm. However, contemporary designs suffer from the following issues: large number of electrodes, complex wiring, redundant data, and high power consumption. This work proposes a body-coupled minimalist human-machine interface for multifunctional touch detection (BM-HMI). The configuration of gradient resistive elements in the S-shape, in conjunction with a detection strategy founded upon the ratio of relative signal amplitudes, facilitates the effective detection of signals across a range of touch and sliding operations utilizing a mere two sensing electrodes. The experimental results demonstrate that the BM-HMI requires no battery, has remarkable stability (over 400,000 cycles), structural simplicity, rapid response time (approximately 5 ms), ultra-low detection threshold (below 0.04 N), robustness, and high scalability. This work presents a novel concept, demonstrating considerable potential for application in smart wearable devices, mixed reality systems, and ubiquitous sensing terminals.",Guoliang Ma; Hu Shen; Congtian Gu; Liaoyuan Pu; Shenao Xiong; Kaixian Ba; Dakai Wang; Bin Yu; Zhiwu Han; Luquan Ren,Microsystems & nanoengineering,2025,Journal Article,eng,retrieved,UNCERTAIN_REQUIRES_SCREENING,TITLE_ABSTRACT_REVIEW_REQUIRED,,,,,,,,
1723,TA-07,41113761,10.1177/29941520251369450,"Expert Consensus Best Practices for the Safe, Ethical, and Effective Design and Implementation of Artificially Intelligent Conversational Agent (i.e., Chatbot/Virtual Human) Systems in Health Care Applications.","The integration of artificially intelligent conversational agents (AICAs), variously referred to as chatbots and virtual humans (VHs), is transforming health care delivery and education. This article explores our perspective on best practices for the evolution, potential, and ethical considerations of AICAs in clinical and educational contexts. Early applications of simulation technology in health care focused on productivity improvements, teletherapy, and virtual reality therapy applications. Recent technological advancements have enabled the development of high-fidelity extended reality systems and AICAs capable of engaging users in credible interactions. These systems leverage natural language processing, machine learning, large language models, and advanced VH authoring software to create interactive, personalized, and engaging experiences. Recent efforts in the creation of AICAs suggest significant potential benefits, including enhanced patient engagement, improved access to self-care resources, and low-stigma interaction environments. They have demonstrated promise in mental health support, providing a sense of safety and encouraging open disclosure. However, the rapid adoption of AICAs raises critical challenges, including safeguarding user privacy, ensuring system reliability, and addressing ethical concerns. Incidents of harm, such as inappropriate interactions and psychological distress, highlight the need for rigorous design and implementation best practices. This article outlines key principles for developing safe, effective, and equitable AICAs, emphasizing transparency in artificial intelligence (AI) identity, accountability, cultural sensitivity, and informed consent. Additionally, the authors advocate for robust privacy measures, adaptive learning capabilities, and evidence-based content validation to optimize user experience and maintain trust. To mitigate risks, a ""human-in-the-loop"" approach is recommended, ensuring health care professionals oversee AI-supported decisions. By adhering to these best practices, AICAs can enhance health care accessibility, support clinical training, and complement human professionals. This work aims to provide a foundation for the ethical and effective integration of AICAs, maximizing their potential while minimizing risks, ultimately advancing patient care and education in the digital age.",Albert Rizzo; Sharon Mozgai; Alexandros Sigaras; John E Rubin; Rohan Jotwani,Journal of medical extended reality,2025,Journal Article,eng,retrieved,UNCERTAIN_REQUIRES_SCREENING,TITLE_ABSTRACT_REVIEW_REQUIRED,,,,,,,,
1724,TA-07,41113734,10.3171/2025.7.FOCVID2541,Type V tentorial dural arteriovenous fistula: a case of augmented reality-assisted surgical salvage.,"This video demonstrates the case of a Cognard type V tentorial dural arteriovenous fistula that was successfully salvaged using augmented reality-assisted microsurgery following failed endovascular embolization. The patient had a spastic gait and quadrilateral numbness. MRI showed medullary edema and abnormal vessels near the tentorium. DSA confirmed a shunt fed by the meningohypophyseal trunk draining into perimedullary veins. Initial embolization was unsuccessful. Using CISS MRI and augmented reality projection, the authors identified and ligated the arterialized veins, relieving venous hypertension. Postoperative imaging showed improvement of the brainstem edema. The video can be found here: https://stream.cadmore.media/r10.3171/2025.7.FOCVID2541.",Chih-Wei Huang; Chung-Hsin Lee; Kai-Chen Chung; Wen-Hsien Chen; Yuang-Seng Tsuei,Neurosurgical focus: Video,2025,Journal Article,eng,retrieved,UNCERTAIN_REQUIRES_SCREENING,TITLE_ABSTRACT_REVIEW_REQUIRED,,,,,,,,
1725,TA-07,41111705,10.7759/cureus.92302,Augmented Reality Physical Ergonomics (ARPE) Training for Manual Material Handling Workers: A Protocol for a Quasi-experimental Study.,"Manual material handling (MMH) workers are at an increased risk of work-related musculoskeletal disorders (WMSDs) due to the physically demanding nature of their tasks. Traditional ergonomic training methods often fail to engage learners effectively. This protocol describes an Augmented Reality Physical Ergonomics (ARPE) training module that aims to enhance ergonomic knowledge, supports worker self-assessment, and encourages preventive practices through an immersive, interactive learning experience. The ARPE module was developed with a literature review, expert input, and pilot usability testing and is delivered via a mobile XR app featuring 3D task simulations and ergonomic demonstrations. We will conduct a two-arm, six-week quasi-experimental study in manufacturing settings (n=78 MMH workers; 1:1 ARPE vs. standard Department of Occupational Safety and Health (DOSH) training). Outcomes will be measured at baseline, immediately post-training, and at six weeks. The primary outcome is ergonomic knowledge; secondary outcomes are self-prevention behaviors and self-evaluation. Group differences across time will be evaluated using repeated-measures methods. A separate usability assessment of the ARPE app employed a validated mHealth usability questionnaire in an independent worker sample.  As this is a study protocol, results are not yet available. The study is designed to assess changes in ergonomic knowledge (primary outcome) and self-prevention behaviors and self-evaluation (secondary outcomes). Data collection and analysis are planned through November 2025. Ethics and trial registration: The study was approved by the Research Ethics Committee of Universiti Teknologi MARA (UiTM) (approval number: REC/11/2024 (PG/MR/550)) and is registered with ClinicalTrials.gov (US National Library of Medicine) under the identifier NCT06993298.  Conclusion: This protocol describes an augmented reality (AR)-based ergonomic training module (ARPE) that aims to provide an innovative, expert-validated, immersive approach to training. The study will evaluate effects on ergonomic knowledge (primary), self-prevention behaviors, and self-evaluation among MMH workers. Findings may support the use of AR as a scalable occupational health training tool and may inform strategies to reduce work-related musculoskeletal risk.",Fatimah Zahra Norman; Siti Munira Yasin; Mariam Mohamad; Meram Azzani,Cureus,2025,Journal Article,eng,retrieved,UNCERTAIN_REQUIRES_SCREENING,TITLE_ABSTRACT_REVIEW_REQUIRED,,,,,,,,
1726,TA-07,41108327,10.1097/SCS.0000000000012060,The Development and Validation of CranioFix: An Augmented-Reality Biomodel for Craniomaxillofacial Education.,"To describe the development, implementation, and validation of CranioFix, an augmented-reality (AR)-enhanced educational toolkit for the training of craniomaxillofacial trauma management, specifically orbit-zygomatic complex (OZC) fractures. Surgical training in craniomaxillofacial trauma presents significant challenges due to the complexity of the anatomy, limited exposure to trauma cases, and the need for hands-on technical skill acquisition. Augmented-reality simulation technologies offer a promising solution to these limitations. CranioFix was developed as a hybrid AR and physical simulation model consisting of a 3D-printed skull with realistic tissue overlays, integrated surgical instruments, and a smartphone-based AR application. The app provides guided surgical instruction, anatomic overlays, and self-assessment tools. A validation study involving 15 surgeons and surgical trainees was conducted in a war-zone mission setting. Participants reported significant improvement in confidence levels for OZC trauma management (mean precourse 3.2/10 versus postcourse 6.3/10). The educational content received high ratings for usefulness (9.1/10), interactivity (8.3/10), and overall design (8.2/10). All participants endorsed CranioFix as a valuable training tool and recommended its expansion to other craniofacial procedures. CranioFix is an effective, portable, and scalable AR-based simulation platform that enhances surgical training in craniomaxillofacial trauma. It is particularly valuable in resource-constrained or disrupted settings and has the potential for wide application in global surgical education.",Sultan Al-Shaqsi; Tara L Teshima; Glenn Edwards; Oleh Antonyshyn,The Journal of craniofacial surgery,2026 Mar-Apr 01,"Journal Article; Validation Study; Research Support, Non-U.S. Gov't",eng,retrieved,UNCERTAIN_REQUIRES_SCREENING,TITLE_ABSTRACT_REVIEW_REQUIRED,,,,,,,,
1727,TA-07,41107072,10.1016/j.jcms.2025.10.007,A portable mixed reality navigation system for oral and maxillofacial surgery: Design and preliminary clinical evaluation.,"To develop a novel mixed reality (MR)-based portable navigation system for oral and maxillofacial surgery (OMFS) and to evaluate its feasibility and spatial accuracy in clinical applications. The MR-based system was developed using Microsoft HoloLens 2, leveraging its built-in near-infrared cameras for reflective marker tracking. A customized software module, developed on the 3D Slicer platform, enabled automatic registration and real-time 3D anatomical visualization through a spatial pose filtering algorithm. A non-invasive patient-specific dental bracket was fabricated using silicone rubber for fixation and registration. A prospective clinical trial involving 24 patients was conducted. Navigation performance was quantitatively assessed by comparing preoperative and intraoperative registration errors, and qualitatively evaluated based on lesion overlap observed through the MR headset. The proposed MR system successfully achieved real-time 3D visualization and immersive intraoperative navigation without the use of external tracking devices. The mean preoperative localization error was 1.64 ± 0.78 mm, and the intraoperative error was 1.65 ± 1.00 mm (p = 0.44), indicating no significant difference. Among the 24 cases, 83.3 % demonstrated high virtual-to-actual concordance, while 16.7 % showed moderate concordance. The average data processing time was 8.38 ± 0.83 min, with improved efficiency observed over repeated trials. The MR-based navigation system demonstrated good feasibility, accuracy, and usability for OMFS procedures. Its low cost, non-invasive design, and flexibility make it a promising intelligent surgical guidance tool for routine clinical practice, particularly in primary healthcare settings.",Zhongjie Shi; Tianyi Li; Jianguo Ke; Jia Li; Xin Gao; Xinfeng Zhang; Xuan Wang; Yameng Si; Zhanxiang Wang,Journal of cranio-maxillo-facial surgery : official publication of the European Association for Cranio-Maxillo-Facial Surgery,2025,Journal Article,eng,retrieved,UNCERTAIN_REQUIRES_SCREENING,TITLE_ABSTRACT_REVIEW_REQUIRED,,,,,,,,
1728,TA-07,41105048,10.1097/SCS.0000000000012082,Augmented Reality and 3D Printing as an Aid to Surgical Planning in Modern Microtia Reconstruction.,"Since Tanzer's seminal work introducing costal cartilage for ear reconstruction, subsequent advances by Brent, Nagata, and Firmin have refined surgical techniques and aesthetic outcomes. However, fundamental aspects of the procedure-such as planning incisions, achieving accurate ear positioning, and guiding chest wall incisions for rib harvest-have seen limited innovation. The current standard practice of using projection paper or transparent templates to replicate the contralateral ear position remains imprecise. Similarly, autologous cartilage harvest can be particularly challenging in patients with higher BMI, due to difficulty in accurate rib palpation and visualization. Misplaced chest wall incisions can result in suboptimal rib harvest, longer operative times, and increased morbidity. In this study, we introduce patient-specific, three-dimensional (3D) printed masks, termed hEARo masks, as a novel and user-friendly tool for ear framework positioning. Furthermore, we present the integration of augmented reality (AR) technology to enhance preoperative planning and intraoperative guidance during microtia repair, enabling more precise incision placement for rib harvest. The combined use of 3D printing and AR facilitates complex ear reconstruction, offering increased surgical precision, reduced operative time, and potentially improved patient outcomes. These innovations represent a significant advancement in the personalization and accuracy of auricular reconstruction.",Diego A Gomez; Kiana Hashemi; Ishpriya Sharma; Alexander Demeris; Mario A Aycart; Pushpak Patel; Brian C Kellogg; Joseph R Dusseldorp; Angelo A Leto Barone,The Journal of craniofacial surgery,2026 Mar-Apr 01,"Journal Article; Research Support, Non-U.S. Gov't",eng,retrieved,UNCERTAIN_REQUIRES_SCREENING,TITLE_ABSTRACT_REVIEW_REQUIRED,,,,,,,,
1729,TA-07,41100951,10.1016/j.aap.2025.108276,Driver attention in urban intersections when crossing paths with cyclists.,"Conflicts arise when motor vehicles cross cycle paths during turns, often due to drivers neglecting over-the-shoulder glances. This paper examines the visual attention of car drivers at urban unsignalized intersections, considering turning direction, cross traffic, and cyclist approaching from behind. A study with 44 participants was conducted using a fixed-base driving simulator equipped with an eXtended Reality (XR)-based visual system, which provided 360° immersion and enabled eye tracking for head movements and over-the-shoulder glances. Drivers were recruited based on urban cycling experience (inexperienced/experienced) and driving style (cautious/assertive). Results showed that in 47.8 % of intersection approaches, participants failed to adequately check for cyclists from behind. Driver characteristics did not consistently reveal traits associated with this neglect. Although cautious drivers with urban cycling experience made fewer mistakes, all groups were generally poor at checking for cyclists from behind. Post-drive questionnaire results on rule knowledge showed that, across participants, only half of the requirements to check for cyclists approaching from behind were indicated correctly. Drivers are more consistent in checking for cross-traffic, suggesting the neglect to check for cyclists is systemic rather than individual. The lack of awareness among drivers about their obligation to check for cyclists can be attributed to the less obvious nature of this traffic stream, as it comes from behind and lacks signs or warnings. Checking over the shoulder is physically more effortful, and cyclists may often pre-empt collisions, reinforcing drivers' mental models to turn without checking. To improve safety, changes counteracting systemic biases against cyclists are needed.",Christer Ahlström; Katja Kircher; Fredrik Johansson; Anders Andersson; Johan Olstam,Accident; analysis and prevention,2025,Journal Article,eng,retrieved,UNCERTAIN_REQUIRES_SCREENING,TITLE_ABSTRACT_REVIEW_REQUIRED,,,,,,,,
1730,TA-07,41100337,10.59556/japi.73.1186,Leveraging Artificial Intelligence Tools to Bridge the Healthcare Gap in Rural Areas in India.,"Rural areas continue to grapple with a lack of access to healthcare despite the development of technologies like telehealth, artificial intelligence (AI), virtual and mixed reality, nanotechnology, and robotics. However, there are encouraging ways to get beyond these obstacles with the advent of AI tools. To close the healthcare gap in rural India, the research explores the viability and effectiveness of implementing AI solutions. A scoping review was used in the study to help define its objectives and parameters as well as to examine the efficacy and potential of AI tools in bridging the gap in rural healthcare. The information was taken from a number of databases such as PubMed, ScienceDirect, and Google Scholar that contained English-language publications from January 2020 to December 2023. The data were recorded and screened with the help of electronic data processing software called ""Rayyan,"" and the results were displayed thematically. The study shows how AI-driven solutions could be used to address and overcome healthcare access gaps, highlighting the potential for implementing AI technologies in rural healthcare settings. In order to successfully incorporate AI tools, the report also identifies barriers to their acceptance in rural healthcare and suggests joint efforts by healthcare providers, policymakers, and technology developers. In order to adopt AI in rural areas, this study requires supporting investments in capacity-building programs, digital infrastructure, and supportive legislative frameworks. The paper emphasizes how AI is transforming healthcare in rural India and closing the gap in access. Healthcare professionals and legislators can overcome obstacles, provide local healthcare staff with better infrastructure, and enhance health outcomes for rural regions by utilizing AI technologies. The conclusions and suggestions help to advance the body of knowledge on using AI to provide appropriate healthcare, which will direct similar projects in the future.",Ajit Kerketta; Sathiyaseelan Balasundaram,The Journal of the Association of Physicians of India,2025,Journal Article,eng,retrieved,UNCERTAIN_REQUIRES_SCREENING,TITLE_ABSTRACT_REVIEW_REQUIRED,,,,,,,,
1731,TA-07,41099723,10.1080/17483107.2025.2566388,The use of digital reality technologies for children and adolescents with special needs: a bibliometric analysis.,"Digital reality encompasses various innovative technologies such as virtual reality (VR), augmented reality (AR), mixed reality (MR), and extended reality (XR). Digital reality technologies stand out as one of the most important innovations of our time, offering personalized, interactive, and accessible solutions for education and rehabilitation processes, especially for individuals with special needs. This study conducts a detailed bibliometric analysis to explore how these technologies have been applied in special education research. We carried out our search procedure through Web of Science (WoS) database. Analysis performed with Bibliometrix package in R on April 2025 and accessed a total of 640 records for 29 years from 1996 to 2025. The findings indicate a sharp rise in scholarly attention since 2019, with much of the research focusing on areas like virtual reality, autism, rehabilitation, and augmented reality. Countries such as the United States, China, and Spain have emerged as leaders in this domain, with Vanderbilt University contributing significantly to the field. The analysis identifies eight thematic clusters, which reveal the evolving ways in which digital reality technologies are being integrated into educational and therapeutic practices for children and adolescents with special needs. By offering a comprehensive overview of the current landscape, this study provides valuable insights into emerging research directions and underscores the growing importance of these technologies in shaping inclusive and innovative educational environments.",Emin Demir; Nihal Şen; Muhammed Celal Uras; Samet Ata; Sedat Şen,Disability and rehabilitation. Assistive technology,2025,Journal Article,eng,retrieved,UNCERTAIN_REQUIRES_SCREENING,TITLE_ABSTRACT_REVIEW_REQUIRED,,,,,,,,
1732,TA-07,41098124,10.1192/j.eurpsy.2025.10118,Shaping the future of psychotherapy: Leveraging technology-supported online clinics.,"Melanie, a mother of two, has struggled with severe contamination-related obsessive-compulsive disorder (OCD) for years, spending hours each day cleaning and avoiding activities that feel ""unsafe,"" which causes constant anxiety. Her symptoms make daily tasks difficult, as she cannot play with her children outside, do groceries without taking drastic measures, or visit friends and family without intense fear of contamination. Her rigid routines and compulsions take a toll on her mental and physical health and her children's, leaving her feeling isolated and overwhelmed. Melanie knows she needs specialized treatment. However, living in a rural area, the nearest specialized clinic is too far away for a day treatment program, inpatient care is not an option due to childcare responsibilities, and outpatient treatment is inaccessible due to long waiting lists and insufficient intensity for her needs. As a result, she remains stuck, unable to access the intensive therapy she requires.",Franziska Miegel; Anna Brähler; Lara Wille; Amir H Yassari; Lara Rolvien,European psychiatry : the journal of the Association of European Psychiatrists,2025,Journal Article,eng,retrieved,UNCERTAIN_REQUIRES_SCREENING,TITLE_ABSTRACT_REVIEW_REQUIRED,,,,,,,,
1733,TA-07,41096010,10.3390/jcm14196930,Mixed-Reality Visualization of Impacted Teeth: A Survey of Undergraduate Dental Students.,"Background/Objectives: Integrating 3D visualization technologies, including virtual reality (VR), augmented reality (AR), and mixed reality (MR), into dental education may enhance students' understanding of facial anatomy and clinical procedures. This study aimed to assess dental students' perceptions of using MR for three-dimensional visualizations of impacted teeth. Methods: Cone-beam computed tomography (CBCT) scans of patients with impacted teeth were retrospectively selected from a university clinic database. The CBCT images were processed to adjust contrast for optimal visualization before being uploaded to MR goggles (HoloLens 2). A total of 114 final-year dental students participated, each manipulating the 3D images in space using the goggles. Following this, they completed a seven-question survey on a five-point Likert scale (1 = strongly agree, 5 = strongly disagree), evaluating image quality and the usefulness of 3D visualization. Results: The study group consisted of 29 males and 85 females (mean age = 24.11 years, SD = 1.48). The most favorable responses were for enhanced visualization of the impacted tooth's position relative to adjacent structures and the inclusion of 3D image visualization as a teaching aid, which benefited students while learning and allowed them to better understand the course of the procedure for exposure/extraction of the impacted tooth, with median scores of 1, indicating a highly favorable opinion. A statistically significant relationship was found between the responses of females and males regarding the quality of the presented image using HoloLens 2 goggles. No significant correlation was found between participants with and without prior experience using VR/MR/AR. No significant correlation was found between age and responses. Conclusions: Students reported an improved understanding of the relationships between impacted teeth and adjacent structures, as well as potential benefits for clinical training. These findings demonstrate a high level of acceptance of MR technology among students; however, further research is required to objectively assess its effectiveness in enhancing learning outcomes.",Agnieszka Garlicka; Małgorzata Bilińska; Karolina Kramarczyk; Kuba Chrobociński; Przemysław Korzeniowski; Piotr S Fudalej,Journal of clinical medicine,2025,Journal Article,eng,retrieved,UNCERTAIN_REQUIRES_SCREENING,TITLE_ABSTRACT_REVIEW_REQUIRED,,,,,,,,
1734,TA-07,41095492,10.3390/healthcare13192406,Implementation of Medicalholodeck® for Augmented Reality Surgical Navigation in Microsurgical Mandibular Reconstruction: Enhanced Vessel Identification.,"Mandibular reconstruction with the fibula free flap is the gold standard for large defects, with virtual surgical planning becoming integral to the process. The localization and dissection of critical vessels, such as the recipient vessels in the neck and the perforating vessels of the fibula flap, are demanding steps that directly impact surgical success. Augmented reality (AR) offers a solution by overlaying three-dimensional virtual models directly onto the surgeon's view of the operative field. We report the first case in Latin America utilizing a low-cost, commercially available holographic navigation system for complex microsurgical mandibular reconstruction. A 26-year-old female presented with a large, destructive osteoblastoma of the left mandible, requiring wide resection and reconstruction. Preoperative surgical planning was conducted using DICOM data from the patient's CT scans to generate 3D holographic models with the Medicalholodeck® software. Intraoperatively, the primary surgeon used the AR system to superimpose the holographic models onto the patient. The system provided real-time, immersive guidance for identifying the facial artery, which was anatomically displaced by the tumor mass, as well as for localizing the peroneal artery perforators for donor flap harvest. A free fibula flap was harvested and transferred. During the early postoperative course and after 3-months of follow-up, the patient presented with an absence of any clinical complications. This case demonstrates the successful application and feasibility of using a low-cost, consumer-grade holographic navigation system.",Norman Alejandro Rendón Mejía; Hansel Gómez Arámbula; José Humberto Baeza Ramos; Yidam Villa Martínez; Francisco Hernández Ávila; Mónica Quiñonez Pérez; Carolina Caraveo Aguilar; Rogelio Mariñelarena Hernández; Claudio Reyes Montero; Claudio Ramírez Espinoza; Armando Isaac Reyes Carrillo,"Healthcare (Basel, Switzerland)",2025,Case Reports; Journal Article,eng,retrieved,UNCERTAIN_REQUIRES_SCREENING,TITLE_ABSTRACT_REVIEW_REQUIRED,,,,,,,,
1735,TA-07,41094759,10.3390/s25195935,A Remote Maintenance Support Method for Complex Equipment Based on Layered-MVC-B/S Integrated AR Framework.,"Augmented reality (AR)-based assisted maintenance methods are effective in completing simple equipment maintenance tasks. However, complex equipment typically requires multi-location remote collaboration due to structural complexity, multiple fault states, and high maintenance costs, significantly increasing maintenance difficulty. This paper therefore proposes a remote maintenance support method for complex equipment based on layered-MVC-B/S integrated AR framework (IAR-RMS). First, clearly define the maintenance content and workflow for multi-person remote collaboration and conduct an in-depth analysis of process control within the task workflow to avoid incomplete or unsystematic maintenance guidance information and processes. Second, analyze collaborative management from the perspectives of maintenance role conflicts and maintenance operation conflicts and implement on-demand permission control and operation sequence management to ensure the timeliness and user-friendliness of multi-person collaboration. Then, integrate the layered architecture, MVC, and B/S architecture to construct a remote maintenance support (RMS) model based on an integrated architecture system, ensuring the reliability and timeliness of the model. Finally, demonstrate the main functional modules of the RMS task process, and use power system disassembly and assembly as an experiment to validate the effectiveness and generalizability of the proposed IAR-RMS method. The results indicate that the proposed IAR-RMS method can effectively realize maintenance support tasks in multi-person remote collaboration scenarios.",Xuhang Wang; Qinhua Lu; Jiayu Chen; Dong Zhou,"Sensors (Basel, Switzerland)",2025,Journal Article,eng,retrieved,UNCERTAIN_REQUIRES_SCREENING,TITLE_ABSTRACT_REVIEW_REQUIRED,,,,,,,,
1736,TA-07,41093539,10.1177/21925682251387550,Augmented Reality-Guided Pedicle Screw Placement With 2D-3D Registration: Proof-Of-Concept Using 151 Cadaveric Trajectories.,"Study DesignProspective, single-center cadaveric study.ObjectivesTo evaluate the accuracy of augmented reality (AR) head-mounted display navigation using a 2D-3D registration method for pedicle screw placement that integrates preoperative CT scans with intraoperative X-ray images, eliminating the need for intraoperative 3D imaging.MethodsA prospective, single-center cadaveric study was conducted using six human cadaveric specimens. Five board-certified spine surgeons placed 151 pedicle screws across cervical (n = 36), thoracic (n = 54), lumbar (n = 41), and sacroiliac (n = 20) regions using an AR navigation system. The system utilized preoperative CT scans registered with intraoperative X-ray images. Accuracy was assessed stereotactically (angular and translational errors) and clinically (Gertzbein-Robbins and Heary classifications).ResultsOf 151 pedicle screws placed, 147 (97.4%) were accurately positioned in the ""safe zone"" (Gertzbein-Robbins grades A/B or Heary classifications I/II). The 99% upper bound limit for angular errors was <3 and translational errors was < 3 mm in both axial and sagittal planes across all vertebral levels.ConclusionsThe 2D-3D registration methodology with AR visualization demonstrates high accuracy for pedicle screw placement comparable to conventional navigation techniques. This approach effectively addresses key limitations of existing navigation paradigms while maintaining high accuracy standards without requiring intraoperative 3D imaging capabilities. AR-assisted navigation with 2D-3D registration represents a promising technological advancement that may enhance the precision and efficiency of spinal instrumentation procedures.",Jose A Castillo; Gabriel Urreola; Venina Kalistratova; Michael Le; Alan M Harris; Hania Shahzad; Dustin H Massel; Nicholas Shepard; Chris Cook; Richard Lim; Safdar Khan; Richard L Price,Global spine journal,2026,Journal Article,eng,retrieved,UNCERTAIN_REQUIRES_SCREENING,TITLE_ABSTRACT_REVIEW_REQUIRED,,,,,,,,
1737,TA-07,41093298,10.1093/milmed/usaf500,How Can French Special Operations Surgical Teams Adapt to the Looming Warfare Challenges?,"The dynamic nature of modern warfare poses significant challenges for Special Operations Surgical Teams (SOST). These teams must remain agile and innovative to deliver life-saving care in austere and evolving combat environments. This report explores practical strategies to enhance the capabilities of French SOST, focusing on modular medical systems, advanced blood management, and the integration of emerging technologies. We conducted a comprehensive analysis of current SOST practices and identified key limitations impacting operational efficiency. Proposed innovations were evaluated based on feasibility, scalability, and their potential to address identified gaps. Recommendations were informed by lessons learned from recent French SOST deployments and international military medical research. Key findings include the development of modular surgical kits tailored for diverse operational scenarios, such as extreme climates and prolonged field care. Enhanced blood management systems, including portable refrigeration units and walking blood banks, address logistical challenges in resource-limited settings. The integration of artificial intelligence tools for triage and decision-making, as well as virtual and augmented reality simulations for high-fidelity training, further bolster SOST preparedness and effectiveness. Innovative strategies, including modularity, advanced blood solutions, and emerging technologies, are essential to ensure French SOST can meet the demands of modern warfare. By addressing current limitations, these advancements will enhance operational readiness, improve patient outcomes, and support interoperability with allied forces. Not applicable (Brief Report).",Cyril Pernod; Sylvain Vico; Guillaume Boddaert; Emmanuel Hornez; Christophe Dubecq; Pierre Pasquier,Military medicine,2026,Journal Article,eng,retrieved,UNCERTAIN_REQUIRES_SCREENING,TITLE_ABSTRACT_REVIEW_REQUIRED,,,,,,,,
1738,TA-07,41093253,10.1016/j.wneu.2025.124562,Optimizing the Workflow of Superficial Temporal Artery Mapping in Extracranial-Intracranial Bypass Surgery Using Mixed Reality: A Proof-of-Concept Study.,"Doppler ultrasound is the standard for mapping the superficial temporal artery (STA) during extracranial-intracranial (EC-IC) bypass surgery. Mixed reality (MR) offers a novel alternative by providing patient-specific anatomic overlays to better visualize the STA. This study aims to validate MR-guided STA mapping as a reliable preoperative planning tool in EC-IC bypass to the middle cerebral artery. In this proof-of-concept study, 7 patients undergoing STA-middle cerebral artery bypass surgery were enrolled. Preoperative computed tomography angiograms were superimposed onto the patient using MEDIVIS SurgicalAR. Six standardized anatomic fiducial points were chosen for intraoperative registration. Five points along the parietal branch of the STA were annotated using MR and Doppler techniques. Point-to-point discrepancies between the MR and Doppler maps were analyzed, and map overlap was evaluated with computer vision techniques (OpenCV, Python). Significance was set at P < 0.05. MR mapping of the STA was faster than Doppler mapping (11.3 ± 1.47 vs. 67.2 ± 17.6 seconds; P = 0.001). When considering the time to register, the overall time for MR mapping was similar to Doppler (79.2 ± 39.8 vs. 67.2 ± 17.6 seconds; P = 0.78). Notably, MR outperformed Doppler at the distal segments of the STA (2.71 ± 0.91 vs. 20.90 ± 8.46 seconds; P < 0.001). Overall, the MR and Doppler maps demonstrated comparable alignment, with an average deviation of 4.46 ± 2.64 mm along the entire course of the mapped vessel. MR provides comparable STA mapping accuracy to Doppler while reducing the mapping time. These findings suggest that the planned incision is unlikely to differ, providing early evidence for the feasibility of MR-guided mapping for EC-IC bypass procedures.",Shovan Bhatia; Aaron Huynh; Regan M Shanahan; Michael R Kann; Adway Gopakumar; Nikhil Sharma; Nicolás M Kass; Griffin Hurt; Rishi Basdeo; Nicole Don; Michael J Lang; Jacob T Biehl; Edward G Andrews,World neurosurgery,2025,Journal Article,eng,retrieved,UNCERTAIN_REQUIRES_SCREENING,TITLE_ABSTRACT_REVIEW_REQUIRED,,,,,,,,
1739,TA-07,41092696,10.1016/j.jocn.2025.111666,The future of neurosurgical training: Role of augmented reality in enhancing skill acquisition and deciphering intracranial complexities.,"Innovative neurosurgical teaching methods are gaining popularity these days providing a promising alternative to traditional methods. 3D-AR box models provide a realistic environment with good tactile feedback to trainees. The objective of this study was to evaluate the utility of a Hybrid 3D model integrated with augmented reality (AR) for enhancing anatomical understanding during pterional and retromastoid craniotomies. Our study included 40 neurosurgeons of varying years of experience, who were randomized to either pterional or retromastoid station. They were made to draw craniotomy iterations before and after AR visualization of gold standard which were compared with actual craniotomy the participant did, followed by dural opening. This was followed by intracranial neurovascular structures identification pre and post AR usage. Number of errors made in both the attempts were noted. This was followed by subjective questionnaire. 90 % participants had no previous knowledge about the models. For pterional group the mean improvement in iteration overlap and craniotomy overlap with the gold standard post AR visualization was 10.29 + -6.36 % and 6.69 + -8.83 % respectively while it was 23.97 + -8.97 % and 14.07 + -14.70 % for the retromastoid group. The improvement in overlap of iteration post AR visualisation with the gold standard correlated negatively with experience for both the groups (r = -0.954, p = 0.001 pterional and r = -0.951, p = 0.001 retromastoid). Similarly, improvement in overlap of craniotomy correlated negatively with experience. Median number of errors in intracranial neurovascular structures identification reduced for both the groups post AR visualisation and significant difference was noted on Wilcoxon signed rank test (p = 0.001). As far as subjective analysis was considered, trainees with relatively fewer years of experience were more in favour of the box models and no significant difference existed between both the groups. Incorporating hybrid 3D AR box models into the neurosurgery curriculum could be beneficial, particularly for newly joined trainees, as a way to enhance their skills before transitioning to the operating room.",Kushagra Pandey; Akshay Ganesh Kumar; Prachi Singh; Varidh Katiyar; Het Shah; Vivek Tandon; Amol Raheja; Kanwaljeet Garg; Shashwat Mishra; Franco Servadei; Shashank Sharad Kale,Journal of clinical neuroscience : official journal of the Neurosurgical Society of Australasia,2025,Journal Article; Randomized Controlled Trial,eng,retrieved,UNCERTAIN_REQUIRES_SCREENING,TITLE_ABSTRACT_REVIEW_REQUIRED,,,,,,,,
1740,TA-07,41091684,10.1176/appi.neuropsych.20250146,Leveraging Medical Extended Reality for Patient Education in Clinical Neuroscience.,,Wilfredo López-Ojeda; Robin A Hurley,The Journal of neuropsychiatry and clinical neurosciences,2025,Journal Article,eng,retrieved,UNCERTAIN_REQUIRES_SCREENING,TITLE_ABSTRACT_REVIEW_REQUIRED,,,,,,,,
1741,TA-07,41091588,10.23736/S0375-9393.25.19529-1,Integrating mixed reality into airway assessment: a cautious step forward.,,Rafail E Ioannidis; Constantinos A Papadopoulos; Despoina G Sarridou,Minerva anestesiologica,2026,Journal Article,eng,retrieved,UNCERTAIN_REQUIRES_SCREENING,TITLE_ABSTRACT_REVIEW_REQUIRED,,,,,,,,
1742,TA-07,41091328,10.1186/s40902-025-00471-y,Augmented reality vs CAD/CAM system in orthognathic surgery: development and accuracy evaluation.,"Recent advancements in augmented reality (AR) have gained increasing interest in surgical applications, particularly in maxillofacial surgery. This study evaluates the accuracy and reproducibility of an AR-based navigation system using optical see-through (OST) headsets, in comparison to traditional CAD/CAM-guided approaches for Le Fort I osteotomy. Twenty identical stereolithographic skull models were divided into two groups: one group treated with OST-based AR navigation system to visualize virtual surgical lines on the skull models (n = 10) and the other treated with the conventional CAD/CAM procedure using titanium materialise surgical guides (n = 10). Virtual surgical planning (VSP) was carried out identically for both groups. Surgical accuracy was assessed by measuring deviations (in mm) between planned and postoperative positions of seven cephalometric reference points. All models in the CAD group achieved deviations below the 2-mm clinical threshold (mean deviation: 0.72 ± 0.38 mm). However, only 4 out of 10 in the OST group met this threshold (mean deviation: 2.27 ± 1.24 mm). A statistical analysis using Mann-Whitney U-test with a significance level of 0.05 was carried out to compare the mean accuracy between OST and CAD groups. The results revealed a statistically significant difference between OST and CAD groups (p-value < 0.005). Nevertheless, progressive improvements in the OST group were observed, likely reflecting a learning curve associated with the new technology. Although CAD/CAM remains more accurate, the AR-based system offers advantages in real-time visualization and reduced costs and preoperative time by eliminating the need for 3D-printed guides. However, the current accuracy limitations highlight the need for further refinement of AR systems and increased operator training. Future studies are needed to validate the clinical applicability and reliability of AR-guided orthognathic surgery.",Federica Civita; Ilaria Rota; Diego Sergio Rossi; Alberto Sinatra; Giada Anna Beltramini; Alessandro Remigio Bolzoni,Maxillofacial plastic and reconstructive surgery,2025,Journal Article,eng,retrieved,UNCERTAIN_REQUIRES_SCREENING,TITLE_ABSTRACT_REVIEW_REQUIRED,,,,,,,,
1743,TA-07,41091110,10.1097/NNE.0000000000001996,"Extended Reality in Health Care Simulation: Current State, Challenges, and Future Directions.","Extended reality (XR) technologies are increasingly integrated into health care simulations. XR enables immersive, interactive, and multisensory learning experiences that enhance skill acquisition, knowledge retention, and interprofessional collaboration. Despite growing interest, educators should address challenges, such as cognitive load management, inconsistent standards, accessibility barriers, and cost-effectiveness, to optimize the potential of XR. The authors in this Technology Overview synthesize evidence and provide expert discussion to explore the current state, challenges, and future directions of XR. The resulting recommendations highlight best practices in XR integration, including guidance on modality selection, curricular alignment, strategies to minimize cognitive overload, and future trends. XR has the potential to enhance nursing and health care education by supporting immersive, scalable, and learner-centered experiences. The future of XR depends on strategic efforts to enhance realism, usability, and integration. Priorities include intuitive design, adaptive artificial intelligence, advanced haptics, cost-effectiveness, and improved accessibility to support learning.",Bethany Cieslowski; Mindi Anderson; Kristen M Brown; Frank Guido-Sanz; Beth Fentress Hallmark; Elizabeth Wells-Beede; Jason Konzelmann; William B Belk; Samantha Smeltzer; Sindhu Mallala; Mary Lee Carter; Zaleha Abdullah Mahdy; Janine Doran; Deb Derner; Jennifer Polson; Kim Burtch; Tracy Chesney; Corbin Rickerby; Andrea M Landis; Amar P Patel,Nurse educator,2025 Nov-Dec 01,Journal Article,eng,retrieved,UNCERTAIN_REQUIRES_SCREENING,TITLE_ABSTRACT_REVIEW_REQUIRED,,,,,,,,
1744,TA-07,41090916,10.1227/ons.0000000000001807,Impact of Mixed Reality on Middle Cerebral Artery Aneurysm Clipping: Initial Experience With 25 Cases.,"Middle cerebral artery (MCA) intracranial aneurysms (IAs) present in different anatomic configurations and variations, making their precise preoperative study of paramount importance to tailor treatment. Surgical planning with a 3-dimensional interactive technology such as mixed reality (MxR) may have a relevant impact on anatomic understanding and surgical orientation. Twenty-five unruptured elective MCA IAs surgically prepared with MxR were prospectively included and matched with a cohort of 25 cases that were not prepared with MxR. Demographic, clinical, and aneurysm-related and surgery-related data were collected. Hologram preparation time (HPT) was recorded. The surgical preparation time, ie, from beginning of patient positioning to end of draping, and intraoperative time, ie, from skin incision to skin closure were compared between groups. MxR usability was evaluated through a standard Usefulness, Satisfaction, and Ease of use questionnaire assessing Usefulness, Ease of Use, Ease of Learning, and Satisfaction. The mean HPT was 26 ± 10 minutes. In 2 cases (8%), surgical planning with MxR led to the modification of the approach or the head's positioning. The cohort prepared with MxR showed a lower mean surgical time from skin incision to skin closure (203 ± 64 minutes vs 229 ± 78 minutes, 95% CI [-20, 58]). The mean craniotomy diameter and mean surgical preparation time did not differ significantly. Mean scores for Usefulness, Ease of Use, Ease of Learning, and Satisfaction were equal or above 5 for 80% of the interviewed surgeons, and a subjective feeling of improved anatomic understanding after 3-dimensional visualization was reported by all interviewed neurosurgeons. The application of MxR on surgical planning of elective clipping of MCA IAs seemed to have relevant impact on surgical time and preoperative anatomic understanding while showing acceptable usability. HPT was significant and should be further reduced to be applicable broadly and preferably using automatic segmentation strategies.",Elisa Colombo; Giuseppe Esposito; Jorn Fierstra; Menno R Germans; Carlo Serra; Luca Regli; Tristan van Doormaal,"Operative neurosurgery (Hagerstown, Md.)",2026,Journal Article,eng,retrieved,UNCERTAIN_REQUIRES_SCREENING,TITLE_ABSTRACT_REVIEW_REQUIRED,,,,,,,,
1745,TA-07,41090837,10.3390/nano15191493,Single-Layer Full-Color Waveguide Display Based on a Broadband Efficient Meta-Grating.,"Augmented reality (AR) displays are pivotal for delivering immersive experiences in the metaverse, thus driving significant research interest. Current AR systems, predominantly relying on diffraction principles, often suffer from low efficiency and face challenges in realizing monolithic full-color operation. Herein, we propose an AR system that integrates a broadband and highly efficient meta-grating in-coupler and an elliptical meta-grating out-coupler onto a single thin glass substrate. The meta-gratings, with unique nanostructures, enable coupling efficiency exceeding 60% for red (R), green (G), and blue (B) wavelengths across the entire field of view (FOV). Image-bearing light is first coupled into a single-layer optical waveguide via the meta-grating, then undergoes two-dimensional expansion through the elliptical meta-grating, and is ultimately coupled into the human eye to form a large AR FOV. Experimentally, we fabricated an optical waveguide prototype and validated the system's high efficiency and color-enhanced imaging capabilities. This work advances the development of monolithic, trichromatic, highly efficient, and large FOV AR displays based on meta-grating technology.",Yong Li; Fei Wu; Huihui Li; Mengguang Wang; Zhiyuan Xiang; Zhenrong Zheng,"Nanomaterials (Basel, Switzerland)",2025,Journal Article,eng,retrieved,UNCERTAIN_REQUIRES_SCREENING,TITLE_ABSTRACT_REVIEW_REQUIRED,,,,,,,,
1746,TA-07,41087293,10.1016/j.eururo.2025.09.4172,Artificial Intelligence 3D Augmented Reality-guided Robotic Prostatectomy Versus Cognitive MRI Intervention: Results of the Prospective Randomized RIDERS Trial.,"Three-dimensional (3D) augmented reality (AR) and artificial intelligence (AI) technologies have recently been introduced to enhance guidance during robot-assisted radical prostatectomy (RARP). By overlaying virtual and real-time images, this approach helps accurately localize hidden lesions during surgery, enabling the execution of tailored procedures. This study aimed to evaluate whether 3D-AI-AR guidance reduces positive surgical margins (PSMs) compared with standard tw0-dimensional (2D) magnetic resonance imaging (MRI)-based interventions. In this prospective, multicenter randomized controlled trial (NCT06318559), 133 patients with extracapsular extension or bulging at preoperative MRI were enrolled and randomized (2:1) to either 2D MRI-guided (n = 84) or 3D-AI-AR-guided RARP (n = 49). All the patients underwent nerve-sparing RARP. Intraoperative selective biopsies were then performed at the level of the preserved neurovascular bundle (NVB): cognitive in the MRI group and AR guided in the 3D group. The primary outcomes included PSM rate. Prostate-specific antigen (PSA) levels, continence, and potency recovery were assessed during the 12 mo of follow-up. The use of postoperative radiotherapy was recorded. Biochemical recurrence (BCR) was defined as PSA >0.4 ng/ml. All the analyses were conducted with SAS Statistics Software v.9.4. Baseline and intraoperative characteristics were similar between the groups. While PSMs on prostate surface were comparable (p = 0.8), 3D-guided excisional biopsies had a significantly higher positivity rate (52% vs 13%; p = 0.001), allowing an improved margin control. The 3D group had a lower overall PSM rate (22% vs 39%; p = 0.047), required less postoperative RT (18% vs 35%; p = 0.046), and showed higher continence at 12 mo (91% vs 71%; p = 0.03). Potency and BCR rates were similar. The execution of a 3D-AI-AR-guided biopsy at the level of preserved NVBs during nerve-sparing RARP allows correct identification of the tumor with subsequent improvement of margin control. Longer follow-up is required to assess the functional and long-term oncological outcomes of this approach.",Francesco Porpiglia; Enrico Checcucci; Gabriele Volpi; Ilaria Stura; Sabrina De Cillis; Michele Ortenzi; Edoardo Cisero; Valentina Garzena; Cecilia Gatti; Saverio Liguori; Michele Sica; Paolo Alessio; Davide Garino; Leonardo Tonelli; Caterina Marchiò; Federico Piramide; Alberto Piana; Enrico Bollito; Pietro Piazzolla; Stefano De Luca; Giuseppe Migliaretti; Matteo Manfredi; Cristian Fiori; Daniele Amparore,European urology,2026,Journal Article; Randomized Controlled Trial; Multicenter Study; Comparative Study,eng,retrieved,UNCERTAIN_REQUIRES_SCREENING,TITLE_ABSTRACT_REVIEW_REQUIRED,,,,,,,,
1747,TA-07,41087006,10.1123/japa.2025-0076,Augmented Reality-Based Exercise for Older Adults: A Randomized Controlled Trial on Physical Function and Mobility.,"Maintaining physical and functional health is crucial for the independence of older adults. This study examined whether augmented reality (AR)-based exercise improves physical and cognitive function in community-dwelling older adults. A randomized controlled trial was conducted with 40 older adults (≥65 years), randomly assigned to an AR-based exercise group (n = 20) or a control group (n = 20). The intervention involved a 6-week AR-based movement and cognitive training program, performed three times per week for 30 min per session. Participants in the control group did not participate in the AR-based training program and were instructed to continue their usual daily activities. No specific restrictions were placed on their engagement in other physical activities during the study period. Primary outcomes included assessments of lower limb function, pulmonary capacity, body composition, and cognitive function. The AR-exercise group showed significant improvements in Timed Up and Go (p < .01), One-Minute Sit-to-Stand Test (p < .05), maximal inspiratory pressure (p < .01), and maximal expiratory pressure (p < .01). No significant changes were observed in the Five Times Sit-to-Stand Test, pulmonary capacity, or cognitive function. The control group improved in maximal expiratory pressure (p < .01) and the Five Times Sit-to-Stand Test (p < .01), but leg muscle mass significantly decreased (p < .05). AR-based exercise improves physical fitness, especially lower limb and respiratory muscle function, in older adults. These findings support its potential to promote functional health and mobility in aging populations. Significance/Implications: With growing demand for engaging rehabilitation strategies, AR-based exercise programs could support healthy aging and independent living in clinical and community settings.",Tae Sung Park; Jae Hyun Lee; Myung Hun Jang; Sang Hun Kim; Byeong-Ju Lee; Jin A Yoon; Yong Beom Shin; Myung-Jun Shin,Journal of aging and physical activity,2026,Journal Article; Randomized Controlled Trial,eng,retrieved,UNCERTAIN_REQUIRES_SCREENING,TITLE_ABSTRACT_REVIEW_REQUIRED,,,,,,,,
1748,TA-07,41086087,10.1109/TVCG.2025.3616842,Detecting Visual Information Manipulation Attacks in Augmented Reality: A Multimodal Semantic Reasoning Approach.,"The virtual content in augmented reality (AR) can introduce misleading or harmful information, leading to semantic misunderstandings or user errors. In this work, we focus on visual information manipulation (VIM) attacks in AR, where virtual content changes the meaning of real-world scenes in subtle but impactful ways. We introduce a taxonomy that categorizes these attacks into three formats: character, phrase, and pattern manipulation, and three purposes: information replacement, information obfuscation, and extra wrong information. Based on the taxonomy, we construct a dataset, AR-VIM, which consists of 452 raw-AR video pairs spanning 202 different scenes, each simulating a real-world AR scenario. To detect the attacks in the dataset, we propose a multimodal semantic reasoning framework, VIM-Sense. It combines the language and visual understanding capabilities of vision-language models (VLMs) with optical character recognition (OCR)-based textual analysis. VIM-Sense achieves an attack detection accuracy of 88.94% on AR-VIM, consistently outperforming vision-only and text-only baselines. The system achieves an average attack detection latency of 7.07 seconds in a simulated video processing framework and 7.17 seconds in a real-world evaluation conducted on a mobile Android AR application.",Yanming Xiu; Maria Gorlatova,IEEE transactions on visualization and computer graphics,2025,Journal Article,eng,retrieved,UNCERTAIN_REQUIRES_SCREENING,TITLE_ABSTRACT_REVIEW_REQUIRED,,,,,,,,
1749,TA-07,41084142,10.1097/JPA.0000000000000719,Beyond the Surface: Mixed Reality in Procedural Skill Development in Physician Assistant Education.,"Mixed reality (MR) technology has the potential to enhance medical education by overlaying digital anatomical models onto physical trainers, potentially addressing some limitations of traditional teaching tools. This study evaluated the feasibility and value of MR in a physician assistant (PA) clinical skills course to improve understanding of anatomy and confidence in procedural skills. The study involved 96 first-year PA students at a health professions university in the southwestern United States that were randomly assigned to an experimental group using MR headsets or a control group using physical trainers alone for a glenohumeral joint injection procedure. Presurveys and postsurveys measured confidence and preparedness in anatomy and in performing procedural skills. The experimental group also completed a system usability scale (SUS) and provided qualitative feedback. The experimental group demonstrated a significant increase in confidence in regional anatomy knowledge (pre: 3.4 ± 1.0; post: 4.8 ± 0.4, P < .001) compared with the control group (pre: 3.5 ± 0.7; post: 4.5 ± 0.5, P < .001). Preparedness and procedural confidence improved similarly in both groups, though MR showed greater engagement and perceived learning benefits. The SUS score of 82.44 indicated excellent usability, placing it between the 90th and 95th percentiles based on normative data. Qualitative feedback highlighted enhanced and detailed anatomy visualization and appreciation of the use of innovative technology in procedural skills. Mixed reality technology has a potential to complement traditional teaching, improving anatomy comprehension and procedural confidence in PA education. Its alignment with adult learning principles in providing immediate feedback and realistic simulations and high usability supports its integration into PA curriculum.",Brittney Hulsey; Anna King; Curt Bay; Anna Campbell,The journal of physician assistant education : the official journal of the Physician Assistant Education Association,2026,Journal Article; Randomized Controlled Trial,eng,retrieved,UNCERTAIN_REQUIRES_SCREENING,TITLE_ABSTRACT_REVIEW_REQUIRED,,,,,,,,
1750,TA-07,41083557,10.1038/s41598-025-19514-5,Robotic arm control by augmented reality-assisted object detection.,"Various robotic arm control systems have been proposed to support the daily lives of patients with severe motor impairments; however, existing robotic arm control devices typically require physical input devices, such as joysticks, which are often difficult for patients with motor impairments to use. To overcome these limitations, this paper proposes a new method for controlling a robotic arm using augmented reality and object detection. The system automatically configures the path from the robotic arm to the object, allowing all operations to be performed using only eye tracking. With precise object localization and an intuitive gaze-based interface, the proposed robotic arm control system offers a significant advantage for patients with motor impairments, providing a more accessible and user-friendly alternative to traditional control methods.",Joung-Woo Hyung; Woochan Na; Kanghee Won; Dong-Joo Kim,Scientific reports,2025,Journal Article,eng,retrieved,UNCERTAIN_REQUIRES_SCREENING,TITLE_ABSTRACT_REVIEW_REQUIRED,,,,,,,,
