screening_ordinal,batch_id,pmid,doi,title,abstract,authors,journal,year,publication_types,language,metadata_status,prescreen_decision,prescreen_reason,ta_decision,ta_reason_code,ta_screener,ta_timestamp,ta_evidence_note,decision_version,second_verification_state,adjudication_state
4251,TA-18,37137995,10.1038/s41598-023-33523-2,Using augmented reality to guide bone conduction device implantation.,"Exact placement of bone conduction implants requires avoidance of critical structures. Existing guidance technologies for intraoperative placement have lacked widespread adoption given accessibility challenges and significant cognitive loading. The purpose of this study is to examine the application of augmented reality (AR) guided surgery on accuracy, duration, and ease on bone conduction implantation. Five surgeons surgically implanted two different types of conduction implants on cadaveric specimens with and without AR projection. Pre- and postoperative computer tomography scans were superimposed to calculate centre-to-centre distances and angular accuracies. Wilcoxon signed-rank testing was used to compare centre-to-centre (C-C) and angular accuracies between the control and experimental arms. Additionally, projection accuracy was derived from the distance between the bony fiducials and the projected fiducials using image guidance coordinates. Both operative time (4.3 ± 1.2 min. vs. 6.6 ± 3.5 min., p = 0.030) and centre-to-centre distances surgery (1.9 ± 1.6 mm vs. 9.0 ± 5.3 mm, p < 0.001) were significantly less in augmented reality guided surgery. The difference in angular accuracy, however, was not significantly different. The overall average distance between the bony fiducial markings and the AR projected fiducials was 1.7 ± 0.6 mm. With direct intraoperative reference, AR-guided surgery enhances bone conduction implant placement while reduces operative time when compared to conventional surgical planning.",Justin T Lui; Valerie Dahm; Joseph M Chen; Vincent Y Lin; Jonathan C Irish; Trung N Le; Harley H L Chan,Scientific reports,2023,"Journal Article; Research Support, Non-U.S. Gov't",eng,retrieved,UNCERTAIN_REQUIRES_SCREENING,TITLE_ABSTRACT_REVIEW_REQUIRED,,,,,,,,
4252,TA-18,37137320,10.1055/a-2066-8009,Importance and potential of simulation training in interventional radiology.,"Simulation training is a common method in many medical disciplines and is used to teach content knowledge, manual skills, and team skills without potential patient danger. Simulation models and methods in interventional radiology are explained. Strengths and weaknesses of both simulators for non-vascular and vascular radiological interventions are highlighted and necessary future developments are addressed. Both custom-made and commercially available phantoms are available for non-vascular interventions. Interventions are performed under ultrasound guidance, with computed tomography assistance, or using mixed-reality methods. The wear and tear of physical phantoms can be countered with in-house production of 3D-printed models. Vascular interventions can be trained on silicone models or hightech simulators. Increasingly, patient-specific anatomies are replicated and simulated pre-intervention. The level of evidence of all procedures is low. Numerous simulation methods are available in interventional radiology. Training on silicone models and hightech simulators for vascular interventions has the potential to reduce procedural time. This is associated with reduced radiation dose for both patient and physician, which can also contribute to improved patient outcome, at least in endovascular stroke treatment. Although a higher level of evidence should be achieved, simulation training should already be integrated into the guidelines of the professional societies and accordingly into the curricula of the radiology departments. · There are numerous simulation methods for nonvascular and vascular radiologic interventions.. · Puncture models can be purchased commercially or made using 3D printing.. · Silicone models and hightech simulators allow patient-specific training.. · Simulation training reduces intervention time, benefiting both the patient and the physician.. · A higher level of evidence is possible via proof of reduced procedural times.. · Kreiser K, Sollmann N, Renz M. Importance and potential of simulation training in interventional radiology. Fortschr Röntgenstr 2023; 195: 883 - 889.",Kornelia Kreiser; Nico Sollmann; Martin Renz,RoFo : Fortschritte auf dem Gebiete der Rontgenstrahlen und der Nuklearmedizin,2023,Journal Article,eng; ger,retrieved,UNCERTAIN_REQUIRES_SCREENING,TITLE_ABSTRACT_REVIEW_REQUIRED,,,,,,,,
4253,TA-18,37134036,10.1109/TOH.2023.3271825,Modulating the Perceived Softness of Real Objects Through Wearable Feel-Through Haptics.,"In vision, Augmented Reality (AR) allows the superposition of digital content on real-world visual information, relying on the well-established See-through paradigm. In the haptic domain, a putative Feel-through wearable device should allow to modify the tactile sensation without masking the actual cutaneous perception of the physical objects. To the best of our knowledge, a similar technology is still far to be effectively implemented. In this work, we present an approach that allows, for the first time, to modulate the perceived softness of real objects using a Feel-through wearable that uses a thin fabric as interaction surface. During the interaction with real objects, the device can modulate the growth of the contact area over the fingerpad without affecting the force experienced by the user, thus modulating the perceived softness. To this aim, the lifting mechanism of our system warps the fabric around the fingerpad in a way proportional to the force exerted on the specimen under exploration. At the same time, the stretching state of the fabric is controlled to keep a loose contact with the fingerpad. We demonstrated that different softness perceptions for the same specimens can be elicited, by suitably controlling the lifting mechanism of the system.",Simone Fani; Simone Ciotti; Giulia Pagnanelli; Alessandro Moscatelli; Yuri De Pra; Matteo Bianchi,IEEE transactions on haptics,2023,Journal Article,eng,retrieved,UNCERTAIN_REQUIRES_SCREENING,TITLE_ABSTRACT_REVIEW_REQUIRED,,,,,,,,
4254,TA-18,37133570,10.1245/s10434-023-13532-1,Augmented-Reality Surgery to Guide Head and Neck Cancer Re-resection: A Feasibility and Accuracy Study.,"Given the complex three-dimensional (3D) anatomy of head and neck cancer specimens, head and neck surgeons often have difficulty relocating the site of an initial positive margin to perform re-resection. This cadaveric study aimed to determine the feasibility and accuracy of augmented reality surgery to guide head and neck cancer re-resections. This study investigated three cadaveric specimens. The head and neck resection specimen was 3D scanned and exported to the HoloLens augmented reality environment. The surgeon manually aligned the 3D specimen hologram into the resection bed. Accuracy of manual alignment and time intervals throughout the protocol were recorded. The 20 head and neck cancer resections performed in this study included 13 cutaneous and 7 oral cavity resections. The mean relocation error was 4 mm (range, 1-15 mm) with a standard deviation of 3.9 mm. The mean overall protocol time, from the start of 3D scanning to alignment into the resection bed, was 25.3 ± 8.9 min (range, 13.2-43.2 min). Relocation error did not differ significantly when stratified by greatest dimension of the specimen. The mean relocation error of complex oral cavity composite specimens (maxillectomy and mandibulectomy) differed significantly from that of all the other specimen types (10.7 vs 2.8; p < 0.01). This cadaveric study demonstrated the feasibility and accuracy of augmented reality to guide re-resection of initial positive margins in head and neck cancer surgery.",Kavita Prasad; Alexis Miller; Kayvon Sharif; Juan M Colazo; Wenda Ye; Fabian Necker; Fred Baik; James S Lewis; Eben Rosenthal; Jie Ying Wu; Michael C Topf,Annals of surgical oncology,2023,Journal Article,eng,retrieved,UNCERTAIN_REQUIRES_SCREENING,TITLE_ABSTRACT_REVIEW_REQUIRED,,,,,,,,
4255,TA-18,37133145,10.1364/AO.484654,Rapid eyebox measurement for augmented reality waveguides.,"Eyebox performance is a fundamental factor used to characterize the overall performance of augmented reality (AR) and virtual reality (VR) eyewear. Conventional methods to map three-dimensional eyeboxes are time consuming and data intensive. Herein, we propose a method for rapid and accurate measurement of the eyebox in AR/VR displays. Our approach utilizes a lens that simulates key characteristics of the human eye, including pupil position, pupil size, and field of view, to obtain a representation of the eyewear's performance as perceived by a human user using single image capture. By combining a minimum of two such image captures, the complete eyebox geometry of any given AR/VR eyewear can be accurately determined with a level of accuracy comparable to that of slower, traditional methods. This method can potentially be used as a new metrology standard in the display industry.",Thomas Kerst; Mohammad H Bitarafan; Laura Jokinen; Ilkka Alasaarela; Seppo Tillanen; David Zautasvili; Nikhil Pachhandara,Applied optics,2023,Journal Article,eng,retrieved,UNCERTAIN_REQUIRES_SCREENING,TITLE_ABSTRACT_REVIEW_REQUIRED,,,,,,,,
4256,TA-18,37133137,10.1364/AO.486285,Grating waveguides by machine learning for augmented reality.,"We propose a machine-learning-based method for grating waveguides and augmented reality, significantly reducing the computation time compared with existing finite-element-based numerical simulation methods. Among the slanted, coated, interlayer, twin-pillar, U-shaped, and hybrid structure gratings, we exploit structural parameters such as grating slanted angle, grating depth, duty cycle, coating ratio, and interlayer thickness to construct the gratings. The multi-layer perceptron algorithm based on the Keras framework was used with a dataset comprised of 3000-14,000 samples. The training accuracy reached a coefficient of determination of more than 99.9% and an average absolute percentage error of 0.5%-2%. At the same time, the hybrid structure grating we built achieved a diffraction efficiency of 94.21% and a uniformity of 93.99%. This hybrid structure grating also achieved the best results in tolerance analysis. The high-efficiency artificial intelligence waveguide method proposed in this paper realizes the optimal design of a high-efficiency grating waveguide structure. It can provide theoretical guidance and technical reference for optical design based on artificial intelligence.",Xi Chen; Dongfeng Lin; Tao Zhang; Yiming Zhao; Hongwei Liu; Yiping Cui; Chenyang Hou; Jingwen He; Sheng Liang,Applied optics,2023,Journal Article,eng,retrieved,UNCERTAIN_REQUIRES_SCREENING,TITLE_ABSTRACT_REVIEW_REQUIRED,,,,,,,,
4257,TA-18,37133077,10.1364/AO.478849,Sparse holographic imaging for an integrated augmented reality near-eye display.,"Diffraction is the main physical effect involved in the imaging process of holographic displays. In the application of near-eye displays, it generates physical limits that constrain the field of view of the devices. In this contribution, we evaluate experimentally an alternative approach for a holographic display based mainly on refraction. This unconventional imaging process, based on sparse aperture imaging, could lead to integrated near-eye displays through retinal projection, with a larger field of view. We introduce for this evaluation an in-house holographic printer that allows the recording of holographic pixel distributions at a microscopic scale. We show how these microholograms can encode angular information that overcomes the diffraction limit and could alleviate the space bandwidth constraint usually associated with conventional display design.",Christophe Martinez; Matthias Colard; Paul Legentil; Kyllian Millard; Fabian Rainouard,Applied optics,2023,Journal Article,eng,retrieved,UNCERTAIN_REQUIRES_SCREENING,TITLE_ABSTRACT_REVIEW_REQUIRED,,,,,,,,
4258,TA-18,37132927,10.1364/AO.477296,Dynamic correction of astigmatism.,"For the correction of defocus and astigmatism, mechanical approaches are well known, but there is a need for a non-mechanical, electrically tunable optical system that could provide both focus and astigmatism power correction with an adjustable axis. The optical system presented here is composed of three liquid-crystal-based tunable cylindrical lenses that are simple, low cost, and having a compact structure. Potential applications of the concept device include smart eyeglasses, virtual reality (VR)/ augmented reality (AR) head-mounted displays (HMDs), and optical systems subject to thermal or mechanical distortion. Details of the concept, design method, numerical computer simulations of the proposed device, as well as characterization of a prototype, are provided in this work.",Amit K Bhowmick; Afsoon Jamali; Douglas Bryant; Sandro Pintz; Philip J Bos,Applied optics,2023,Journal Article,eng,retrieved,UNCERTAIN_REQUIRES_SCREENING,TITLE_ABSTRACT_REVIEW_REQUIRED,,,,,,,,
4259,TA-18,37132882,10.1364/AO.476842,Dispersion-engineered broadband diffractive optical elements with multilayer subwavelength structures.,"Diffractive optical elements (DOEs) play an important role in modern optical applications such as spectral and imaging systems, but it is challenging to balance the diffraction efficiency with the working bandwidth. The core issue is controlling the broadband dispersion of all phase units to achieve achromatic 2π-phase modulation in the broadband domain. Here, we demonstrate broadband DOEs utilizing multilayer subwavelength structures with different materials, making it possible to freely control the phase and phase dispersion of the structural units on a much larger scale than monolayer structures. The desired dispersion-control abilities arose due to a dispersion-cooperation mechanism and vertical mode-coupling effects between the top and bottom layers. An infrared design comprised of two vertically concatenated T i O 2 and Si nanoantennas separated by a S i O 2 dielectric spacer layer was demonstrated. It showed an average efficiency of over 70% in the three-octave bandwidth. This work shows enormous value for broadband optical systems with DOEs such as spectral imaging and augmented reality.",Jingyuan Zhu; Yi Ning; Lingyun Xie; Siyu Dong; Xinbin Cheng; Zhanshan Wang; Yifang Chen,Applied optics,2023,Journal Article,eng,retrieved,UNCERTAIN_REQUIRES_SCREENING,TITLE_ABSTRACT_REVIEW_REQUIRED,,,,,,,,
4260,TA-18,37132817,10.1364/AO.481244,Compact reconstruction of a Fourier hologram for a 3D object by scaling compensation.,"The Fourier holographic projection method is compact and computationally fast. However, since the magnification of the displayed image increases with the diffraction distance, this method cannot be used directly to display multi-plane three-dimensional (3D) scenes. We propose a holographic 3D projection method of Fourier holograms by scaling compensation to offset the magnification during optical reconstruction. To achieve a compact system, the proposed method is also used to reconstruct 3D virtual images with Fourier holograms. Different from traditional Fourier holographic displays, images are reconstructed behind a spatial light modulator (SLM) so that the observation position can be placed close to the SLM. The effectiveness of the method and the flexibility of combining it with other methods are confirmed by simulations and experiments. Therefore, our method could have potential applications in the augmented reality (AR) and virtual reality (VR) fields.",Jun Wang; Yuqi Zhang; Xiangli Lei; Yang Wu,Applied optics,2023,Journal Article,eng,retrieved,UNCERTAIN_REQUIRES_SCREENING,TITLE_ABSTRACT_REVIEW_REQUIRED,,,,,,,,
4261,TA-18,37132782,10.1364/AO.478529,Eyebox enlargement in holographic AR glasses.,"Despite the high output characteristics of holographic optical elements (HOEs), there are still no affordable holographic AR glasses that combine qualities such as a wide field of view (FOV) and a large eyebox (EB). In this study, we propose an architecture for holographic augmented reality glasses that covers both needs. Our solution is based on the combination of an axial HOE with a directional holographic diffuser (DHD) illuminated by a projector. A transparent-type DHD redirects the light from the projector, increasing the angular aperture of the image beams and providing a large EB. A reflection-type axial HOE redirects the light, transforming the spherical beams into parallel ones and providing a wide FOV for the system. The main feature of our system is the coincidence of the DHD position with the planar intermediate image of the axial HOE. This unique condition makes the system free of off-axial aberrations and ensures high output characteristics. The proposed system has a horizontal FOV of 60 deg and an EB width of 10 mm. We used modeling and a prototype to prove our investigations.",Anastasiia Kalinina; Andrey Putilin; Sergey Kopenkin,Applied optics,2023,Journal Article,eng,retrieved,UNCERTAIN_REQUIRES_SCREENING,TITLE_ABSTRACT_REVIEW_REQUIRED,,,,,,,,
4262,TA-18,37131064,10.1007/s10278-023-00840-x,A Pilot Human Cadaveric Study on Accuracy of the Augmented Reality Surgical Navigation System for Thoracolumbar Pedicle Screw Insertion Using a New Intraoperative Rapid Registration Method.,"To evaluate the feasibility and accuracy of AR-assisted pedicle screw placement using a new intraoperative rapid registration method of combining preoperative CT scanning and intraoperative C-arm 2D fluoroscopy in cadavers. Five cadavers with intact thoracolumbar spines were employed in this study. Intraoperative registration was performed using anteroposterior and lateral views of preoperative CT scanning and intraoperative 2D fluoroscopic images. Patient-specific targeting guides were used for pedicle screw placement from Th1-L5, totaling 166 screws. Instrumentation for each side was randomized (augmented reality surgical navigation (ARSN) vs. C-arm) with an equal distribution of 83 screws in each group. CT was performed to evaluate the accuracy of both techniques by assessing the screw positions and the deviations between the inserted screws and planned trajectories. Postoperative CT showed that 98.80% (82/83) screws in ARSN group and 72.29% (60/83) screws in C-arm group were within the 2-mm safe zone (p < 0.001). The mean time for instrumentation per level in ARSN group was significantly shorter than that in C-arm group (56.17 ± 3.33 s vs. 99.22 ± 9.03 s, p < 0.001). The overall intraoperative registration time was 17.2 ± 3.5 s per segment. AR-based navigation technology can provide surgeons with accurate guidance of pedicle screw insertion and save the operation time by using the intraoperative rapid registration method of combining preoperative CT scanning and intraoperative C-arm 2D fluoroscopy.",Bing Cao; Bo Yuan; Guofeng Xu; Yin Zhao; Yanqing Sun; Zhiwei Wang; Shengyuan Zhou; Zheng Xu; Yao Wang; Xiongsheng Chen,Journal of digital imaging,2023,Journal Article; Randomized Controlled Trial,eng,retrieved,UNCERTAIN_REQUIRES_SCREENING,TITLE_ABSTRACT_REVIEW_REQUIRED,,,,,,,,
4263,TA-18,37130492,10.1016/j.radi.2023.04.010,A comparison of perceived image quality between computer display monitors and augmented reality smart glasses.,"Augmented-reality (AR) smart glasses provide an alternative to standard computer display monitors (CDM). AR smart glasses may provide an opportunity to improve visualisation during fluoroscopy and interventional radiology (IR) procedures when there can be difficulty in viewing intra-procedural images on a CDM. The aim of this study was to evaluate radiographer perception of image quality (IQ) when comparing CDM and AR smart glasses. 38 radiographers attending an international congress evaluated ten fluoroscopic-guided surgery and IR images on both a CDM (1920 × 1200 pixels) and a set of Epson Moverio BT-40 AR smart glasses (1920 × 1080 pixels). Participants provided oral responses to pre-defined IQ questions generated by study researchers. Summative IQ scores for each participant/image were compared between CDM and AR smart glasses. Of the 38 participants, the mean age was 39 ± 1 years. 23 (60.5%) participants required corrective glasses. In terms of generalisability, participants were from 12 different countries, the majority (n = 9, 23.7%) from the United Kingdom. For eight out of ten images, the AR smart glasses demonstrated a statistically significant increase in perceived IQ (median [IQR] 2.0 [-1.0 to 7.0] points) when compared to the CDM. AR smart glasses appear to show improvements in perceived IQ when compared to a CDM. AR smart glasses could provide an option for improving the experiences of radiographers involved in image-guided procedures and should be subject to further clinical evaluations. Opportunities exist to improve perceived IQ for radiographers when reviewing fluoroscopy and IR images. AR smart glasses should be further evaluated as a potential opportunity to improve practice when visual attention is split between positioning equipment and image review.",A England; J Thompson; S Dorey; S Al-Islam; M Long; C Maiorino; M F McEntee,"Radiography (London, England : 1995)",2023,"Journal Article; Research Support, Non-U.S. Gov't",eng,retrieved,UNCERTAIN_REQUIRES_SCREENING,TITLE_ABSTRACT_REVIEW_REQUIRED,,,,,,,,
4264,TA-18,37129691,10.1007/s00402-023-04894-y,Postoperative rehabilitation using a digital healthcare system in patients with total knee arthroplasty: a randomized controlled trial.,"Digital healthcare systems based on augmented reality (AR) show promise for postoperative rehabilitation. We compared the effectiveness of AR-based rehabilitation and conventional rehabilitation after total knee arthroplasty (TKA). We randomly allocated 56 participants to digital healthcare rehabilitation group (DR group) and conventional rehabilitation group (CR group). Participants in the CR group performed brochure-based home exercises for 12 weeks, whereas those in the DR group performed AR-based home exercises that showed each motion on a monitor and provided real-time feedback. The primary outcome was change in 4-m gait speed. The secondary outcomes were the Western Ontario and McMaster Universities Osteoarthritis Index (WOMAC) score, health-related quality of life [assessed by the EuroQoL 5-Dimension 5-Level (EQ5D5L) questionnaire], pain [measured using a numeric rating scale (NRS)], Berg Balance Scale (BBS), range of motion (ROM), and muscle strength. Outcomes were measured at baseline (T0) and 3 (T1), 12 (T2), and 24 (T3) weeks after randomization. There was no significant difference in baseline characteristics of participants between two groups, except age and body mass index. No group difference was observed in 4-m gait speed (0.37 ± 0.19 and 0.42 ± 0.28 for the DR and CR groups, respectively; p = 0.438). The generalized estimating equation model revealed no significant group by time interaction regarding for 4-m gait speed, WOMAC, EQ5D5L, NRS, BBS, ROM, and muscle strength score. All outcomes were significantly improved in both groups (p < 0.001). The use of a digital healthcare system based on AR improved the functional outcomes, pain, and quality of life of patients after TKA. AR-based rehabilitation may be useful treatment as an alternative to conventional rehabilitation. ClinicalTrials.gov (identifier: NCT04513353). Registered on August 9, 2020. http://clinicaltrials.gov/ct2/show/NCT04513353 .",Ga Yang Shim; Eun Hye Kim; Seong Joo Lee; Chong Bum Chang; Yong Seuk Lee; Jong In Lee; Ji Hye Hwang; Jae-Young Lim,Archives of orthopaedic and trauma surgery,2023,Randomized Controlled Trial; Journal Article,eng,retrieved,UNCERTAIN_REQUIRES_SCREENING,TITLE_ABSTRACT_REVIEW_REQUIRED,,,,,,,,
4265,TA-18,37128758,10.1039/d2nh00555g,Spin-isolated ultraviolet-visible dynamic meta-holographic displays with liquid crystal modulators.,"Wearable displays or head-mounted displays (HMDs) have the ability to create a virtual image in the field of view of one or both eyes. Such displays constitute the main platform for numerous virtual reality (VR)- and augmented reality (AR)-based applications. Meta-holographic displays integrated with AR technology have potential applications in the advertising, media, and healthcare sectors. In the previous decade, dielectric metasurfaces emerged as a suitable choice for designing compact devices for highly efficient displays. However, the small conversion efficiency, narrow bandwidth, and costly fabrication procedures limit the device's functionalities. Here, we proposed a spin-isolated dielectric multi-functional metasurface operating at broadband optical wavelengths with high transmission efficiency in the ultraviolet (UV) and visible (Vis) regimes. The proposed metasurface comprised silicon nitride (Si3N4)-based meta-atoms with high bandgap, i.e., ∼ 5.9 eV, and encoded two holographic phase profiles. Previously, the multiple pieces of holographic information incorporated in the metasurfaces using interleaved and layer stacking techniques resulted in noisy and low-efficiency outputs. A single planar metasurface integrated with a liquid crystal was demonstrated numerically and experimentally in the current work to validate the spin-isolated dynamic UV-Vis holographic information at broadband wavelengths. In our opinion, the proposed metasurface can have promising applications in healthcare, optical security encryption, anti-counterfeiting, and UV-Vis nanophotonics.",Aqsa Asad; Joohoon Kim; Hafiz Saad Khaliq; Nasir Mahmood; Jehan Akbar; Muhammad Tariq Saeed Chani; Yeseul Kim; Dongmin Jeon; Muhammad Zubair; Muhammad Qasim Mehmood; Yehia Massoud; Junsuk Rho,Nanoscale horizons,2023,Journal Article,eng,retrieved,UNCERTAIN_REQUIRES_SCREENING,TITLE_ABSTRACT_REVIEW_REQUIRED,,,,,,,,
4266,TA-18,37128627,10.1016/j.resplu.2023.100391,Augmented reality training in basic life support with the help of smart glasses. A pilot study.,"Laypeople should be trained in basic life support and traditional and innovative methodologies may help to obtain this goal. However, there is a knowledge gap about the ideal basic life support training methods. Smart glasses could have a role facilitating laypeople learning of basic life support. To analyze the potential impact on basic life support learning of a very brief training supported by smart glasses video communication. Twelve laypeople were basic life support tele-trained by means of smart glasses by an instructor in this pilot study. During training (assisted trough smart glasses) and after the training (unassisted) participants' performance and quality of basic life support and automated external defibrillation procedure were assessed on a standardized simulated scenario. After the training all participants were able to deliver good quality basic life support, with results comparable to those obtained when real time remotely guided by the instructor through the smart glasses. Mean chest compression rate was significantly higher when not guided (113 /min vs. 103 /min, p = 0.001). When not assisted, the participants spent less time delivering the sequential basic life support steps than when assisted while training. A very brief remote training supported by instructor and smart glasses seems to be an effective educational method that could facilitate basic life support learning by laypeople. This technology could be considered in cases where instructors are not locally available or in general in remote areas, providing basic internet connection is available. Smart glasses could also be useful for laypeople rolling-refreshers.",Silvia Aranda-García; Martín Otero-Agra; Felipe Fernández-Méndez; Ernesto Herrera-Pedroviejo; Marc Darné; Roberto Barcala-Furelos; Antonio Rodríguez-Núñez,Resuscitation plus,2023,Journal Article,eng,retrieved,UNCERTAIN_REQUIRES_SCREENING,TITLE_ABSTRACT_REVIEW_REQUIRED,,,,,,,,
4267,TA-18,37128571,10.1007/s43465-023-00859-w,Real-Time Navigation with Guide Template for Pedicle Screw Placement Using an Augmented Reality Head-Mounted Device: A Proof-of-Concept Study.,"This study aims to explore the real-time navigation with guide template using an augmented reality head-mounted device (ARHMD) for pedicle screw placement. The spatial coordinate relationships between augmented reality images and real objects were established through the custom-made guide template, and the registration and tracking were completed using an ARHMD. The feasibility and accuracy of this method were verified by pedicle screw placement in 2 lumbar models. According to the Gertzbein-Robbins grading scale, the accuracy of pedicle screw placement was assessed. The navigation errors were estimated by measuring the deviation values of entry point and trajectory angle. A total of 20 pedicle K-wires were placed into L1-L5 in 2 lumbar models, which were successfully completed, with an average time of 11.5 min per model and 69 s per screw. The overall K-wires placement accuracy was 100% (20 screws). The navigation error was 2.77 ± 0.82 mm for the deviation value of entry point, and 3.03° ± 0.94° for the deviation value of trajectory angle. The application of an ARHMD combined with guide template for pedicle screw placement is a promising navigation approach.",Haowei Li; Peihai Zhang; Guangzhi Wang; Huiting Liu; Xuejun Yang; Guihuai Wang; Zhenxing Sun,Indian journal of orthopaedics,2023,Journal Article,eng,retrieved,UNCERTAIN_REQUIRES_SCREENING,TITLE_ABSTRACT_REVIEW_REQUIRED,,,,,,,,
4268,TA-18,37128541,10.7759/cureus.36927,Augmented Reality in Medical Education: A Mixed Methods Feasibility Study.,"Augmented reality (AR) is a novel technology with many applications in medical education. Perhaps one of the most beneficial potential applications is to enable better clinical access for students; however, there is limited research into this use. The purpose of this mixed-methods feasibility study was to evaluate the applicability and acceptability of AR in undergraduate and early postgraduate medical education. Single-group quasi-experimental study design was developed for critical care-themed simulation teaching delivered using Microsoft HoloLens (Microsoft Corporation, Redmond, Washington, United States). Post-test questionnaires were completed including a validated adapted immersive experience questionnaire (AIEQ) and an abridged intrinsic motivation inventory (AIMI). The AIMI focused on the domains of 'interest and enjoyment', and 'value and usefulness'. Following the teaching, focus group interviews with thematic analysis were conducted to evaluate participants' experiences with AR. All 15 participants (100%) completed the AIEQ and AIMI. Co-located airway teaching (i.e., the demonstrator and participants were placed in the same AR environment) was reported as having a moderate level of user immersion (median 72) and a high level of user enjoyment and value (median 52). Thematic analysis revealed four key themes: visual conceptualization for learning, accessibility, varied immersion, and future application.  Conclusions: Remote simulation for the management of airways in critical care was found to be acceptable and afforded a high level of enjoyment and value. Similarly, this was reflected in the thematic analysis. However, immersion was rated variably in both AIEQ and thematic analysis. The challenges identified with the application of AR included technical infrastructure and patient consent. AR-enabled education benefits are relevant to a number of clinical teaching areas.",Oliver George; Jeremy Foster; Zhongyang Xia; Chris Jacobs,Cureus,2023,Journal Article,eng,retrieved,UNCERTAIN_REQUIRES_SCREENING,TITLE_ABSTRACT_REVIEW_REQUIRED,,,,,,,,
4269,TA-18,37112481,10.3390/s23084135,Effects of AR-Based Home Appliance Agents on User's Perception and Maintenance Behavior.,"Maintenance of home appliances can be tedious. Maintenance work can be physically demanding and it is not always easy to know the cause of a malfunctioning appliance. Many users need to motivate themselves to perform maintenance work and consider it ideal for home appliances to be maintenance-free. On the other hand, pets and other living creatures can be taken care of with joy and without much pain, even if they are difficult to take care of. To alleviate the hassle associated with the maintenance of home appliances, we propose an augmented reality (AR) system to superimpose an agent over the home appliance of concern who changes their behavior according to the internal state of the appliance. Taking a refrigerator as an example, we verify whether such AR agent visualization motivates users to perform maintenance work and reduces the associated discomfort. We designed a cartoon-like agent and implemented a prototype system using a HoloLens 2, which can switch between several animations depending on the internal state of the refrigerator. Using the prototype system, a Wizard of Oz user study comparing three conditions was conducted. We compared the proposed method (Animacy condition), an additional behavior method (Intelligence condition), and a text-based method as a baseline for presenting the refrigerator state. In the Intelligence condition, the agent looked at the participants from time to time as if it was aware of them and exhibited help-seeking behavior only when it was considered that they could take a short break. The results show that both the Animacy and Intelligence conditions induced animacy perception and a sense of intimacy. It was also evident that the agent visualization made the participants feel more pleasant. On the other hand, the sense of discomfort was not reduced by the agent visualization and the Intelligence condition did not improve the perceived intelligence or the sense of coercion further compared to the Animacy condition.",Takeru Baba; Naoya Isoyama; Hideaki Uchiyama; Nobuchika Sakata; Kiyoshi Kiyokawa,"Sensors (Basel, Switzerland)",2023,Journal Article,eng,retrieved,UNCERTAIN_REQUIRES_SCREENING,TITLE_ABSTRACT_REVIEW_REQUIRED,,,,,,,,
4270,TA-18,37112455,10.3390/s23084113,Viewpoint-Controllable Telepresence: A Robotic-Arm-Based Mixed-Reality Telecollaboration System.,"In mixed-reality (MR) telecollaboration, the local environment is remotely presented to a remote user wearing a virtual reality (VR) head-mounted display (HMD) via a video capture device. However, remote users frequently face challenges in naturally and actively manipulating their viewpoints. In this paper, we propose a telepresence system with viewpoint control, which involves a robotic arm equipped with a stereo camera in the local environment. This system enables remote users to actively and flexibly observe the local environment by moving their heads to manipulate the robotic arm. Additionally, to solve the problem of the limited field of view of the stereo camera and limited movement range of the robotic arm, we propose a 3D reconstruction method combined with a stereo video field-of-view enhancement technique to guide remote users to move within the movement range of the robotic arm and provide them with a larger range of local environment perception. Finally, a mixed-reality telecollaboration prototype was built, and two user studies were conducted to evaluate the overall system. User study A evaluated the interaction efficiency, system usability, workload, copresence, and user satisfaction of our system from the remote user's perspective, and the results showed that our system can effectively improve the interaction efficiency while achieving a better user experience than two traditional view-sharing techniques based on 360 video and based on the local user's first-person view. User study B evaluated our MR telecollaboration system prototype from both the remote-user side and the local-user side as a whole, providing directions and suggestions for the subsequent design and improvement of our mixed-reality telecollaboration system.",Le Luo; Dongdong Weng; Jie Hao; Ziqi Tu; Haiyan Jiang,"Sensors (Basel, Switzerland)",2023,Journal Article,eng,retrieved,UNCERTAIN_REQUIRES_SCREENING,TITLE_ABSTRACT_REVIEW_REQUIRED,,,,,,,,
4271,TA-18,37112409,10.3390/s23084068,Enhancing Quality Control in Web-based Participatory Augmented Reality Business Card Information System Design.,"The rapid development of information and communication technology has fostered a natural integration of technology and design. As a result, there is increasing interest in Augmented Reality (AR) business card systems that leverage digital media. This research aims to advance the design of an AR-based participatory business card information system in line with contemporary trends. Key aspects of this study include applying technology to acquire contextual information from paper business cards, transmitting it to a server, and delivering it to mobile devices; facilitating interactivity between users and content through a screen interface; providing multimedia business content (video, image, text, 3D elements) via image markers recognized by users on mobile devices, while also adapting the type and method of content delivery. The AR business card system designed in this research enhances traditional paper business cards by incorporating visual information and interactive elements and automatically generating buttons linked to phone numbers, location information, and homepages. This innovative approach enables users to interact and enriches their overall experience while adhering to strict quality control measures.",Yongjun Kim; Yung-Cheol Byun,"Sensors (Basel, Switzerland)",2023,Journal Article,eng,retrieved,UNCERTAIN_REQUIRES_SCREENING,TITLE_ABSTRACT_REVIEW_REQUIRED,,,,,,,,
4272,TA-18,37112404,10.3390/s23084063,Regression-Based Camera Pose Estimation through Multi-Level Local Features and Global Features.,"Accurate and robust camera pose estimation is essential for high-level applications such as augmented reality and autonomous driving. Despite the development of global feature-based camera pose regression methods and local feature-based matching guided pose estimation methods, challenging conditions, such as illumination changes and viewpoint changes, as well as inaccurate keypoint localization, continue to affect the performance of camera pose estimation. In this paper, we propose a novel relative camera pose regression framework that uses global features with rotation consistency and local features with rotation invariance. First, we apply a multi-level deformable network to detect and describe local features, which can learn appearances and gradient information sensitive to rotation variants. Second, we process the detection and description processes using the results from pixel correspondences of the input image pairs. Finally, we propose a novel loss that combines relative regression loss and absolute regression loss, incorporating global features with geometric constraints to optimize the pose estimation model. Our extensive experiments report satisfactory accuracy on the 7Scenes dataset with an average mean translation error of 0.18 m and a rotation error of 7.44° using image pairs as input. Ablation studies were also conducted to verify the effectiveness of the proposed method in the tasks of pose estimation and image matching using the 7Scenes and HPatches datasets.",Meng Xu; Zhihuang Zhang; Yuanhao Gong; Stefan Poslad,"Sensors (Basel, Switzerland)",2023,Journal Article,eng,retrieved,UNCERTAIN_REQUIRES_SCREENING,TITLE_ABSTRACT_REVIEW_REQUIRED,,,,,,,,
4273,TA-18,37112264,10.3390/s23083924,Supporting Tremor Rehabilitation Using Optical See-Through Augmented Reality Technology.,"Tremor is a movement disorder that significantly impacts an individual's physical stability and quality of life, and conventional medication or surgery often falls short in providing a cure. Rehabilitation training is, therefore, used as an auxiliary method to mitigate the exacerbation of individual tremors. Video-based rehabilitation training is a form of therapy that allows patients to exercise at home, reducing pressure on rehabilitation institutions' resources. However, it has limitations in directly guiding and monitoring patients' rehabilitation, leading to an ineffective training effect. This study proposes a low-cost rehabilitation training system that utilizes optical see-through augmented reality (AR) technology to enable tremor patients to conduct rehabilitation training at home. The system provides one-on-one demonstration, posture guidance, and training progress monitoring to achieve an optimal training effect. To assess the system's effectiveness, we conducted experiments comparing the movement magnitudes of individuals with tremors in the proposed AR environment and video environment, while also comparing them with standard demonstrators. Participants wore a tremor simulation device during uncontrollable limb tremors, with tremor frequency and amplitude calibrated to typical tremor standards. The results showed that participants' limb movement magnitudes in the AR environment were significantly higher than those in the video environment, approaching the movement magnitudes of the standard demonstrators. Hence, it can be inferred that individuals receiving tremor rehabilitation in the AR environment experience better movement quality than those in the video environment. Furthermore, participant experience surveys revealed that the AR environment not only provided a sense of comfort, relaxation, and enjoyment but also effectively guided them throughout the rehabilitation process.",Kai Wang; Dong Tan; Zhe Li; Zhi Sun,"Sensors (Basel, Switzerland)",2023,Journal Article,eng,retrieved,UNCERTAIN_REQUIRES_SCREENING,TITLE_ABSTRACT_REVIEW_REQUIRED,,,,,,,,
4274,TA-18,37112180,10.3390/s23083840,A Mixed-Reality-Based Unknown Space Navigation Method of a Flexible Manipulator.,"A hyper-redundant flexible manipulator is characterized by high degree(s) of freedom (DoF), flexibility, and environmental adaptability. It has been used for missions in complex and unknown spaces, such as debris rescue and pipeline inspection, where the manipulator is not intelligent enough to face complex situations. Therefore, human intervention is required to assist in decision-making and control. In this paper, we designed an interactive navigation method based on mixed reality (MR) of a hyper-redundant flexible manipulator in an unknown space. A novel teleoperation system frame is put forward. An MR-based interface was developed to provide a virtual model of the remote workspace and virtual interactive interface, allowing the operator to observe the real-time situation from a third perspective and issue commands to the manipulator. As for environmental modeling, a simultaneous localization and mapping (SLAM) algorithm based on an RGB-D camera is applied. Additionally, a path-finding and obstacle avoidance method based on artificial potential field (APF) is introduced to ensure that the manipulator can move automatically under the artificial command in the remote space without collision. The results of the simulations and experiments validate that the system exhibits good real-time performance, accuracy, security, and user-friendliness.",Ronghui Chen; Xiaojun Zhu; Zhang Chen; Yu Tian; Lunfei Liang; Xueqian Wang,"Sensors (Basel, Switzerland)",2023,Journal Article,eng,retrieved,UNCERTAIN_REQUIRES_SCREENING,TITLE_ABSTRACT_REVIEW_REQUIRED,,,,,,,,
4275,TA-18,37109235,10.3390/jcm12082898,Augmented Reality Support for Anterior Decompression and Fusion Using Floating Method for Cervical Ossification of the Posterior Longitudinal Ligament.,"Anterior decompression and fusion (ADF) using the floating method for cervical ossification of the posterior longitudinal ligament (OPLL) is an ideal surgical technique, but it has a specific risk of insufficient decompression caused by the impingement of residual ossification. Augmented reality (AR) support is a novel technology that enables the superimposition of images onto the view of a surgical field. AR technology was applied to ADF for cervical OPLL to facilitate intraoperative anatomical orientation and OPLL identification. In total, 14 patients with cervical OPLL underwent ADF with microscopic AR support. The outline of the OPLL and the bilateral vertebral arteries was marked after intraoperative CT, and the reconstructed 3D image data were transferred and linked to the microscope. The AR microscopic view enabled us to visualize the ossification outline, which could not be seen directly in the surgical field, and allowed sufficient decompression of the ossification. Neurological disturbances were improved in all patients. No cases of serious complications, such as major intraoperative bleeding or reoperation due to the postoperative impingement of the floating OPLL, were registered. To our knowledge, this is the first report of the introduction of microscopic AR into ADF using the floating method for cervical OPLL with favorable clinical results.",Hiroaki Onuma; Kenichiro Sakai; Yoshiyasu Arai; Ichiro Torigoe; Masaki Tomori; Kyohei Sakaki; Takashi Hirai; Satoru Egawa; Yutaka Kobayashi; Atsushi Okawa; Toshitaka Yoshii,Journal of clinical medicine,2023,Journal Article,eng,retrieved,UNCERTAIN_REQUIRES_SCREENING,TITLE_ABSTRACT_REVIEW_REQUIRED,,,,,,,,
4276,TA-18,37106688,10.3390/bioengineering10040501,The Role of Augmented Reality in the Advancement of Minimally Invasive Surgery Procedures: A Scoping Review.,"The purpose of this review was to analyze the evidence on the role of augmented reality (AR) in the improvement of minimally invasive surgical (MIS) procedures. A scoping literature search of the PubMed and ScienceDirect databases was performed to identify articles published in the last five years that addressed the direct impact of AR technology on MIS procedures or that addressed an area of education or clinical care that could potentially be used for MIS development. A total of 359 studies were screened and 31 articles were reviewed in depth and categorized into three main groups: Navigation, education and training, and user-environment interfaces. A comparison of studies within the different application groups showed that AR technology can be useful in various disciplines to advance the development of MIS. Although AR-guided navigation systems do not yet offer a precision advantage, benefits include improved ergonomics and visualization, as well as reduced surgical time and blood loss. Benefits can also be seen in improved education and training conditions and improved user-environment interfaces that can indirectly influence MIS procedures. However, there are still technical challenges that need to be addressed to demonstrate added value to patient care and should be evaluated in clinical trials with sufficient patient numbers or even in systematic reviews or meta-analyses.",Phillipp Brockmeyer; Bernhard Wiechens; Henning Schliephake,"Bioengineering (Basel, Switzerland)",2023,Journal Article; Scoping Review,eng,retrieved,UNCERTAIN_REQUIRES_SCREENING,TITLE_ABSTRACT_REVIEW_REQUIRED,,,,,,,,
4277,TA-18,37106667,10.3390/bioengineering10040480,Virtual Reality and Augmented Reality in Plastic and Craniomaxillofacial Surgery: A Scoping Review.,"Virtual reality (VR) and augmented reality (AR) have evolved since their introduction to medicine in the 1990s. More powerful software, the miniaturization of hardware, and greater accessibility and affordability enabled novel applications of such virtual tools in surgical practice. This scoping review aims to conduct a comprehensive analysis of the literature by including all articles between 2018 and 2021 pertaining to VR and AR and their use by plastic and craniofacial surgeons in a clinician-as-user, patient-specific manner. From the initial 1637 articles, 10 were eligible for final review. These discussed a variety of clinical applications: perforator flaps reconstruction, mastectomy reconstruction, lymphovenous anastomosis, metopic craniosynostosis, dermal filler injection, auricular reconstruction, facial vascularized composite allotransplantation, and facial artery mapping. More than half (60%) involved VR/AR use intraoperatively with the remainder (40%) examining preoperative use. The hardware used predominantly comprised HoloLens (40%) and smartphones (40%). In total, 9/10 Studies utilized an AR platform. This review found consensus that VR/AR in plastic and craniomaxillofacial surgery has been used to enhance surgeons' knowledge of patient-specific anatomy and potentially facilitated decreased intraoperative time via preoperative planning. However, further outcome-focused research is required to better establish the usability of this technology in everyday practice.",Nicolas Kaplan; Mitchell Marques; Isabel Scharf; Kevin Yang; Lee Alkureishi; Chad Purnell; Pravin Patel; Linping Zhao,"Bioengineering (Basel, Switzerland)",2023,Journal Article; Scoping Review,eng,retrieved,UNCERTAIN_REQUIRES_SCREENING,TITLE_ABSTRACT_REVIEW_REQUIRED,,,,,,,,
4278,TA-18,37106223,10.1007/7854_2023_419,Virtual Reality Interventions for Mental Health.,"Virtual Reality (VR) is a growing field in psychological research and therapy. While there is strong evidence for the efficacy of exposure therapy in VR (VRET) to treat anxiety disorders, new opportunities for using VR to treat mental health disorders are emerging. In this chapter, we first describe the value of VRET for the treatment of several anxiety disorders. Next, we introduce some recent developments in research using VR investigating schizophrenia, neurodevelopmental disorders, and eating disorders. This includes therapeutic strategies beyond VRET, including avatar-based therapies or those combining VR with biofeedback approaches. Although VR offers many convincing advantages, contraindications in treatment must be considered when implementing VR-supported therapy in clinical practice. Finally, we provide an outlook for future research, highlighting the integration of augmented reality and automation processes in VR environments to create more efficient and tailored therapeutic tools. Further, future treatments will benefit from the gamification approach, which integrates elements of computer games and narratives that promote patients' motivation and enables methods to reduce drop-outs during psychological therapy.",Oswald D Kothgassner; Adelais Reichmann; Mercedes M Bock,Current topics in behavioral neurosciences,2023,Journal Article,eng,retrieved,UNCERTAIN_REQUIRES_SCREENING,TITLE_ABSTRACT_REVIEW_REQUIRED,,,,,,,,
4279,TA-18,37106122,10.1038/s41598-023-33420-8,Contact lens embedded holographic pointer.,"In this paper we present an infrared laser pointer, consisting of a vertical-cavity surface-emitting laser (VCSEL) and a diffractive optical element (DOE), encapsulated into a scleral contact lens (SCL). The VCSEL is powered remotely by inductive coupling from a primary antenna embedded into an eyewear frame. The DOE is used either to collimate the laser beam or to project a pattern image at a chosen distance in front of the eye. We detail the different SCL constitutive blocks, how they are manufactured and assembled. We particularly emphasize the various technological challenges related to their encapsulation in the reduced volume of the SCL, while keeping the pupil free. Finally, we describe how the laser pointer operates, what are its performances (e.g. collimation, image formation) and how it can be used efficiently in various application fields such as visual assistance and augmented reality.",François-Maël Robert; Bernard Abiven; Maïna Sinou; Kevin Heggarty; Laure Adam; Vincent Nourrit; Jean-Louis de Bougrenet de la Tocnaye,Scientific reports,2023,Journal Article,eng,retrieved,UNCERTAIN_REQUIRES_SCREENING,TITLE_ABSTRACT_REVIEW_REQUIRED,,,,,,,,
4280,TA-18,37105182,10.5435/JAAOS-D-23-00023,Applications of Augmented Reality in Orthopaedic Spine Surgery.,"The application of augmented reality (AR) in surgical settings has primarily been as a navigation tool in the operating room because of its ease of use and minimal effect on surgical procedures. The surgeon can directly face the surgical field while viewing 3D anatomy virtually, thus reducing the need to look at an external display, such as a navigation system. Applications of AR are being explored in spine surgery. The basic principles of AR include data preparation, registration, tracking, and visualization. Current literature provides sufficient preclinical and clinical data evidence for the use of AR technology in spine surgery. AR systems are efficient assistive devices, providing greater accuracy for insertion points, more comfort for surgeons, and reduced operating time. AR technology also has beneficial applications in surgical training, education, and telementorship for spine surgery. However, costs associated with specially designed imaging equipment and physicians' comfort in using this technology continue to remain barriers to its adoption. As this technology evolves to a more widespread use, future applications will be directed by the cost-effectiveness of AR-assisted surgeries.",Hania Shahzad; Nazihah S Bhatti; Frank M Phillips; Safdar N Khan,The Journal of the American Academy of Orthopaedic Surgeons,2023,Journal Article,eng,retrieved,UNCERTAIN_REQUIRES_SCREENING,TITLE_ABSTRACT_REVIEW_REQUIRED,,,,,,,,
4281,TA-18,37103728,10.1007/s11548-023-02898-y,Towards transcervical ultrasound image guidance for transoral robotic surgery.,"Trans-oral robotic surgery (TORS) using the da Vinci surgical robot is a new minimally-invasive surgery method to treat oropharyngeal tumors, but it is a challenging operation. Augmented reality (AR) based on intra-operative ultrasound (US) has the potential to enhance the visualization of the anatomy and cancerous tumors to provide additional tools for decision-making in surgery. We propose a US-guided AR system for TORS, with the transducer placed on the neck for a transcervical view. Firstly, we perform a novel MRI-to-transcervical 3D US registration study, comprising (i) preoperative MRI to preoperative US registration, and (ii) preoperative to intraoperative US registration to account for tissue deformation due to retraction. Secondly, we develop a US-robot calibration method with an optical tracker and demonstrate its use in an AR system that displays anatomy models in the surgeon's console in real-time. Our AR system achieves a projection error from the US to the stereo cameras of 27.14 and 26.03 pixels (image is 540[Formula: see text]960) in a water bath experiment. The average target registration error (TRE) for MRI to 3D US is 8.90 mm for the 3D US transducer and 5.85 mm for freehand 3D US, and the TRE for pre-intra operative US registration is 7.90 mm. We demonstrate the feasibility of each component of the first complete pipeline for MRI-US-robot-patient registration for a proof-of-concept transcervical US-guided AR system for TORS. Our results show that trans-cervical 3D US is a promising technique for TORS image guidance.",Wanwen Chen; Megha Kalia; Qi Zeng; Emily H T Pang; Razeyeh Bagherinasab; Thomas D Milner; Farahna Sabiq; Eitan Prisman; Septimiu E Salcudean,International journal of computer assisted radiology and surgery,2023,Journal Article,eng,retrieved,UNCERTAIN_REQUIRES_SCREENING,TITLE_ABSTRACT_REVIEW_REQUIRED,,,,,,,,
4282,TA-18,37103227,10.3390/jimaging9040076,VICO-DR: A Collaborative Virtual Dressing Room for Image Consulting.,"In recent years, extended reality has increasingly been used to enhance the shopping experience for customers. In particular, some virtual dressing room applications have begun to develop, as they allow customers to try on digital clothes and see how they fit. However, recent studies found that the presence of an AI or a real shopping assistant could improve the virtual dressing room experience. In response to this, we have developed a collaborative synchronous virtual dressing room for image consulting that allows customers to try on realistic digital garments chosen by a remotely connected human image consultant. The application has different features for the image consultant and the customer. The image consultant can connect to the application, define a database of garments, select different outfits with different sizes for the customer to try, and communicate with the customer through a single RGB camera system. The customer-side application can visualize the description of the outfit that the avatar is wearing, as well as the virtual shopping cart. The main purpose of the application is to offer an immersive experience, ensured by the presence of a realistic environment, an avatar that resembles the customer, a real-time physically-based cloth simulation algorithm, and a video-chat system.",Gilda Manfredi; Gabriele Gilio; Vincenzo Baldi; Hiba Youssef; Ugo Erra,Journal of imaging,2023,Journal Article,eng,retrieved,UNCERTAIN_REQUIRES_SCREENING,TITLE_ABSTRACT_REVIEW_REQUIRED,,,,,,,,
4283,TA-18,37101695,10.2147/AMEP.S391816,Knowledge Attainment and Engagement Among Medical Students: A Comparison of Three Forms of Online Learning.,"This study compared knowledge attainment and student enjoyment and engagement between clinical case vignette, patient-testimony videos and mixed reality (MR) teaching via the Microsoft HoloLens 2, all delivered remotely to third year medical students. The feasibility of conducting MR teaching on a large scale was also assessed. Medical students in Year 3 at Imperial College London participated in three online teaching sessions, one in each format. All students were expected to attend these scheduled teaching sessions and to complete the formative assessment. Inclusion of their data used as part of the research trial was optional. The primary outcome measure was performance on a formative assessment, which served to compare knowledge attainment between three forms of online learning. Moreover, we aimed to explore student engagement with each form of learning via a questionnaire, and also feasibility of applying MR as a teaching tool on a large scale. Comparisons between performances on the formative assessment between the three groups were investigated using a repeated measures two-way ANOVA. Engagement and enjoyment were also analysed in the same manner. A total of 252 students participated in the study. Knowledge attainment of students using MR was comparable with the other two methods. Participants reported higher enjoyment and engagement (p<0.001) for the case vignette method, compared with MR and video-based teaching. There was no difference in enjoyment or engagement ratings between MR and the video-based methods. This study demonstrated that the implementation of MR is an effective, acceptable, and feasible way of teaching clinical medicine to undergraduate students on a large scale. However, case-based tutorials were found to be favoured most by students. Future work could further explore the best uses for MR teaching within the medical curriculum.",Ashlyn A Stackhouse; Damir Rafi; Risheka Walls; Rebecca V Dodd; Kerry Badger; Daniel J Davies; Celia A Brown; Adrian Cowell; Karim Meeran; Omid Halse; James Kinross; Martin Lupton; Elizabeth A Hughes; Amir H Sam,Advances in medical education and practice,2023,Journal Article,eng,retrieved,UNCERTAIN_REQUIRES_SCREENING,TITLE_ABSTRACT_REVIEW_REQUIRED,,,,,,,,
4284,TA-18,37101654,10.1016/j.ecns.2023.03.007,Nursing Students' Experience of Using HoloPatient During the Coronavirus Disease 2019 Pandemic: A Qualitative Descriptive Study.,"This study examined nursing students' experiences of using HoloPatient to learn COVID-19-related patient care. In this qualitative descriptive study, focus group interviews were held virtually with 30 nursing student participants in South Korea. Data were analyzed using a mixed content analysis. Participants reported satisfaction associated with having gained patient assessment and critical thinking skills, self-confidence, and knowledge about the care of patients with COVID-19. HoloPatient in nursing education can improve learning motivation, critical thinking skills, and confidence. Efforts should be made to engage users by providing an orientation, supplementary materials, and an environment conducive to learning.",Yedong Son; Hee Sun Kang; Jennie C De Gagne,Clinical simulation in nursing,2023,Journal Article,eng,retrieved,UNCERTAIN_REQUIRES_SCREENING,TITLE_ABSTRACT_REVIEW_REQUIRED,,,,,,,,
4285,TA-18,37095337,10.1007/s11605-023-05680-2,Augmented Reality Navigation System and Indocyanine Green Fluorescence Imaging Make Laparoscopic Right Anterior Sectionectomy More Precisely and Safely.,"Laparoscopic right anterior sectionectomy (LRAS) is an attractive surgical option for tumors in the right anterior section (RAS), which can remove tumor-bearing segments while sparing more normal liver tissue1. However, the definition of the resection plane, the guidance during the resection, and the protection of the right posterior hepatic duct are still the key points of this procedure2. Our center attempted to use augmented reality navigation system and indocyanine green fluorescence (ICG) imaging technology to solve these difficulties3, and reported this in LRAS for the first time. A 47-year-old female was admitted to our institution for a tumor in the RAS. Therefore, LRAS was performed. First, a virtual liver segment projection combined with the ischemic line caused by the occlusion of RAS blood flow was used to mark the RAS boundary, and it was confirmed using the ICG negative staining. Then, during the parenchymal transection, the precise resection plane was guided assisted by the ICG fluorescence imaging system. In addition, the right anterior Glissonean pedicle (RAGP) was divided using a linear stapler after confirming the spatial relationship of the bile duct using ICG fluorescence imaging. The operation lasted 360 min with 100 mL of intraoperative blood loss. There were no postoperative complications, and the patient was discharged after 8 days. The augmented reality navigation system plus ICG imaging can make LRAS more precisely and safely.",Haowen Deng; Xiaojun Zeng; Nan Xiang,Journal of gastrointestinal surgery : official journal of the Society for Surgery of the Alimentary Tract,2023,"Case Reports; Journal Article; Research Support, Non-U.S. Gov't",eng,retrieved,UNCERTAIN_REQUIRES_SCREENING,TITLE_ABSTRACT_REVIEW_REQUIRED,,,,,,,,
4286,TA-18,39882411,10.1080/20473869.2023.2202454,Using home-based augmented reality storybook training modules for facilitating emotional functioning and socialization of children with autism spectrum disorder.,"Autism spectrum disorder (ASD) is a lifelong neurodevelopmental disability with increasing prevalence worldwide. Its main challenges include poor social interaction and self-regulation skills. Effective interventions are required to improve children with ASD's social interaction skills and emotional regulation. This study aimed to develop and test the feasibility and short-term efficacy of home-based augmented reality (AR) training modules for preschool children with ASD. We recruited five and 15 preschool children (3-5 years old) with ASD, respectively. The Wilcoxon signed-rank test was used to compare emotional functioning and adaptive behavior differences. The children received 8-week home-based AR training modules-sessions were 20 min four times a week. After using the home-based AR training modules, the overall adaptive function, socialization skills, and emotional functioning of children with ASD significantly improved. The findings of this study provide promising evidence supporting the feasibility and applicability of home-based AR training modules. Practitioners and researchers could assist caregivers in implementing AR training modules at home to increase the emotional functioning and adaptive behavior of preschool children with ASD.",Ling-Yi Lin; Chang-Hsin Lin; Tsung-Yen Chuang; Sau Cheong Loh; Shin Ying Chu,International journal of developmental disabilities,2025,Journal Article,eng,retrieved,UNCERTAIN_REQUIRES_SCREENING,TITLE_ABSTRACT_REVIEW_REQUIRED,,,,,,,,
4287,TA-18,37093788,10.1177/1357633X231166226,Telepresence for surgical assistance and training using eXtended reality during and after pandemic periods.,"Existing challenges in surgical education (See one, do one, teach one) as well as the COVID-19 pandemic make it necessary to develop new ways for surgical training. Therefore, this work describes the implementation of a scalable remote solution called ""TeleSTAR"" using immersive, interactive and augmented reality elements which enhances surgical training in the operating room. The system uses a full digital surgical microscope in the context of Ear-Nose-Throat surgery. The microscope is equipped with a modular software augmented reality interface consisting an interactive annotation mode to mark anatomical landmarks using a touch device, an experimental intraoperative image-based stereo-spectral algorithm unit to measure anatomical details and highlight tissue characteristics. The new educational tool was evaluated and tested during the broadcast of three live XR-based three-dimensional cochlear implant surgeries. The system was able to scale to five different remote locations in parallel with low latency and offering a separate two-dimensional YouTube stream with a higher latency. In total more than 150 persons were trained including healthcare professionals, biomedical engineers and medical students.",Eric L Wisotzky; Jean-Claude Rosenthal; Senna Meij; John van den Dobblesteen; Philipp Arens; Anna Hilsmann; Peter Eisert; Florian Cornelius Uecker; Armin Schneider,Journal of telemedicine and telecare,2025,Journal Article,eng,retrieved,UNCERTAIN_REQUIRES_SCREENING,TITLE_ABSTRACT_REVIEW_REQUIRED,,,,,,,,
4288,TA-18,37093527,10.1007/s11548-023-02896-0,Human-as-a-robot performance in mixed reality teleultrasound.,"In ""human teleoperation"" (HT), mixed reality (MR) and haptics are used to tightly couple an expert leader to a human follower [1]. To determine the feasibility of HT for teleultrasound, we quantify the ability of humans to track a position and/or force trajectory via MR cues. The human response time, precision, frequency response, and step response were characterized, and several rendering methods were compared. Volunteers (n=11) performed a series of tasks as the follower in our HT system. The tasks involved tracking pre-recorded series of motions and forces while pose and force were recorded. The volunteers then performed frequency response tests and filled out a questionnaire. Following force and pose simultaneously was more difficult but did not lead to significant performance degradation versus following one at a time. On average, subjects tracked positions, orientations, and forces with RMS tracking errors of [Formula: see text] mm, [Formula: see text], [Formula: see text] N, steady-state errors of [Formula: see text] mm, [Formula: see text] N, and lags of [Formula: see text] ms, respectively. Performance decreased with input frequency, depending on the input amplitude. Teleoperating a person through MR is a novel concept with many possible applications. However, it is unknown what performance is achievable and which approaches work best. This paper thus characterizes human tracking ability in MR HT for teleultrasound, which is important for designing future tightly coupled guidance and training systems using MR.",David Black; Septimiu Salcudean,International journal of computer assisted radiology and surgery,2023,Journal Article,eng,retrieved,UNCERTAIN_REQUIRES_SCREENING,TITLE_ABSTRACT_REVIEW_REQUIRED,,,,,,,,
4289,TA-18,37092985,10.1097/PRS.0000000000010592,Spatial Fidelity of Microvascular Perforating Vessels as Perceived by Augmented Reality Virtual Projections.,"Autologous breast reconstruction yields improved long-term aesthetic results but requires increased resources of practitioners and hospital systems. Innovations in radiographic imaging have been increasingly used to improve the efficiency and success of free flap harvest. Augmented reality affords the opportunity to superimpose relevant imaging on a surgeon's native field of view, potentially facilitating dissection of anatomically variable structures. To validate the spatial fidelity of augmented reality projections of deep inferior epigastric perforator flap-relevant anatomy, comparisons of three-dimensional (3D) models and their virtual renderings were performed by four independent observers. Measured discrepancies between the real and holographic models were evaluated. The 3D-printed models of deep inferior epigastric perforator flap-relevant anatomy were fabricated from computed tomographic angiography data from 19 de-identified patients. The corresponding computed tomographic angiography data were similarly formatted for the Microsoft HoloLens to generate corresponding projections. Anatomic points were initially measured on 3D models, after which the corresponding points were measured on the HoloLens projections from two separate vantage points (V1 and V2). Statistical analyses, including generalized linear modeling, were performed to characterize spatial fidelity regarding translation, rotation, and scale of holographic projections. Among all participants, the median translational displacement at corresponding points was 9.0 mm between the real-3D model and V1, 12.1 mm between the 3D model and V2, and 13.5 mm between V1 and V2. Corresponding points, including topography of perforating vessels, for the purposes of breast reconstruction can be identified within millimeters, but there remain multiple independent contributors of error, most notably the participant and location at which the projection is perceived.",David J Cholok; Marc J Fischer; Christoph W Leuze; Michael Januszyk; Bruce L Daniel; Arash Momeni,Plastic and reconstructive surgery,2024,Journal Article,eng,retrieved,UNCERTAIN_REQUIRES_SCREENING,TITLE_ABSTRACT_REVIEW_REQUIRED,,,,,,,,
4290,TA-18,37088997,10.1111/aos.15671,Change in three-dimensional choroidal vessel network after AR device assisted 1-hour visual task in 2D/3D mode in young healthy subjects.,"The purpose of the study was to investigate the changes of choroidal blood perfusion in different layers and quadrants and its possible related factors after 1 h visual task by augmented reality (AR) device in two-dimensional (2D) and three-dimensional (3D) mode, respectively. Thirty healthy subjects aged 22-37 years watched the same video source in 2D and 3D mode separately using AR glasses for 1 h with a one-week interval. Swept-source optical coherence tomography angiography (SS-OCTA) was performed before and immediately after watching to acquire choroidal thickness (ChT), three-dimensional choroidal vascularity index (CVI) of large- and middle-sized choroidal vessels and choriocapillaris flow voids (FV%) at macular and peripapillary area. Near point of accommodation (NPA) and accommodative facility (AF) were examined to evaluate the accommodative ability. Pupil diameters by infrared-automated pupillometer under scotopic, mesopic and photopic condition were also obtained. Compared with pre-visual task, the subfoveal CVI decreased from 0.406 ± 0.097 to 0.360 ± 0.102 after 2D watching (p < 0.001) and to 0.368 ± 0.102 after 3D watching (p = 0.002). Pupil sizes under different illuminance conditions became smaller after both 2D and 3D watching (all p < 0.001). AF increased after both 2D and 3D watching (both p < 0.05). NPA receded in post-3D watching (p = 0.017) while a not significant tendency was observed in post-2D. A reduction in subfoveal choroidal blood flow accompanied with pupil constriction was observed immediately after 1 h visual task using AR glasses in 2D and 3D mode. Accommodative facility improved after 2D and 3D watching with AR glasses, whereas decrease in the maximum accommodation power was only found in 3D mode.",Yuying Liu; Lu Liu; Mingming Liu; Xuetong Wang; Chengcheng Jin; Bingbing Ni; Bilian Ke,Acta ophthalmologica,2024,Journal Article,eng,retrieved,UNCERTAIN_REQUIRES_SCREENING,TITLE_ABSTRACT_REVIEW_REQUIRED,,,,,,,,
4291,TA-18,37088879,10.5397/cise.2022.01326,Mixed reality visualization in shoulder arthroplasty: is it better than traditional preoperative planning software?,"Preoperative traditional software planning (TSP) is a method used to assist surgeons with implant selection and glenoid guide-pin insertion in shoulder arthroplasty. Mixed-Reality (MR) is a new technology that uses digital holograms of the preoperative plan and guide-pin trajectory projected into the operative field. The purpose of this study was to compare TSP to MR in a simulated surgical environment involving insertion of guide-pins into models of severely deformed glenoids. Eight surgeons inserted guide-pins into eight randomized three-dimensional-printed severely eroded glenoid models in a simulated surgical environment using either TSP or MR. In total, 128 glenoid models were used and statistically compared. The outcomes compared between techniques included procedural time, difference in guide-pin start point, difference in version and inclination, and surgeon confidence via a confidence rating scale. When comparing traditional preoperative software planning to MR visualization as techniques to assist surgeons in glenoid guide pin insertion, there were no statistically significant differences in terms of mean procedure time (P=0.634), glenoid start-point (TSP = 2.2 ± 0.2 mm , MR = 2.1 ± 0.1 mm; P=0.760), guide-pin orientation (P=0.586), or confidence rating score (P=0.850). The results demonstrate that there were no significant differences between traditional preoperative software planning and MR visualization for guide-pin placement into models of eroded glenoids. A perceived benefit of MR is the real-time intraoperative visibility of the surgical plan and the patient's anatomy; however, this did not translate into decreased procedural time or improved guide-pin position. Level of evidence: Basic Science Study; Biomechanics.",Sejla Abdic; Nicholas J Van Osch; Daniel G Langohr; James A Johnson; George S Athwal,Clinics in shoulder and elbow,2023,Journal Article,eng,retrieved,UNCERTAIN_REQUIRES_SCREENING,TITLE_ABSTRACT_REVIEW_REQUIRED,,,,,,,,
4292,TA-18,37083756,10.1227/ons.0000000000000731,Commentary: Augmented Reality-Assisted Resection of a Large Presacral Ganglioneuroma: 2-Dimensional Operative Video.,,Justin A Neira; Dean Chou,"Operative neurosurgery (Hagerstown, Md.)",2023,Video-Audio Media; Journal Article,eng,retrieved,UNCERTAIN_REQUIRES_SCREENING,TITLE_ABSTRACT_REVIEW_REQUIRED,,,,,,,,
4293,TA-18,37083688,10.1227/ons.0000000000000703,"Three-Dimensional Modeling and Extended Reality Simulations of the Cross-Sectional Anatomy of the Cerebrum, Cerebellum, and Brainstem.","Understanding the anatomy of the human cerebrum, cerebellum, and brainstem and their 3-dimensional (3D) relationships is critical for neurosurgery. Although 3D photogrammetric models of cadaver brains and 2-dimensional images of postmortem brain slices are available, neurosurgeons lack free access to 3D models of cross-sectional anatomy of the cerebrum, cerebellum, and brainstem that can be simulated in both augmented reality (AR) and virtual reality (VR). To create 3D models and AR/VR simulations from 2-dimensional images of cross-sectionally dissected cadaveric specimens of the cerebrum, cerebellum, and brainstem. The Klingler method was used to prepare 3 cadaveric specimens for dissection in the axial, sagittal, and coronal planes. A series of 3D models and AR/VR simulations were then created using 360° photogrammetry. High-resolution 3D models of cross-sectional anatomy of the cerebrum, cerebellum, and brainstem were obtained and used in creating AR/VR simulations. Eleven axial, 9 sagittal, and 7 coronal 3D models were created. The sections were planned to show important deep anatomic structures. These models can be freely rotated, projected onto any surface, viewed from all angles, and examined at various magnifications. To our knowledge, this detailed study is the first to combine up-to-date technologies (photogrammetry, AR, and VR) for high-resolution 3D visualization of the cross-sectional anatomy of the entire human cerebrum, cerebellum, and brainstem. The resulting 3D images are freely available for use by medical professionals and students for better comprehension of the 3D relationship of the deep and superficial brain anatomy.",Muhammet Enes Gurses; Sahin Hanalioglu; Giancarlo Mignucci-Jiménez; Elif Gökalp; Nicolas I Gonzalez-Romo; Abuzer Gungor; Aaron A Cohen-Gadol; Uğur Türe; Michael T Lawton; Mark C Preul,"Operative neurosurgery (Hagerstown, Md.)",2023,"Journal Article; Research Support, Non-U.S. Gov't",eng,retrieved,UNCERTAIN_REQUIRES_SCREENING,TITLE_ABSTRACT_REVIEW_REQUIRED,,,,,,,,
4294,TA-18,37083627,10.2196/44355,An Augmented Reality Mobile App (Easypod AR) as a Complementary Tool in the Nurse-Led Integrated Support of Patients Receiving Recombinant Human Growth Hormone: Usability and Validation Study.,"Children with growth hormone deficiency face the prospect of long-term recombinant human growth hormone (r-hGH) treatment requiring daily injections. Adherence to treatment is important, especially at treatment initiation, to achieve positive health outcomes. Historically, telenursing services embedded in patient support programs (PSPs) have been a valid approach to support r-hGH treatment initiation and patient education and facilitate adherence by identifying and optimizing appropriate injection techniques. The development of mobile phones with augmented reality (AR) capabilities offers nurses new tools to support patient education. To investigate experiences among nurses of a new mobile phone app developed to support patient training with a phone-based PSP for r-hGH treatment. In 2020, the Easypod AR mobile app was launched to support nurse-driven telehealth education for patients initiating r-hGH therapy with the Easypod electromechanical auto-injector device. Nurses who were part of PSPs in countries where the Easypod AR app had been launched or where training was provided as part of an anticipated future launch of the app were invited to participate in an online survey based on the Mobile App Rating Scale to capture their feedback after using the app. In total, 23 nurses completed the online questionnaire. They positively rated the quality of the app across multiple dimensions. The highest mean scores were 4.0 for engagement (ie, adaptation to the target group; SD 0.74), 4.1 (SD 0.79) for functionality (navigation) and 4.1 (SD 0.67) for aesthetics (graphics). Responses indicated the potential positive impact of such a tool on enhancing patient education, patient support, and communication between patients and PSP nurses. Some participants also suggested enhancements to the app, including gamification techniques that they felt have the potential to support the formation of positive treatment behaviors and habits. This study highlights the potential for new digital health solutions to reinforce PSP nurse services, including patient education. Future studies could explore possible correlations between any behavioral and clinical benefits that patients may derive from the use of such apps and how they may contribute to support improved patient experiences and treatment outcomes.",Rosa Maria Baños; Laura-Maria Peltonen; Blaine Martin; Ekaterina Koledova,JMIR nursing,2023,Journal Article,eng,retrieved,UNCERTAIN_REQUIRES_SCREENING,TITLE_ABSTRACT_REVIEW_REQUIRED,,,,,,,,
4295,TA-18,37083055,10.1177/23312165231168741,Hearing Through Bone Conduction Headsets.,"Bone conduction (BC) stimulation has mainly been used for clinical hearing assessment and hearing aids where stimulation is applied at the mastoid behind the ear. Recently, BC has become popular for communication headsets where the stimulation position often is close to the anterior part of the ear canal opening. The BC sound transmission for this stimulation position is here investigated in 21 participants by ear canal sound pressure measurements and hearing threshold assessment as well as simulations in the LiUHead. The results indicated that a stimulation position close to the ear canal opening improves the sensitivity for BC sound by around 20 dB but by up to 40 dB at some frequencies. The transcranial transmission ranges typically between -40 and -25 dB. This decreased transcranial transmission facilitates saliency of binaural cues and implies that BC headsets are suitable for virtual and augmented reality applications. The findings suggest that with BC stimulation close to the ear canal opening, the sound pressure in the ear canal dominates the perception of BC sound. With this stimulation, the ear canal pathway was estimated to be around 25 dB greater than other contributors, like skull bone vibrations, for hearing BC sound in a healthy ear. This increased contribution from the ear canal sound pressure to BC hearing means that a position close to the ear canal is not appropriate for clinical use since, in such case, a conductive hearing loss affects BC and air conduction thresholds by a similar amount.",Sudeep Surendran; Srdan Prodanovic; Stefan Stenfelt,Trends in hearing,2023,"Journal Article; Research Support, Non-U.S. Gov't",eng,retrieved,UNCERTAIN_REQUIRES_SCREENING,TITLE_ABSTRACT_REVIEW_REQUIRED,,,,,,,,
4296,TA-18,37072658,10.1007/s11548-023-02897-z,In situ guidance for MRI interventions using projected feedback.,"To develop and evaluate an augmented reality instrument guidance system for MRI-guided needle placement procedures such as musculoskeletal biopsy and arthrography. Our system guides the physician to insert a needle toward a target while looking at the insertion site without requiring special headgear. The system is comprised of a pair of stereo cameras, a projector, and a computational unit with a touch screen. All components are designed to be used within the MRI suite (Zone 4). Multi-modality fiducial markers called VisiMARKERs, detectable in both MRI and camera images, facilitate automatic registration after the initial scan. The navigation feedback is projected directly onto the intervention site allowing the interventionalist to keep their focus on the insertion site instead of a secondary monitor which is often not in front of them. We evaluated the feasibility and accuracy of this system on custom-built shoulder phantoms. Two radiologists used the system to select targets and entry points on initial MRIs of these phantoms over three sessions. They performed 80 needle insertions following the projected guidance. The system targeting error was 1.09 mm, and the overall error was 2.29 mm. We demonstrated both feasibility and accuracy of this MRI navigation system. The system operated without any problems inside the MRI suite close to the MRI bore. The two radiologists were able to easily follow the guidance and place the needle close to the target without any intermediate imaging.",Pezhman Foroughi; Alican Demir; Martin Hossbach; Purnima Rajan; Pavel Yarmolenko; Ranjith Vellody; Kevin Cleary; Karun Sharma,International journal of computer assisted radiology and surgery,2023,Journal Article,eng,retrieved,UNCERTAIN_REQUIRES_SCREENING,TITLE_ABSTRACT_REVIEW_REQUIRED,,,,,,,,
4297,TA-18,37072525,10.1038/s41598-023-33610-4,Method and application of information sharing throughout the emergency rescue process based on 5G and AR wearable devices.,"The 2022 Winter Olympics were held in the three competition zones of Beijing, Yanqing and Zhangjiakou, China. The venues of this Winter Olympics were scattered and the terrain was complex. Moreover, the medical resources of Hebei and Beijing were relatively unbalanced. In the medical security of major events, the connection between first aid and in-hospital processes is of the utmost importance to rescue quality. 5th generation mobile network (5G) applications in medical scenarios are on the rise. It would be of great relevance to fully use 5G's low-latency and high-speed features to share the process information of patients, ambulance personnel, and the destination hospital's rescue team at emergency scenes and in transportation, improving rescue efficiency. This paper proposes a system scheme of cross-institutional emergency health information sharing based on 5G and augmented reality wearable devices. It also integrates the construction method of monitoring and other sign data sharing, in addition to testing the proposed scheme's service quality in 5G environments. In the deployment area of the 5G emergency medical rescue information sharing scheme for the Beijing Winter Olympic Games, we selected two designated medical support institutions for testing. The test adopted a combination of fixed-point and driving tests to experiment on the service data, voice service, and streaming media indicators. The 5G signal's coverage rate was close to 100%, the standalone connection's success rate was 100%, and the drop rate was 0. The average downlink rate of multiple scenarios was 620mbps, and the average uplink rate of 5G was over 71.8mbps, which is higher than the average 5G level in China. The downlink rate was more than 20 times larger than the 4th generation mobile network (4G) rate. This study's proposed scheme demonstrates the importance of 5G applications in emergency response and support, in addition to providing a suitable scheme for the integration of 5G networks in the medical scene.",Mengying Wang; Hong Ji; Mo Jia; Zhen Sun; Jinyi Gu; Haiying Ren,Scientific reports,2023,"Journal Article; Research Support, Non-U.S. Gov't",eng,retrieved,UNCERTAIN_REQUIRES_SCREENING,TITLE_ABSTRACT_REVIEW_REQUIRED,,,,,,,,
4298,TA-18,37071980,10.1159/000529993,Augmented Virtual Reality in Vestibular Assessment: A Dynamic Gait Application.,"Dizziness is a common complaint affecting up to 23% of the world population. Diagnosis is of utmost importance and routinely involves several tests to be performed in specialized centers. The advent of a new generation of technical devices would make envision their use for a valid objective vestibular assessment. Microsoft HoloLens 2 (HL2) mixed reality headset has the potential to be a valuable wearable technology that provides interactive digital stimuli and inertial measurement units (IMUs) to objectively quantify the movements of the user in response to various exercises. The aim of this study was to validate the integration of HoloLens with traditional methods used to analyze the vestibular function in order to obtain precise diagnostic values. Twenty-six healthy adults completed the Dynamic Gait Index tests both with a traditional evaluation and while wearing HL2 headset, thus allowing to collect kinematic data of the patients' head and eyes. The subjects had to perform 8 different tasks, and the scores were independently assigned by two otolaryngology specialists. The maximum of the mean position of the walking axis of the subjects was found in the second task (-0.14 ± 0.23 m), while the maximum value of the standard deviation of the walking axis was found in the fifth task (-0.12 ± 0.27 m). Overall, positive results were obtained in regard to the validity of the HL2 use to analyze kinematic features. The accurate quantification of gait, movement along the walking axis, and deviation from the normality using HL2 provide an initial evidence for its useful adoption as a valuable tool in gait and mobility assessment.",Valerio Margani; Simona Pascucci; Rita Talamonti; Emilio Serani; Fabiano Bini; Franco Marinozzi; Luigi Volpini; Haitham H Elfarargy; Edoardo Covelli; Maurizio Barbara,Audiology & neuro-otology,2023,Journal Article,eng,retrieved,UNCERTAIN_REQUIRES_SCREENING,TITLE_ABSTRACT_REVIEW_REQUIRED,,,,,,,,
4299,TA-18,37071458,10.2196/45464,Augmented Reality in Real-time Telemedicine and Telementoring: Scoping Review.,"Over the last decade, augmented reality (AR) has emerged in health care as a tool for visualizing data and enhancing simulation learning. AR, which has largely been explored for communication and collaboration in nonhealth contexts, could play a role in shaping future remote medical services and training. This review summarized existing studies implementing AR in real-time telemedicine and telementoring to create a foundation for health care providers and technology developers to understand future opportunities in remote care and education. This review described devices and platforms that use AR for real-time telemedicine and telementoring, the tasks for which AR was implemented, and the ways in which these implementations were evaluated to identify gaps in research that provide opportunities for further study. We searched PubMed, Scopus, Embase, and MEDLINE to identify English-language studies published between January 1, 2012, and October 18, 2022, implementing AR technology in a real-time interaction related to telemedicine or telementoring. The search terms were ""augmented reality"" OR ""AR"" AND ""remote"" OR ""telemedicine"" OR ""telehealth"" OR ""telementoring."" Systematic reviews, meta-analyses, and discussion-based articles were excluded from analysis. A total of 39 articles met the inclusion criteria and were categorized into themes of patient evaluation, medical intervention, and education. In total, 20 devices and platforms using AR were identified, with common features being the ability for remote users to annotate, display graphics, and display their hands or tools in the local user's view. Common themes across the studies included consultation and procedural education, with surgery, emergency, and hospital medicine being the most represented specialties. Outcomes were most often measured using feedback surveys and interviews. The most common objective measures were time to task completion and performance. Long-term outcome and resource cost measurements were rare. Across the studies, user feedback was consistently positive for perceived efficacy, feasibility, and acceptability. Comparative trials demonstrated that AR-assisted conditions had noninferior reliability and performance and did not consistently extend procedure times compared with in-person controls. Studies implementing AR in telemedicine and telementoring demonstrated the technology's ability to enhance access to information and facilitate guidance in multiple health care settings. However, AR's role as an alternative to current telecommunication platforms or even in-person interactions remains to be validated, with many disciplines and provider-to-nonprovider uses still lacking robust investigation. Additional studies comparing existing methods may offer more insight into this intersection, but the early stage of technical development and the lack of standardized tools and adoption have hindered the conduct of larger longitudinal and randomized controlled trials. Overall, AR has the potential to complement and advance the capabilities of remote medical care and learning, creating unique opportunities for innovator, provider, and patient involvement.",Alana Dinh; Andrew Lukas Yin; Deborah Estrin; Peter Greenwald; Alexander Fortenko,JMIR mHealth and uHealth,2023,"Journal Article; Research Support, U.S. Gov't, Non-P.H.S.; Research Support, Non-U.S. Gov't; Scoping Review",eng,retrieved,UNCERTAIN_REQUIRES_SCREENING,TITLE_ABSTRACT_REVIEW_REQUIRED,,,,,,,,
4300,TA-18,37060328,10.1002/mp.16417,Innovative integration of augmented reality and optical surface imaging: A coarse-to-precise system for radiotherapy positioning.,"Traditional methods of radiotherapy positioning have shortcomings such as fragile skin-markers, additional doses, and lack of information integration. Emerging technologies may provide alternatives for the relevant clinical practice. To propose a noninvasive radiotherapy positioning system integrating augmented reality (AR) and optical surface, and to evaluate its feasibility in clinical workflow. AR and structured light-based surface were integrated to implement the coarse-to-precise positioning through two coherent steps, the AR-based coarse guidance and the optical surface-based precise verification. To implement quality assurance, recognition of face and pattern was used for patient authentication, case association, and accessory validation in AR scenes. The holographic images reconstructed from simulation computed tomography (CT) images, guided the initial posture correction by virtual-real alignment. The point clouds of body surface were fused, with the calibration and pose estimation of structured light cameras, and segmented according to the preset regions of interest (ROIs). The global-to-local registration for cross-source point clouds was achieved to calculate couch shifts in six degrees-of-freedom (DoF), which were ultimately transmitted to AR scenes. The evaluation based on phantom and human-body (4 volunteers) included, (i) quality assurance workflow, (ii) errors of both steps and correlation analysis, (iii) receiver operating characteristic (ROC), (iv) distance characteristics of accuracy, and (v) clinical positioning efficiency. The maximum errors in phantom evaluation were 3.4 ± 2.5 mm in Vrt and 1.4 ± 1.0° in Pitch for the coarse guidance step, while 1.6 ± 0.9 mm in Vrt and 0.6 ± 0.4° in Pitch for the precise verification step. The Pearson correlation coefficients between precise verification and cone beam CT (CBCT) results were distributed in the interval [0.81, 0.85]. In ROC analysis, the areas under the curve (AUC) were 0.87 and 0.89 for translation and rotation, respectively. In human body-based evaluation, the errors of thorax and abdomen (T&A) were significantly greater than those of head and neck (H&N) in Vrt (2.6 ± 1.1 vs. 1.7 ± 0.8, p < 0.01), Lng (2.3 ± 1.1 vs. 1.4 ± 0.9, p < 0.01), and Rtn (0.8 ± 0.4 vs. 0.6 ± 0.3, p = 0.01) while relatively similar in Lat (1.8 ± 0.9 vs. 1.7 ± 0.8, p = 0.07). The translation displacement range, after coarse guidance step, required for high accuracy of the optical surface component of the integrated system was 0-42 mm, and the average positioning duration of the integrated system was significantly less than that of conventional workflow (355.7 ± 21.7 vs. 387.7 ± 26.6 s, p < 0.01). The combination of AR and optical surface has utility and feasibility for patient positioning, in terms of both safety and accuracy.",Gongsen Zhang; Zejun Jiang; Jian Zhu; Tianyuan Dai; Xiaolong He; Xinchao Liu; Yankui Chang; Linlin Wang,Medical physics,2023,Journal Article,eng,retrieved,UNCERTAIN_REQUIRES_SCREENING,TITLE_ABSTRACT_REVIEW_REQUIRED,,,,,,,,
4301,TA-18,37058639,10.1364/OL.485857,Single-image-source binocular waveguide display based on polarization volume gratings and lenses.,"Waveguide displays, a highly competitive solution for augmented reality (AR), have attracted a lot of interest. A polarization-dependent binocular waveguide display using polarization volume lenses (PVLs) and polarization volume gratings (PVGs) as input and output couplers, respectively, is proposed. Light from a single image source is delivered to the left and right eyes independently according to its polarization state. Compared with traditional waveguide display systems, no additional collimation system is needed due to the deflection and collimation capabilities of PVLs. Leveraging the high efficiency, wide angular bandwidth, and polarization selectivity of liquid crystal elements, different images can be independently and accurately produced in the two eyes when the polarization of the image source is modulated. The proposed design paves the way for a compact and lightweight binocular AR near-eye display.",Jiacheng Weng; Haifeng Li; Rengmao Wu; Xu Liu,Optics letters,2023,Journal Article,eng,retrieved,UNCERTAIN_REQUIRES_SCREENING,TITLE_ABSTRACT_REVIEW_REQUIRED,,,,,,,,
4302,TA-18,37057986,10.1089/cyber.2023.0040,Searching for the Metaverse: Neuroscience of Physical and Digital Communities.,"What distinguishes real-world communities from their online counterparts? Social and cognitive neuroscience research on social networks and collective intentionality will be used in the article to answer this question. Physical communities are born in places. And places engage ""we-mode"" neurobiological and cognitive processes as behavioral synchrony, shared attention, deliberate attunement, interbrain synchronization, and so on, which create coherent social networks of very different individuals who are supported by a ""wisdom of crowd."" Digital technologies remove physical boundaries, giving people more freedom to choose their activities and groups. At the same time, however, the lack of physical co-presence of community members significantly reduces their possibility of activating ""we-mode"" cognitive processes and social motivation. Because of this, unlike physical communities that allow interaction between people from varied origins and stories, digital communities are always made up of people who have the same interests and knowledge (communities of practice). This new situation disrupts the ""wisdom of crowd,"" making the community more radical and less accurate (polarization effect), allowing influential users to wield disproportionate influence over the group's beliefs, and producing inequalities in the distribution of social capital. However, a new emergent technology-the Metaverse-has the potential to reverse this trend. Several studies have revealed that virtual and augmented reality-the major technologies underlying the Metaverse-can engage the same neurobiological and cognitive ""we-mode"" processes as real-world environments. If the many flaws in this technology are fixed, it might encourage people to engage in more meaningful and constructive interactions in online communities.",Giuseppe Riva; Brenda K Wiederhold; Fabrizia Mantovani,"Cyberpsychology, behavior and social networking",2024,Journal Article,eng,retrieved,UNCERTAIN_REQUIRES_SCREENING,TITLE_ABSTRACT_REVIEW_REQUIRED,,,,,,,,
4303,TA-18,39958371,10.1227/neuprac.0000000000000036,Assessment of Accuracy of Mixed Reality Device for Neuronavigation: Proposed Methodology and Results.,"Intraoperative neuronavigation is currently an essential component of neurosurgical operations in several contexts. Recent progress in mixed reality (MR) technology has attempted to overcome the disadvantages of standard neuronavigation systems allowing the surgeon to superimpose a 3D rendered image onto the patient's anatomy. We present the first study in the literature to assess the surface matching accuracy of MR rendered image. For the purposes of this study, we used HoloLens 2 with virtual surgery intelligence providing the software capability for image rendering. To assess the accuracy of using mixed reality device for neuronavigation intraoperatively. This study seeks to assess the accuracy of rendered holographic images from a mixed reality device as a means for neuronavigation intraoperatively. We used the Realistic Operative Workstation for Educating Neurosurgical Apprentices to represent a patient's skull with intracranial components which underwent standardized computed tomography (CT) and MRI imaging. Eleven predefined points were used for purposes of assessing the accuracy of the rendered image, compared with the intraoperative gold standard neuronavigation. The mean HoloLens values against the ground truth were significantly higher when compared with Stealth using CT scan as the imaging modality. Using extracranial anatomic landmarks, the HoloLens error values continued to be significantly higher in magnitude when compared with Stealth across CT and MRI. This study provides a relatively easy and feasible method to assess accuracy of MR-based navigation without requiring any additions to the established imaging protocols. We failed to show the equivalence of MR-based navigation over the current neuronavigation systems.",Swati Jain; Tamara Tajsic; Tilak Das; Yujia Gao; Ngiam Kee Yuan; Tseng Tsai Yeo; Martin J Graves; Adel Helmy,Neurosurgery practice,2023,Journal Article,eng,retrieved,UNCERTAIN_REQUIRES_SCREENING,TITLE_ABSTRACT_REVIEW_REQUIRED,,,,,,,,
4304,TA-18,37055854,10.1186/s40359-023-01116-3,Efficacy of exposure and response prevention therapy in mixed reality for patients with obsessive-compulsive disorder: study protocol for a randomized controlled trial.,"Many patients with obsessive-compulsive disorder (OCD) do not receive cognitive behavioral therapy with exposure and response prevention (first line treatment for OCD), for example, due to patients' fear of the exposure and reservations of the therapists. Technology-supported exposure (e.g., exposure therapy with response prevention in mixed reality [MERP]) for patients with OCD may help to overcome this obstacle. Building upon findings of our pilot study objectives of this study are to evaluate the efficacy, expectations of treatment success, feasibility, and acceptance of MERP as well as to identify possible limitations. In total, 64 outpatients with contamination-related OCD will be recruited and randomized to one of two conditions: MERP (six sessions in six weeks) and self-guided exposure therapy (six exercises in six weeks). Participants will be assessed before (baseline), after the six-week intervention period (post), as well as three months after post assessment (follow-up) regarding symptomatology (Yale-Brown Obsessive Compulsive Scale; Y-BOCS), their subjective evaluation of MERP (acceptance) and sense of presence. The planned study is the first to investigate MERP in patients with OCD.",Luzie Lohse; Lena Jelinek; Steffen Moritz; Jannik Blömer; Lara Bücker; Franziska Miegel,BMC psychology,2023,Clinical Trial Protocol; Journal Article,eng,retrieved,UNCERTAIN_REQUIRES_SCREENING,TITLE_ABSTRACT_REVIEW_REQUIRED,,,,,,,,
4305,TA-18,37052903,10.1167/jov.23.4.5,Force illusion induced by visual illusion: Illusory curve in cursor path is interpreted as unintended force.,"Discrepancies between expected and actual visual outcomes of motor action can produce an illusory sensation of unintended force. In the present study, we addressed whether the force illusion could be induced even when the discrepancy was brought about by the illusory appearance of the actual outcome. Specifically, the apparent path of a cursor controlled by the participants was modulated by the direction of noise motion presented inside the cursor. We showed that a greater noise motion inside the cursor caused a greater apparent curve of the cursor path and, also, higher rating scores for an unintended force. We also found that the unintended force was influenced strongly by the visibility of the cursor, suggesting that the apparent curve of the cursor path was a more important factor in generating the unintended force than the noise motion itself inside the cursor. Our results suggest that the illusory force, which is mediated by cross-modal mechanisms susceptible to visual illusion, can be exploited in extended reality systems as a novel technique for giving users a sensation of force.",Takumi Yokosaka; Yusuke Ujitoko; Takahiro Kawabe,Journal of vision,2023,Journal Article,eng,retrieved,UNCERTAIN_REQUIRES_SCREENING,TITLE_ABSTRACT_REVIEW_REQUIRED,,,,,,,,
4306,TA-18,37051566,10.1177/20552076231167255,"The effect of Augmented-Reality media-based health education on healthy lifestyle knowledge, attitude, and healthy lifestyle behaviors among pregnant women during COVID-19 pandemic in Jakarta, Indonesia.","Pregnancy is a critical period. Pregnant women need to perform healthy lifestyle behavior in order to ensure good fetal development. During COVID-19 pandemic, Augmented-Reality (AR) media may be used in pregnant women health education. However, there is a lack of research that investigated the effect of AR media use in pregnant women health education. Therefore, this research aimed to investigate the impact of AR media use on healthy lifestyle knowledge, attitude, and behaviors among pregnant women during COVID-19 pandemic. This cohort-longitudinal study involved 86 pregnant women aged 18-45 years. The subjects who participated in this research received health education interventions using AR media for 5 months. The data collection was performed at the pre-post-intervention through a survey with questionnaire. Changes in subjects' healthy lifestyle knowledge, attitude, and behaviors were analyzed by using t-test. The research results show that the AR media use in health education significantly improved the subjects' scores for healthy lifestyle knowledge (5.0 ± 10.9; p < .05) and behaviors (9.7 ± 17.5; p < .05). However, the subject score for attitude was not significantly improved (0.3 ± 7.1; p ≥ .05). This research results provide evidence of the importance of using AR media in health education for pregnant women during COVID-19 pandemic.",Erry Y Mulyani; Idrus Jus'at; Sik Sumaedi,Digital health,2023,Journal Article,eng,retrieved,UNCERTAIN_REQUIRES_SCREENING,TITLE_ABSTRACT_REVIEW_REQUIRED,,,,,,,,
4307,TA-18,37051227,10.1038/s43586-023-00208-z,Extended reality for biomedicine.,"Extended reality (XR) refers to an umbrella of methods that allows users to be immersed in a three-dimensional (3D) or a 4D (spatial + temporal) virtual environment to different extents, including virtual reality (VR), augmented reality (AR), and mixed reality (MR). While VR allows a user to be fully immersed in a virtual environment, AR and MR overlay virtual objects over the real physical world. The immersion and interaction of XR provide unparalleled opportunities to extend our world beyond conventional lifestyles. While XR has extensive applications in fields such as entertainment and education, its numerous applications in biomedicine create transformative opportunities in both fundamental research and healthcare. This Primer outlines XR technology from instrumentation to software computation methods, delineating the biomedical applications that have been advanced by state-of-the-art techniques. We further describe the technical advances overcoming current limitations in XR and its applications, providing an entry point for professionals and trainees to thrive in this emerging field.",Jie Yuan; Sohail S Hassan; Jiaojiao Wu; Casey R Koger; René R Sevag Packard; Feng Shi; Baowei Fei; Yichen Ding,Nature reviews. Methods primers,2023,Journal Article,eng,retrieved,UNCERTAIN_REQUIRES_SCREENING,TITLE_ABSTRACT_REVIEW_REQUIRED,,,,,,,,
4308,TA-18,37050554,10.3390/s23073494,Head-Mounted Projector for Manual Precision Tasks: Performance Assessment.,"The growing interest in augmented reality applications has led to an in-depth look at the performance of head-mounted displays and their testing in numerous domains. Other devices for augmenting the real world with virtual information are presented less frequently and usually focus on the description of the device rather than on its performance analysis. This is the case of projected augmented reality, which, compared to head-worn AR displays, offers the advantages of being simultaneously accessible by multiple users whilst preserving user awareness of the environment and feeling of immersion. This work provides a general evaluation of a custom-made head-mounted projector for the aid of precision manual tasks through an experimental protocol designed for investigating spatial and temporal registration and their combination. The results of the tests show that the accuracy (0.6±0.1 mm of spatial registration error) and motion-to-photon latency (113±12 ms) make the proposed solution suitable for guiding precision tasks.",Virginia Mamone; Vincenzo Ferrari; Renzo D'Amato; Sara Condino; Nadia Cattari; Fabrizio Cutolo,"Sensors (Basel, Switzerland)",2023,Journal Article,eng,retrieved,UNCERTAIN_REQUIRES_SCREENING,TITLE_ABSTRACT_REVIEW_REQUIRED,,,,,,,,
4309,TA-18,37048777,10.3390/jcm12072693,Preclinical Application of Augmented Reality in Pediatric Craniofacial Surgery: An Accuracy Study.,"Augmented reality (AR) allows the overlapping and integration of virtual information with the real environment. The camera of the AR device reads the object and integrates the virtual data. It has been widely applied to medical and surgical sciences in recent years and has the potential to enhance intraoperative navigation. In this study, the authors aim to assess the accuracy of AR guidance when using the commercial HoloLens 2 head-mounted display (HMD) in pediatric craniofacial surgery. The Authors selected fronto-orbital remodeling (FOR) as the procedure to test (specifically, frontal osteotomy and nasal osteotomy were considered). Six people (three surgeons and three engineers) were recruited to perform the osteotomies on a 3D printed stereolithographic model under the guidance of AR. By means of calibrated CAD/CAM cutting guides with different grooves, the authors measured the accuracy of the osteotomies that were performed. We tested accuracy levels of ±1.5 mm, ±1 mm, and ±0.5 mm. With the HoloLens 2, the majority of the individuals involved were able to successfully trace the trajectories of the frontal and nasal osteotomies with an accuracy level of ±1.5 mm. Additionally, 80% were able to achieve an accuracy level of ±1 mm when performing a nasal osteotomy, and 52% were able to achieve an accuracy level of ±1 mm when performing a frontal osteotomy, while 61% were able to achieve an accuracy level of ±0.5 mm when performing a nasal osteotomy, and 33% were able to achieve an accuracy level of ±0.5 mm when performing a frontal osteotomy. despite this being an in vitro study, the authors reported encouraging results for the prospective use of AR on actual patients.",Federica Ruggiero; Laura Cercenelli; Nicolas Emiliani; Giovanni Badiali; Mirko Bevini; Mino Zucchelli; Emanuela Marcelli; Achille Tarsitano,Journal of clinical medicine,2023,Journal Article,eng,retrieved,UNCERTAIN_REQUIRES_SCREENING,TITLE_ABSTRACT_REVIEW_REQUIRED,,,,,,,,
4310,TA-18,37046809,10.3390/cancers15072148,Efficacy of a Novel Augmented Reality Navigation System Using 3D Computer Graphic Modeling in Endoscopic Transsphenoidal Surgery for Sellar and Parasellar Tumors.,"In endoscopic transsphenoidal skull base surgery, knowledge of tumor location on imaging and the anatomic structures is required simultaneously. However, it is often difficult to accurately reconstruct the endoscopic vision of the surgical field from the pre-surgical radiographic images because the lesion remarkably displaces the geography of normal anatomic structures. We created a precise three-dimensional computer graphic model from preoperative radiographic data that was then superimposed on a visual image of the actual surgical field and displayed on a video monitor during endoscopic transsphenoidal surgery. We evaluated the efficacy of this augmented reality (AR) navigation system in 15 consecutive patients with sellar and parasellar tumors. The average score overall was 4.7 [95% confidence interval: 4.58-4.82], which indicates that the AR navigation system was as useful as or more useful than conventional navigation in certain patients. In two patients, AR navigation was assessed as less useful than conventional navigation because perception of the depth of the lesion was more difficult. The developed system was more useful than conventional navigation for facilitating an immediate three-dimensional understanding of the lesion and surrounding structures.",Yoshiaki Goto; Ai Kawaguchi; Yuki Inoue; Yuki Nakamura; Yuta Oyama; Arisa Tomioka; Fumi Higuchi; Takeshi Uno; Masaaki Shojima; Taichi Kin; Masahiro Shin,Cancers,2023,Journal Article,eng,retrieved,UNCERTAIN_REQUIRES_SCREENING,TITLE_ABSTRACT_REVIEW_REQUIRED,,,,,,,,
4311,TA-18,37042553,10.1097/XCS.0000000000000712,Real-Time Augmented Reality Annotation for Surgical Education during Laparoscopic Surgery: Results from a Single-Center Randomized Controlled Trial and Future Aspects.,"We developed an interactive augmented reality tool (HoloPointer) that enables real-time annotation on a laparoscopy monitor for intraoperative guidance. This application operates exclusively via verbal commands and head movements to ensure a sterile workflow. Purpose of this randomized controlled clinical trial was to evaluate the integration of this new technology into the operating room. This prospective single-center study included 32 elective laparoscopic cholecystectomies (29 surgical teams, 15 trainees, and 13 trainers). The primary objective and assessment measure was the HoloPointer's influence on surgical performance (subjective assessment, global operative assessment of laparoscopic skills [GOALS] and critical view of safety [CVS]). The secondary objectives and outcome variables were its influence on operation time, quality of assistance (5-point Likert scale), and user-friendliness (system usability scale, 0 to 100 points). Gestural corrections were reduced by 59.4% (4.6 SD 8.1 vs 1.9 SD 4.7, p > 0.05) and verbal corrections by 36.1% (17.8 SD 12.9 vs 11.4 SD 8.1, p > 0.05). Subjective surgical performance could be improved by 84.6% of participants. No statistically significant differences were observed for objective parameters GOALS, CVS, and operation time. In the system usability scale, the application achieved an average score of 72.5 SD 16.3 (good user-friendliness). Of the participants, 69.2% wanted to use the HoloPointer more frequently. The majority of trainees improved their surgical performance using the HoloPointer in elective laparoscopic cholecystectomies, and the rate of classic but potentially misleading corrections was noticeably reduced. The HoloPointer has the potential to improve education in minimally invasive surgery.",Florentine Huettl; Florian Heinrich; Christian Boedecker; Lukas Vradelis; Annekatrin Ludt; Werner Kneist; Hauke Lang; Christian Hansen; Tobias Huber,Journal of the American College of Surgeons,2023,"Randomized Controlled Trial; Journal Article; Research Support, Non-U.S. Gov't",eng,retrieved,UNCERTAIN_REQUIRES_SCREENING,TITLE_ABSTRACT_REVIEW_REQUIRED,,,,,,,,
4312,TA-18,37040462,10.1097/BRS.0000000000004685,Projected Lifetime Cancer Risk Associated With Intraoperative Computed Tomography for Lumbar Spine Surgery.,"Retrospective cross-sectional study. (1) To determine the incremental increase in intraoperative ionizing radiation conferred by computed tomography (CT) as compared with conventional radiography; and (2) to model different lifetime cancer risks contextualized by the intersection between age, sex, and intraoperative imaging modality. Emerging technologies in spine surgery, like navigation, automation, and augmented reality, commonly utilize intraoperative CT. Although much has been written about the benefits of such imaging modalities, the inherent risk profile of increasing intraoperative CT has not been well evaluated. Effective doses of intraoperative ionizing radiation were extracted from 610 adult patients who underwent single-level instrumented fusion for lumbar degenerative or isthmic spondylolisthesis from January 2015 through January 2022. Patients were divided into those who received intraoperative CT (n=138) and those who underwent conventional intraoperative radiography (n=472). Generalized linear modeling was utilized with intraoperative CT use as a primary predictor and patient demographics, disease characteristics, and preference-sensitive intraoperative considerations ( e.g. surgical approach and surgical invasiveness) as covariates. The adjusted risk difference in radiation dose calculated from our regression analysis was used to prognosticate the associated cancer risk across age and sex strata. (1) After adjusting for covariates, intraoperative CT was associated with 7.6 mSv (interquartile range: 6.8-8.4 mSv; P <0.001) more radiation than conventional radiography. (2) For the median patient in our population (a 62-year-old female), intraoperative CT use increased lifetime cancer risk by 2.3 incidents (interquartile range: 2.1-2.6) per 10,000. Similar projections for other age and sex strata were also appreciated. Intraoperative CT use significantly increases cancer risk compared with conventional intraoperative radiography for patients undergoing lumbar spinal fusions. As emerging technologies in spine surgery continue to proliferate and leverage intraoperative CT for cross-sectional imaging data, strategies must be developed by surgeons, institutions, and medical technology companies to mitigate long-term cancer risks.",Alexander M Crawford; Brendan M Striano; Carew C Giberson-Chen; Grace X Xiong; Harry M Lightsey; Andrew J Schoenfeld; Andrew K Simpson,Spine,2023,Case Reports; Journal Article,eng,retrieved,UNCERTAIN_REQUIRES_SCREENING,TITLE_ABSTRACT_REVIEW_REQUIRED,,,,,,,,
4313,TA-18,37035779,10.1016/S2155-8256(23)00065-0,Virtual Clinical Simulation Adoption and Use by Licensed Practical Nurse/Licensed Vocational Nurse Education Programs During the COVID-19 Pandemic.,"In the early stages of the COVID-19 pandemic, as clinical site restrictions were implemented, education programs leading to licensed practical nurse/licensed vocational nurse (LPN/LVN) degrees increasingly relied on virtual simulation-based experiences to provide clinical training to their students. However, scant evidence exists regarding the extent of this change and the various modalities employed by LPN/LVN programs across the United States. We sought to identify the degree to which virtual clinical simulation was adopted by LPN/LVN education programs during the early stages of the COVID-19 pandemic to address clinical site restrictions. In addition, we hoped to identify the practices and activities that educators included under the broad umbrella definition of virtual clinical simulation. All active U.S. prelicensure LPN/LVN nursing education programs were contacted in September 2020. Program leaders were asked to estimate the proportion of clinical hours completed in virtual clinical simulation before the pandemic and the proportion anticipated for the fall 2020 term. Descriptive statistics were generated, with repeated measures analysis of covariance applied to evaluate the average change in virtual simulation within programs stratified by reported clinical restrictions. Representatives from 265 LPN/LVN programs in 44 U.S. jurisdictions responded to the survey. Responding programs significantly increased the proportion of clinical hours completed in virtual clinical simulation between fall 2019 (M = 10.7, SD = 15.3) and fall 2020 (M = 35.3, SD = 27.6, p < .001). Furthermore, there was an interaction between clinical site restrictions and term, with a more pronounced uptick in virtual simulation usage among programs that indicated they found identifying clinical sites ""very difficult"" (M = 41.1, SD = 28.9) relative to those who found it ""somewhat more difficult"" (M = 23.9, SD = 18.8, p < .001). Programs adopted a range of modalities, including simply watching videos and participating in virtual or augmented reality, online software packages, or other forms of screen-based learning. As the adoption of virtual simulation increases, clear definitions of what constitutes clinical virtual simulation must be established. Additionally, rigorous inquiry to support evidence-based regulatory guidelines is needed.",Nicole Kaminski-Ozturk; Brendan Martin,Journal of nursing regulation,2023,Journal Article,eng,retrieved,UNCERTAIN_REQUIRES_SCREENING,TITLE_ABSTRACT_REVIEW_REQUIRED,,,,,,,,
4314,TA-18,37035477,10.3389/fdgth.2023.1146806,"Taking modern psychiatry into the metaverse: Integrating augmented, virtual, and mixed reality technologies into psychiatric care.","The landscape of psychiatry is ever evolving and has recently begun to be influenced more heavily by new technologies. One novel technology which may have particular application to psychiatry is the metaverse, a three-dimensional digital social platform accessed via augmented, virtual, and mixed reality (AR/VR/MR). The metaverse allows the interaction of users in a virtual world which can be measured and manipulated, posing at once exciting new possibilities and significant potential challenges and risks. While the final form of the nascent metaverse is not yet clear, the immersive simulation and holographic mixed reality-based worlds made possible by the metaverse have the potential to redefine neuropsychiatric care for both patients and their providers. While a number of applications for this technology can be envisioned, this article will focus on leveraging the metaverse in three specific domains: medical education, brain stimulation, and biofeedback. Within medical education, the metaverse could allow for more precise feedback to students performing patient interviews as well as the ability to more easily disseminate highly specialized technical skills, such as those used in advanced neurostimulation paradigms. Examples of potential applications in brain stimulation and biofeedback range from using AR to improve precision targeting of non-invasive neuromodulation modalities to more innovative practices, such as using physiological and behavioral measures derived from interactions in VR environments to directly inform and personalize treatment parameters for patients. Along with promising future applications, we also discuss ethical implications and data security concerns that arise when considering the introduction of the metaverse and related AR/VR technologies to psychiatric research and care.",T J Ford; Derrick M Buchanan; Azeezat Azeez; David A Benrimoh; Irakli Kaloiani; Igor D Bandeira; Saron Hunegnaw; Lucy Lan; Mia Gholmieh; Vivek Buch; Nolan R Williams,Frontiers in digital health,2023,Journal Article,eng,retrieved,UNCERTAIN_REQUIRES_SCREENING,TITLE_ABSTRACT_REVIEW_REQUIRED,,,,,,,,
4315,TA-18,37035365,10.1016/j.heliyon.2023.e14759,Storytelling and user experience in the cultural metaverse.,"Enthusiasm for the metaverse is intensifying in academia and industries. The metaverse is a complex concept, combining many technologies to create many different types of user experiences (UX), depending on the intended use. The cultural metaverse was first introduced in this study. This study is an initial attempt to fill the gaps in the practical research and storytelling research in the metaverse. Augmented reality (AR) technology is an applicative tool in cultural experience, which displays computer - generated virtual information on a real-world scene. AR displays digital information realistically, making it appear to be part of the actual environment, deepening or expanding the user's understanding of ""reality"". This study constructed a cultural metaverse using the innovative AR storytelling. The cultural metaverse is a new cultural ecology in which advanced information technologies are deeply integrated with cultural spaces and exhibits. It combines digital technologies and cultural industries, mixing virtual space and physical space to facilitate the UX in cultural experiences. In this study, the existing AR e-book and the innovative AR version were compared while measuring multiple aspects of UX, including presence, flow, enjoyment, education, and engagement. By analyzing questionnaire data from two groups with a total of 368 participants, the results indicated that the innovative AR storytelling produced a better UX across all variables compared to the AR e-book application. Overall, innovative AR storytelling allows visitors to transition between real and virtual spaces, enriches their interactive experience, and improves user engagement with the metaverse exhibition of cultural experience. Therefore, practitioners can construct a primary cultural metaverse through innovative AR storytelling.",Shuran Yang,Heliyon,2023,Journal Article,eng,retrieved,UNCERTAIN_REQUIRES_SCREENING,TITLE_ABSTRACT_REVIEW_REQUIRED,,,,,,,,
4316,TA-18,37031310,10.1007/s11548-023-02884-4,A multi-view interactive virtual-physical registration method for mixed reality based surgical navigation in pelvic and acetabular fracture fixation.,"The treatment of pelvic and acetabular fractures remains technically demanding, and traditional surgical navigation systems suffer from the hand-eye mis-coordination. This paper describes a multi-view interactive virtual-physical registration method to enhance the surgeon's depth perception and a mixed reality (MR)-based surgical navigation system for pelvic and acetabular fracture fixation. First, the pelvic structure is reconstructed by segmentation in a preoperative CT scan, and an insertion path for the percutaneous LC-II screw is computed. A custom hand-held registration cube is used for virtual-physical registration. Three strategies are proposed to improve the surgeon's depth perception: vertices alignment, tremble compensation and multi-view averaging. During navigation, distance and angular deviation visual cues are updated to help the surgeon with the guide wire insertion. The methods have been integrated into an MR module in a surgical navigation system. Phantom experiments were conducted. Ablation experimental results demonstrated the effectiveness of each strategy in the virtual-physical registration method. The proposed method achieved the best accuracy in comparison with related works. For percutaneous guide wire placement, our system achieved a mean bony entry point error of 2.76 ± 1.31 mm, a mean bony exit point error of 4.13 ± 1.74 mm, and a mean angular deviation of 3.04 ± 1.22°. The proposed method can improve the virtual-physical fusion accuracy. The developed MR-based surgical navigation system has clinical application potential. Cadaver and clinical experiments will be conducted in future.",Puxun Tu; Huixiang Wang; Leo Joskowicz; Xiaojun Chen,International journal of computer assisted radiology and surgery,2023,Journal Article,eng,retrieved,UNCERTAIN_REQUIRES_SCREENING,TITLE_ABSTRACT_REVIEW_REQUIRED,,,,,,,,
4317,TA-18,37030748,10.1109/TVCG.2023.3260001,A Comparative Evaluation of Optical See-Through Augmented Reality in Surgical Guidance.,"During traditional surgeries, planning and instrument guidance is displayed on an external screen. Recent developments of augmented reality (AR) techniques can overcome obstacles including hand-eye discoordination and heavy mental load. Among these AR technologies, optical see-through (OST) schemes with stereoscopic displays can provide depth perception and retain the physical scene for safety considerations. However, limitations still exist in certain AR systems and the influence of these factors on surgical performance is yet to explore. To this end, experiments of multi-scale surgical tasks were carried out to compare head-mounted display (HMD) AR and autostereoscopic image overlay (AIO) AR, concerning objective performance and subjective evaluation. To solely analyze effects brought by display techniques, the tracking system in each included display system was identical and similar tracking accuracy was proved by a preliminary experiment. Focus and context rendering was utilized to enhance in-situ visualization for surgical guidance. Latency values of all display systems were assessed and a delay experiment proved the latency differences had no significant impact on user performance. Results of multi-scale surgical tasks showed that HMD outperformed in detailed operations probably due to stable resolution along the depth axis, while AIO had better performance in larger-scale operations for better depth perception. This article helps point out the critical limitations of current OST AR techniques and potentially promotes the progress of AR applications in surgical guidance.",Ruiyang Li; Boxuan Han; Haowei Li; Longfei Ma; Xinran Zhang; Zhe Zhao; Hongen Liao,IEEE transactions on visualization and computer graphics,2024,"Journal Article; Comparative Study; Research Support, Non-U.S. Gov't",eng,retrieved,UNCERTAIN_REQUIRES_SCREENING,TITLE_ABSTRACT_REVIEW_REQUIRED,,,,,,,,
4318,TA-18,37030737,10.1109/TNSRE.2023.3260842,Improving AR-SSVEP Recognition Accuracy Under High Ambient Brightness Through Iterative Learning.,"Augmented reality-based brain-computer interface (AR-BCI) system is one of the important ways to promote BCI technology outside of the laboratory due to its portability and mobility, but its performance in real-world scenarios has not been fully studied. In the current study, we first investigated the effect of ambient brightness on AR-BCI performance. 5 different light intensities were set as experimental conditions to simulate typical brightness in real scenes, while the same steady-state visual evoked potentials (SSVEP) stimulus was displayed in the AR glass. The data analysis results showed that SSVEP can be evoked under all 5 light intensities, but the response intensity became weaker when the brightness increased. The recognition accuracies of AR-SSVEP were negatively correlated to light intensity, the highest accuracies were 89.35% with FBCCA and 83.33% with CCA under 0 lux light intensity, while they decreased to 62.53% and 49.24% under 1200 lux. To solve the accuracy loss problem in high ambient brightness, we further designed a SSVEP recognition algorithm with iterative learning capability, named ensemble online adaptive CCA (eOACCA). The main strategy is to provide initial filters for high-intensity data by iteratively learning low-light-intensity AR-SSVEP data. The experimental results showed that the eOACCA algorithm had significant advantages under higher light intensities ( 600 lux). Compared with FBCCA, the accuracy of eOACCA under 1200 lux was increased by 13.91%. In conclusion, the current study contributed to the in-depth understanding of the performance variations of AR-BCI under different lighting conditions, and was helpful in promoting the AR-BCI application in complex lighting environments.",Rui Zhang; Lijun Cao; Zongxin Xu; Yangsong Zhang; Lipeng Zhang; Yuxia Hu; Mingming Chen; Dezhong Yao,IEEE transactions on neural systems and rehabilitation engineering : a publication of the IEEE Engineering in Medicine and Biology Society,2023,"Journal Article; Research Support, Non-U.S. Gov't",eng,retrieved,UNCERTAIN_REQUIRES_SCREENING,TITLE_ABSTRACT_REVIEW_REQUIRED,,,,,,,,
4319,TA-18,37027743,10.1109/TVCG.2023.3247092,A Video-Based Augmented Reality System for Human-in-the-Loop Muscle Strength Assessment of Juvenile Dermatomyositis.,"As the most common idiopathic inflammatory myopathy in children, juvenile dermatomyositis (JDM) is characterized by skin rashes and muscle weakness. The childhood myositis assessment scale (CMAS) is commonly used to measure the degree of muscle involvement for diagnosis or rehabilitation monitoring. On the one hand, human diagnosis is not scalable and may be subject to personal bias. On the other hand, automatic action quality assessment (AQA) algorithms cannot guarantee 100% accuracy, making them not suitable for biomedical applications. As a solution, we propose a video-based augmented reality system for human-in-the-loop muscle strength assessment of children with JDM. We first propose an AQA algorithm for muscle strength assessment of JDM using contrastive regression trained by a JDM dataset. Our core insight is to visualize the AQA results as a virtual character facilitated by a 3D animation dataset, so that users can compare the real-world patient and the virtual character to understand and verify the AQA results. To allow effective comparisons, we propose a video-based augmented reality system. Given a feed, we adapt computer vision algorithms for scene understanding, evaluate the optimal way of augmenting the virtual character into the scene, and highlight important parts for effective human verification. The experimental results confirm the effectiveness of our AQA algorithm, and the results of the user study demonstrate that humans can more accurately and quickly assess the muscle strength of children using our system.",Kanglei Zhou; Ruizhi Cai; Yue Ma; Qingqing Tan; Xinning Wang; Jianguo Li; Hubert P H Shum; Frederick W B Li; Song Jin; Xiaohui Liang,IEEE transactions on visualization and computer graphics,2023,Journal Article,eng,retrieved,UNCERTAIN_REQUIRES_SCREENING,TITLE_ABSTRACT_REVIEW_REQUIRED,,,,,,,,
4320,TA-18,37027742,10.1109/TVCG.2023.3247081,A Survey on Remote Assistance and Training in Mixed Reality Environments.,"The recent pandemic, war, and oil crises have caused many to reconsider their need to travel for education, training, and meetings. Providing assistance and training remotely has thus gained importance for many applications, from industrial maintenance to surgical telemonitoring. Current solutions such as video conferencing platforms lack essential communication cues such as spatial referencing, which negatively impacts both time completion and task performance. Mixed Reality (MR) offers opportunities to improve remote assistance and training, as it opens the way to increased spatial clarity and large interaction space. We contribute a survey of remote assistance and training in MR environments through a systematic literature review to provide a deeper understanding of current approaches, benefits and challenges. We analyze 62 articles and contextualize our findings along a taxonomy based on degree of collaboration, perspective sharing, MR space symmetry, time, input and output modality, visual display, and application domain. We identify the main gaps and opportunities in this research area, such as exploring collaboration scenarios beyond one-expert-to-one-trainee, enabling users to move across the reality-virtuality spectrum during a task, or exploring advanced interaction techniques that resort to hand or eye tracking. Our survey informs and helps researchers in different domains, including maintenance, medicine, engineering, or education, build and evaluate novel MR approaches to remote training and assistance. All supplemental materials are available at https://augmented-perception.org/publications/2023-training-survey.html.",Catarina G Fidalgo; Yukang Yan; Hyunsung Cho; Mauricio Sousa; David Lindlbauer; Joaquim Jorge,IEEE transactions on visualization and computer graphics,2023,Journal Article,eng,retrieved,UNCERTAIN_REQUIRES_SCREENING,TITLE_ABSTRACT_REVIEW_REQUIRED,,,,,,,,
4321,TA-18,37027741,10.1109/TVCG.2023.3247072,A Systematic Review on the Visualization of Avatars and Agents in AR & VR displayed using Head-Mounted Displays.,"Augmented Reality (AR) and Virtual Reality (VR) are pushing from the labs towards consumers, especially with social applications. These applications require visual representations of humans and intelligent entities. However, displaying and animating photo-realistic models comes with a high technical cost while low-fidelity representations may evoke eeriness and overall could degrade an experience. Thus, it is important to carefully select what kind of avatar to display. This article investigates the effects of rendering style and visible body parts in AR and VR by adopting a systematic literature review. We analyzed 72 papers that compare various avatar representations. Our analysis includes an outline of the research published between 2015 and 2022 on the topic of avatars and agents in AR and VR displayed using head-mounted displays, covering aspects like visible body parts (e.g., hands only, hands and head, full-body) and rendering style (e.g., abstract, cartoon, realistic); an overview of collected objective and subjective measures (e.g., task performance, presence, user experience, body ownership); and a classification of tasks where avatars and agents were used into task domains (physical activity, hand interaction, communication, game-like scenarios, and education/training). We discuss and synthesize our results within the context of today's AR and VR ecosystem, provide guidelines for practitioners, and finally identify and present promising research opportunities to encourage future research of avatars and agents in AR/VR environments.",Florian Weidner; Gerd Boettcher; Stephanie Arevalo Arboleda; Chenyao Diao; Luljeta Sinani; Christian Kunert; Christoph Gerhardt; Wolfgang Broll; Alexander Raake,IEEE transactions on visualization and computer graphics,2023,Journal Article,eng,retrieved,UNCERTAIN_REQUIRES_SCREENING,TITLE_ABSTRACT_REVIEW_REQUIRED,,,,,,,,
4322,TA-18,37027733,10.1109/TVCG.2023.3247042,Evaluation of AR visualization approaches for catheter insertion into the ventricle cavity.,"Augmented reality (AR) has shown potential in computer-aided surgery. It allows for the visualization of hidden anatomical structures as well as assists in navigating and locating surgical instruments at the surgical site. Various modalities (devices and/or visualizations) have been used in the literature, but few studies investigated the adequacy/superiority of one modality over the other. For instance, the use of optical see-through (OST) HMDs has not always been scientifically justified. Our goal is to compare various visualization modalities for catheter insertion in external ventricular drain and ventricular shunt procedures. We investigate two AR approaches: (1) 2D approaches consisting of a smartphone and a 2D window visualized through an OST (Microsoft HoloLens 2), and (2) 3D approaches consisting of a fully aligned patient model and a model that is adjacent to the patient and is rotationally aligned using an OST. 32 participants joined this study. For each visualization approach, participants were asked to perform five insertions after which they filled NASA-TLX and SUS forms. Moreover, the position and orientation of the needle with respect to the planning during the insertion task were collected. The results show that participants achieved a better insertion performance significantly under 3D visualizations, and the NASA-TLX and SUS forms reflected the preference of participants for these approaches compared to 2D approaches.",Mohamed Benmahdjoub; Abdullah Thabit; Marie-Lise C van Veelen; Wiro J Niessen; Eppo B Wolvius; Theo van Walsum,IEEE transactions on visualization and computer graphics,2023,Journal Article,eng,retrieved,UNCERTAIN_REQUIRES_SCREENING,TITLE_ABSTRACT_REVIEW_REQUIRED,,,,,,,,
4323,TA-18,37027732,10.1109/TVCG.2023.3247105,Give Me a Hand: Improving the Effectiveness of Near-field Augmented Reality Interactions By Avatarizing Users' End Effectors.,"Inspired by previous works showing promise for AR self-avatarization - providing users with an augmented self avatar, we investigated whether avatarizing users' end-effectors (hands) improved their interaction performance on a near-field, obstacle avoidance, object retrieval task wherein users were tasked with retrieving a target object from a field of non-target obstacles for a number of trials. We employed a 3 (Augmented hand representation) X 2 (density of obstacles) X 2 (size of obstacles) X 2 (virtual light intensity) multi-factorial design, manipulating the presence/absence and anthropomorphic fidelity of augmented self-avatars overlaid on the user's real hands, as a between subjects factor across three experimental conditions: (1) No-Augmented Avatar (using only real hands); (2) Iconic-Augmented Avatar; (3) Realistic Augmented Avatar. Results indicated that self-avatarization improved interaction performance and was perceived as more usable regardless of the anthropomorphic fidelity of avatar. We also found that the virtual light intensity used in illuminating holograms affects how visible one's real hands are. Overall, our findings seem to indicate that interaction performance may improve when users are provided with a visual representation of the AR system's interacting layer in the form of an augmented self-avatar.",Roshan Venkatakrishnan; Rohith Venkatakrishnan; Balagopal Raveendranath; Christopher C Pagano; Andrew C Robb; Wen-Chieh Lin; Sabarish V Babu,IEEE transactions on visualization and computer graphics,2023,Journal Article,eng,retrieved,UNCERTAIN_REQUIRES_SCREENING,TITLE_ABSTRACT_REVIEW_REQUIRED,,,,,,,,
4324,TA-18,37027731,10.1109/TVCG.2023.3247113,Using Virtual Replicas to Improve Mixed Reality Remote Collaboration.,"In this paper, we explore how virtual replicas can enhance Mixed Reality (MR) remote collaboration with a 3D reconstruction of the task space. People in different locations may need to work together remotely on complicated tasks. For example, a local user could follow a remote expert's instructions to complete a physical task. However, it could be challenging for the local user to fully understand the remote expert's intentions without effective spatial referencing and action demonstration. In this research, we investigate how virtual replicas can work as a spatial communication cue to improve MR remote collaboration. This approach segments the foreground manipulable objects in the local environment and creates corresponding virtual replicas of physical task objects. The remote user can then manipulate these virtual replicas to explain the task and guide their partner. This enables the local user to rapidly and accurately understand the remote expert's intentions and instructions. Our user study with an object assembly task found that using virtual replica manipulation was more efficient than using 3D annotation drawing in an MR remote collaboration scenario. We report and discuss the findings and limitations of our system and study, and present directions for future research.",Huayuan Tian; Gun A Lee; Huidong Bai; Mark Billinghurst,IEEE transactions on visualization and computer graphics,2023,Journal Article,eng,retrieved,UNCERTAIN_REQUIRES_SCREENING,TITLE_ABSTRACT_REVIEW_REQUIRED,,,,,,,,
4325,TA-18,37027729,10.1109/TVCG.2023.3247077,Off-Axis Layered Displays: Hybrid Direct-View/Near-Eye Mixed Reality with Focus Cues.,"This work introduces off-axis layered displays, the first approach to stereoscopic direct-view displays with support for focus cues. Off-axis layered displays combine a head-mounted display with a traditional direct-view display for encoding a focal stack and thus, for providing focus cues. To explore the novel display architecture, we present a complete processing pipeline for the real-time computation and post-render warping of off-axis display patterns. In addition, we build two prototypes using a head-mounted display in combination with a stereoscopic direct-view display, and a more widely available monoscopic direct-view display. In addition we show how extending off-axis layered displays with an attenuation layer and with eye-tracking can improve image quality. We thoroughly analyze each component in a technical evaluation and present examples captured through our prototypes.",Christoph Ebner; Peter Mohr; Tobias Langlotz; Yifan Peng; Dieter Schmalstieg; Gordon Wetzstein; Denis Kalkofen,IEEE transactions on visualization and computer graphics,2023,Journal Article,eng,retrieved,UNCERTAIN_REQUIRES_SCREENING,TITLE_ABSTRACT_REVIEW_REQUIRED,,,,,,,,
4326,TA-18,37027724,10.1109/TVCG.2023.3247048,Privacy-preserving datasets of eye-tracking samples with applications in XR.,"Virtual and mixed-reality (XR) technology has advanced significantly in the last few years and will enable the future of work, education, socialization, and entertainment. Eye-tracking data is required for supporting novel modes of interaction, animating virtual avatars, and implementing rendering or streaming optimizations. While eye tracking enables many beneficial applications in XR, it also introduces a risk to privacy by enabling re-identification of users. We applied privacy definitions of k-anonymity and plausible deniability (PD) to datasets of eye-tracking samples and evaluated them against the state-of-the-art differential privacy (DP) approach. Two VR datasets were processed to reduce identification rates while minimizing the impact on the performance of trained machine-learning models. Our results suggest that both PD and DP mechanisms produced practical privacy-utility trade-offs with respect to re-identification and activity classification accuracy, while k-anonymity performed best at retaining utility for gaze prediction.",Brendan David-John; Kevin Butler; Eakta Jain,IEEE transactions on visualization and computer graphics,2023,Journal Article,eng,retrieved,UNCERTAIN_REQUIRES_SCREENING,TITLE_ABSTRACT_REVIEW_REQUIRED,,,,,,,,
4327,TA-18,37027719,10.1109/TVCG.2023.3247046,Exploring Plausibility and Presence in Mixed Reality Experiences.,"Mixed Reality (MR) applications along Milgram's Reality-Virtuality (RV) continuum motivated a number of recent theories on potential constructs and factors describing MR experiences. This paper investigates the impact of incongruencies that are processed on different information processing layers (i.e., sensation/perception and cognition layer) to provoke breaks in plausibility. It examines the effects on spatial and overall presence as prominent constructs of Virtual Reality (VR). We developed a simulated maintenance application to test virtual electrical devices. Participants performed test operations on these devices in a counterbalanced, randomized 2×2 between-subject design in either VR as congruent or Augmented Reality (AR) as incongruent on the sensation/perception layer. Cognitive incongruence was induced by the absence of traceable power outages, decoupling perceived cause and effect after activating potentially defective devices. Our results indicate that the effects of the power outages differ significantly in the perceived plausibility and spatial presence ratings between VR and AR. Both ratings decreased for the AR condition (incongruent sensation/perception) compared to VR (congruent sensation/perception) for the congruent cognitive case but increased for the incongruent cognitive case. The results are discussed and put into perspective in the scope of recent theories of MR experiences.",Franziska Westermeier; Larissa Brubach; Marc Erich Latoschik; Carolin Wienrich,IEEE transactions on visualization and computer graphics,2023,Journal Article,eng,retrieved,UNCERTAIN_REQUIRES_SCREENING,TITLE_ABSTRACT_REVIEW_REQUIRED,,,,,,,,
4328,TA-18,37027716,10.1109/TVCG.2023.3247098,Text Input for Non-Stationary XR Workspaces: Investigating Tap and Word-Gesture Keyboards in Virtual and Augmented Reality.,"This article compares two state-of-the-art text input techniques between non-stationary virtual reality (VR) and video see-through augmented reality (VST AR) use-cases as XR display condition. The developed contact-based mid-air virtual tap and word-gesture (swipe) keyboard provide established support functions for text correction, word suggestions, capitalization, and punctuation. A user evaluation with 64 participants revealed that XR displays and input techniques strongly affect text entry performance, while subjective measures are only influenced by the input techniques. We found significantly higher usability and user experience ratings for tap keyboards compared to swipe keyboards in both VR and VST AR. Task load was also lower for tap keyboards. In terms of performance, both input techniques were significantly faster in VR than in VST AR. Further, the tap keyboard was significantly faster than the swipe keyboard in VR. Participants showed a significant learning effect with only ten sentences typed per condition. Our results are consistent with previous work in VR and optical see-through (OST) AR, but additionally provide novel insights into usability and performance of the selected text input techniques for VST AR. The significant differences in subjective and objective measures emphasize the importance of specific evaluations for each possible combination of input techniques and XR displays to provide reusable, reliable, and high-quality text input solutions. With our work, we form a foundation for future research and XR workspaces. Our reference implementation is publicly available to encourage replicability and reuse in future XR workspaces.",Florian Kern; Florian Niebling; Marc Erich Latoschik,IEEE transactions on visualization and computer graphics,2023,Journal Article,eng,retrieved,UNCERTAIN_REQUIRES_SCREENING,TITLE_ABSTRACT_REVIEW_REQUIRED,,,,,,,,
4329,TA-18,37027714,10.1109/TVCG.2023.3247066,ShadowMover: Automatically Projecting Real Shadows onto Virtual Object.,"Inserting 3D virtual objects into real-world images has many applications in photo editing and augmented reality. One key issue to ensure the reality of the composite whole scene is to generate consistent shadows between virtual and real objects. However, it is challenging to synthesize visually realistic shadows for virtual and real objects without any explicit geometric information of the real scene or manual intervention, especially for the shadows on the virtual objects projected by real objects. In view of this challenge, we present, to our knowledge, the first end-to-end solution to fully automatically project real shadows onto virtual objects for outdoor scenes. In our method, we introduce the Shifted Shadow Map, a new shadow representation that encodes the binary mask of shifted real shadows after inserting virtual objects in an image. Based on the shifted shadow map, we propose a CNN-based shadow generation model named ShadowMover which first predicts the shifted shadow map for an input image and then automatically generates plausible shadows on any inserted virtual object. A large-scale dataset is constructed to train the model. Our ShadowMover is robust to various scene configurations without relying on any geometric information of the real scene and is free of manual intervention. Extensive experiments validate the effectiveness of our method.",Piaopiao Yu; Jie Guo; Fan Huang; Zhenyu Chen; Chen Wang; Yan Zhang; Yanwen Guo,IEEE transactions on visualization and computer graphics,2023,Journal Article,eng,retrieved,UNCERTAIN_REQUIRES_SCREENING,TITLE_ABSTRACT_REVIEW_REQUIRED,,,,,,,,
4330,TA-18,37027707,10.1109/TVCG.2023.3247078,Evaluating Augmented Reality Landmark Cues and Frame of Reference Displays with Virtual Reality.,"Daily travel usually demands navigation on foot across a variety of different application domains, including tasks like search and rescue or commuting. Head-mounted augmented reality (AR) displays provide a preview of future navigation systems on foot, but designing them is still an open problem. In this paper, we look at two choices that such AR systems can make for navigation: 1) whether to denote landmarks with AR cues and 2) how to convey navigation instructions. Specifically, instructions can be given via a head-referenced display (screen-fixed frame of reference) or by giving directions fixed to global positions in the world (world-fixed frame of reference). Given limitations with the tracking stability, field of view, and brightness of most currently available head-mounted AR displays for lengthy routes outdoors, we decided to simulate these conditions in virtual reality. In the current study, participants navigated an urban virtual environment and their spatial knowledge acquisition was assessed. We experimented with whether or not landmarks in the environment were cued, as well as how navigation instructions were displayed (i.e., via screen-fixed or world-fixed directions). We found that the world-fixed frame of reference resulted in better spatial learning when there were no landmarks cued; adding AR landmark cues marginally improved spatial learning in the screen-fixed condition. These benefits in learning were also correlated with participants' reported sense of direction. Our findings have implications for the design of future cognition-driven navigation systems.",Yu Zhao; Jeanine Stefanucci; Sarah Creem-Regehr; Bobby Bodenheimer,IEEE transactions on visualization and computer graphics,2023,Journal Article,eng,retrieved,UNCERTAIN_REQUIRES_SCREENING,TITLE_ABSTRACT_REVIEW_REQUIRED,,,,,,,,
4331,TA-18,37027617,10.1109/TVCG.2023.3247064,Add-on Occlusion: Turning Off-the-Shelf Optical See-through Head-mounted Displays Occlusion-capable.,"The occlusion-capable optical see-through head-mounted display (OC-OSTHMD) is actively developed in recent years since it allows mutual occlusion between virtual objects and the physical world to be correctly presented in augmented reality (AR). However, implementing occlusion with the special type of OSTHMDs prevents the appealing feature from the wide application. In this paper, a novel approach for realizing mutual occlusion for common OSTHMDs is proposed. A wearable device with per-pixel occlusion capability is designed. OSTHMD devices are upgraded to be occlusion-capable by attaching the device before optical combiners. A prototype with HoloLens 1 is built. The virtual display with mutual occlusion is demonstrated in real-time. A color correction algorithm is proposed to mitigate the color aberration caused by the occlusion device. Potential applications, including the texture replacement of real objects and the more realistic semi-transparent objects display, are demonstrated. The proposed system is expected to realize a universal implementation of mutual occlusion in AR.",Yan Zhang; Xiaodan Hu; Kiyoshi Kiyokawa; Xubo Yang,IEEE transactions on visualization and computer graphics,2023,Journal Article,eng,retrieved,UNCERTAIN_REQUIRES_SCREENING,TITLE_ABSTRACT_REVIEW_REQUIRED,,,,,,,,
4332,TA-18,37027614,10.1109/TVCG.2023.3247459,ImTooth: Neural Implicit Tooth for Dental Augmented Reality.,"The combination of augmented reality (AR) and medicine is an important trend in current research. The powerful display and interaction capabilities of the AR system can assist doctors to perform more complex operations. Since the tooth itself is an exposed rigid body structure, dental AR is a relatively hot research direction with application potential. However, none of the existing dental AR solutions are designed for wearable AR devices such as AR glasses. At the same time, these methods rely on high-precision scanning equipment or auxiliary positioning markers, which greatly increases the operational complexity and cost of clinical AR. In this work, we propose a simple and accurate neural-implicit model-driven dental AR system, named ImTooth, and adapted for AR glasses. Based on the modeling capabilities and differentiable optimization properties of state-of-the-art neural implicit representations, our system fuses reconstruction and registration in a single network, greatly simplifying the existing dental AR solutions and enabling reconstruction, registration, and interaction. Specifically, our method learns a scale-preserving voxel-based neural implicit model from multi-view images captured from a textureless plaster model of the tooth. Apart from color and surface, we also learn the consistent edge feature inside our representation. By leveraging the depth and edge information, our system can register the model to real images without additional training. In practice, our system uses a single Microsoft HoloLens 2 as the only sensor and display device. Experiments show that our method can reconstruct high-precision models and accomplish accurate registration. It is also robust to weak, repeating and inconsistent textures. We also show that our system can be easily integrated into dental diagnostic and therapeutic procedures, such as bracket placement guidance.",Hai Li; Hongjia Zhai; Xingrui Yang; Zhirong Wu; Yihao Zheng; Haofan Wang; Jianchao Wu; Hujun Bao; Guofeng Zhang,IEEE transactions on visualization and computer graphics,2023,Journal Article,eng,retrieved,UNCERTAIN_REQUIRES_SCREENING,TITLE_ABSTRACT_REVIEW_REQUIRED,,,,,,,,
4333,TA-18,37027581,10.1109/TVCG.2023.3247460,Integrating Both Parallax and Latency Compensation into Video See-through Head-mounted Display.,"This work introduces a perspective-corrected video see-through mixed-reality head-mounted display with edge-preserving occlusion and low-latency capabilities. To realize the consistent spatial and temporal composition of a captured real world containing virtual objects, we perform three essential tasks: 1) to reconstruct captured images so as to match the user's view; 2) to occlude virtual objects with nearer real objects, to provide users with correct depth cues; and 3) to reproject the virtual and captured scenes to be matched and to keep up with users' head motions. Captured image reconstruction and occlusion-mask generation require dense and accurate depth maps. However, estimating these maps is computationally difficult, which results in longer latencies. To obtain an acceptable balance between spatial consistency and low latency, we rapidly generated depth maps by focusing on edge smoothness and disocclusion (instead of fully accurate maps), to shorten the processing time. Our algorithm refines edges via a hybrid method involving infrared masks and color-guided filters, and it fills disocclusions using temporally cached depth maps. Our system combines these algorithms in a two-phase temporal warping architecture based upon synchronized camera pairs and displays. The first phase of warping is to reduce registration errors between the virtual and captured scenes. The second is to present virtual and captured scenes that correspond with the user's head motion. We implemented these methods on our wearable prototype and performed end-to-end measurements of its accuracy and latency. We achieved an acceptable latency due to head motion (less than 4 ms) and spatial accuracy (less than 0.1° in size and less than 0.3° in position) in our test environment. We anticipate that this work will help improve the realism of mixed reality systems.",Atsushi Ishihara; Hiroyuki Aga; Yasuko Ishihara; Hirotake Ichikawa; Hidetaka Kaji; Koichi Kawasaki; Daita Kobayashi; Toshimi Kobayashi; Ken Nishida; Takumi Hamasaki; Hideto Mori; Yuki Morikubo,IEEE transactions on visualization and computer graphics,2023,Journal Article,eng,retrieved,UNCERTAIN_REQUIRES_SCREENING,TITLE_ABSTRACT_REVIEW_REQUIRED,,,,,,,,
4334,TA-18,37022419,10.1109/MCG.2023.3242686,MAGES 4.0: Accelerating the World's Transition to VR Training and Democratizing the Authoring of the Medical Metaverse.,"In this work, we propose MAGES 4.0, a novel software development kit to accelerate the creation of collaborative medical training applications in virtual/augmented reality (VR/AR). Our solution is essentially a low-code metaverse authoring platform for developers to rapidly prototype high-fidelity and high-complexity medical simulations. MAGES breaks the authoring boundaries across extended reality, since networked participants can also collaborate using different VR/AR as well as mobile and desktop devices, in the same metaverse world. With MAGES we propose an upgrade to the outdated 150-year-old master-apprentice medical training model. Our platform incorporates, in a nutshell, the following novelties: 1) 5G edge-cloud remote rendering and physics dissection layer, 2) realistic real-time simulation of organic tissues as soft-bodies under 10 ms, 3) a highly realistic cutting and tearing algorithm, 4) neural network assessment for user profiling and, 5) a VR recorder to record and replay or debrief the training simulation from any perspective.",Paul Zikas; Antonis Protopsaltis; Nick Lydatakis; Mike Kentros; Stratos Geronikolakis; Steve Kateros; Manos Kamarianakis; Giannis Evangelou; Achilleas Filippidis; Eleni Grigoriou; Dimitris Angelis; Michail Tamiolakis; Michael Dodis; George Kokiadis; John Petropoulos; Maria Pateraki; George Papagiannakis,IEEE computer graphics and applications,2023,Journal Article,eng,retrieved,UNCERTAIN_REQUIRES_SCREENING,TITLE_ABSTRACT_REVIEW_REQUIRED,,,,,,,,
4335,TA-18,37022379,10.1109/MCG.2022.3229107,Fighting Pandemics With Augmented Reality and Smart Sensing-Based Social Distancing.,"In a postpandemic world, remaining vigilant and maintaining social distancing are still crucial so societies can contain the virus and the public can avoid disproportionate health impacts. Augmented reality (AR) can visually assist users in understanding the distances in social distancing. However, integrating external sensing and analysis is required for social distancing beyond the users' local environment. We present DistAR, an android-based application for social distancing leveraging AR and smart sensing using on-device analysis of optical images and environment crowdedness from smart campus data. Our prototype is one of the first efforts to combine AR and smart sensing technologies to create a real-time social distancing application.",Jacky Cao; Hassan Mehmood; Xiaoli Liu; Sasu Tarkoma; Ekaterina Gilman; Xiang Su,IEEE computer graphics and applications,2023,"Journal Article; Research Support, Non-U.S. Gov't",eng,retrieved,UNCERTAIN_REQUIRES_SCREENING,TITLE_ABSTRACT_REVIEW_REQUIRED,,,,,,,,
4336,TA-18,37022362,10.1109/MCG.2022.3222042,The Ball is in Our Court: Conducting Visualization Research With Sports Experts.,"Most sports visualizations rely on a combination of spatial, highly temporal, and user-centric data, making sports a challenging target for visualization. Emerging technologies, such as augmented and mixed reality (AR/XR), have brought exciting opportunities along with new challenges for sports visualization. We share our experience working with sports domain experts and present lessons learned from conducting visualization research in SportsXR. In our previous work, we have targeted different types of users in sports, including athletes, game analysts, and fans. Each user group has unique design constraints and requirements, such as obtaining real-time visual feedback in training, automating the low-level video analysis workflow, or personalizing embedded visualizations for live game data analysis. In this article, we synthesize our best practices and pitfalls we identified while working on SportsXR. We highlight lessons learned in working with sports domain experts in designing and evaluating sports visualizations and in working with emerging AR/XR technologies. We envision that sports visualization research will benefit the larger visualization community through its unique challenges and opportunities for immersive and situated analytics.",Tica Lin; Zhutian Chen; Johanna Beyer; Yingcai Wu; Hanspeter Pfister; Yalong Yang; Melanie Tory; Daniel F Keefe,IEEE computer graphics and applications,2023,"Journal Article; Research Support, U.S. Gov't, Non-P.H.S.",eng,retrieved,UNCERTAIN_REQUIRES_SCREENING,TITLE_ABSTRACT_REVIEW_REQUIRED,,,,,,,,
4337,TA-18,37022094,10.1002/bmb.21734,An idea to explore: Augmented reality and LEGO® brick modeling in the biochemistry and cell biology classroom-two tactile ways to teach biomolecular structure-Function.,"We present here two accessible ways for enhanced understanding of complex biological structures and their function in undergraduate Biology and Biochemistry classrooms. These methods can be applied for in-class instruction as well as for remote lessons, as they are cheap, easily available and easy to implement. LEGO® bricks and MERGE CUBE based augmented reality can be applied to make three-dimensional representation for any structure available on PDB. We envisage these techniques to be useful for students when visualizing simple stereochemical problems or complex pathway interactions.",Swati Agrawal; Shane Austin,Biochemistry and molecular biology education : a bimonthly publication of the International Union of Biochemistry and Molecular Biology,2023,Journal Article,eng,retrieved,UNCERTAIN_REQUIRES_SCREENING,TITLE_ABSTRACT_REVIEW_REQUIRED,,,,,,,,
4338,TA-18,37022034,10.1109/TVCG.2023.3239670,Real-Time High-Quality Computer-Generated Hologram Using Complex-Valued Convolutional Neural Network.,"Holographic displays are ideal display technologies for virtual and augmented reality because all visual cues are provided. However, real-time high-quality holographic displays are difficult to achieve because the generation of high-quality computer-generated hologram (CGH) is inefficient in existing algorithms. Here, complex-valued convolutional neural network (CCNN) is proposed for phase-only CGH generation. The CCNN-CGH architecture is effective with a simple network structure based on the character design of complex amplitude. A holographic display prototype is set up for optical reconstruction. Experiments verify that state-of-the-art performance is achieved in terms of quality and generation speed in existing end-to-end neural holography methods using the ideal wave propagation model. The generation speed is three times faster than HoloNet and one-sixth faster than Holo-encoder, and the Peak Signal to Noise Ratio (PSNR) is increased by 3 dB and 9 dB, respectively. Real-time high-quality CGHs are generated in 1920 × 1072 and 3840 × 2160 resolutions for dynamic holographic displays.",Chongli Zhong; Xinzhu Sang; Binbin Yan; Hui Li; Duo Chen; Xiujuan Qin; Shuo Chen; Xiaoqian Ye,IEEE transactions on visualization and computer graphics,2024,Journal Article,eng,retrieved,UNCERTAIN_REQUIRES_SCREENING,TITLE_ABSTRACT_REVIEW_REQUIRED,,,,,,,,
4339,TA-18,37022017,10.1109/TVCG.2023.3238428,An Examination of the Relationship Between Visualization Media and Consumer Product Evaluation.,"Virtual product presentations that rely on static images and text are often insufficient to communicate all the information that is necessary to accurately evaluate a product. Technologies such as Virtual Reality (VR) or Augmented Reality (AR) have enabled more sophisticated representation methods, but certain product characteristics are difficult to assess and may result in perceptual differences when a product is evaluated in different visual media. In this article, we report two case studies in which a group of participants evaluated three designs of two product typologies (i.e., a desktop telephone and a coffee maker) as presented in three different visual media (i.e., photorealistic renderings, AR, and VR for the first case study; and photographs, a non-immersive virtual environment, and AR for the second case study) using eight semantic scales. An inferential statistical method using Aligned Rank Transform (ART) proceedings was applied to determine perceptual differences between groups. Our results show that in both cases product attributes in Jordan's physio-pleasure category are the most affected by the presentation media. The socio-pleasure category was also affected for the case of the coffee makers. The level of immersion afforded by the medium significantly affects product evaluation.",Almudena Palacios-Ibanez; Simon Pirault; Francesc Ochando-Marti; Manuel Contero; Jorge D Camba,IEEE transactions on visualization and computer graphics,2024,"Journal Article; Research Support, Non-U.S. Gov't",eng,retrieved,UNCERTAIN_REQUIRES_SCREENING,TITLE_ABSTRACT_REVIEW_REQUIRED,,,,,,,,
4340,TA-18,37021885,10.1109/TVCG.2023.3238309,STTAR: Surgical Tool Tracking Using Off-the-Shelf Augmented Reality Head-Mounted Displays.,"The use of Augmented Reality (AR) for navigation purposes has shown beneficial in assisting physicians during the performance of surgical procedures. These applications commonly require knowing the pose of surgical tools and patients to provide visual information that surgeons can use during the performance of the task. Existing medical-grade tracking systems use infrared cameras placed inside the Operating Room (OR) to identify retro-reflective markers attached to objects of interest and compute their pose. Some commercially available AR Head-Mounted Displays (HMDs) use similar cameras for self-localization, hand tracking, and estimating the objects' depth. This work presents a framework that uses the built-in cameras of AR HMDs to enable accurate tracking of retro-reflective markers without the need to integrate any additional electronics into the HMD. The proposed framework can simultaneously track multiple tools without having previous knowledge of their geometry and only requires establishing a local network between the headset and a workstation. Our results show that the tracking and detection of the markers can be achieved with an accuracy of 0.09±0.06 mm on lateral translation, 0.42 ±0.32 mm on longitudinal translation and 0.80 ±0.39° for rotations around the vertical axis. Furthermore, to showcase the relevance of the proposed framework, we evaluate the system's performance in the context of surgical procedures. This use case was designed to replicate the scenarios of k-wire insertions in orthopedic procedures. For evaluation, seven surgeons were provided with visual navigation and asked to perform 24 injections using the proposed framework. A second study with ten participants served to investigate the capabilities of the framework in the context of more general scenarios. Results from these studies provided comparable accuracy to those reported in the literature for AR-based navigation procedures.",Alejandro Martin-Gomez; Haowei Li; Tianyu Song; Sheng Yang; Guangzhi Wang; Hui Ding; Nassir Navab; Zhe Zhao; Mehran Armand,IEEE transactions on visualization and computer graphics,2024,"Journal Article; Research Support, N.I.H., Extramural; Research Support, Non-U.S. Gov't",eng,retrieved,UNCERTAIN_REQUIRES_SCREENING,TITLE_ABSTRACT_REVIEW_REQUIRED,,,,,,,,
4341,TA-18,37021212,10.1016/j.jds.2022.11.005,Preclinical prosthodontic training with mixed reality haptic-based dental simulator.,,Ilser Turkyilmaz; Lindsay Simone Marshall,Journal of dental sciences,2023,Journal Article,eng,retrieved,UNCERTAIN_REQUIRES_SCREENING,TITLE_ABSTRACT_REVIEW_REQUIRED,,,,,,,,
4342,TA-18,37017769,10.1007/s00464-023-09977-w,Transanal lateral lymph node dissection with intraoperative hologram support in low rectal cancer.,"In Japan, the standard treatment for stage II/III advanced low rectal cancer is total mesorectal excision plus lateral lymph node dissection (LLND). There are also recent reports on the use of transanal LLND. However, the transanal anatomy is difficult to understand, and additional support tools are required to improve the surgical safety. The present study examined the utility of holograms with mixed reality as an intraoperative support tool for assessing the complex pelvic anatomy. Polygon (stereolithography) files of patients' pelvic organs were created and exported from the SYNAPSE VINCENT imaging system and uploaded into the Holoeyes MD virtual reality software. Three-dimensional images were automatically converted into patient-specific holograms. Each hologram was then installed into a head mount display (HoloLens2), and the surgeons and assistants wore the HoloLens2 when they performed transanal LLND. Twelve digestive surgeons with prior practice in hologram manipulation evaluated the utility of the intraoperative hologram support by means of a questionnaire. Intraoperative hologram support improved the surgical understanding of the lateral lymph node region anatomy. In the questionnaire, 75% of the surgeons answered that the hologram accurately reflected the anatomy, and 92% of the surgeons answered that the anatomy was better understood by simulating the hologram intraoperatively than preoperatively. Moreover, 92% of the surgeons agreed that intraoperative holograms were a useful support tool for improving the surgical safety. Intraoperative hologram support improved the surgical understanding of the pelvic anatomy for transanal LLND. Intraoperative holograms may represent a next-generation surgical tool for transanal LLND.",Takuya Tokunaga; Maki Sugimoto; Yu Saito; Hideya Kashihara; Kozo Yoshikawa; Toshihiro Nakao; Masaaki Nishi; Chie Takasu; Yuma Wada; Yuhei Waki; Toshiaki Yoshimoto; Takayuki Noma; Mitsuo Shimada,Surgical endoscopy,2023,Journal Article,eng,retrieved,UNCERTAIN_REQUIRES_SCREENING,TITLE_ABSTRACT_REVIEW_REQUIRED,,,,,,,,
4343,TA-18,37017522,10.1021/acsnano.3c00781,"Highly Air-Stable, Flexible, and Water-Resistive 2D Titanium Carbide MXene-Based RGB Organic Light-Emitting Diode Displays for Transparent Free-Form Electronics.","Flexible see-through displays are considered to be the next generation smart display, providing improved information flow, safety, situational awareness, and overall user experience in smart windows, automotive displays, glass-form biomedical displays, and augmented reality systems. 2D titanium carbides (MXenes) are promising material as electrodes of the transparent and flexible displays due to their high transparency, metallic conductivity, and flexibility. However, current MXene-based devices have insufficient air stability and lack engineering schemes to develop matrix-addressable display forms with sufficient pixels to display information. Here, we develop an ultraflexible and environmentally stable MXene-based organic light-emitting diode (OLED) display by combining high performance MXene electrodes, flexible OLEDs, and ultrathin and functional encapsulation systems. The MXene material was synthesized and used to fabricate a highly reliable MXene-based OLED that can stably operate in air condition for over 2000 h, endure repetitive bending deformation of 1.5 mm radius, and maintain environmental stability for 6 h when exposed to wet surroundings. The RGB MXene-based OLEDs were fabricated, (1691 cd m-2 at 40.4 mA cm-2 for red, 1377 cd m-2 at 4.26 mA cm-2 for green, and 1475 cd m-2 at 18.6 mA cm-2 for blue) and a matrix-addressable transparent OLED display was demonstrated that could display letters and shapes.",So Yeong Jeong; Yongmin Jeon; Eunji Kim; Gibok Lee; Yeon-Wha Oh; Chi Won Ahn; Eun Hae Cho; Yonghee Lee; Kyung Cheol Choi,ACS nano,2023,Journal Article,eng,retrieved,UNCERTAIN_REQUIRES_SCREENING,TITLE_ABSTRACT_REVIEW_REQUIRED,,,,,,,,
4344,TA-18,37016853,10.14245/ns.2346236.118,The Role and Future of Endoscopic Spine Surgery: A Narrative Review.,"Many types of surgeries are changing from conventional to minimally invasive techniques. Techniques in spine surgery have also changed, with endoscopic spine surgery (ESS) becoming a major surgical technique. Although ESS has advantages such as less soft tissue dissection and normal structure damage, reduced blood loss, less epidural scarring, reduced hospital stay, and earlier functional recovery, it is not possible to replace all spine surgery techniques with ESS. ESS was first used for discectomy in the lumbar spine, but the range of ESS has expanded to cover the entire spine, including the cervical and thoracic spine. With improvements in ESS instruments (optics, endoscope, endoscopic drill and shaver, irrigation pump, and multiportal endoscopic), limitations of ESS have gradually decreased, and it is possible to apply ESS to more spine pathologies. ESS currently incorporates new technologies, such as navigation, augmented and virtual reality, robotics, and 3-dimentional and ultraresolution visualization, to innovate and improve outcomes. In this article, we review the history and current status of ESS, and discuss future goals and possibilities for ESS through comparisons with conventional surgical techniques.",Hyungjoo Kwon; Jeong-Yoon Park,Neurospine,2023,Journal Article,eng,retrieved,UNCERTAIN_REQUIRES_SCREENING,TITLE_ABSTRACT_REVIEW_REQUIRED,,,,,,,,
4345,TA-18,37016852,10.14245/ns.2346190.095,Current Indications for Spinal Endoscopic Surgery and Potential for Future Expansion.,"Endoscopic spine surgery (ESS) has evolved as a safe, effective, and efficient alternative for minimally invasive spine surgery (MISS). The innovation of full-endoscopic systems makes definitive decompression surgery through different approaches feasible. The approach can be determined according to the location of the target lesion or the surgeon's preference. During the past 2 decades, ESS has expanded its indications from lumbar to cervical spines. Except for decompression, endoscopy-assisted fusion surgery is also developing. However, ESS is still evolving and has a steep learning curve. The revolution of technologies and ESS techniques will enable surgeons to treat various spinal diseases more practically. In recent years, the application of the computer-assisted navigation system and augmented reality have reformed imaging quality and interpretation. The endoscopic rhizotomy techniques have opened a new way for MISS of chronic low back pain. This review introduces the current indications of ESS and its potential future expansion.",Kuo-Tai Chen; Jin-Sung Kim; Abel Po-Hao Huang; Martin Hsiu-Chu Lin; Chien-Min Chen,Neurospine,2023,Journal Article,eng,retrieved,UNCERTAIN_REQUIRES_SCREENING,TITLE_ABSTRACT_REVIEW_REQUIRED,,,,,,,,
4346,TA-18,37016113,10.1007/978-3-031-26462-7_6,Advanced 3D Visualization and 3D Printing in Radiology.,"Since the discovery of X-rays in 1895, medical imaging systems have played a crucial role in medicine by permitting the visualization of internal structures and understanding the function of organ systems. Traditional imaging modalities including Computed Tomography (CT), Magnetic Resonance Imaging (MRI) and Ultrasound (US) present fixed two-dimensional (2D) images which are difficult to conceptualize complex anatomy. Advanced volumetric medical imaging allows for three-dimensional (3D) image post-processing and image segmentation to be performed, enabling the creation of 3D volume renderings and enhanced visualization of pertinent anatomic structures in 3D. Furthermore, 3D imaging is used to generate 3D printed models and extended reality (augmented reality and virtual reality) models. A 3D image translates medical imaging information into a visual story rendering complex data and abstract ideas into an easily understood and tangible concept. Clinicians use 3D models to comprehend complex anatomical structures and to plan and guide surgical interventions more precisely. This chapter will review the volumetric radiological techniques that are commonly utilized for advanced 3D visualization. It will also provide examples of 3D printing and extended reality technology applications in radiology and describe the positive impact of advanced radiological image visualization on patient care.",Shabnam Fidvi; Justin Holder; Hong Li; Gregory J Parnes; Stephanie B Shamir; Nicole Wake,Advances in experimental medicine and biology,2023,Journal Article,eng,retrieved,UNCERTAIN_REQUIRES_SCREENING,TITLE_ABSTRACT_REVIEW_REQUIRED,,,,,,,,
4347,TA-18,37015654,10.1109/MCG.2022.3230644,Mobile Augmented Reality for Adding Detailed Multimedia Content to Historical Physicalizations.,"Combining augmented reality (AR) and physicalization offers both opportunities and challenges when representing detailed historical data. In this article, we describe a framework where mobile AR supplements views of 3-D prints of historical locations with interactive functionality and small visual details that the prints alone cannot display. Since seeing certain details requires bringing the camera close to the physical objects, the resulting camera frames may lack the visual information necessary to determine objects' positions and accurately superimpose the overlay. We address this by enhancing tracking of 3-D prints at close distances and employing visualization techniques that allow viewing small details in ways that do not interfere with tracking. To demonstrate these techniques, we apply our framework to the preservation of two heritage sites that represent large real-life areas containing smaller details of interest.",Christopher Mossman; Faramarz F Samavati; Katayoon Etemad; Peter Dawson,IEEE computer graphics and applications,2023,Journal Article,eng,retrieved,UNCERTAIN_REQUIRES_SCREENING,TITLE_ABSTRACT_REVIEW_REQUIRED,,,,,,,,
4348,TA-18,37015558,10.1109/TPAMI.2022.3229090,Deep Depth Completion From Extremely Sparse Data: A Survey.,"Depth completion aims at predicting dense pixel-wise depth from an extremely sparse map captured from a depth sensor, e.g., LiDARs. It plays an essential role in various applications such as autonomous driving, 3D reconstruction, augmented reality, and robot navigation. Recent successes on the task have been demonstrated and dominated by deep learning based solutions. In this article, for the first time, we provide a comprehensive literature review that helps readers better grasp the research trends and clearly understand the current advances. We investigate the related studies from the design aspects of network architectures, loss functions, benchmark datasets, and learning strategies with a proposal of a novel taxonomy that categorizes existing methods. Besides, we present a quantitative comparison of model performance on three widely used benchmarks, including indoor and outdoor datasets. Finally, we discuss the challenges of prior works and provide readers with some insights for future research directions.",Junjie Hu; Chenyu Bao; Mete Ozay; Chenyou Fan; Qing Gao; Honghai Liu; Tin Lun Lam,IEEE transactions on pattern analysis and machine intelligence,2023,Journal Article,eng,retrieved,UNCERTAIN_REQUIRES_SCREENING,TITLE_ABSTRACT_REVIEW_REQUIRED,,,,,,,,
4349,TA-18,37015471,10.1109/TNSRE.2022.3228124,"Brain-Controlled, AR-Based Home Automation System Using SSVEP-Based Brain-Computer Interface and EOG-Based Eye Tracker: A Feasibility Study for the Elderly End User.","Over the past decades, brain-computer interfaces (BCIs) have been developed to provide individuals with an alternative communication channel toward external environment. Although the primary target users of BCI technologies include the disabled or the elderly, most newly developed BCI applications have been tested with young, healthy people. In the present study, we developed an online home appliance control system using a steady-state visual evoked potential (SSVEP)-based BCI with visual stimulation presented in an augmented reality (AR) environment and electrooculogram (EOG)-based eye tracker. The performance and usability of the system were evaluated for individuals aged over 65. The participants turned on the AR-based home automation system using an eye-blink-based switch, and selected devices to control with three different methods depending on the user's preference. In the online experiment, all 13 participants successfully completed the designated tasks to control five home appliances using the proposed system, and the system usability scale exceeded 70. Furthermore, the BCI performance of the proposed online home appliance control system surpassed the best results of previously reported BCI systems for the elderly.",Seonghun Park; Jisoo Ha; Jimin Park; Kyeonggu Lee; Chang-Hwan Im,IEEE transactions on neural systems and rehabilitation engineering : a publication of the IEEE Engineering in Medicine and Biology Society,2023,Journal Article,eng,retrieved,UNCERTAIN_REQUIRES_SCREENING,TITLE_ABSTRACT_REVIEW_REQUIRED,,,,,,,,
4350,TA-18,37014577,10.1007/s13246-023-01245-4,Density-adaptive registration of pointclouds based on Dirichlet Process Gaussian Mixture Models.,"We propose an algorithm for rigid registration of pre- and intra-operative patient anatomy, represented as pointclouds, during minimally invasive surgery. This capability is essential for development of augmented reality systems for guiding such interventions. Key challenges in this context are differences in the point density in the pre- and intra-operative pointclouds, and potentially low spatial overlap between the two. Solutions, correspondingly, must be robust to both of these phenomena. We formulated a pointclouds registration approach which considers the pointclouds after rigid transformation to be observations of a global non-parametric probabilistic model named Dirichlet Process Gaussian Mixture Model. The registration problem is solved by minimizing the Kullback-Leibler divergence in a variational Bayesian inference framework. By this means, all unknown parameters are recursively inferred, including, importantly, the optimal number of mixture model components, which ensures the model complexity efficiently matches that of the observed data. By presenting the pointclouds as KDTrees, both the data and model are expanded in a coarse-to-fine style. The scanning weight of each point is estimated by its neighborhood, imparting the algorithm with robustness to point density variations. Experiments on several datasets with different levels of noise, outliers and pointcloud overlap show that our method has a comparable accuracy, but higher efficiency than existing Gaussian Mixture Model methods, whose performance is sensitive to the number of model components.",Tingting Jia; Zeike A Taylor; Xiaojun Chen,Physical and engineering sciences in medicine,2023,Journal Article,eng,retrieved,UNCERTAIN_REQUIRES_SCREENING,TITLE_ABSTRACT_REVIEW_REQUIRED,,,,,,,,
4351,TA-18,37014003,10.3171/CASE22542,Middle cerebellar peduncle approach for Nocardia brainstem abscess: illustrative case.,"Nocardia cyriacigeorgica represents a rare cause of cerebral abscesses. Rarer still are brainstem abscesses caused by this bacterial species in immunocompetent hosts. In fact, only one such brainstem abscess case has been described in the neurosurgical literature to our knowledge to date. Herein, a case of Nocardia cyriacigeorgica abscess in the pons is reported, as well as a description of its surgical evacuation via the transpetrosal fissure, middle cerebellar peduncle approach. The authors review the utility of this well-described approach in treating such lesions safely and effectively. Finally, the authors briefly review, compare, and contrast related cases to this one. Augmented reality is additive to and useful for well-described safe entry corridors to the brainstem. Despite surgical success, patients may not regain previously lost neurological function. The transpetrosal fissure, middle cerebellar peduncle approach is safe and effective in evacuating pontine abscesses. Augmented reality guidance supplements but does not replace thorough knowledge of operative anatomy for this complex procedure. A reasonable degree of suspicion for brainstem abscess is prudent even in immunocompetent hosts. A multidisciplinary team is critical to the successful treatment of central nervous system Nocardiosis.",Aadit Mehta; Chase H Foster; Christian I Rios-Vicil; Walter C Jean,Journal of neurosurgery. Case lessons,2023,Journal Article,eng,retrieved,UNCERTAIN_REQUIRES_SCREENING,TITLE_ABSTRACT_REVIEW_REQUIRED,,,,,,,,
4352,TA-18,37008360,10.3389/fvets.2023.1102937,Mixed-reality-based human-animal interaction can relieve mental stress.,"Interacting with animals has been demonstrated to possess the healing benefits to humans. However, there are limitations in physical interaction due to COVID-19 and safety issues. Therefore, as an alternative, we created mixed-reality (MR)-based human-animal interaction (HAI) content and experimentally verified its effect on mental stress reduction. We created three types of interactive content: observing the movement of a non-reactive virtual cat, interacting with a virtual cat whose responses can be seen, and interacting with a virtual cat whose responses can be both seen and heard. The experiment was performed by 30 healthy young women, and a mental arithmetic task was used to induce mild mental stress before experiencing each content. During the experiment, the subject's electrocardiogram was continuously recorded, and the psychological state was evaluated through a questionnaire. The results showed that MR-based virtual cat content significantly reduces mental stress and induces positive emotions after stressful situations. In particular, when the virtual cat provided audiovisual feedback, the activation amount of the parasympathetic nervous system and the increase of positive emotions were the greatest. Based on this encouraging research result, this method should be further investigated to see if it can replace real HAI for human mental health management.",Heewon Na; Suh-Yeon Dong,Frontiers in veterinary science,2023,Journal Article,eng,retrieved,UNCERTAIN_REQUIRES_SCREENING,TITLE_ABSTRACT_REVIEW_REQUIRED,,,,,,,,
4353,TA-18,37003151,10.1016/j.apergo.2023.104021,Assemble it like this! - Is AR- or VR-based training an effective alternative to video-based training in manual assembly?,"AR- and VR-based training is increasingly being used in the industry to train workers safely and effectively for new tasks. In this study, we investigated and compared the effects of AR-, VR- and video-based training on short- and long-term objective performance measures and subjective evaluations in a manual assembly task. Our results showed that there was no difference between AR-, VR- and video-based training concerning the objective performance measures task completion time and error count. However, in the subjective evaluations VR-based training showed a significantly higher perceived task load and a lower usability rating than the AR- and video-based training regimes. An exploratory analysis additionally revealed partially better results for AR than for VR after adjusting the data for the age of the participants. Future research should further investigate the advantage of AR- and video-based methods over VR when the age and technology experience of participants are taken into account.",Lea M Daling; Marisa Tenbrock; Ingrid Isenhardt; Sabine J Schlittmeier,Applied ergonomics,2023,Journal Article,eng,retrieved,UNCERTAIN_REQUIRES_SCREENING,TITLE_ABSTRACT_REVIEW_REQUIRED,,,,,,,,
4354,TA-18,36998774,10.3389/fneur.2023.1104571,Neuro-oncological augmented reality planning for intracranial tumor resection.,"Before starting surgery for the resection of an intracranial tumor, its outlines are typically marked on the skin of the patient. This allows for the planning of the optimal skin incision, craniotomy, and angle of approach. Conventionally, the surgeon determines tumor borders using neuronavigation with a tracked pointer. However, interpretation errors can lead to important deviations, especially for deep-seated tumors, potentially resulting in a suboptimal approach with incomplete exposure. Augmented reality (AR) allows displaying of the tumor and critical structures directly on the patient, which can simplify and improve surgical preparation. We developed an AR-based workflow for intracranial tumor resection planning deployed on the Microsoft HoloLens II, which exploits the built-in infrared-camera for tracking the patient. We initially performed a phantom study to assess the accuracy of the registration and tracking. Following this, we evaluated the AR-based planning step in a prospective clinical study for patients undergoing resection of a brain tumor. This planning step was performed by 12 surgeons and trainees with varying degrees of experience. After patient registration, tumor outlines were marked on the patient's skin by different investigators, consecutively using a conventional neuronavigation system and an AR-based system. Their performance in both registration and delineation was measured in terms of accuracy and duration and compared. During phantom testing, registration errors remained below 2.0 mm and 2.0° for both AR-based navigation and conventional neuronavigation, with no significant difference between both systems. In the prospective clinical trial, 20 patients underwent tumor resection planning. Registration accuracy was independent of user experience for both AR-based navigation and the commercial neuronavigation system. AR-guided tumor delineation was deemed superior in 65% of cases, equally good in 30% of cases, and inferior in 5% of cases when compared to the conventional navigation system. The overall planning time (AR = 119 ± 44 s, conventional = 187 ± 56 s) was significantly reduced through the adoption of the AR workflow (p < 0.001), with an average time reduction of 39%. By providing a more intuitive visualization of relevant data to the surgeon, AR navigation provides an accurate method for tumor resection planning that is quicker and more intuitive than conventional neuronavigation. Further research should focus on intraoperative implementations.",Frederick Van Gestel; Taylor Frantz; Felix Buyck; Wietse Geens; Quentin Neuville; Michaël Bruneau; Bart Jansen; Thierry Scheerlinck; Jef Vandemeulebroucke; Johnny Duerinck,Frontiers in neurology,2023,Journal Article,eng,retrieved,UNCERTAIN_REQUIRES_SCREENING,TITLE_ABSTRACT_REVIEW_REQUIRED,,,,,,,,
4355,TA-18,36995512,10.1007/s11548-023-02876-4,Comparison of 2D and autostereoscopic 3D visualization during mixed reality simulation.,"In general minimally invasive surgical procedures, surgeons are tied to 2D visualization, leading to the loss of depth perception. This can lead to large mental load for the surgeons and may be responsible for the long learning curve. To restore the sense of depth, this study investigated the use and benefits of an autostereoscopic (3D) display during a simulated laparoscopic task. A mixed reality simulator was developed for comparing the performance of participants while using 2D and autostereoscopic 3D visualization. An electromagnetic sensor was mounted on a physical instrument, and its pose was mapped to the virtual instrument. The virtual scene was developed using Simulation Open Framework Architecture (SOFA). Finite element modeling was used to calculate interaction forces, which were then mapped to visual soft tissue deformation. Ten non-expert participants completed a virtual laparoscopic task, where the subjects were asked to contact eighteen target areas distributed on the surface of the vagina, both in 2D and 3D. Results showed an improvement with 3D vision in task completion time (-16%), total traveled distance (-25%) and errors made (-14%). There was no difference in the average contact forces between the vagina and the instrument. Only the difference in time and forces were shown to be statistically significant. Overall, autostereoscopic 3D showed superiority over conventional 2D visualization. The traveled trajectory increased in 2D as the instrument was retracted more between the targets to avoid contact. The 2D and 3D deformation upon contact seems not to contribute differently to force perception. However, the participants only had visual feedback, but no haptic feedback. Therefore, it could be interesting to include haptic feedback in a future study.",Viktor Vörös; Jef De Smet; Mouloud Ourak; Vladimir Poliakov; Jan Deprest; Tom Kimpe; Emmanuel Vander Poorten,International journal of computer assisted radiology and surgery,2023,Journal Article,eng,retrieved,UNCERTAIN_REQUIRES_SCREENING,TITLE_ABSTRACT_REVIEW_REQUIRED,,,,,,,,
4356,TA-18,36992658,10.1017/S0022215123000531,Mixed-reality technology for clinical communication: objective assessment of the HoloLens 2 as a clinical communication device in a simulated on-call scenario.,"Specialty on-call clinicians cover large areas and complex workloads. This study aimed to assess clinical communication using the mixed-reality HoloLens 2 device within a simulated on-call scenario. This study was structured as a randomised, within-participant, controlled study. Thirty ENT trainees used either the HoloLens 2 or a traditional telephone to communicate a clinical case to a consultant. The quality of the clinical communication was scored objectively and subjectively. Clinical communication using the HoloLens 2 scored statistically higher than telephone (n = 30) (11.9 of 15 vs 10.2 of 15; p = 0.001). Subjectively, consultants judged more communication episodes to be inadequate when using the telephone (7 of 30) versus the HoloLens 2 (0 of 30) (p = 0.01). Qualitative feedback indicates that the HoloLens 2 was easy to use and would add value during an on-call scenario with remote consultant supervision. This study demonstrated the benefit that mixed-reality devices, such as the HoloLens 2 can bring to clinical communication through increasing the accuracy of communication and confidence of the users.",L Orchard; M Van; J Abbas; R Malik; J Stevenson; N Tolley,The Journal of laryngology and otology,2023,Randomized Controlled Trial; Journal Article,eng,retrieved,UNCERTAIN_REQUIRES_SCREENING,TITLE_ABSTRACT_REVIEW_REQUIRED,,,,,,,,
4357,TA-18,36991992,10.3390/s23063281,NeuroSuitUp: System Architecture and Validation of a Motor Rehabilitation Wearable Robotics and Serious Game Platform.,"This article presents the system architecture and validation of the NeuroSuitUp body-machine interface (BMI). The platform consists of wearable robotics jacket and gloves in combination with a serious game application for self-paced neurorehabilitation in spinal cord injury and chronic stroke. The wearable robotics implement a sensor layer, to approximate kinematic chain segment orientation, and an actuation layer. Sensors consist of commercial magnetic, angular rate and gravity (MARG), surface electromyography (sEMG), and flex sensors, while actuation is achieved through electrical muscle stimulation (EMS) and pneumatic actuators. On-board electronics connect to a Robot Operating System environment-based parser/controller and to a Unity-based live avatar representation game. BMI subsystems validation was performed using exercises through a Stereoscopic camera Computer Vision approach for the jacket and through multiple grip activities for the glove. Ten healthy subjects participated in system validation trials, performing three arm and three hand exercises (each 10 motor task trials) and completing user experience questionnaires. Acceptable correlation was observed in 23/30 arm exercises performed with the jacket. No significant differences in glove sensor data during actuation state were observed. No difficulty to use, discomfort, or negative robotics perception were reported. Subsequent design improvements will implement additional absolute orientation sensors, MARG/EMG based biofeedback to the game, improved immersion through Augmented Reality and improvements towards system robustness.",Konstantinos Mitsopoulos; Vasiliki Fiska; Konstantinos Tagaras; Athanasios Papias; Panagiotis Antoniou; Konstantinos Nizamis; Konstantinos Kasimis; Paschalina-Danai Sarra; Diamanto Mylopoulou; Theodore Savvidis; Apostolos Praftsiotis; Athanasios Arvanitidis; George Lyssas; Konstantinos Chasapis; Alexandros Moraitopoulos; Alexander Astaras; Panagiotis D Bamidis; Alkinoos Athanasiou,"Sensors (Basel, Switzerland)",2023,Journal Article,eng,retrieved,UNCERTAIN_REQUIRES_SCREENING,TITLE_ABSTRACT_REVIEW_REQUIRED,,,,,,,,
4358,TA-18,36991751,10.3390/s23063040,Magic Leap 1 versus Microsoft HoloLens 2 for the Visualization of 3D Content Obtained from Radiological Images.,"The adoption of extended reality solutions is growing rapidly in the healthcare world. Augmented reality (AR) and virtual reality (VR) interfaces can bring advantages in various medical-health sectors; it is thus not surprising that the medical MR market is among the fastest-growing ones. The present study reports on a comparison between two of the most popular MR head-mounted displays, Magic Leap 1 and Microsoft HoloLens 2, for the visualization of 3D medical imaging data. We evaluate the functionalities and performance of both devices through a user-study in which surgeons and residents assessed the visualization of 3D computer-generated anatomical models. The digital content is obtained through a dedicated medical imaging suite (Verima imaging suite) developed by the Italian start-up company (Witapp s.r.l.). According to our performance analysis in terms of frame rate, there are no significant differences between the two devices. The surgical staff expressed a clear preference for Magic Leap 1, particularly for the better visualization quality and the ease of interaction with the 3D virtual content. Nonetheless, even though the results of the questionnaire were slightly more positive for Magic Leap 1, the spatial understanding of the 3D anatomical model in terms of depth relations and spatial arrangement was positively evaluated for both devices.",Giulia Zari; Sara Condino; Fabrizio Cutolo; Vincenzo Ferrari,"Sensors (Basel, Switzerland)",2023,Journal Article,eng,retrieved,UNCERTAIN_REQUIRES_SCREENING,TITLE_ABSTRACT_REVIEW_REQUIRED,,,,,,,,
4359,TA-18,36985430,10.3390/molecules28062458,Difluorovinyl Liquid Crystal Diluters Improve the Electro-Optical Properties of High-∆n Liquid Crystal Mixture for AR Displays.,"A liquid crystal (LC) mixture in liquid crystal on silicon (LCoS) is the core material for augmented reality (AR) displays. However, a LC mixture with high birefringence (Δn) and large dielectric anisotropy (Δε) possesses high viscosity (γ1), which results in a slow response time of LCoS devices for AR displays. This work proposes to apply difluorovinyl-based LC diluters to fine balance the low viscosity, high ∆n, and large ∆ε of the LC mixture for a fast response time. Through studying their effects on the key electro-optical properties of a high-∆n LC mixture, it is found that doping these diluter molecules to a high-∆n LC mixture can decrease the viscoelastic coefficient (γ1/K11), increase ∆ε and the figure of merit, maintain a wide nematic phase temperature range, a high clearing point, and ∆n. It also means that these diluters could effectively regulate the relationship between ∆n, ∆ε, and γ1 in the LC mixtures to achieve a fine balance of various excellent properties and further improve the LC device's response time. The widespread applications of these liquid crystal diluters in emerging liquid crystal optical devices are foreseeable.",Jiaxing Tang; Zihao Mao; Zhongwei An; Ran Chen; Xinbing Chen; Pei Chen,"Molecules (Basel, Switzerland)",2023,Journal Article,eng,retrieved,UNCERTAIN_REQUIRES_SCREENING,TITLE_ABSTRACT_REVIEW_REQUIRED,,,,,,,,
4360,TA-18,36984625,10.3390/medicina59030624,Health Information Technology Usability Evaluation Scale (Health-ITUES) and User-Experience Questionnaire (UEQ) for 3D Intraoperative Cognitive Navigation (ICON3DTM) System for Urological Procedures.,"Backgound and objectives: In recent years, the adoption of 3D models for surgical planning and intraoperative guidance has gained a wide diffusion. The aim of this study was to evaluate the surgeons' perception and usability of ICON3DTM platform for robotic and laparoscopic urological surgical procedures. Materials and Methods: During the 10th edition of the Techno-Urology Meeting, surgeons and attendees had the opportunity to test the new ICON3DTM platform. The capability of the user to manipulate the model with hands/mouse, the software usability, the quality of the 3D model's reproduction, and the quality of its use during the surgery were evaluated with the Health Information Technology Usability Evaluation Scale (Health-ITUES) and the User-Experience Questionnaire (UEQ). Results: Fifty-three participants responded to the questionnaires. Based on the answers to the Health-ITUES questionnaire, ICON3DTM resulted to have a positive additional value in presurgical/surgical planning with 43.4% and 39.6% of responders that rated 4 (agree) and 5 (strongly agree), respectively. Regarding the UEQ questionnaire, both mouse and infrared hand-tracking system resulted to be easy to use for 99% of the responders, while the software resulted to be easy to use for 93.4% of the responders. Conclusions: In conclusion, ICON3DTM has been widely appreciated by urologists thanks to its various applications, from preoperative planning to its support for intraoperative decision-making in both robot-assisted and laparoscopic settings.",Enrico Checcucci; Federico Piramide; Sabrina De Cillis; Gabriele Volpi; Alberto Piana; Paolo Verri; Andrea Bellin; Michele Di Dio; Cristian Fiori; Francesco Porpiglia; Daniele Amparore; Icon Study Group,"Medicina (Kaunas, Lithuania)",2023,Journal Article,eng,retrieved,UNCERTAIN_REQUIRES_SCREENING,TITLE_ABSTRACT_REVIEW_REQUIRED,,,,,,,,
4361,TA-18,36980133,10.3390/children10030574,"Multimedia Mixed Reality Interactive Shared Decision-Making Game in Children with Moderate to Severe Atopic Dermatitis, a Pilot Study.","(1) Objective: Atopic dermatitis (AD) is a recurring skin disease that affects children's daily activities and sleep quality. Due to the limitations of children's understanding and ability to express themselves, shared decision making (SDM) is often made by guardians, which thus affects the acceptance and effectiveness of children's treatments. Previous studies have demonstrated that involving both children and parents in decision making may help improve treatment outcomes; thus, we designed a multimedia mixed reality (MR) interactive game of SDM for children with moderate to severe AD. (2) Methods: Research participants included 6-18-year-old patients with moderate to severe AD. This research consisted of the following steps: designing SDM; character setting and visual design; performing games; system modification and optimization; screen editing and dubbing; and user testing and questionnaires by the System Usability Scale (SUS). (3) Results: We completed the SDM design for children with moderate to severe AD. Four different treatments were biologics, oral immune-modulating drugs, phototherapy, and wet wrap. An animated PowerPoint slide showed the AD apple rolling around before treatments and the AD apple sleeping soundly after treatments. Instructions with video teaching for the four different treatments were played, and then, the MR was turned on so that the patients could help the AD apple in the metaverse to undergo these four treatments. A total of 12 moderate to severe AD patients and six control patients used the game, all aged between six and eighteen years old, with an average SUS score of 81.0 and a standard error of 2.1 points. Adjective ratings yielded a rating between good and excellent. The game showed acceptable usability. We found no statistically significant differences in SUS scores between patients with and without moderate to severe AD or between boys and girls nor significant associations between SUS and age or severity. The analysis identified that the two items with the lowest SUS scores were ""I think that I would need the support of a technical person to be able to use this product"" and ""I needed to learn a lot of things before I could get going with this product"". Both of these comments show the limitations of this game. (4) Conclusions: Overall, this study provides the first MR SDM game that has passed the SUS and can be used as an aid in clinical SDM.",Ling-Sai Chang; Ho-Chang Kuo; Jason Jyh-Bin Suen; Pei-Hsin Yang; Chiu-Ping Hou; Hui-Ru Sun; Zon-Min Lee; Ying-Hsien Huang,"Children (Basel, Switzerland)",2023,Journal Article,eng,retrieved,UNCERTAIN_REQUIRES_SCREENING,TITLE_ABSTRACT_REVIEW_REQUIRED,,,,,,,,
4362,TA-18,36976805,10.1097/SIH.0000000000000723,Development and Validation of a Mixed-Reality Simulator for Reducing Biopsy Core Deviation During Simulated Freehand Systematic Prostate Biopsy.,"We describe the development and validation of a mixed-reality prostate biopsy (PBx) simulator with built-in guidance aids and real-time 3-dimensional visualization. We evaluated our simulator during one-on-one training sessions with urology residents and attendings from 2018 to 2022. Participants performed freehand, side-fire, double-sextant transrectal ultrasound-guided systematic prostate biopsy (sPBx). After a baseline assessment (first set of 12 biopsy cores), participants trained for 25 minutes with visualization and cognitive aids activated. Training was followed by an exit set of 12 biopsy cores without visualization or cognitive aids and afterward, subjective assessment by trainees of the simulator. Deviation is the shortest distance of the center of a core from its intended template location. Baseline deviations (mean ± SD) for residents (n = 24) and attendings (n = 4) were 13.4 ± 8.9 mm and 8.5 ± 3.6 mm ( P < 0.001), respectively. Posttraining deviations were 8.7 ± 6.6 mm and 7.6 ± 3.7 mm ( P = 0.271), respectively. Deviations between baseline and exit were decreased significantly for residents ( P < 0.001) but not for attendings ( P = 0.093). Overall feedback from participants was positive. Confidence in performing a PBx increased in novices after training ( P = 0.011) and did not change among attendings ( P = 0.180). A new PBx simulator can quantify and improve accuracy during simulated freehand sPBx while providing visualization and graphical feedback. Improved simulated sPBx accuracy could lead to more even distribution of biopsy cores within the prostate when performed in clinical settings, possibly reducing the high risk of missing an existing lesion and thus decreasing the time to initiating treatment, if indicated.",Samsun Lampotang; David E Lizdas; William T Johnson; Vincent Mei; Jonathan Wakim; XiangYang Lou; Anthony DeStephens; Yahya Acar; Louis Moy; Ardalanejaz Ahmad; Wayne Brisbane; Thomas Stringer,Simulation in healthcare : journal of the Society for Simulation in Healthcare,2024,Journal Article,eng,retrieved,UNCERTAIN_REQUIRES_SCREENING,TITLE_ABSTRACT_REVIEW_REQUIRED,,,,,,,,
4363,TA-18,36976628,10.2196/45211,Perceptions About Augmented Reality in Remote Medical Care: Interview Study of Emergency Telemedicine Providers.,"Augmented reality (AR) and virtual reality (VR) have increasingly appeared in the medical literature in the past decade, with AR recently being studied for its potential role in remote health care delivery and communication. Recent literature describes AR's implementation in real-time telemedicine contexts across multiple specialties and settings, with remote emergency services in particular using AR to enhance disaster support and simulation education. Despite the introduction of AR in the medical literature and its potential to shape the future of remote medical services, studies have yet to investigate the perspectives of telemedicine providers regarding this novel technology. This study aimed to understand the applications and challenges of AR in telemedicine anticipated by emergency medicine providers with a range of experiences in using telemedicine and AR or VR technology. Across 10 academic medical institutions, 21 emergency medicine providers with variable exposures to telemedicine and AR or VR technology were recruited for semistructured interviews via snowball sampling. The interview questions focused on various potential uses of AR, anticipated obstacles that prevent its implementation in the telemedicine area, and how providers and patients might respond to its introduction. We included video demonstrations of a prototype using AR during the interviews to elicit more informed and complete insights regarding AR's potential in remote health care. Interviews were transcribed and analyzed via thematic coding. Our study identified 2 major areas of use for AR in telemedicine. First, AR is perceived to facilitate information gathering by enhancing observational tasks such as visual examination and granting simultaneous access to data and remote experts. Second, AR is anticipated to supplement distance learning of both minor and major procedures and nonprocedural skills such as cue recognition and empathy for patients and trainees. AR may also supplement long-distance education programs and thereby support less specialized medical facilities. However, the addition of AR may exacerbate the preexisting financial, structural, and literacy barriers to telemedicine. Providers seek value demonstrated by extensive research on the clinical outcome, satisfaction, and financial benefits of AR. They also seek institutional support and early training before adopting novel tools such as AR. Although an overall mixed reception is anticipated, consumer adoption and awareness are key components in AR's adoption. AR has the potential to enhance the ability to gather observational and medical information, which would serve a diverse set of applications in remote health care delivery and education. However, AR faces obstacles similar to those faced by the current telemedicine technology, such as lack of access, infrastructure, and familiarity. This paper discusses the potential areas of investigation that would inform future studies and approaches to implementing AR in telemedicine.",Alana Dinh; Emily Tseng; Andrew Lukas Yin; Deborah Estrin; Peter Greenwald; Alexander Fortenko,JMIR formative research,2023,Journal Article,eng,retrieved,UNCERTAIN_REQUIRES_SCREENING,TITLE_ABSTRACT_REVIEW_REQUIRED,,,,,,,,
4364,TA-18,36976124,10.3390/jimaging9030073,ARAM: A Technology Acceptance Model to Ascertain the Behavioural Intention to Use Augmented Reality.,"The expansion of augmented reality across society, its availability in mobile platforms and the novelty character it embodies by appearing in a growing number of areas, have raised new questions related to people's predisposition to use this technology in their daily life. Acceptance models, which have been updated following technological breakthroughs and society changes, are known to be great tools for predicting the intention to use a new technological system. This paper proposes a new acceptance model aiming to ascertain the intention to use augmented reality technology in heritage sites-the Augmented Reality Acceptance Model (ARAM). ARAM relies on the use of the Unified Theory of Acceptance and Use of Technology model (UTAUT) model's constructs, namely performance expectancy, effort expectancy, social influence, and facilitating conditions, to which the new and adapted constructs of trust expectancy, technological innovation, computer anxiety and hedonic motivation are added. This model was validated with data gathered from 528 participants. Results confirm ARAM as a reliable tool to determine the acceptance of augmented reality technology for usage in cultural heritage sites. The direct impact of performance expectancy, facilitating conditions and hedonic motivation is validated as having a positive influence on behavioural intention. Trust expectancy and technological innovation are demonstrated to have a positive influence on performance expectancy whereas hedonic motivation is negatively influenced by effort expectancy and by computer anxiety. The research, thus, supports ARAM as a suitable model to ascertain the behavioural intention to use augmented reality in new areas of activity.",Anabela Marto; Alexandrino Gonçalves; Miguel Melo; Maximino Bessa; Rui Silva,Journal of imaging,2023,Journal Article,eng,retrieved,UNCERTAIN_REQUIRES_SCREENING,TITLE_ABSTRACT_REVIEW_REQUIRED,,,,,,,,
4365,TA-18,36976114,10.3390/jimaging9030063,Environment-Aware Rendering and Interaction in Web-Based Augmented Reality.,"This work presents a novel framework for web-based environment-aware rendering and interaction in augmented reality based on WebXR and three.js. It aims at accelerating the development of device-agnostic Augmented Reality (AR) applications. The solution allows for a realistic rendering of 3D elements, handles geometry occlusion, casts shadows of virtual objects onto real surfaces, and provides physics interaction with real-world objects. Unlike most existing state-of-the-art systems that are built to run on a specific hardware configuration, the proposed solution targets the web environment and is designed to work on a vast range of devices and configurations. Our solution can use monocular camera setups with depth data estimated by deep neural networks or, when available, use higher-quality depth sensors (e.g., LIDAR, structured light) that provide a more accurate perception of the environment. To ensure consistency in the rendering of the virtual scene a physically based rendering pipeline is used, in which physically correct attributes are associated with each 3D object, which, combined with lighting information captured by the device, enables the rendering of AR content matching the environment illumination. All these concepts are integrated and optimized into a pipeline capable of providing a fluid user experience even on middle-range devices. The solution is distributed as an open-source library that can be integrated into existing and new web-based AR projects. The proposed framework was evaluated and compared in terms of performance and visual features with two state-of-the-art alternatives.",José Ferrão; Paulo Dias; Beatriz Sousa Santos; Miguel Oliveira,Journal of imaging,2023,Journal Article,eng,retrieved,UNCERTAIN_REQUIRES_SCREENING,TITLE_ABSTRACT_REVIEW_REQUIRED,,,,,,,,
4366,TA-18,36976107,10.3390/jimaging9030056,Remote Interactive Surgery Platform (RISP): Proof of Concept for an Augmented-Reality-Based Platform for Surgical Telementoring.,"The ""Remote Interactive Surgery Platform"" (RISP) is an augmented reality (AR)-based platform for surgical telementoring. It builds upon recent advances of mixed reality head-mounted displays (MR-HMD) and associated immersive visualization technologies to assist the surgeon during an operation. It enables an interactive, real-time collaboration with a remote consultant by sharing the operating surgeon's field of view through the Microsoft (MS) HoloLens2 (HL2). Development of the RISP started during the Medical Augmented Reality Summer School 2021 and is currently still ongoing. It currently includes features such as three-dimensional annotations, bidirectional voice communication and interactive windows to display radiographs within the sterile field. This manuscript provides an overview of the RISP and preliminary results regarding its annotation accuracy and user experience measured with ten participants.",Yannik Kalbas; Hoijoon Jung; John Ricklin; Ge Jin; Mingjian Li; Thomas Rauer; Shervin Dehghani; Nassir Navab; Jinman Kim; Hans-Christoph Pape; Sandro-Michael Heining,Journal of imaging,2023,Journal Article,eng,retrieved,UNCERTAIN_REQUIRES_SCREENING,TITLE_ABSTRACT_REVIEW_REQUIRED,,,,,,,,
4367,TA-18,36975357,10.3390/biomimetics8010127,A 3D-Printed Soft Haptic Device with Built-in Force Sensing Delivering Bio-Mimicked Feedback.,"Haptics plays a significant role not only in the rehabilitation of neurological disorders, such as stroke, by substituting necessary cognitive information but also in human-computer interfaces (HCIs), which are now an integral part of the recently launched metaverse. This study proposes a unique, soft, monolithic haptic feedback device (SoHapS) that was directly manufactured using a low-cost and open-source fused deposition modeling (FDM) 3D printer by employing a combination of soft conductive and nonconductive thermoplastic polyurethane (TPU) materials (NinjaTek, USA). SoHapS consists of a soft bellow actuator and a soft resistive force sensor, which are optimized using finite element modeling (FEM). SoHapS was characterized both mechanically and electrically to assess its performance, and a dynamic model was developed to predict its force output with given pressure inputs. We demonstrated the efficacy of SoHapS in substituting biofeedback with tactile feedback, such as gripping force, and proprioceptive feedback, such as finger flexion-extension positions, in the context of teleoperation. With its intrinsic properties, SoHapS can be integrated into rehabilitation robots and robotic prostheses, as well as augmented, virtual, and mixed reality (AR/VR/MR) systems, to induce various types of bio-mimicked feedback.",Rahim Mutlu; Dilpreet Singh; Charbel Tawk; Emre Sariyildiz,"Biomimetics (Basel, Switzerland)",2023,Journal Article,eng,retrieved,UNCERTAIN_REQUIRES_SCREENING,TITLE_ABSTRACT_REVIEW_REQUIRED,,,,,,,,
4368,TA-18,36972482,10.1177/10556656231154814,An Oncoplastic Approach to Primary Pediatric Pterygomaxillary Osteosarcoma.,"Osteosarcomas arising within the pterygomaxillary/infratemporal fossa region are rare among the pediatric population. Survival rates are most influenced by tumor resection with negative margins, which can be dependent on surgical accessibility of the tumor site. The pterygomaxillary/infratemporal fossa location poses several challenges to safe and adequate tumor resection, including proximity of the facial nerve and great vessels and scarring associated with traditional transfacial approaches. In this article, we present the case of a 6-year-old boy with an osteosarcoma of the left pterygomaxillary/infratemporal fossa region successfully managed with an ""oncoplastic"" approach, incorporating the use of CAD/CAM and mixed reality technologies.",Ashley L Ramirez; Alexandra N Townsend; Lee Weber; Pedro S Piccinini; Erin M Wolfe; Marek W Taylor; Thomas A Haglund; Muhanad A Shraiteh; Robert Hannan; Maggie E Fader; John Ragheb; S Anthony Wolfe; Jordan P Steinberg,The Cleft palate-craniofacial journal : official publication of the American Cleft Palate-Craniofacial Association,2024,Case Reports; Journal Article,eng,retrieved,UNCERTAIN_REQUIRES_SCREENING,TITLE_ABSTRACT_REVIEW_REQUIRED,,,,,,,,
4369,TA-18,36971478,10.1259/bjr.20221075,Usefulness of augmented reality in radiological protection education and training for interventional radiologists.,"The aim of this work is to evaluate the usefulness of using augmented reality (AR) to train medical professionals in radiological protection (RP) in fluoroscopy. A Microsoft HoloLens 2 device has been used to simulate a fluoroscopic device. The teaching scenario considers a Philips Azurion able to rotate to pre-defined gantry positions,a dorsal decubitus patient and a ceiling shield. Radiation exposures were simulated using the FLUKA Monte Carlo code. 11 radiologists were asked to reproduce their positioning as per a clinical procedure and to correctly position the ceiling shield. Then, they were presented with the radiation exposure of their choices and were able to further optimise it. After the session, they were asked to complete a questionnaire. Users rated the AR educational approach as Intuitive and relevant to RP education (35%) and inspiring to deepen their knowledge (18%). Nevertheless, a negative aspect was mainly the difficulty in dealing with the system (58%). Although the participants were radiologists, a minority recognised themselves as having accurate knowledge of the RP (18%), indicating a relevant knowledge gap. The usefulness of using AR in RP education for radiologists has been shown. The visual aid of such technology is likely to improve the consolidation of practical knowledge. The use of interactive teaching techniques has the possibility to both help radiology professionals consolidate their radiation protection training and confidence in their practices.",Thiago Vm Lima; Rafael Figueiredo Pohlmann Simões; Mirjam Heinrich; Tobias Kreienbühl; Richard Wetzel; Justus E Roos,The British journal of radiology,2023,Journal Article,eng,retrieved,UNCERTAIN_REQUIRES_SCREENING,TITLE_ABSTRACT_REVIEW_REQUIRED,,,,,,,,
4370,TA-18,36970501,10.1117/12.2647141,Development of Virtual Reality Walking Collision Detection Test on Head-mounted display.,"Detecting and avoiding collisions during walking is critical for safe mobility. To determine the effectiveness of clinical interventions, a realistic objective outcome measure is needed. A real-world obstacle course with moving hazards has numerous limitations (e.g., safety concerns of physical collision, inability to control events, maintaining event consistency, and event randomization). Virtual reality (VR) platforms may overcome such limitations. We developed a VR walking collision detection test using a standalone head-mounted display (HMD, Meta Quest 2) with the Unity 3D engine to enable subjects' physical walking within a VR environment (i.e., a busy shopping mall). The performance measures focus on the detection and avoidance of potential collisions, where a pedestrian may (or may not) walks toward a collision with the subject, while various non-colliding pedestrians are presented simultaneously. The physical space required for the system was minimized. During the development, we addressed expected and unexpected hurdles, such as mismatch of visual perception of VR space, limited field of view (FOV) afforded by the HMD, design of pedestrian paths, design of the subject task, handling of subject's response (detection or avoidance behavior), use of mixed reality (MR) for walking path calibration. We report the initial implementation of the HMD VR walking collision detection and avoidance scenarios that showed promising potential as clinical outcome measures.",Alex D Hwang; Eli Peli; Jae-Hyun Jung,Proceedings of SPIE--the International Society for Optical Engineering,2023,Journal Article,eng,retrieved,UNCERTAIN_REQUIRES_SCREENING,TITLE_ABSTRACT_REVIEW_REQUIRED,,,,,,,,
4371,TA-18,36970500,10.1117/12.2648481,Binocular see-through configuration and eye movement attenuate visual rivalry in peripheral wearable displays.,"Visual confusion occurs when two dissimilar images are superimposed onto the same retinal location. In the context of wearable displays, it can be used to provide multiple sources of information to users on top of the real-world scene. While useful, visual confusion may cause visual rivalry that can suppress one of the sources. If two different images are projected to each eye (i.e., monocular displays), it provokes binocular rivalry wherein visual perception intermittently switches between the two images. When a semi-transparent image is superimposed (i.e., see-through displays), monocular rivalry results, causing perceptual alternations between the foreground and the background images. Here, we investigated how these rivalries influence the visibility of the peripheral target using three configurations of wearable displays (i.e., monocular opaque, monocular see-through, and binocular see-through) with three eye movement conditions (i.e., saccades, smooth pursuit, and central fixation). Using the HTC VIVE Eye Pro headset, subjects viewed a forward vection of a 3D corridor with a horizontally moving vertical grating at 10° above the center fixation. During each trial (~1 min), subjects followed a fixation cross that varied in location to induce eye movements and simultaneously reported whether the peripheral target was visible. Results showed that the binocular display had significantly higher target visibility than both monocular displays, and the monocular see-through display had the lowest target visibility. Target visibility was also higher when eye movements were executed, suggesting that the effects of rivalry are attenuated by eye movements and binocular see-through displays.",Sujin Kim; Shui'Er Han; Jae-Hyun Jung,Proceedings of SPIE--the International Society for Optical Engineering,2023,Journal Article,eng,retrieved,UNCERTAIN_REQUIRES_SCREENING,TITLE_ABSTRACT_REVIEW_REQUIRED,,,,,,,,
4372,TA-18,36965859,10.1016/j.jdent.2023.104485,Artificial intelligence and augmented reality for guided implant surgery planning: A proof of concept.,"To present a novel protocol for authentic three-dimensional (3D) planning of dental implants, using artificial intelligence (AI) and augmented reality (AR). The novel protocol consists of (1) 3D data acquisition, with an intraoral scanner (IOS) and cone-beam computed tomography (CBCT); (2) application of AI for CBCT segmentation to obtain standard tessellation language (STL) models and automatic alignment with IOS models; (3) loading of selected STL models within the AR system and surgical planning with holograms; (4) surgical guide design with open-source computer-assisted-design (CAD) software; and (5) surgery on the patient. This novel protocol is effective and time-efficient when used for planning simple cases of static guided implant surgery in the partially edentulous patient. The clinician can plan the implants in an authentic 3D environment, without using any radiological guided surgery software. The precision of implant placement looks clinically acceptable, with minor deviations. AI and AR technologies can be successfully used in guided implant surgery for authentic 3D planning that may replace conventional software. However, further clinical studies are needed to validate this protocol. The combined use of AI and AR may change the perspectives of modern guided implant surgery for authentic 3D planning that may replace conventional software.",Francesco Guido Mangano; Oleg Admakin; Henriette Lerner; Carlo Mangano,Journal of dentistry,2023,Journal Article,eng,retrieved,UNCERTAIN_REQUIRES_SCREENING,TITLE_ABSTRACT_REVIEW_REQUIRED,,,,,,,,
4373,TA-18,36965106,10.1002/ijgo.14765,Clinical use of mixed reality for laparoscopic myomectomy.,,Yoshifumi Ochi; Shiori Yanai; Yasunori Yoshino; Mari Sawada; Shintaro Sakate; Kiyoshi Kanno; Masaaki Andou,International journal of gynaecology and obstetrics: the official organ of the International Federation of Gynaecology and Obstetrics,2023,Journal Article,eng,retrieved,UNCERTAIN_REQUIRES_SCREENING,TITLE_ABSTRACT_REVIEW_REQUIRED,,,,,,,,
4374,TA-18,36960464,10.2147/JPR.S400955,Augmented Reality-Assisted Navigation System for Transforaminal Epidural Injection.,"Multiple studies have attempted to demonstrate the benefits of augmented reality (AR)-assisted navigation systems in surgery. Lumbosacral transforaminal epidural injection is an effective treatment commonly used in patients with radiculopathy due to spinal degenerative pathologies. However, few studies have applied AR-assisted navigation systems to this procedure. The study aimed to investigate the safety and effectiveness of an AR-assisted navigation system for transforaminal epidural injection. Through a real-time tracking system and a wireless network to the head-mounted display, computed tomography images of the spine and the path of a spinal needle to the target were visualized on a torso phantom with respiration movements installed. From L1/L2 to L5/S1, needle insertions were performed using an AR-assisted system on the left side of the phantom, and the conventional method was performed on the right side. The procedure duration was approximately three times shorter, and the number of radiographs required was reduced in the experimental group compared to the control group. The distance from the needle tips to the target areas in the plan showed no significant difference between the two groups. (AR group 1.7 ± 2.3mm, control group 3.2 ± 2.8mm, P value 0.067). An AR-assisted navigation system may be used to reduce the time required for spinal interventions and ensure the safety of patients and physicians in view of radiation exposure. Further studies are essential to apply AR-assisted navigation systems to spine interventions.",Eun Kyung Jun; Sunghwan Lim; Joonho Seo; Kae Hong Lee; Jae Hee Lee; Deukhee Lee; Jae Chul Koh,Journal of pain research,2023,Journal Article,eng,retrieved,UNCERTAIN_REQUIRES_SCREENING,TITLE_ABSTRACT_REVIEW_REQUIRED,,,,,,,,
4375,TA-18,36960033,10.46374/volxxv_issue1_blanchard,Effects of an Experiential Trauma Bootcamp on PGY 3 Anesthesiology Residents' Knowledge and Confidence Levels.,"Bootcamp-style education involves short, intense educational sessions and is a proven educational modality in anesthesia medical education. However, rarely has it been used with senior anesthesiology residents and never in exposing these residents to a curriculum aimed at care of the trauma patient. The purpose of this study was to design and implement an experiential bootcamp to prepare anesthesiology residents to take senior trauma call at a Level 1 trauma center in the Southeastern United States. Before taking senior trauma call, 21 postgraduate year 3 anesthesiology residents took part in an 8-hour trauma bootcamp that combined flipped classroom-style education with immersive, procedural, and augmented reality simulation facilitated by subject matter experts. Before and after the bootcamp, residents completed 17-item confidence and 20-item knowledge questionnaires developed by the study authors. Results were compared before and after the bootcamp to determine overall change in confidence and knowledge levels pertaining to caring for trauma patients and taking senior trauma call. Additionally, residents completed an evaluation measuring their perceptions of the benefit of the educational offering. Statistically significant increases were seen in 16 out of 17 confidence questions (P < .001) and 12 out of 20 knowledge questions (P < .001). Additionally, respondents indicated that they found the content to be valuable and likely to improve their care delivery within the clinical setting. Following this bootcamp, postcourse surveys demonstrated that residents' knowledge and confidence increased significantly through simulation combined with a flipped-classroom approach in preparation for senior trauma call.",Brittney Clark; Erin E Blanchard; Grace Rafield; Lee Ann Riesenberg; Bhavika N Patel; Andrew Hackney; Michelle Tubinis,The journal of education in perioperative medicine : JEPM,2023,Journal Article,eng,retrieved,UNCERTAIN_REQUIRES_SCREENING,TITLE_ABSTRACT_REVIEW_REQUIRED,,,,,,,,
4376,TA-18,38875694,10.2196/42709,Mixed Reality Platforms in Telehealth Delivery: Scoping Review.,"The distinctive features of the digital reality platforms, namely augmented reality (AR), virtual reality (VR), and mixed reality (MR) have extended to medical education, training, simulation, and patient care. Furthermore, this digital reality technology seamlessly merges with information and communication technology creating an enriched telehealth ecosystem. This review provides a composite overview of the prospects of telehealth delivered using the MR platform in clinical settings. This review identifies various clinical applications of high-fidelity digital display technology, namely AR, VR, and MR, delivered using telehealth capabilities. Next, the review focuses on the technical characteristics, hardware, and software technologies used in the composition of AR, VR, and MR in telehealth. We conducted a scoping review using the methodological framework and reporting design using the PRISMA-ScR (Preferred Reporting Items for Systematic Reviews and Meta-Analyses Extension for Scoping Reviews) guidelines. Full-length articles in English were obtained from the Embase, PubMed, and Web of Science databases. The search protocol was based on the following keywords and Medical Subject Headings to obtain relevant results: ""augmented reality,"" ""virtual reality,"" ""mixed-reality,"" ""telemedicine,"" ""telehealth,"" and ""digital health."" A predefined inclusion-exclusion criterion was developed in filtering the obtained results and the final selection of the articles, followed by data extraction and construction of the review. We identified 4407 articles, of which 320 were eligible for full-text screening. A total of 134 full-text articles were included in the review. Telerehabilitation, telementoring, teleconsultation, telemonitoring, telepsychiatry, telesurgery, and telediagnosis were the segments of the telehealth division that explored the use of AR, VR, and MR platforms. Telerehabilitation using VR was the most commonly recurring segment in the included studies. AR and MR has been mainly used for telementoring and teleconsultation. The most important technical features of digital reality technology to emerge with telehealth were virtual environment, exergaming, 3D avatars, telepresence, anchoring annotations, and first-person viewpoint. Different arrangements of technology-3D modeling and viewing tools, communication and streaming platforms, file transfer and sharing platforms, sensors, high-fidelity displays, and controllers-formed the basis of most systems. This review constitutes a recent overview of the evolving digital AR and VR in various clinical applications using the telehealth setup. This combination of telehealth with AR, VR, and MR allows for remote facilitation of clinical expertise and further development of home-based treatment. This review explores the rapidly growing suite of technologies available to users within the digital health sector and examines the opportunities and challenges they present.",Hemendra Worlikar; Sean Coleman; Jack Kelly; Sadhbh O'Connor; Aoife Murray; Terri McVeigh; Jennifer Doran; Ian McCabe; Derek O'Keeffe,JMIR biomedical engineering,2023,Journal Article; Scoping Review,eng,retrieved,UNCERTAIN_REQUIRES_SCREENING,TITLE_ABSTRACT_REVIEW_REQUIRED,,,,,,,,
4377,TA-18,36952495,10.1371/journal.pone.0282698,Extended reality as a training method for medical first responders in mass casualty incidents: A protocol for a systematic review.,"Mass-casualty incidents (MCIs) and disasters require an organised and effective response from medical first responders (MFRs). As such, novel training methods have emerged to prepare and adequately train MFRs for these challenging situations. Particular focus should be placed on extended reality (XR), which encompasses virtual, augmented and mixed reality (VR, AR, and MR, respectively), and allows participants to develop high-quality skills in realistic and immersive environments. Given the rapid evolution of high-fidelity simulation technology and its advantages, XR simulation has become a promising tool for emergency medicine. Accordingly, this systematic review aims to: 1) evaluate the effectiveness of XR training methods and 2) explore the experience of MFRs undergoing such training. A comprehensive search strategy will encompass four distinct themes: MFRs, disasters/MCIs, education and simulation, and XR. Four databases (MEDLINE, EMBASE, CINAHL and LILACs) will be searched along with an in-depth examination of the grey literature and reference lists of relevant articles. MetaQAT will be used as a study quality assessment tool and integrated into Covidence as part of the data extraction form. Given the predicted high heterogeneity between studies, it may not be possible to standardise data for quantitative comparison and meta-analysis. Thus, data will be synthesised in a narrative, semi-quantitative manner. This review will examine the existing literature on the effectiveness of XR simulation as a tool to train MFRs for MCIs, which could ultimately improve preparedness and response to disasters. Protocol registration: PROSPERO CRD42021275692.",Lucía Otero-Varela; Ana María Cintora; Salvador Espinosa; María Redondo; Miriam Uzuriaga; Myriam González; Mario García; Jessica Naldrett; Juan Alonso; Tatiana Vazquez; Alberto Blanco; María Del Carmen Cardós Alonso,PloS one,2023,"Journal Article; Research Support, Non-U.S. Gov't",eng,retrieved,UNCERTAIN_REQUIRES_SCREENING,TITLE_ABSTRACT_REVIEW_REQUIRED,,,,,,,,
4378,TA-18,36950645,10.1016/j.heliyon.2023.e14181,Augmented reality for training formation flights: An analysis of human factors.,"Pilot training has been, for decades, aided by flight simulators with different characteristics and degrees of fidelity. However, many studies indicate that, despite the recognized contribution of simulator training, actual flying practice is still necessary, depending on the trained task. This work introduces the proposal of using augmented reality for in-flight training, where elements in the environment outside the aircraft are displayed through an augmented reality headset to create a simulation scenario. The training of basic formation flight is used as an example, as it requires flying with at least two aircraft, resulting in high operational costs and risk of collision between aircraft. In this case, the augmented reality system replaces the real leader aircraft with a projection. In order to evaluate the Technology Readiness Level (TRL) of this proposal, this work presents a prototype of an augmented reality system integrated into a flight simulator to conduct an evaluation campaign. We investigate how the introduction of the augmented reality system impacts on human factors, such as stress and workload, as well as performance. Although the results obtained in a simulated environment are not equivalent to those from an in-flight campaign, the experimental campaign performed in the flight simulator provides a way of evaluating the impact on the pilot of some aspects of the proposed solution, such as the performance of occlusion routines and some ergonomic aspects of the augmented reality headset.",Diego Hernandez Arjoni; Ivan de Souza Rehder; José Márcio Pereira Figueira; Emília Villani,Heliyon,2023,Journal Article,eng,retrieved,UNCERTAIN_REQUIRES_SCREENING,TITLE_ABSTRACT_REVIEW_REQUIRED,,,,,,,,
4379,TA-18,36950597,10.1016/j.heliyon.2023.e13720,Assessing the influence of industry 4.0 technologies on occupational health and safety.,"The aim of this article is to know the impact that the different Industry 4.0 technologies have on occupational health and safety risks, with special attention to the new emerging risks generated. To achieve this objective, an analysis of the literature was carried out. It allowed us to design a survey that was answered by 130 managers and/or technicians of pioneering companies in the development of Industry 4.0 technologies. Next, 32 of these projects were selected and a multiple case study was conducted through 37 in-depth interviews. Moreover, other source of information were analysed (project reports, technical reports, websites..). The findings highlight that the analysed technologies (Additive Manufacturing, Artificial Intelligence, Artificial Vision, Big Data and/or Advanced Analytics, Cybersecurity, Internet of Things, Robotics and Virtual and Augmented Reality) help to reduce occupational health and safety risks (physical and mechanical). However, its impact depends on the type of technology and the method of application. Influences in new emerging risks (mainly psychosocial and mechanical) have been detected in all technologies except in Internet of Things. In addition, additive manufacturing, artificial intelligence, machine vision, the internet of things, robotics and virtual and augmented reality help to reduce ergonomic risks and artificial intelligence, big data and cybersecurity psychosocial risks. The results obtained have implications for policy makers, managers, consultants and those in charge of managing occupational health and safety risks in industrial companies.",Germán Arana-Landín; Iker Laskurain-Iturbe; Mikel Iturrate; Beñat Landeta-Manzano,Heliyon,2023,Journal Article,eng,retrieved,UNCERTAIN_REQUIRES_SCREENING,TITLE_ABSTRACT_REVIEW_REQUIRED,,,,,,,,
4380,TA-18,36949483,10.1186/s12909-023-04173-9,A mixed-reality stimulator for lumbar puncture training: a pilot study.,"The simulation is one of the basic methods of medical education, which is often used for procedural skills training. However, the existing simulator lacks internal anatomical landmarks. The study developed a mixed-reality stimulator and evaluated its usability and feasibility in lumbar puncture training. The study recruited 40 subjects, including medical students, residents and faulty with varied levels of experience. Before training, participants completed the questionnaire about the basic information and watched a presentation about mixed reality. After practicing on mixed-reality stimulator, which provided internal anatomical structure, the examination was carried out and the results were documented. At the end of the training, trainees completed a survey of MR technology. In this study, participants generally believed that the MR technology was very realistic (90%), and that the presentation of internal anatomy could help the operation (95%). Moreover, 72.5% and 75%, respectively, strongly agreed that the MR technology promoted learning and should be used in medical training. After this training, the success rate of puncture and the puncture time were significantly improved in experienced and non-experienced participants. The existing simulator was easy to be transformed into MR simulator. This study showed the usability and feasibility of MR simulator in lumbar puncture training. As a potentially good tool to simulated medical skills training, next, MR technology would be developed and evaluated in more clinical skills teaching scenarios.",Xiaojing Huang; Zhaoxia Yan; Chao Gong; Zheliang Zhou; Hua Xu; Chunhui Qin; Zhenwei Wang,BMC medical education,2023,Journal Article,eng,retrieved,UNCERTAIN_REQUIRES_SCREENING,TITLE_ABSTRACT_REVIEW_REQUIRED,,,,,,,,
4381,TA-18,36949337,10.1038/s41586-023-05732-2,Dense reinforcement learning for safety validation of autonomous vehicles.,"One critical bottleneck that impedes the development and deployment of autonomous vehicles is the prohibitively high economic and time costs required to validate their safety in a naturalistic driving environment, owing to the rarity of safety-critical events1. Here we report the development of an intelligent testing environment, where artificial-intelligence-based background agents are trained to validate the safety performances of autonomous vehicles in an accelerated mode, without loss of unbiasedness. From naturalistic driving data, the background agents learn what adversarial manoeuvre to execute through a dense deep-reinforcement-learning (D2RL) approach, in which Markov decision processes are edited by removing non-safety-critical states and reconnecting critical ones so that the information in the training data is densified. D2RL enables neural networks to learn from densified information with safety-critical events and achieves tasks that are intractable for traditional deep-reinforcement-learning approaches. We demonstrate the effectiveness of our approach by testing a highly automated vehicle in both highway and urban test tracks with an augmented-reality environment, combining simulated background vehicles with physical road infrastructure and a real autonomous test vehicle. Our results show that the D2RL-trained agents can accelerate the evaluation process by multiple orders of magnitude (103 to 105 times faster). In addition, D2RL will enable accelerated testing and training with other safety-critical autonomous systems.",Shuo Feng; Haowei Sun; Xintao Yan; Haojie Zhu; Zhengxia Zou; Shengyin Shen; Henry X Liu,Nature,2023,"Journal Article; Research Support, U.S. Gov't, Non-P.H.S.; Research Support, Non-U.S. Gov't",eng,retrieved,UNCERTAIN_REQUIRES_SCREENING,TITLE_ABSTRACT_REVIEW_REQUIRED,,,,,,,,
4382,TA-18,36945873,10.4235/agmr.23.0016,Effectiveness of an Exercise Program for Older Adults Using an Augmented Reality Exercise Platform: A Pilot Study.,"With the rapid progression of population aging worldwide, the health management of older adults is emerging as an important topic. To help prevent declines in physical and cognitive function due to aging, older adults must maintain consistent physical activity. The development of digital technology has recently allowed the optimization of exercise programs for older adults using augmented reality (AR) game technology. Fifteen older adult females were enrolled in an AR-based exercise program. The program was conducted for 30 minutes, three times weekly, for a total of 6 weeks. To verify the effectiveness of the program and assess physical function before and after exercise, the following tests were performed: timed up-and-go test, five times sit-to-stand test, 1-minute sit-to-stand test, lung capacity test, respiratory muscle strength test, and bioelectrical impedance analysis. The Trail Making Test was used to evaluate cognitive function. For statistical analysis, a paired t-test was used to verify the effects on physical and cognitive function before and after exercise. The study results confirmed improved overall physical and cognitive function. The timed up-and-go test, maximal inspiratory pressure, and Trail Making Test part B scores showed significant increases. This study verified the effectiveness of AR exercise in community-dwelling older adult women. In the future, exercise programs with game elements that increase the interest and motivation of participants to engage in exercise routines should be developed and applied.",Tae Sung Park; Myung-Jun Shin,Annals of geriatric medicine and research,2023,Journal Article,eng,retrieved,UNCERTAIN_REQUIRES_SCREENING,TITLE_ABSTRACT_REVIEW_REQUIRED,,,,,,,,
4383,TA-18,36941148,10.1016/j.eururo.2023.02.024,Improving Augmented Reality Through Deep Learning: Real-time Instrument Delineation in Robotic Renal Surgery.,"Several barriers prevent the integration and adoption of augmented reality (AR) in robotic renal surgery despite the increased availability of virtual three-dimensional (3D) models. Apart from correct model alignment and deformation, not all instruments are clearly visible in AR. Superimposition of a 3D model on top of the surgical stream, including the instruments, can result in a potentially hazardous surgical situation. We demonstrate real-time instrument detection during AR-guided robot-assisted partial nephrectomy and show the generalization of our algorithm to AR-guided robot-assisted kidney transplantation. We developed an algorithm using deep learning networks to detect all nonorganic items. This algorithm learned to extract this information for 65 927 manually labeled instruments on 15 100 frames. Our setup, which runs on a standalone laptop, was deployed in three different hospitals and used by four different surgeons. Instrument detection is a simple and feasible way to enhance the safety of AR-guided surgery. Future investigations should strive to optimize efficient video processing to minimize the 0.5-s delay currently experienced. General AR applications also need further optimization, including detection and tracking of organ deformation, for full clinical implementation.",Pieter De Backer; Charles Van Praet; Jente Simoens; Maria Peraire Lores; Heleen Creemers; Kenzo Mestdagh; Charlotte Allaeys; Saar Vermijs; Pietro Piazza; Angelo Mottaran; Carlo A Bravi; Marco Paciotti; Luca Sarchi; Rui Farinha; Stefano Puliatti; Francesco Cisternino; Federica Ferraguti; Charlotte Debbaut; Geert De Naeyer; Karel Decaestecker; Alexandre Mottrie,European urology,2023,"Case Reports; Research Support, Non-U.S. Gov't; Journal Article",eng,retrieved,UNCERTAIN_REQUIRES_SCREENING,TITLE_ABSTRACT_REVIEW_REQUIRED,,,,,,,,
4384,TA-18,36939683,10.1080/15389588.2023.2186735,Inattentional blindness to unexpected hazard in augmented reality head-up display assisted driving: The impact of the relative position between stimulus and augmented graph.,"An augmented reality head-up display (AR-HUD) is a promising technology in assisted driving. It provides additional information in the driving environment. However, considering the registration problem related to the limitations of interactive technology, we suspect that an AR-HUD may not be able to recognize unpredictable stimuli in a timely manner, inducing inattentional blindness to these non-augmented stimuli. Actually, non-augmented stimuli may accidentally have a brief superimposition to AR graphics. This condition may also influence the rate of inattentional blindness accordingly. Thus, this study examined the problem of inattentional blindness in AR-HUD systems that may result from the immaturity of AR technology. We investigated the impact of AR graphic position (peripheral AOI v.s. central AOI) and the relative position of the AR graphic on unpredictable stimuli (on-HUD hazard v.s. off-HUD hazard) on the occurrence of inattentional blindness. Thirty Participants watched an AR-augmented driving video that included four augmented conditions. Participants were instructed to respond to four critical events (speeding, running of red lights, unexpected pedestrians or motorcycles). The rate of inattentional blindness and response time were recorded. We only analyzed data on unexpected pedestrian and motorcycle incidents. The relative position of the AR graphic on unpredictable stimuli and AR graphic positions significantly affected the rate of inattentional blindness and response time. Drivers had a higher rate of inattentional blindness to the unpredictable stimulus briefly superimposed on the AR graphic (i.e., on-HUD hazard) in the peripheral visual field (i.e., peripheral AOI). Also, drivers exhibited a higher rate of inattentional blindness to the unpredictable stimuli outside the AR graphic (i.e., off-HUD hazard) in the central visual field (i.e., central AOI). The study is expected to be beneficial for furthering the design of an AR-HUD-assisted system to reduce inattentional blindness in driving. Our results found that in the peripheral visual field, unpredictable stimuli accidentally superimposed on the AR graphic (i.e., on-HUD hazard) lead to a higher probability of ignoring the accidental events and seemed to require a longer response time for drivers. This study illustrated that inattentional blindness to non-augmented stimuli is also influenced by the AR graphic position when AR technology fails to augment them in a timely manner. An important recommendation emerging from this work is to consider the design of AR graphics according to the AR graphic positions and stimulus types to reduce the occurrence of inattentional blindness.",Wanting Chen; Jiaqing Song; Yuwei Wang; Changxu Wu; Shu Ma; Duming Wang; Zhen Yang; Hongting Li,Traffic injury prevention,2023,"Journal Article; Research Support, Non-U.S. Gov't",eng,retrieved,UNCERTAIN_REQUIRES_SCREENING,TITLE_ABSTRACT_REVIEW_REQUIRED,,,,,,,,
4385,TA-18,36938302,10.3389/ijph.2023.1605630,Young Adults' Perspectives on the Implications of an Augmented Reality Mobile Game for Communities' Public Health: A Qualitative Study.,"Objectives: Several physical, psychological, and social health consequences are caused by smartphone users' addiction to games. A location-based game (LBG), Pokémon GO, recently garnered significant attention from young people. This study aims to explore their experiences with this game and motivations for playing, investigating their perspectives on the game's implications for themselves and the public health of their communities. Methods: Ten qualitative focus group interviews were conducted. Young adults, aged 18-25 years (n = 60), were recruited in Hong Kong. Data were analyzed using a thematic approach. Results: Five themes emerged: 1) missing out or self-regulation, 2) childhood memories of Pokémon, 3) extending virtual-reality exploration, 4) spending more time outdoors walking and exercising, and 5) getting together with others and social interaction. Conclusions: This study showcases the motivational factors of young adults and their cohorts in societies worldwide. LBGs may impact players' physical and social activity levels, and behavior. Nonetheless, certain negatives were identified (i.e., addiction and behavior resulting from a loss of self-control). These negatives deserve health practitioners' attention and future studies should explore possible public health interventions.",Yuk Chiu Yip; Ka Huen Yip; Wai King Tsui,International journal of public health,2023,Journal Article,eng,retrieved,UNCERTAIN_REQUIRES_SCREENING,TITLE_ABSTRACT_REVIEW_REQUIRED,,,,,,,,
4386,TA-18,36935774,10.1038/s42256-022-00549-6,Development of metaverse for intelligent healthcare.,"The metaverse integrates physical and virtual realities, enabling humans and their avatars to interact in an environment supported by technologies such as high-speed internet, virtual reality, augmented reality, mixed and extended reality, blockchain, digital twins and artificial intelligence (AI), all enriched by effectively unlimited data. The metaverse recently emerged as social media and entertainment platforms, but extension to healthcare could have a profound impact on clinical practice and human health. As a group of academic, industrial, clinical and regulatory researchers, we identify unique opportunities for metaverse approaches in the healthcare domain. A metaverse of 'medical technology and AI' (MeTAI) can facilitate the development, prototyping, evaluation, regulation, translation and refinement of AI-based medical practice, especially medical imaging-guided diagnosis and therapy. Here, we present metaverse use cases, including virtual comparative scanning, raw data sharing, augmented regulatory science and metaversed medical intervention. We discuss relevant issues on the ecosystem of the MeTAI metaverse including privacy, security and disparity. We also identify specific action items for coordinated efforts to build the MeTAI metaverse for improved healthcare quality, accessibility, cost-effectiveness and patient satisfaction.",Ge Wang; Andreu Badal; Xun Jia; Jonathan S Maltz; Klaus Mueller; Kyle J Myers; Chuang Niu; Michael Vannier; Pingkun Yan; Zhou Yu; Rongping Zeng,Nature machine intelligence,2022,Journal Article,eng,retrieved,UNCERTAIN_REQUIRES_SCREENING,TITLE_ABSTRACT_REVIEW_REQUIRED,,,,,,,,
4387,TA-18,36934457,10.1002/ohn.325,Virtual Resection Specimen Interaction Using Augmented Reality Holograms to Guide Margin Communication and Flap Sizing.,"Head and neck surgeons often have difficulty in relocating sites of positive margins due to the complex 3-dimensional (3D) anatomy of the head and neck. We introduce a new technique where resection specimens are 3D scanned with a smartphone, annotated in computer-assisted design software, and immediately visualized on augmented reality (AR) glasses. The 3D virtual specimen can be accurately superimposed onto surgical sites for orientation and sizing applications. During an operative workshop, a surgeon using AR glasses projected virtual, annotated specimen models back into the resection bed onto a cadaver within approximately 10 minutes. Colored annotations can correspond with pathologic annotations and guide the orientation of the virtual 3D specimen. The model was also overlayed onto a flap harvest site to aid in reconstructive planning. We present a new technique allowing interactive, sterile inspection of tissue specimens in AR that could facilitate communication among surgeons and pathologists and assist with reconstructive surgery.",Fabian N Necker; Marcello Chang; Christoph Leuze; Michael C Topf; Bruce L Daniel; Fred M Baik,Otolaryngology--head and neck surgery : official journal of American Academy of Otolaryngology-Head and Neck Surgery,2023,"Journal Article; Research Support, Non-U.S. Gov't",eng,retrieved,UNCERTAIN_REQUIRES_SCREENING,TITLE_ABSTRACT_REVIEW_REQUIRED,,,,,,,,
4388,TA-18,36934270,10.1186/s12938-023-01090-2,Post-procedure micro-CT analyses of coronary artery stenting in left main vessels of reanimated and perfusion-fixed human hearts.,"Percutaneous coronary interventions (PCIs) within left main coronary arteries are high-risk procedures that require optimization of interactions between stent(s) and diseased vessels. Optical Coherence Tomography (OCT) is a widely accepted tool that enhances physicians' ability to assess proper stent appositions during clinical procedures. The primary aim of this study was to develop complementary post-procedure imaging methodologies to better assess and interpret outcomes of left main PCI procedures, utilizing both reanimated and perfusion-fixed human hearts. PCIs were performed while obtaining OCT scans within the left main anatomies of six human hearts. Subsequently, each heart was scanned with a micro-CT scanner with optimized parameters to achieve resolutions up to 20 µm. Scans were reconstructed and imported into a DICOM segmentation software to generate computational models of implanted stents and associated coronary vessels. 2D images from OCT that were obtained during PCIs were compared to the 3D models generated from micro-CT reconstructions. In addition, the 3D models were utilized to create virtual reality scenes and enlarged 3D prints for development of ""mixed reality"" tools relative to bifurcation stenting within human left main coronary arteries. We developed reproducible methodologies for post-implant analyses of coronary artery stenting procedures. In addition, we generated high-resolution 3D computational models, with ~ 20-micron resolutions, of PCIs performed within reanimated and perfusion-fixed heart specimens. Generated computational models of left main PCIs performed in isolated human hearts can be used to obtain detailed measurements that provide further clinical insights on procedural outcomes. The 3D models from these procedures are useful for generating virtual reality scenes and 3D prints for physician training and education.",Thomas F Valenzuela; Paul A Iaizzo,Biomedical engineering online,2023,Journal Article,eng,retrieved,UNCERTAIN_REQUIRES_SCREENING,TITLE_ABSTRACT_REVIEW_REQUIRED,,,,,,,,
4389,TA-18,36925097,10.1016/j.exppara.2023.108503,The mechanism of acid resistance by ornithine decarboxylase in Trichinella spiralis.,"Trichinella spiralis is a zoonotic parasite with worldwide distribution that can seriously harm human health and animal husbandry. Ornithine decarboxylase is a component of the acid resistance (AR) system in Escherichia coli. The aim of this study was to investigate the role that T. spiralis ornithine decarboxylase (TsODC) plays in the acid resistance mechanism of T. spiralis. This study involved assessing the transcription and expression of TsODC in worms under acidic conditions. According to mRNA sequences published by NCBI and the results of molecular biology experiments, the complete TsODC sequence was cloned and expressed. rTsODC had good immunogenicity, and immunofluorescence analysis revealed that TsODC was principally localized on the surface tissues of the nematode, especially at the head and tail. qRT‒PCR and Western blotting analysis indicated that the relative expression levels of TsODC mRNA and protein were highest when cultured at pH 2.5 for 2 h. The muscle larvae (ML) of T. spiralis were treated with curcumin and rapamycin, as well as arginine and TsODC polyantisera. The expression levels of TsODC mRNA and protein were significantly increased by arginine and suppressed by curcumin and rapamycin. After reducing the amount of TsODC, the relative expression of TsODC mRNA and the survival rate of T. spiralis ML were both reduced when compared to these values in the phosphate-buffered saline (PBS) group. The results indicated that TsODC is a member of the T. spiralis AR system and different treatments on TsODC have different effects; thus, these treatments might be a new way to prevent T. spiralis infection.",Shuang Wang; Shi Meng; Xiao Yang; Bohan Zhang; Jian Hui Zhang; Zhi Kun Bai; Ming Xin Song,Experimental parasitology,2023,Journal Article,eng,retrieved,UNCERTAIN_REQUIRES_SCREENING,TITLE_ABSTRACT_REVIEW_REQUIRED,,,,,,,,
4390,TA-18,36923061,,The Effect of Luminance on Depth Perception in Augmented Reality Guided Laparoscopic Surgery.,"Depth perception is a major issue in surgical augmented reality (AR) with limited research conducted in this scientific area. This study establishes a relationship between luminance and depth perception. This can be used to improve visualisation design for AR overlay in laparoscopic surgery, providing surgeons a more accurate perception of the anatomy intraoperatively. Two experiments were conducted to determine this relationship. First, an online study with 59 participants from the general public, and second, an in-person study with 10 surgeons as participants. We developed 2 open-source software tools utilising SciKit-Surgery libraries to enable these studies and any future research. Our findings demonstrate that the higher the relative luminance, the closer a structure is perceived to the operating camera. Furthermore, the higher the luminance contrast between the two structures, the higher the depth distance perceived. The quantitative results from both experiments are in agreement, indicating that online recruitment of the general public can be helpful in similar studies. An observation made by the surgeons from the in-person study was that the light source used in laparoscopic surgery plays a role in depth perception. This is due to its varying positioning and brightness which could affect the perception of the overlaid AR. We found that luminance directly correlates with depth perception for both surgeons and the general public, regardless of other depth cues. Future research may focus on comparing different colours used in surgical AR and using a mock operating room (OR) with varying light sources and positions.",Athena Reissis; Soojeong Yoo; Matthew J Clarkson; Stephen Thompson,Proceedings of SPIE--the International Society for Optical Engineering,2023,Journal Article,eng,retrieved,UNCERTAIN_REQUIRES_SCREENING,TITLE_ABSTRACT_REVIEW_REQUIRED,,,,,,,,
4391,TA-18,36921844,10.1016/j.urology.2022.12.067,Clinical Value of Mixed Reality-Assisted Puncture Navigation for Percutaneous Nephrolithotripsy.,"To evaluate the clinical value of mixed reality-assisted puncture navigation (MRAPN) in percutaneous nephrolithotripsy (PCNL). Two hundred patients undergoing PCN were enrolled, all of whom had kidney stones to be subjected to lithotripsy by PCNL and grouped according to surgical procedure into the MRAPN (n = 100) and non-mixed reality-assisted puncture (non-MRAPN) (n = 100) groups. CT data in DICOM format for all patients in the MRAPN group were imported into 3D reconstruction and mixed reality (MR) post-processing workstations, and holographic 3D visualization modelling. Comparing parameters such as the operative time (OT), puncture time (PT), number of attempts, and estimated blood loss (EBL), a Likert scale was used to assess the clinical value of MRAPN. The Cohen κ coefficient (k) was employed to evaluate consistency among assessors; safety was assessed. There were no significant differences in patient demographic indicators or preoperative general information between the MRAPN and non-MRAPN groups (P > .05). The clinical value of MRAPN was higher for subjective scores regarding surgical planning, intraoperative navigation, didactic guidance and physician-patient communication (all P < .001). The PT was significantly shorter in the MRAPN group (P < .001), with a shorter overall OT and lower EBL (P < .001). There were no significant differences in the overall comparison, length of hospital stay, or preoperative or postoperative creatinine (all P > .05). MRAPN can safely and effectively improve the success of PCN, reduce complications, and decrease the PT, OT, and EBL.",Zhiqiang Cao; Yiping Xiu; Dongyang Yu; Xinyang Li; Caleb Yang; Zhenhua Li,Urology,2023,Journal Article,eng,retrieved,UNCERTAIN_REQUIRES_SCREENING,TITLE_ABSTRACT_REVIEW_REQUIRED,,,,,,,,
4392,TA-18,36921464,10.1016/j.cmpb.2023.107467,Automatic registration of dental CT and 3D scanned model using deep split jaw and surface curvature.,"In the medical field, various image registration applications have been studied. In dentistry, the registration of computed tomography (CT) volume data and 3D optically scanned models is essential for various clinical applications, including orthognathic surgery, implant surgical planning, and augmented reality. Our purpose was to present a fully automatic registration method of dental CT data and 3D scanned models. We use a 2D convolutional neural network to regress a curve splitting the maxilla (i.e., upper jaw) and mandible (i.e., lower jaw) and the points specifying the front and back ends of the crown from the CT data. Using this regressed information, we extract the point cloud and vertices corresponding to the tooth crown from the CT and scanned data, respectively. We introduce a novel metric, called curvature variance of neighbor (CVN), to discriminate between highly fluctuating and smoothly varying regions of the tooth crown. The registration based on CVN enables more accurate fine registration while reducing the effects of metal artifacts. Moreover, the proposed method does not require any preprocessing such as extracting the iso-surface for the tooth crown from the CT data, thereby significantly reducing the computation time. We evaluated the proposed method with the comparison to several promising registration techniques. Our experimental results using three datasets demonstrated that the proposed method exhibited higher registration accuracy (i.e., 2.85, 1.92, and 7.73 times smaller distance errors for individual datasets) and smaller computation time (i.e., 4.12 times faster registration) than one of the state-of-the-art methods. Moreover, the proposed method worked considerably well for partially scanned data, whereas other methods suffered from the unbalancing of information between the CT and scanned data. The proposed method was able to perform fully automatic and highly accurate registration of dental CT data and 3D scanned models, even with severe metal artifacts. In addition, it could achieve fast registration because it did not require any preprocessing for iso-surface reconstruction from the CT data.",Minchang Kim; Minyoung Chung; Yeong-Gil Shin; Bohyoung Kim,Computer methods and programs in biomedicine,2023,Journal Article,eng,retrieved,UNCERTAIN_REQUIRES_SCREENING,TITLE_ABSTRACT_REVIEW_REQUIRED,,,,,,,,
4393,TA-18,36915633,10.1007/s10055-021-00565-8,"Effect of immersive visualization technologies on cognitive load, motivation, usability, and embodiment.","Virtual reality (VR) is a promising tool to promote motor (re)learning in healthy users and brain-injured patients. However, in current VR-based motor training, movements of the users performed in a three-dimensional space are usually visualized on computer screens, televisions, or projection systems, which lack depth cues (2D screen), and thus, display information using only monocular depth cues. The reduced depth cues and the visuospatial transformation from the movements performed in a three-dimensional space to their two-dimensional indirect visualization on the 2D screen may add cognitive load, reducing VR usability, especially in users suffering from cognitive impairments. These 2D screens might further reduce the learning outcomes if they limit users' motivation and embodiment, factors previously associated with better motor performance. The goal of this study was to evaluate the potential benefits of more immersive technologies using head-mounted displays (HMDs). As a first step towards potential clinical implementation, we ran an experiment with 20 healthy participants who simultaneously performed a 3D motor reaching and a cognitive counting task using: (1) (immersive) VR (IVR) HMD, (2) augmented reality (AR) HMD, and (3) computer screen (2D screen). In a previous analysis, we reported improved movement quality when movements were visualized with IVR than with a 2D screen. Here, we present results from the analysis of questionnaires to evaluate whether the visualization technology impacted users' cognitive load, motivation, technology usability, and embodiment. Reports on cognitive load did not differ across visualization technologies. However, IVR was more motivating and usable than AR and the 2D screen. Both IVR and AR rea ched higher embodiment level than the 2D screen. Our results support our previous finding that IVR HMDs seem to be more suitable than the common 2D screens employed in VR-based therapy when training 3D movements. For AR, it is still unknown whether the absence of benefit over the 2D screen is due to the visualization technology per se or to technical limitations specific to the device.",N Wenk; J Penalver-Andres; K A Buetler; T Nef; R M Müri; L Marchal-Crespo,Virtual reality,2023,Journal Article,eng,retrieved,UNCERTAIN_REQUIRES_SCREENING,TITLE_ABSTRACT_REVIEW_REQUIRED,,,,,,,,
4394,TA-18,36915507,10.1016/j.heliyon.2023.e14215,Reliable and cost-efficient protection scheme for 5G fronthaul/backhaul network.,"One of the challenges for Mobile Network Operators (MNO) in 5G deployment is to ensure reliability in the various sections of the network as the new services and applications, for instance, video on demand, telemedicine, online learning, smart transportation and augmented reality require not only high bandwidth but also demand uninterrupted service. However, this reliability requires substantial investment. Therefore, MNO only deploys protection or backup resources in the network unless it is cost-effective. The study aims to present a reliable and low-cost protection scheme based on an Ultra-Dense Wavelength Division Multiplexing Passive Optical Network (UDWDM PON) for the transport layer of the 5G network, i.e., for the fronthaul/backhaul section. We have evaluated the Capital Expenditure (CAPEX) cost of UDWDM PON with and without protection in a dense urban area. We also measure the figure of merit between the cost and reliability of the system and, subsequently, confirm that the proposed protection scheme can achieve system reliability up to four nines with very low additional CAPEX investment. Finally, the efficacy of the proposed protection scheme is also demonstrated through simulation experiments.",Syed Saeed Jaffer; Ashiq Hussain; Muhammad Ali Qureshi; Yousaf Khan; Jawad Mirza; Khurram Karim Qureshi; Muhammad Mahmood Ali,Heliyon,2023,Journal Article,eng,retrieved,UNCERTAIN_REQUIRES_SCREENING,TITLE_ABSTRACT_REVIEW_REQUIRED,,,,,,,,
4395,TA-18,36915310,10.21037/qims-22-658,Deep learning-based approach for the automatic segmentation of adult and pediatric temporal bone computed tomography images.,"Automatic segmentation of temporal bone computed tomography (CT) images is fundamental to image-guided otologic surgery and the intelligent analysis of CT images in the field of otology. This study was conducted to test a convolutional neural network (CNN) model that can automatically segment almost all temporal bone anatomy structures in adult and pediatric CT images. A dataset comprising 80 annotated CT volumes was collected, of which 40 samples were obtained from adults and 40 from children. A further 60 annotated CT volumes (30 from adults and 30 from children) were used to train the model. The remaining 20 annotated CT volumes were employed to determine the model's generalizability for automatic segmentation. Finally, the Dice coefficient (DC) and average symmetric surface distance (ASSD) were utilized as metrics to evaluate the performance of the CNN model. Two independent-sample t-tests were used to compare the test set results of adults and children. In the adult test set, the mean DC values of all the structures ranged from 0.714 to 0.912, and the ASSD values were less than 0.24 mm for 11 structures. In the pediatric test set, the mean DC values of all the structures ranged from 0.658 to 0.915, and the ASSD values were less than 0.18 mm for 11 structures. There was no statistically significant difference between the adult and child test sets in most temporal bone structures. Our CNN model shows excellent automatic segmentation performance and good generalizability for both adult and pediatric temporal bone CT images, which can help to advance otologist education, intelligent imaging diagnosis, surgery simulation, application of augmented reality, and preoperative planning for image-guided otology surgery.",Jia Ke; Yi Lv; Furong Ma; Yali Du; Shan Xiong; Junchen Wang; Jiang Wang,Quantitative imaging in medicine and surgery,2023,Journal Article,eng,retrieved,UNCERTAIN_REQUIRES_SCREENING,TITLE_ABSTRACT_REVIEW_REQUIRED,,,,,,,,
4396,TA-18,36908292,10.3389/fmedt.2023.1096289,A workflow for viewing biomedical computational fluid dynamics results and corresponding data within virtual and augmented reality environments.,"Researchers conducting computational fluid dynamics (CFD) modeling can spend weeks obtaining imaging data, determining boundary conditions, running simulations and post-processing files. However, results are typically viewed on a 2D display and often at one point in time thus reducing the dynamic and inherently three-dimensional data to a static image. Results from different pathologic states or cases are rarely compared in real-time, and supplementary data are seldom included. Therefore, only a fraction of CFD results are typically studied in detail, and associations between mechanical stimuli and biological response may be overlooked. Virtual and augmented reality facilitate stereoscopic viewing that may foster extraction of more information from CFD results by taking advantage of improved depth cues, as well as custom content development and interactivity, all within an immersive approach. Our objective was to develop a straightforward, semi-automated workflow for enhanced viewing of CFD results and associated data in an immersive virtual environment (IVE). The workflow supports common CFD software and has been successfully completed by novice users in about an hour, demonstrating its ease of use. Moreover, its utility is demonstrated across clinical research areas and IVE platforms spanning a range of cost and development considerations. We are optimistic that this advancement, which decreases and simplifies the steps to facilitate more widespread use of immersive CFD viewing, will foster more efficient collaboration between engineers and clinicians. Initial clinical feedback is presented, and instructional videos, manuals, templates and sample data are provided online to facilitate adoption by the community.",John Venn; Christopher E Larkee; Guilherme J M Garcia; Vitaliy L Rayz; John F LaDisa,Frontiers in medical technology,2023,Journal Article,eng,retrieved,UNCERTAIN_REQUIRES_SCREENING,TITLE_ABSTRACT_REVIEW_REQUIRED,,,,,,,,
4397,TA-18,36906086,10.1016/j.wneu.2023.02.144,Fluorescein-Guided Surgery for Malignant Gliomas.,"Fluorescein (FS) was first used to visualize malignant brain tumors in 1948. FS accumulates in malignant gliomas where the blood-brain barrier is disrupted and provides intraoperative visualization that is similar to preoperative contrast-enhanced T1 images in which gadolinium accumulation is seen.1 FS can be viewed under white light, but the use of an operating microscope fitted with a dedicated filter (YELLOW 560 nm Filter, Carl Zeiss Meditec, Oberkochen, Germany) allows us to significantly reduce the dose needed to highlight tumoral tissue.1,2 FS is excited at 460-500 nm and emits a green, fluorescent emission wavelength at 540-690 nm.2 It is virtually free of side effects and has low costs3 (approximately 6.9 USD each vial: Brazil). Video 1 presents a case of a 63-year-old man who underwent a left temporal craniotomy to remove a temporal polar tumor. The FS is administered at the time of anesthesia before a craniotomy. The tumor was then removed with standard microneurosurgical technique by the alternating use of white light and YELLOW 560 nm filter illumination. The use of FS was found ""helpful"" to discriminate the brain tissue and tumor tissue (bright yellow). Fluorescein-guided technique with a dedicated filter on the surgical microscope is safe and allows complete resection of high-grade gliomas.",Marcos Dellaretti; Matheus Tavares de Melo; Franklin Bernardes Faraj de Lima; Sofia Guazzelli; Bernardo Brant Ribeiro Costa; Pedro de Souza Silva Pereira; Rodrigo Espindula Torres,World neurosurgery,2023,Case Reports; Video-Audio Media; Journal Article,eng,retrieved,UNCERTAIN_REQUIRES_SCREENING,TITLE_ABSTRACT_REVIEW_REQUIRED,,,,,,,,
4398,TA-18,36905949,10.1016/j.jdent.2023.104476,Novel method for augmented reality guided endodontics: An in vitro study.,"The aim of this study is to evaluate the accuracy in endodontics of a novel augmented reality (AR) method for guided access cavity preparation in 3D-printed jaws. Two operators with different levels of experience in endodontics performed pre-planned virtually guided access cavities through a novel markerless AR system on three sets of 3D-printed jaw models (Objet Connex 350, Stratasys) mounted on a phantom. After the treatment, a post-operative high-resolution CBCT scan (NewTom VGI Evo, Cefla) was taken for each model and registered to the pre-operative model. All the access cavities were then digitally reconstructed by filling the cavity area using 3D medical software (3-Matic 15.0, materialize). For the anterior teeth and the premolars, the deviation at the coronal and apical entry points as well as the angular deviation of the access cavity were compared to the virtual plan. For the molars, the deviation at the coronal entry point was compared to the virtual plan. Additionally, the surface area of all access cavities at the entry point was measured and compared to the virtual plan. Descriptive statistics for each parameter were performed. A 95% confidence interval was calculated. A total of 90 access cavities were drilled up to a depth of 4 mm inside the tooth. The mean deviation in the frontal teeth and in the premolars at the entry point was 0.51 mm and 0.77 mm at the apical point, with a mean angular deviation of 8.5° and a mean surface overlap of 57%. The mean deviation for the molars at the entry point was 0.63 mm, with a mean surface overlap of 82%. The use of AR as a digital guide for endodontic access cavity drilling on different teeth showed promising results and might have potential for clinical use. However, further development and research might be needed before in vivo validation.",Marco Farronato; Andres Torres; Mariano S Pedano; Reinhilde Jacobs,Journal of dentistry,2023,Journal Article,eng,retrieved,UNCERTAIN_REQUIRES_SCREENING,TITLE_ABSTRACT_REVIEW_REQUIRED,,,,,,,,
4399,TA-18,36904877,10.3390/s23052673,A Decision-Aware Ambient Assisted Living System with IoT Embedded Device for In-Home Monitoring of Older Adults.,"Older adults' independent life is compromised due to various problems, such as memory impairments and decision-making difficulties. This work initially proposes an integrated conceptual model for assisted living systems capable of providing helping means for older adults with mild memory impairments and their caregivers. The proposed model has four main components: (1) an indoor location and heading measurement unit in the local fog layer, (2) an augmented reality (AR) application to make interactions with the user, (3) an IoT-based fuzzy decision-making system to handle the direct and environmental interactions with the user, and (4) a user interface for caregivers to monitor the situation in real time and send reminders once required. Then, a preliminary proof-of-concept implementation is performed to evaluate the suggested mode's feasibility. Functional experiments are carried out based on various factual scenarios, which validate the effectiveness of the proposed approach. The accuracy and response time of the proposed proof-of-concept system are further examined. The results suggest that implementing such a system is feasible and has the potential to promote assisted living. The suggested system has the potential to promote scalable and customizable assisted living systems to reduce the challenges of independent living for older adults.",Fatemeh Ghorbani; Amirmasoud Ahmadi; Mohammad Kia; Quazi Rahman; Mehdi Delrobaei,"Sensors (Basel, Switzerland)",2023,Journal Article,eng,retrieved,UNCERTAIN_REQUIRES_SCREENING,TITLE_ABSTRACT_REVIEW_REQUIRED,,,,,,,,
4400,TA-18,36904750,10.3390/s23052547,Self-Monitoring Diabetes-Related Foot Ulcers with the MyFootCare App: A Mixed Methods Study.,"People with diabetes-related foot ulcers (DFUs) need to perform self-care consistently over many months to promote healing and to mitigate risks of hospitalisation and amputation. However, during that time, improvement in their DFU can be hard to detect. Hence, there is a need for an accessible method to self-monitor DFUs at home. We developed a new mobile phone app, ""MyFootCare"", to self-monitor DFU healing progression from photos of the foot. The aim of this study is to evaluate the engagement and perceived value of MyFootCare for people with a plantar DFU over 3 months' duration. Data are collected through app log data and semi-structured interviews (weeks 0, 3, and 12) and analysed through descriptive statistics and thematic analysis. Ten out of 12 participants perceive MyFootCare as valuable to monitor progress and to reflect on events that affected self-care, and seven participants see it as potentially valuable to enhance consultations. Three app engagement patterns emerge: continuous, temporary, and failed engagement. These patterns highlight enablers for self-monitoring (such as having MyFootCare installed on the participant's phone) and barriers (such as usability issues and lack of healing progress). We conclude that while many people with DFUs perceive app-based self-monitoring as valuable, actual engagement can be achieved for some but not for all people because of various facilitators and barriers. Further research should target improving usability, accuracy and sharing with healthcare professionals and test clinical outcomes when using the app.",Bernd Ploderer; Damien Clark; Ross Brown; Joel Harman; Peter A Lazzarini; Jaap J Van Netten,"Sensors (Basel, Switzerland)",2023,Journal Article,eng,retrieved,UNCERTAIN_REQUIRES_SCREENING,TITLE_ABSTRACT_REVIEW_REQUIRED,,,,,,,,
4401,TA-18,36902573,10.3390/jcm12051785,Preoperative Mixed-Reality Visualization of Complex Tibial Plateau Fractures and Its Benefit Compared to CT and 3D Printing.,"Various studies have shown the benefit of three-dimensional (3D) computed tomography (CT) reconstruction and especially 3D printing in the treatment of tibial plateau fractures (TPFs). This study aimed to investigate whether mixed-reality visualization (MRV) using mixed-reality glasses can provide a benefit for CT and/or 3D printing in planning treatment strategies for complex TPFs. Three complex TPFs were selected for the study and processed for 3D imaging. Subsequently, the fractures were presented to specialists in trauma surgery using CT (including 3D CT reconstruction), MRV (hardware: Microsoft HoloLens 2; software: mediCAD MIXED REALITY) and 3D prints. A standardized questionnaire on fracture morphology and treatment strategy was completed after each imaging session. 23 surgeons from 7 hospitals were interviewed. A total of 69.6% (n = 16) of those had treated at least 50 TPFs. A change in fracture classification according to Schatzker was recorded in 7.1% of the cases and in 78.6% an adjustment of the ten-segment classification was observed after MRV. In addition, the intended patient positioning changed in 16.1% of the cases, the surgical approach in 33.9% and osteosynthesis in 39.3%. A total of 82.1% of the participants rated MRV as beneficial compared to CT regarding fracture morphology and treatment planning. An additional benefit of 3D printing was reported in 57.1% of the cases (five-point Likert scale). Preoperative MRV of complex TPFs leads to improved fracture understanding, better treatment strategies and a higher detection rate of fractures in posterior segments, and it thus has the potential to improve patient care and outcomes.",David Bitschi; Julian Fürmetz; Fabian Gilbert; Maximilian Jörgens; Julius Watrinet; Robert Pätzold; Clemens Lang; Claas Neidlein; Wolfgang Böcker; Markus Bormann,Journal of clinical medicine,2023,Journal Article,eng,retrieved,UNCERTAIN_REQUIRES_SCREENING,TITLE_ABSTRACT_REVIEW_REQUIRED,,,,,,,,
4402,TA-18,36900825,10.3390/ijerph20053814,An Educational Game to Teach Children about Air Quality Using Augmented Reality and Tangible Interaction with Sensors.,"Air pollution is known to be one of the main causes of injuries to the respiratory system and even premature death. Gases, particles, and biological compounds affect not only the air we breathe outdoors, but also indoors. Children are highly affected by the poor quality of the air they breathe because their organs and immune systems are still in the developmental stages. To contribute to raising children's awareness to these concerns, this article presents the design, implementation, and experimental validation of an serious augmented reality game for children to playfully learn about air quality by interacting with physical sensor nodes. The game presents visual representations of the pollutants measured by the sensor node, rendering tangible the invisible. Causal knowledge is elicited by stimulating the children to expose real-life objects (e.g., candles) to the sensor node. The playful experience is amplified by letting children play in pairs. The game was evaluated using the Wizard of Oz method in a sample of 27 children aged between 7 and 11 years. The results show that the proposed game, in addition to improving children's knowledge about indoor air pollution, is also perceived by them as easy to use and a useful learning tool that they would like to continue using, even in other educational contexts.",João Fernandes; Tomás Brandão; Susana Marta Almeida; Pedro Santana,International journal of environmental research and public health,2023,"Journal Article; Research Support, Non-U.S. Gov't",eng,retrieved,UNCERTAIN_REQUIRES_SCREENING,TITLE_ABSTRACT_REVIEW_REQUIRED,,,,,,,,
4403,TA-18,36892407,10.1093/postmj/qgad002,NeuroVerse: neurosurgery in the era of Metaverse and other technological breakthroughs.,"The tremendous evolution in modern technology has led to a paradigm shift in neurosurgery. The latest advancements such as augmented reality, virtual reality, and mobile applications have been incorporated into neurosurgical practice. NeuroVerse, representing the application of the metaverse in neurosurgery, brings enormous potential to neurology and neurosurgery. Implementation of NeuroVerse could potentially elevate neurosurgical and interventional procedures, enhance medical visits and patient care, and reshape neurosurgical training. However, it is also vital to consider the challenges that may be associated with its implementation, such as privacy issues, cybersecurity breaches, ethical concerns, and widening of existing healthcare inequalities. NeuroVerse adds phenomenal dimensions to the neurosurgical environment for patients, doctors, and trainees, and represents an incomparable advancement in the delivery of medicine. Therefore, more research is needed to encourage widespread use of the metaverse in healthcare, particularly focusing on the areas of morality and credibility. Although the metaverse is expected to expand rapidly during and after the COVID-19 pandemic, it remains to be seen whether it represents an emerging technology that will revolutionize our society and healthcare or simply an immature condition of the future.",Mrinmoy Kundu; Jyi Cheng Ng; Wireko Andrew Awuah; Helen Huang; Rohan Yarlagadda; Aashna Mehta; Esther Patience Nansubuga; Riaz Jiffry; Toufik Abdul-Rahman; Brian M Ou Yong; Vladyslav Sikora; Arda Isik,Postgraduate medical journal,2023,Journal Article,eng,retrieved,UNCERTAIN_REQUIRES_SCREENING,TITLE_ABSTRACT_REVIEW_REQUIRED,,,,,,,,
4404,TA-18,36891667,10.1024/0301-1526/a001062,"""Mixed Reality"" in patient education prior to abdominal aortic aneurysm repair.","Background: To investigate the usability of Mixed-Reality (MR) during patient education in patients scheduled for abdominal aortic aneurysm (AAA) repair. Patients and methods: Consecutive patients scheduled for elective AAA repair were block-randomized in either the Mixed-Reality group (MR group) or the conventional group (control group). Patients of both groups were educated about open and endovascular repair of their respective AAA. The MR group was educated using a head-mounted display (HMD) demonstrating a three-dimensional virtual reconstruction of the respective patient's vascular anatomy. The control group was educated using a conventional two-dimensional monitor to display the patient's vasculature. Outcomes were informational gain as well as patient satisfaction with the educational process. (DRKS-ID: DRKS00025174). Results: 50 patients were included with 25 patients in either group. Both groups demonstrated improvements in scores in the Informational Gain Questionnaire (IGQ) when comparing pre- and post-education scores. (MR group: 6.5 points (±1.8) versus 7.9 points (±1.5); Control group: 6.2 points (±1.8) versus 7.6 points (±1.6); p<0.01) There was no significant difference between the MR group and the control group either in informational gain (MR group: 1.4±1.8; Control group: 1.4±1.8; p=0.5) nor in patient satisfaction scores (MR group: mean 18.3 of maximum 21 points (±3.7); Control group: mean 17 of 21 points (±3.6); p=0.1) Multiple regression revealed no correlation between the use of MR and informational gain or patient satisfaction. Usability of the system was rated high, and patients' subjective assessment of MR was positive. Conclusions: The use of MR in patient education of AAA patients scheduled for elective repair is feasible. While patients reported positively on the use of MR in education, similar levels of informational gain and patient satisfaction can be achieved with MR and conventional methods.",Johannes Hatzl; Niklas Hartmann; Dittmar Böckler; Daniel Henning; Andreas Peters; Katrin Meisenbacher; Christian Uhl,VASA. Zeitschrift fur Gefasskrankheiten,2023,Journal Article; Randomized Controlled Trial,eng,retrieved,UNCERTAIN_REQUIRES_SCREENING,TITLE_ABSTRACT_REVIEW_REQUIRED,,,,,,,,
4405,TA-18,36889957,10.1063/5.0139229,High-precision cavity-enhanced spectroscopy for studying the H2-Ar collisions and interactions.,"Information about molecular collisions is encoded in the shapes of collision-perturbed molecular resonances. This connection between molecular interactions and line shapes is most clearly seen in simple systems, such as the molecular hydrogen perturbed by a noble gas atom. We study the H2-Ar system by means of highly accurate absorption spectroscopy and ab initio calculations. On the one hand, we use the cavity-ring-down-spectroscopy technique to record the shapes of the S(1) 3-0 line of molecular hydrogen perturbed by argon. On the other hand, we simulate the shapes of this line using ab initio quantum-scattering calculations performed on our accurate H2-Ar potential energy surface (PES). In order to validate the PES and the methodology of quantum-scattering calculations separately from the model of velocity-changing collisions, we measured the spectra in experimental conditions in which the influence of the latter is relatively minor. In these conditions, our theoretical collision-perturbed line shapes reproduce the raw experimental spectra at the percent level. However, the collisional shift, δ0, differs from the experimental value by 20%. Compared to other line-shape parameters, collisional shift displays much higher sensitivity to various technical aspects of the computational methodology. We identify the contributors to this large error and find the inaccuracies of the PES to be the dominant factor. With regard to the quantum scattering methodology, we demonstrate that treating the centrifugal distortion in a simple, approximate manner is sufficient to obtain the percent-level accuracy of collisional spectra.",N Stolarczyk; G Kowzan; F Thibault; H Cybulski; M Słowiński; Y Tan; J Wang; A-W Liu; S-M Hu; P Wcisło,The Journal of chemical physics,2023,Journal Article,eng,retrieved,UNCERTAIN_REQUIRES_SCREENING,TITLE_ABSTRACT_REVIEW_REQUIRED,,,,,,,,
4406,TA-18,36884275,10.2196/42145,Acceptability of a Health Care App With 3 User Interfaces for Older Adults and Their Caregivers: Design and Evaluation Study.,"The older population needs solutions for independent living and reducing the burden on caregivers while maintaining the quality and dignity of life. The aim of this study was to design, develop, and evaluate an older adult health care app that supports trained caregivers (ie, formal caregivers) and relatives (ie, informal caregivers). We aimed to identify the factors that affect user acceptance of interfaces depending on the user's role. We designed and developed an app with 3 user interfaces that enable remote sensing of an older adult's daily activities and behaviors. We conducted user evaluations (N=25) with older adults and their formal and informal caregivers to obtain an overall impression of the health care monitoring app in terms of user experience and usability. In our design study, the participants had firsthand experience with our app, followed by a questionnaire and individual interview to express their opinions on the app. Through the interview, we also identified their views on each user interface and interaction modality to identify the relationship between the user's role and their acceptance of a particular interface. The questionnaire answers were statistically analyzed, and we coded the interview answers based on keywords related to a participant's experience, for example, ease of use and usefulness. We obtained overall positive results in the user evaluation of our app regarding key aspects such as efficiency, perspicuity, dependability, stimulation, and novelty, with an average between 1.74 (SD 1.02) and 2.18 (SD 0.93) on a scale of -3.0 to 3.0. The overall impression of our app was favorable, and we identified that ""simple"" and ""intuitive"" were the main factors affecting older adults' and caregivers' preference for the user interface and interaction modality. We also identified a positive user acceptance of the use of augmented reality by 91% (10/11) of the older adults to share information with their formal and informal caregivers. To address the need for a study to evaluate the user experience and user acceptance by older adults as well as both formal and informal caregivers regarding the user interfaces with multimodal interaction in the context of health monitoring, we designed, developed, and conducted user evaluations with the target user groups. Our results through this design study show important implications for designing future health monitoring apps with multiple interaction modalities and intuitive user interfaces in the older adult health care domain.",Joo Chan Kim; Saguna Saguna; Christer Åhlund,JMIR human factors,2023,Journal Article,eng,retrieved,UNCERTAIN_REQUIRES_SCREENING,TITLE_ABSTRACT_REVIEW_REQUIRED,,,,,,,,
4407,TA-18,36883097,10.7759/cureus.34607,Augmented Reality Navigation Can Achieve Accurate Coronal Component Alignment During Total Knee Arthroplasty.,"Background Computer-navigated knee arthroplasty has been shown to improve accuracy over conventional instruments. The next generation of computer assistance is being developed using augmented reality. The accuracy of augmented reality navigation has not been established. Methods From April 2021 to October 2021, a prospective, consecutive series of 20 patients underwent total knee arthroplasty utilising an augmented reality-assisted navigation system (ARAN). The coronal and sagittal alignment of the femoral and tibial bone cuts was measured using the ARAN and the final position of the components was measured on postoperative CT scans. The absolute difference between the measurements was recorded to determine the accuracy of the ARAN. Results Two cases were excluded due to segmentation errors, leaving 18 cases for analysis. The ARAN produced a mean absolute error of 1.4°, 2.0°, 1.1° and 1.6° for the femoral coronal, femoral sagittal, tibial coronal and tibial sagittal alignments, respectively. No outliers (absolute error of >3°) were identified in femoral coronal or tibial coronal alignment measurements. Three outliers were identified in tibial sagittal alignment, with all cases demonstrating less tibial slope (by 3.1°, 3.3° and 4°). Five outliers were identified in femoral sagittal alignment and in all cases, the component was more extended (3.1°, 3.2°, 3.2°, 3.4° and 3.9°). The mean operative time significantly decreased from the first nine augmented reality cases to the final nine cases by 11 minutes (p<0.05). There was no difference in the accuracy between the early and late ARAN cases. Conclusion Augmented reality navigation can achieve accurate alignment of total knee arthroplasty with a low rate of component malposition in the coronal plane. Acceptable and consistent accuracy can be achieved from the initial adoption of this technique, however, some sagittal outliers were identified and there is a clear learning curve with respect to operating time. The level of evidence was IV.",Kyle M Bennett; Andrew Griffith; Francesca Sasanelli; Isaac Park; Simon Talbot,Cureus,2023,Journal Article,eng,retrieved,UNCERTAIN_REQUIRES_SCREENING,TITLE_ABSTRACT_REVIEW_REQUIRED,,,,,,,,
4408,TA-18,36880748,10.1177/11206721231159249,The photoreal new-age innovative pedagogical & counseling tool for glaucoma with 3D augmented reality (Eye MG AR).,"In this manuscript, we have reported an augmented reality (AR) application named, 'Eye MG AR' innovated by us, to show different anatomical/pathological parts of the eyeball pertaining to glaucoma, from multiple customized angles of the user's choice to simplify glaucoma learning and clinical counseling. It is available free of cost from the Google Play Store for Android users. Procedures ranging from a simple outpatient department procedure (yttrium aluminium garnet peripheral iridotomy) to a complex surgical technique (trabeculectomy/tube surgery) can be explained and counseled with this Android application. Also, complex structures such as the angle of the anterior chamber and optic nerve head, are constructed in advanced real-time three-dimensional (3D) high-resolution confocal images. These 3D models are useful for glaucoma neophytes' immersive learning and 3D patient counseling experiences. This AR tool aims to reinvent the approach to glaucoma counseling with 'Unreal Engine' software and is created in a patient-friendly approach. Incepting 3D pedagogy and counseling with AR in glaucoma with real-time and high-resolution TrueColor confocal images has never been reported in the literature according to our knowledge.",Prasanna Venkatesh Ramesh; Prajnya Ray; Tensingh Joshua; Aji Kunnath Devadas; Prakash Michael Raj; Shruthy Vaishali Ramesh; Meena Kumari Ramesh; Ramesh Rajasekaran,European journal of ophthalmology,2024,Journal Article,eng,retrieved,UNCERTAIN_REQUIRES_SCREENING,TITLE_ABSTRACT_REVIEW_REQUIRED,,,,,,,,
4409,TA-18,36879963,10.1016/j.heliyon.2023.e13857,3D reconstruction in complex parenchymal sparing liver surgery.,"Prognosis of stage IV colorectal cancer is related to control of liver metastasis. As of now, surgery provides survival advantage for patients affected by resectable colorectal liver metastases (CRLM), with parenchymal sparing strategies representing the most accepted strategy {[1]. In this setting, 3D reconstruction programs represent the newest available technological leap to improve anatomical accuracy [2]. Despite being quite expensive, 3D models have proved themselves as helpful adjunctive tools to enhance pre-operative strategy [3] in complex liver procedures, even in the eyes of expert hepatobiliary surgeons [4]. We present a video describing the practical use of a custom-made 3D model, acquired following specific quality criteria [2], for a case of bilateral CLRM after neoadjuvant chemotherapy. In our reported case and as described in the video, pre-operative visualization of 3D reconstructions altered significantly the pre-operative surgical plan. First, following the principles of parenchymal sparing surgery, challenging atypical resections of metastatic lesions close to main vessels (right posterior branch of the portal vein, inferior vena cava) were preferred to anatomic resections/major hepatectomies, allowing the highest projected future liver remnant volume possible (up to 65%) amongst different available strategies. Secondly, the order of hepatic resections was planned to follow a decreasing degree of difficulty, in order minimize the effect of blood redistribution after previous resections during parenchymal dissection (thus starting from atypical resections close to main vessels, followed by anatomical resections and atypical resections of superficial resections). In addition, the availability of the 3D model in the operating room was crucial in the surgical field to guide safe surgical pathways, especially during atypical resections of lesions close to the main vessels: detection and navigation were further enhanced thanks to tools of augmented reality that allowed the surgeon to manipulate the 3D model through a touchless sensor in a dedicated screen in the operating room and to replicate a mirroring snapshot of the surgical field, without compromising sterility nor the surgical set-up. In the setting of these complex liver procedures, the application of 3D printed models has been described [4]; when available, 3D printed models, particularly useful in the pre-operative phase when explaining the procedure to patients and relatives, have been reported to have comparable significant impact, with feedback from expert hepatobiliary surgeons that is very similar to the one we are reporting in our experience [4]. Routine use of 3D technology does not claim to revolutionize the world of traditional imaging but may be impactful in helping the surgeon visualize the anatomy of that specific individual in a dynamic and three-dimensional way that is similar to the surgical field, thus improving multidisciplinary preoperative planning and intraoperative navigation during complex liver surgery.",Alessandro Michele Bonomi; Alessia Kersik; Greta Bracchetti; Christian Cotsoglou,Heliyon,2023,Case Reports; Journal Article,eng,retrieved,UNCERTAIN_REQUIRES_SCREENING,TITLE_ABSTRACT_REVIEW_REQUIRED,,,,,,,,
4410,TA-18,36875636,10.1117/1.JMI.10.2.025001,HoloLens augmented reality system for transperineal free-hand prostate procedures.,"An augmented reality (AR) system was developed to facilitate free-hand real-time needle guidance for transperineal prostate (TP) procedures and to overcome the limitations of a traditional guidance grid. The HoloLens AR system enables the superimposition of annotated anatomy derived from preprocedural volumetric images onto a patient and addresses the most challenging part of free-hand TP procedures by providing real-time needle tip localization and needle depth visualization during insertion. The AR system accuracy, or the image overlay accuracy ( n = 56  ), and needle targeting accuracy ( n = 24  ) were evaluated within a 3D-printed phantom. Three operators each used a planned-path guidance method ( n = 4  ) and free-hand guidance ( n = 4  ) to guide needles into targets in a gel phantom. Placement error was recorded. The feasibility of the system was further evaluated by delivering soft tissue markers into tumors of an anthropomorphic pelvic phantom via the perineum. The image overlay error was 1.29 ± 0.57    mm  , and needle targeting error was 2.13 ± 0.52    mm  . The planned-path guidance placements showed similar error compared to the free-hand guidance ( 4.14 ± 1.08    mm  versus 4.20 ± 1.08    mm  , p = 0.90  ). The markers were successfully implanted either into or in close proximity to the target lesion. The HoloLens AR system can provide accurate needle guidance for TP interventions. AR support for free-hand lesion targeting is feasible and may provide more flexibility than grid-based methods, due to the real-time 3D and immersive experience during free-hand TP procedures.",Ming Li; Sherif Mehralivand; Sheng Xu; Nicole Varble; Ivane Bakhutashvili; Sandeep Gurram; Peter A Pinto; Peter L Choyke; Bradford J Wood; Baris Turkbey,"Journal of medical imaging (Bellingham, Wash.)",2023,Journal Article,eng,retrieved,UNCERTAIN_REQUIRES_SCREENING,TITLE_ABSTRACT_REVIEW_REQUIRED,,,,,,,,
4411,TA-18,36873518,10.1016/j.heliyon.2023.e13775,The effects of augmented reality on consumer responses in mobile shopping: The moderating role of task complexity.,"Augmented reality (AR) solutions help facilitate consumers' direct examinations, enhancing their shopping experiences in the digital commerce context. This study examines consumer responses to AR in mobile shopping. It investigates the relationships among perceived media richness, interactivity, telepresence, utilitarian and hedonic values, and behavioral intentions. Furthermore, it explores whether these relationships differ depending on consumers' perceived task complexity. A total of 279 mobile application users participated in the online survey. The participants were guided to answer an online questionnaire after utilizing an AR mobile application to purchase a jewelry product. The findings reveal that media richness and interactivity positively influence telepresence, and telepresence increases behavioral intentions through perceived utilitarian and hedonic values. The effect of interactivity on telepresence and the impact of telepresence on utilitarian value are higher for consumers with low task complexity perception. By contrast, the impact of telepresence on hedonic value is higher for consumers with high task complexity perception. The results suggest practical implications for mobile retailers that apply advanced AR technology in retailing.",Jungmin Yoo,Heliyon,2023,Journal Article,eng,retrieved,UNCERTAIN_REQUIRES_SCREENING,TITLE_ABSTRACT_REVIEW_REQUIRED,,,,,,,,
4412,TA-18,36869306,10.1186/s12909-023-04122-6,Can mixed reality technologies teach surgical skills better than traditional methods? A prospective randomised feasibility study.,"Basic surgical skills teaching is often delivered with didactic audio-visual content, and new digital technologies may allow more engaging and effective ways of teaching to be developed. The Microsoft HoloLens 2 (HL2) is a multi-functional mixed reality headset. This prospective feasibility study sought to assess the device as a tool for enhancing technical surgical skills training. A prospective randomised feasibility study was conducted. 36 novice medical students were trained to perform a basic arteriotomy and closure using a synthetic model. Participants were randomised to receive a structured surgical skills tutorial via a bespoke mixed reality HL2 tutorial (n = 18), or via a standard video-based tutorial (n = 18). Proficiency scores were assessed by blinded examiners using a validated objective scoring system and participant feedback collected. The HL2 group showed significantly greater improvement in overall technical proficiency compared to the video group (10.1 vs. 6.89, p = 0.0076), and a greater consistency in skill progression with a significantly narrower range of scores (SD 2.48 vs. 4.03, p = 0.026). Participant feedback showed the HL2 technology to be more interactive and engaging with minimal device related problems experienced. This study has demonstrated that mixed reality technology may provide a higher quality educational experience, improved skill progression and greater consistency in learning when compared to traditional teaching methodologies for basic surgical skills. Further work is required to refine, translate, and evaluate the scalability and applicability of the technology across a broad range of skills-based disciplines.",Payal Guha; Jason Lawson; Iona Minty; James Kinross; Guy Martin,BMC medical education,2023,Randomized Controlled Trial; Journal Article,eng,retrieved,UNCERTAIN_REQUIRES_SCREENING,TITLE_ABSTRACT_REVIEW_REQUIRED,,,,,,,,
4413,TA-18,36869269,10.1007/s00221-023-06576-y,Object motion influences feedforward motor responses during mechanical stopping of virtual projectiles: a preliminary study.,"An important window into sensorimotor function is how humans interact and stop moving projectiles, such as stopping a door from closing shut or catching a ball. Previous studies have suggested that humans time the initiation and modulate the amplitude of their muscle activity based on the momentum of the approaching object. However, real-world experiments are constrained by laws of mechanics, which cannot be manipulated experimentally to probe the mechanisms of sensorimotor control and learning. An augmented-reality variant of such tasks allows for experimental manipulation of the relationship between motion and force to obtain novel insights into how the nervous system prepares motor responses to interact with moving stimuli. Existing paradigms for studying interactions with moving projectiles use massless objects and are primarily focused on quantifying gaze and hand kinematics. Here, we developed a novel collision paradigm using a robotic manipulandum where participants mechanically stopped a virtual object moving in the horizontal plane. On each block of trials, we varied the virtual object's momentum by increasing either its velocity or mass. Participants stopped the object by applying a force impulse that matched the object momentum. We observed that hand force increased as a function of object momentum linked to changes in virtual mass or velocity, similar to results from studies involving catching free-falling objects. In addition, increasing object velocity resulted in later onset of hand force relative to the impending time-to-contact. These findings show that the present paradigm can be used to determine how humans process projectile motion for hand motor control.",Ana Gómez-Granados; Isaac Kurtzer; Sean Gordon; Deborah A Barany; Tarkeshwar Singh,Experimental brain research,2023,Journal Article,eng,retrieved,UNCERTAIN_REQUIRES_SCREENING,TITLE_ABSTRACT_REVIEW_REQUIRED,,,,,,,,
4414,TA-18,36866322,10.1016/j.asmr.2022.11.019,Spectroscopic Quantitative Measurement of the Cartilage Surface using Arthroscopy Correlates with a Conventional Macroscopic Grading System.,"To quantify the cartilage surface profile visualized during arthroscopic surgery and examine its clinical utility by comparing the results of quantitative measurements with a conventional grading system. Fifty consecutive patients diagnosed with knee osteoarthritis and who underwent arthroscopic surgery were included in this study. A 4 K camera system was used, and the cartilage surface profile was visualized using the augmented reality imaging program. The highlighted image was displayed in 2 colors: black (the worn cartilage area) and green (the part where the cartilage thickness was maintained). The percentage of the green area was calculated using ImageJ and used as an index of cartilage degeneration. The quantitative value was statistically compared with the International Cartilage Repair Society (ICRS) grade as a conventional macroscopic evaluation. In the quantitative measurement, the median percentage of the green area was 60.7 at ICRS grades 0 and 1 (interquartile range [IQR], 67.3-51.0), 47.2 at grade 2 (IQR, 54.1-39.2), 36.5 at grade 3 (IQR, 43.2-30.4), and 34.0 at grade 4 (IQR, 38.5-29.3). There was a significant difference between the macroscopic grades, except for Grades 3 and 4. There was a significant negative correlation between macroscopic evaluation and quantitative measurement (r = -0.672, P < .001). The quantitative measurement of the cartilage surface profile using the spectroscopic absorption technique was significantly correlated with the conventional macroscopic grading system and demonstrated fair to good inter-rater and intra-rater reliabilities. Level II, diagnostic (prospective cohort study).",Shizuka Sasaki; Eiji Sasaki; Yuji Yamamoto; Yuka Kimura; Daisuke Chiba; Takahiro Tsushima; Eiichi Tsuda; Yasuyuki Ishibashi,"Arthroscopy, sports medicine, and rehabilitation",2023,Journal Article,eng,retrieved,UNCERTAIN_REQUIRES_SCREENING,TITLE_ABSTRACT_REVIEW_REQUIRED,,,,,,,,
4415,TA-18,36862496,10.2196/34958,"An Augmented Reality Technology to Provide Demonstrative Inhaler Technique Education for Patients With Asthma: Interview Study Among Patients, Health Professionals, and Key Community Stakeholders.","Many people with asthma use incorrect inhaler technique, resulting in suboptimal disease management and increased health service use. Novel ways of delivering appropriate instructions are needed. This study explored stakeholder perspectives on the potential use of augmented reality (AR) technology to improve asthma inhaler technique education. On the basis of existing evidence and resources, an information poster displaying the images of 22 asthma inhaler devices was developed. Using AR technology via a free smartphone app, the poster launched video demonstrations of correct inhaler technique for each device. In total, 21 semistructured, one-on-one interviews with health professionals, people with asthma, and key community stakeholders were conducted, and data were analyzed thematically using the Triandis model of interpersonal behavior. A total of 21 participants were recruited into the study, and data saturation was achieved. People with asthma were confident with inhaler technique (mean score 9.17, SD 1.33, out of 10). However, health professionals and key community stakeholders identified that this perception was misguided (mean 7.25, SD 1.39, and mean 4.5, SD 0.71, for health professionals and key community stakeholders, respectively) and facilitates persistent incorrect inhaler use and suboptimal disease management. Delivering inhaler technique education using AR was favored by all participants (21/21, 100%), particularly around ease of use, with the ability to visually display inhaler techniques for each device. There was a strongly held belief that the technology has the capacity for improving inhaler technique across all participant groups (mean 9.25, SD 0.89, for participants; mean 9.83, SD 0.41, for health professionals; and mean 9.5, SD 0.71, for key community stakeholders). However, all participants (21/21, 100%) identified some barriers, particularly regarding access and appropriateness of AR for older people. AR technology may be a novel means to address poor inhaler technique among certain cohorts of patients with asthma and serve as a prompt for health professionals to initiate review of inhaler devices. A randomized controlled trial design is needed to evaluate the efficacy of this technology for use in the clinical care setting.",Antonia O'Connor; Kelsey Sharrad; Charmaine King; Kristin Carson-Chahhoud,JMIR formative research,2023,Journal Article,eng,retrieved,UNCERTAIN_REQUIRES_SCREENING,TITLE_ABSTRACT_REVIEW_REQUIRED,,,,,,,,
4416,TA-18,36862072,10.1097/CORR.0000000000002602,Does Augmented Reality-based Portable Navigation Improve the Accuracy of Cup Placement in THA Compared With Accelerometer-based Portable Navigation? A Randomized Controlled Trial.,"Previous studies reported good outcomes of acetabular cup placement using portable navigation systems during THA. However, we are aware of no prospective studies comparing inexpensive portable navigation systems using augmented reality (AR) technology with accelerometer-based portable navigation systems in THA. (1) Is the placement accuracy of the acetabular cup using the AR-based portable navigation system superior to that of an accelerometer-based portable navigation system? (2) Do the frequencies of surgical complications differ between the two groups? We conducted a prospective, two-arm, parallel-group, randomized controlled trial involving patients scheduled for unilateral THA. Between August and December 2021, we treated 148 patients who had a diagnosis of osteoarthritis, idiopathic osteonecrosis, rheumatoid arthritis, or femoral neck fracture and were scheduled to undergo unilateral primary THA. Of these patients, 100% (148) were eligible, 90% (133) were approached for inclusion in the study, and 85% (126) were finally randomized into either the AR group (62 patients) or the accelerometer group (64 patients). An intention-to-treat analysis was performed, and there was no crossover between groups and no dropouts; all patients in both groups were included in the analysis. There were no differences in any key covariates, including age, sex, and BMI, between the two groups. All THAs were performed via the modified Watson-Jones approach with the patient in the lateral decubitus position. The primary outcome was the absolute difference between the cup placement angle displayed on the screen of the navigation system and that measured on postoperative radiographs. The secondary outcome was intraoperative or postoperative complications recorded during the study period for the two portable navigation systems. There were no differences between the AR and accelerometer groups in terms of the mean absolute difference in radiographic inclination angle (3° ± 2° versus 3° ± 2° [95% CI -1.2° to 0.3°]; p = 0.22). The mean absolute difference in radiographic anteversion angle displayed on the navigation screen during surgery compared with that measured on postoperative radiographs was smaller in the AR group than that in the accelerometer group (2° ± 2° versus 5° ± 4° [95% CI -4.2° to -2.0°]; p < 0.001). There were few complications in either group. In the AR group, there was one patient each with a surgical site infection, intraoperative fracture, distal deep vein thrombosis, and intraoperative pin loosening; in the accelerometer group, there was one patient each with an intraoperative fracture and intraoperative loosening of pins. Although the AR-based portable navigation system demonstrated slight improvements in radiographic anteversion of cup placement compared with the accelerometer-based portable navigation system in THA, whether those small differences will prove clinically important is unknown. Until or unless future studies demonstrate clinical advantages that patients can perceive that are associated with such small radiographic differences, because of the costs and the unquantified risks associated with novel devices, we recommend against the widespread use of these systems in clinical practice. Level I, therapeutic study.",Kenji Kurosaka; Hiroyuki Ogawa; Naoyuki Hirasawa; Masayoshi Saito; Tsutomu Nakayama; Sachiyuki Tsukada,Clinical orthopaedics and related research,2023,Randomized Controlled Trial; Journal Article,eng,retrieved,UNCERTAIN_REQUIRES_SCREENING,TITLE_ABSTRACT_REVIEW_REQUIRED,,,,,,,,
4417,TA-18,36860377,10.3389/fdgth.2023.1078511,An augmented reality interface to control a collaborative robot in rehab: A preliminary usability evaluation.,"Human emotions can be seen as a valuable variable to explore in Human-Computer Interaction for effective, efficient, and satisfying interface development. The inclusion of appropriate emotional triggers in the design of interactive systems can play a decisive role in users' acceptance or rejection. It is well known that the major problem in motor rehabilitation is the high dropout rate resulting from the frustrated expectations given the typical slow recovery process and consequent lack of motivation to endure. This work proposes grouping a collaborative robot with one specific augmented reality equipment to create a rehabilitation system where some gamification levels might be added to provide a better and more motivating experience to patients. Such a system, as a whole, is customizable to adapt to each patient's needs on the rehabilitation exercises. By transforming a tedious exercise into a game, we expect to create an additional layer of enjoyment that can help in triggering positive emotions and stimulate users to continue the rehabilitation process. A pre-prototype was developed to validate this system's usability, and a cross-sectional study using a non-probabilistic sample of 31 individuals is presented and discussed. This study included the application of three standard questionnaires on usability and user experience. The analyses of these questionnaires show that the majority of the users found the system easy and enjoyable. The system was also analysed by a rehabilitation expert who gave a positive output regarding its usefulness, and positive impact on its use in the upper-limb rehabilitation processes. These results clearly encourage further development of the proposed system.",José Carlos Rodrigues; Paulo Menezes; Maria Teresa Restivo,Frontiers in digital health,2023,Journal Article,eng,retrieved,UNCERTAIN_REQUIRES_SCREENING,TITLE_ABSTRACT_REVIEW_REQUIRED,,,,,,,,
4418,TA-18,36859845,10.1364/OE.478308,Video super-resolution for single-photon LIDAR.,"3D time-of-flight (ToF) image sensors are used widely in applications such as self-driving cars, augmented reality (AR), and robotics. When implemented with single-photon avalanche diodes (SPADs), compact, array format sensors can be made that offer accurate depth maps over long distances, without the need for mechanical scanning. However, array sizes tend to be small, leading to low lateral resolution, which combined with low signal-to-background ratio (SBR) levels under high ambient illumination, may lead to difficulties in scene interpretation. In this paper, we use synthetic depth sequences to train a 3D convolutional neural network (CNN) for denoising and upscaling (×4) depth data. Experimental results, based on synthetic as well as real ToF data, are used to demonstrate the effectiveness of the scheme. With GPU acceleration, frames are processed at >30 frames per second, making the approach suitable for low-latency imaging, as required for obstacle avoidance.",Germán Mora-Martín; Stirling Scholes; Alice Ruget; Robert Henderson; Jonathan Leach; Istvan Gyongy,Optics express,2023,Journal Article,eng,retrieved,UNCERTAIN_REQUIRES_SCREENING,TITLE_ABSTRACT_REVIEW_REQUIRED,,,,,,,,
4419,TA-18,36857270,10.1364/OL.484763,Design of an off-axis near-eye AR display system based on a full-color freeform holographic optical element.,"In this Letter, we propose a design and fabrication method for a full-color augmented reality (AR) optical system based on a freeform holographic optical element (HOE). A point-by-point design method is proposed to generate the starting point of the system. Based on the preliminarily optimized system, the recording systems of the full-color HOE are designed. A joint optimization is conducted for all the systems, simultaneously considering the overall imaging performance, the diffraction efficiency, the constraints, and fabrication. A prototype is designed and fabricated to validate the feasibility and effectiveness of the proposed method.",Yongdong Wang; Tong Yang; Dongwei Ni; Dewen Cheng; Yongtian Wang,Optics letters,2023,Journal Article,eng,retrieved,UNCERTAIN_REQUIRES_SCREENING,TITLE_ABSTRACT_REVIEW_REQUIRED,,,,,,,,
4420,TA-18,36855921,10.1515/cclm-2023-0108,A new door to a different world: opportunities from the metaverse and the raise of meta-medical laboratories.,"In the digital age, the metaverse has emerged with impressive potential for many segments of society. The metaverse could be presented as a parallel dimension able to enhance the physical world as well as our actions and decisions in it with the objective to use a coalition between the natural and virtual worlds for value creation. Our aim was to elaborate on the impact of the metaverse on laboratory medicine. Based on the available evidence, literature and reports, we analyzed the different perspectives of the metaverse on laboratory medicine and the needs for an efficient transition. The convergence and integration of technologies in the metaverse will participate to the reimagination of laboratory medicine services with augmented services, users' experiences, efficiency, and personalized care. The revolution around the metaverse offers different opportunities for laboratory medicine but also open multiple related challenges that are presented in this article. Scientific societies, multidisciplinary teams and specialists in laboratory medicine must prepare the integration metaverse and meta-medical laboratories, raise the awareness, educate, set guidance to obtain a maximum of value and mitigate potential adverse consequences.",Damien Gruson; Ronda Greaves; Pradeep Dabla; Sergio Bernardini; Bernard Gouget; Tuğba Kemaloğlu Öz,Clinical chemistry and laboratory medicine,2023,Journal Article,eng,retrieved,UNCERTAIN_REQUIRES_SCREENING,TITLE_ABSTRACT_REVIEW_REQUIRED,,,,,,,,
4421,TA-18,36855614,10.1007/s11042-023-14561-4,A framework for designing interactive mobile training course content using augmented reality.,"Because mobile technology and the widespread usage of mobile devices have swiftly and radically evolved, several training centers have started to offer mobile training (m-training) via mobile devices. Thus, designing suitable m-training course content for training employees via mobile device applications has become an important professional development issue to allow employees to obtain knowledge and improve their skills in the rapidly changing mobile environment. Previous studies have identified challenges in this domain. One important challenge is that no solid theoretical framework serves as a foundation to provide instructional design guidelines for interactive m-training course content that motivates and attracts trainees to the training process via mobile devices. This study proposes a framework for designing interactive m-training course content using mobile augmented reality (MAR). A mixed-methods approach was adopted. Key elements were extracted from the literature to create an initial framework. Then, the framework was validated by interviewing experts, and it was tested by trainees. This integration led us to evaluate and prove the validity of the proposed framework. The framework follows a systematic approach guided by six key elements and offers a clear instructional design guideline checklist to ensure the design quality of interactive m-training course content. This study contributes to the knowledge by establishing a framework as a theoretical foundation for designing interactive m-training course content. Additionally, it supports the m-training domain by assisting trainers and designers in creating interactive m-training courses to train employees, thus increasing their engagement in m-training. Recommendations for future studies are proposed.",Saud Al-Amri; Suraya Hamid; Nurul Fazmidar Mohd Noor; Abdullah Gani,Multimedia tools and applications,2023,Journal Article,eng,retrieved,UNCERTAIN_REQUIRES_SCREENING,TITLE_ABSTRACT_REVIEW_REQUIRED,,,,,,,,
4422,TA-18,36852286,10.1016/j.ocarto.2023.100344,The use of technology to support lifestyle interventions in knee osteoarthritis: A scoping review.,"Technological tools that promote the adoption of physical activity to increase individuals' functional ability in knee osteoarthritis (OA) are desired to support lifestyle interventions. However, there is little consensus as to the current use of such supportive interventions for knee OA. The aim of this scoping review is therefore to provide an overview on the current use of technology within lifestyle interventions for individuals with knee OA. Scoping review as per PRISMA guidance. Structured search of Cochrane Central Register for Controlled Trials, ELSEVIER, IEEExplore, GOOGLE Scholar, MEDLINE, PEDRO, PUBMED, WEB OF SCIENCE from 2010 to 2020 inclusive. Hits were screened by title and abstract and then full text review based on pre-defined criteria. Results were synthesised and pooled by theme for reporting. 2508 papers were identified, and following review, 78 studies included. Papers included interventions for individuals with knee osteoarthritis (n ​= ​31), total or partial knee arthroplasty (n ​= ​20) and developmental work in healthy controls (n ​= ​27). Of the 78 studies, 47 were carried out in laboratory settings and 31 in the field. The identified themes included Movement measurement (n ​= ​24), Tele-rehabilitation (n ​= ​22), Biofeedback (n ​= ​20), Directly applied interventions (n ​= ​3), Virtual or augmented reality (n ​= ​5) and Machine learning (n ​= ​4). The predominant current use of technology in OA lifestyle interventions is through well-established telecommunication and commercially available activity, joint angle and loading based measurement devices, while integrating new advanced technologies seems a longer-term goal. There is great potential for the engineering and clinical community to use technology to develop systems that offer real-time feedback to patients and clinician as part of rehabilitative interventions to inform treatment.",David F Hamilton; Shehnaz Akhtar; Benjamin Griffiths; Yeliz Prior; Richard K Jones,Osteoarthritis and cartilage open,2023,Journal Article; Scoping Review,eng,retrieved,UNCERTAIN_REQUIRES_SCREENING,TITLE_ABSTRACT_REVIEW_REQUIRED,,,,,,,,
4423,TA-18,36851837,10.12659/AJCR.938803,"Improved Balance, Gait, and Lower Limb Motor Function in a 58-Year-Old Man with Right Hemiplegic Traumatic Brain Injury Following Virtual Reality-Based Real-Time Feedback Physical Therapy.","BACKGROUND This report presents the case of a 58-year-old man with right hemiplegia who improved his gait and lower limb motor function following virtual reality (VR)-based physical therapy. The use of augmented reality or VR-based technology is being increasingly used to support physical therapy in patients with motor deficits and to improve gait, and can be used in small hospitals and outpatient departments. CASE REPORT A 58-year-old man was diagnosed with left hemiplegia due to traumatic brain injury (TBI). He received 20 minutes of VR-based real-time feedback gait training and 30 minutes of general physical therapy, 5 times a week for 8 weeks. BioRescue was used for measurement of balance, GAITRite was used for measurement of gait, and Fugl-Meyer assessment was used for lower extremity motor function measurement. These were measured before the intervention and at 2, 4, 6, and 8 weeks after the intervention. After the intervention, center of pressure and limits of stability also increased. The affected step length, stride length, affected single support, and cadence were significantly increased after VR-based real-time feedback. Additionally, his lower extremity motor function score increased from 18 to 23 points. CONCLUSIONS This case report supports recent studies that have shown the value of VR-based methods as part of a physical therapy program in patients with problems with gait and motor function, including patients with stroke. VR-based real-time feedback showed favorable effects on rehabilitation following a TBI.",Kyung Hun Kim; Dong Hoon Kim,The American journal of case reports,2023,Case Reports; Journal Article,eng,retrieved,UNCERTAIN_REQUIRES_SCREENING,TITLE_ABSTRACT_REVIEW_REQUIRED,,,,,,,,
4424,TA-18,36850787,10.3390/s23042192,On the Evaluation of Engagement in Immersive Applications When Users Are on the Autism Spectrum.,"New generation wearable devices allow for the development of interactive environments tailored for Virtual Reality (VR)- and Augmented Reality (AR)-based treatment of Autism Spectrum Disorders (ASD). Experts agree on their potential; however, there is lack of consensus on how to perform trials and the need arises for evaluation frameworks, methods, and techniques appropriate for the ASD population. In this paper, we report on a study conducted with high-functioning ASD people in the 21-23 age range, with the objectives of (1) evaluating the engagement of two headsets offering distinct immersive experiences, (2) reasoning on the interpretation of engagement factors in the case of ASD people, and (3) translating results into general guidelines for the development of VR/AR-based ASD treatment. To this aim, we (1) designed two engagement evaluation frameworks based on behavioral observation measures, (2) set up two packages of reference immersive scenarios, (3) defined the association between metrics and scenarios, and (4) administered the scenarios in distinct sessions for the investigated headsets. Results show that the immersive experiences are engaging and that the apparent lack of success of some evaluation factors can become potential advantages within the framework of VR/AR-based ASD treatment design.",Laura Tarantino; Margherita Attanasio; Tania Di Mascio; Giovanni De Gasperis; Marco Valenti; Monica Mazza,"Sensors (Basel, Switzerland)",2023,Journal Article,eng,retrieved,UNCERTAIN_REQUIRES_SCREENING,TITLE_ABSTRACT_REVIEW_REQUIRED,,,,,,,,
4425,TA-18,36850766,10.3390/s23042168,Augmenting Image-Guided Procedures through In Situ Visualization of 3D Ultrasound via a Head-Mounted Display.,"Medical ultrasound (US) is a commonly used modality for image-guided procedures. Recent research systems providing an in situ visualization of 2D US images via an augmented reality (AR) head-mounted display (HMD) were shown to be advantageous over conventional imaging through reduced task completion times and improved accuracy. In this work, we continue in the direction of recent developments by describing the first AR HMD application visualizing real-time volumetric (3D) US in situ for guiding vascular punctures. We evaluated the application on a technical level as well as in a mixed-methods user study with a qualitative prestudy and a quantitative main study, simulating a vascular puncture. Participants completed the puncture task significantly faster when using 3D US AR mode compared to 2D US AR, with a decrease of 28.4% in time. However, no significant differences were observed regarding the success rate of vascular puncture (2D US AR-50% vs. 3D US AR-72%). On the technical side, the system offers a low latency of 49.90 ± 12.92 ms and a satisfactory frame rate of 60 Hz. Our work shows the feasibility of a system that visualizes real-time 3D US data via an AR HMD, and our experiments show, furthermore, that this may offer additional benefits in US-guided tasks (i.e., reduced task completion time) over 2D US images viewed in AR by offering a vividly volumetric visualization.",Felix von Haxthausen; Christoph Rüger; Malte Maria Sieren; Roman Kloeckner; Floris Ernst,"Sensors (Basel, Switzerland)",2023,Journal Article,eng,retrieved,UNCERTAIN_REQUIRES_SCREENING,TITLE_ABSTRACT_REVIEW_REQUIRED,,,,,,,,
4426,TA-18,36850531,10.3390/s23041934,Precision Landing of a Quadcopter Drone by Smartphone Video Guidance Sensor in a GPS-Denied Environment.,"This paper describes the deployment, integration, and demonstration of a Smartphone Video Guidance Sensor (SVGS) as a novel technology for autonomous 6-DOF proximity maneuvers and precision landing of a quadcopter drone. The proposed approach uses a vision-based photogrammetric position and attitude sensor (SVGS) to estimate the position of a landing target after video capture. A visual inertial odometry sensor (VIO) is used to provide position estimates of the UAV in a ground coordinate system during flight on a GPS-denied environment. The integration of both SVGS and VIO sensors enables the accurate updating of position setpoints during landing, providing improved performance compared with VIO-only landing, as shown in landing experiments. The proposed technique also shows significant operational advantages compared with state-of-the-art sensors for indoor landing, such as those based on augmented reality (AR) markers.",Nicolas Bautista; Hector Gutierrez; John Inness; John Rakoczy,"Sensors (Basel, Switzerland)",2023,Journal Article,eng,retrieved,UNCERTAIN_REQUIRES_SCREENING,TITLE_ABSTRACT_REVIEW_REQUIRED,,,,,,,,
4427,TA-18,36850436,10.3390/s23041838,Augmented Reality-Assisted Ultrasound Breast Biopsy.,"Breast cancer is the most prevalent cancer in the world and the fifth-leading cause of cancer-related death. Treatment is effective in the early stages. Thus, a need to screen considerable portions of the population is crucial. When the screening procedure uncovers a suspect lesion, a biopsy is performed to assess its potential for malignancy. This procedure is usually performed using real-time Ultrasound (US) imaging. This work proposes a visualization system for US breast biopsy. It consists of an application running on AR glasses that interact with a computer application. The AR glasses track the position of QR codes mounted on an US probe and a biopsy needle. US images are shown in the user's field of view with enhanced lesion visualization and needle trajectory. To validate the system, latency of the transmission of US images was evaluated. Usability assessment compared our proposed prototype with a traditional approach with different users. It showed that needle alignment was more precise, with 92.67 ± 2.32° in our prototype versus 89.99 ± 37.49° in a traditional system. The users also reached the lesion more accurately. Overall, the proposed solution presents promising results, and the use of AR glasses as a tracking and visualization device exhibited good performance.",Nuno Costa; Luís Ferreira; Augusto R V F de Araújo; Bruno Oliveira; Helena R Torres; Pedro Morais; Victor Alves; João L Vilaça,"Sensors (Basel, Switzerland)",2023,Journal Article,eng,retrieved,UNCERTAIN_REQUIRES_SCREENING,TITLE_ABSTRACT_REVIEW_REQUIRED,,,,,,,,
4428,TA-18,36850414,10.3390/s23041816,Pedestrian Augmented Reality Navigator.,"Navigation is often regarded as one of the most-exciting use cases for Augmented Reality (AR). Current AR Head-Mounted Displays (HMDs) are rather bulky and cumbersome to use and, therefore, do not offer a satisfactory user experience for the mass market yet. However, the latest-generation smartphones offer AR capabilities out of the box, with sometimes even pre-installed apps. Apple's framework ARKit is available on iOS devices, free to use for developers. Android similarly features a counterpart, ARCore. Both systems work well for small spatially confined applications, but lack global positional awareness. This is a direct result of one limitation in current mobile technology. Global Navigation Satellite Systems (GNSSs) are relatively inaccurate and often cannot work indoors due to the restriction of the signal to penetrate through solid objects, such as walls. In this paper, we present the Pedestrian Augmented Reality Navigator (PAReNt) iOS app as a solution to this problem. The app implements a data fusion technique to increase accuracy in global positioning and showcases AR navigation as one use case for the improved data. ARKit provides data about the smartphone's motion, which is fused with GNSS data and a Bluetooth indoor positioning system via a Kalman Filter (KF). Four different KFs with different underlying models have been implemented and independently evaluated to find the best filter. The evaluation measures the app's accuracy against a ground truth under controlled circumstances. Two main testing methods were introduced and applied to determine which KF works best. Depending on the evaluation method, this novel approach improved the accuracy by 57% (when GPS and AR were used) or 32% (when Bluetooth and AR were used) over the raw sensor data.",Tanmaya Mahapatra; Nikolaos Tsiamitros; Anton Moritz Rohr; Kailashnath K; Georgios Pipelidis,"Sensors (Basel, Switzerland)",2023,Journal Article,eng,retrieved,UNCERTAIN_REQUIRES_SCREENING,TITLE_ABSTRACT_REVIEW_REQUIRED,,,,,,,,
4429,TA-18,36850394,10.3390/s23041796,Evaluation of Electric Muscle Stimulation Method for Haptic Augmented Reality.,"Currently, visual Augmented Reality (AR) technology is widespread among the public. Similarly, haptic AR technology is also widely practiced in the academic field. However, conventional haptic AR devices are not suitable for interacting with real objects. These devices are often held by the users, and they contact the real object via the devices. Thus, they prevent direct contact between the user and real objects. To solve this problem, we proposed employing Electrical Muscle Stimulation (EMS) technology. EMS technology does not interfere with the interaction between the user and the real object, and the user can wear the device. First, we examined proper stimulus waveforms for EMS, in addition to pulse waveforms. At the same time, we examined the appropriate frequency and pulse width. The waveforms that we used this time were a sawtooth wave, a reverse sawtooth wave, and a sine wave. Second, to clarify the characteristic of the force presented by the EMS, we measured the relationship between the input voltage and the force presented and obtained the point of subjective equality using the constant method. Subsequently, we presented the bump sensation using EMS to the participants and verified its effectiveness by comparing it with the existing methods.",Takaya Ishimaru; Satoshi Saga,"Sensors (Basel, Switzerland)",2023,Journal Article,eng,retrieved,UNCERTAIN_REQUIRES_SCREENING,TITLE_ABSTRACT_REVIEW_REQUIRED,,,,,,,,
4430,TA-18,36849092,10.1016/j.actatropica.2023.106869,Effect of RNA interference with glutamate decarboxylase on acid resistance of Trichinella spiralis.,"Trichinella spiralis is a zoonotic parasite that infects most mammals, even humans. Glutamate decarboxylase (GAD) is an important enzyme in glutamate-dependent acid resistance system 2 (AR2), but the GAD of T. spiralis in AR2 is unclear. We aimed to investigate the role of T. spiralis glutamate decarboxylase (TsGAD) in AR2. We silenced the TsGAD gene to evaluate the AR of T. spiralis muscle larvae (ML) in vivo and in vitro via siRNA. The results showed that recombinant TsGAD was recognized by anti-rTsGAD polyclonal antibody (57 kDa), and qPCR indicated that TsGAD transcription peaked at pH 2.5 for 1 h compared to that with pH 6.6 phosphate-buffered saline. Indirect immunofluorescence assays revealed that TsGAD was expressed in the epidermis of ML. After TsGAD silencing in vitro, TsGAD transcription and the survival rate of ML decreased by 15.2% and 17%, respectively, compared with those of the PBS group. Both TsGAD enzymatic activity and the acid adjustment of siRNA1-silenced ML were weakened. In vivo, each mouse was orally infected with 300 siRNA1-silenced ML. On days 7 and 42 post-infection, the reduction rates of adult worms and ML were 31.5% and 49.05%, respectively. Additionally, the reproductive capacity index and larvae per gram of ML were 62.51±7.32 and 1250.22±146.48, respectively, lower than those of the PBS group. Haematoxylin-eosin staining revealed many inflammatory cells infiltrating the nurse cells in the diaphragm of mice infected with siRNA1-silenced ML. The survival rate of the F1 generation ML was 27% higher than that of the F0 generation ML, but there was no difference from the PBS group. These results first indicated that GAD plays a crucial role in AR2 of T. spiralis. TsGAD gene silencing reduced the worm burden in mice, providing data for the comprehensive study of the AR system of T. spiralis and a new idea for the prevention of trichinosis.",Jiaming Hou; Shi Meng; Bohan Zhang; Rulin Ruan; Yan Zhang; Ze Wang; Mingxin Song; Zhikun Bai,Acta tropica,2023,Journal Article,eng,retrieved,UNCERTAIN_REQUIRES_SCREENING,TITLE_ABSTRACT_REVIEW_REQUIRED,,,,,,,,
4431,TA-18,36848215,10.2196/40651,Negami: An Augmented Reality App for the Treatment of Spatial Neglect After Stroke.,"A widely applied and effective rehabilitation method for patients experiencing spatial neglect after a stroke is ""visual exploration training."" Patients improve their ipsilesional bias of attention and orientation by training exploration movements and search strategies toward the contralesional side of space. In this context, gamification can have a positive influence on motivation for treatment and thus on the success of treatment. In contrast to virtual reality applications, treatment enhancements through augmented reality (AR) have not yet been investigated, although they offer some advantages over virtual reality. This study aimed to develop an AR-based app (Negami) for the treatment of spatial neglect that combines visual exploration training with active, contralesionally oriented rotation of the eyes, head, and trunk. The app inserts a virtual element (origami bird) into the real space surrounding the patient, which the patient explores with the camera of a tablet. Subjective reports from healthy elderly participants (n=10) and patients with spatial neglect after stroke (n=10) who trained with the new Negami app were analyzed. Usability, side effects, and game experience were assessed by various questionnaires. Training at the highest defined difficulty level was perceived as differently challenging but not as frustrating by the group of healthy elderly participants. The app was rated with high usability, hardly any side effects, high motivation, and entertainment. The group of patients with spatial neglect after stroke consistently evaluated the app positively on the dimensions of motivation, satisfaction, and fun. The Negami app represents a promising extension by adding AR to traditional exploration training for spatial neglect. Through participants' natural interaction with the physical surrounding environment during playful tasks, side effects as symptoms of cybersickness are minimized and patients' motivation appeared to markedly increase. The use of AR in cognitive rehabilitation programs and the treatment of spatial neglect seems promising and should receive further investigation.",Britta Stammler; Kathrin Flammer; Thomas Schuster; Marian Lambert; Hans-Otto Karnath,JMIR serious games,2023,Journal Article,eng,retrieved,UNCERTAIN_REQUIRES_SCREENING,TITLE_ABSTRACT_REVIEW_REQUIRED,,,,,,,,
4432,TA-18,36847468,10.5802/crbiol.102,Restored vision-augmented vision: arguments for a cybernetic vision.,"In this paper, we present some thoughts about the recent developments, made possible by technological advances and miniaturisation of connected visual prostheses, linked to the visual system, operating at different level of this one, on the retina as well as in the visual cortex. While these objects represent a great hope for people with impaired vision to recover partial vision, we show how this technology could also act on the functional vision of well sighted persons to improve or increase their visual performance. In addition to the impact on our cognitive and attentional mechanisms, such an operation when it originates outside the natural real visual field (e.g. cybernetics) raises a number of questions about the development and use of such implants or prostheses in the future.",Jean-Louis de Bougrenet de la Tocnaye,Comptes rendus biologies,2022,Journal Article,eng,retrieved,UNCERTAIN_REQUIRES_SCREENING,TITLE_ABSTRACT_REVIEW_REQUIRED,,,,,,,,
4433,TA-18,36847180,10.1177/11297298231156006,Validation of the effectiveness of augmented reality-assisted vascular puncture: An experimental model.,"To demonstrate that the augmented reality-assisted puncture technique improves the efficacy of ultrasound-guided puncture to get central venous access (CVA), allows the image to be obtained without limitations, freeing the hands and keeping the gaze continuously on the working field, which contributes to improving the safety of the procedure. A gelatin mould with a latex surface and a chicken breast with silicone tubes inside were used to simulate vascular punctures. Images were obtained by an ultrasound scanner and post-processed with a specific software. A hologram was obtained and projected onto the previously delimited surface to be punctured. The variables related to image acquisition, the characteristics of the structure to be cannulated and the percentage of successes in the first attempt were analysed. Six operators were involved, using different ultrasound scanners. Efficiency was examined after the application of technical improvements in the process. Seventy-six punctures were performed, guided by two different ultrasound scanners, divided into two groups: 37 with 33 successes (sigma = 3.52 with a process efficiency of 97.98%) and after technical improvements, 39 with 38 successes (sigma = 4.07 with a process efficiency of 99.4%). There are no significant differences among the operators (X2 p = 0.47) and between the ultrasound scanners (X2 p = 0.56). The augmented reality ultrasound-assisted CVA technique may be the next step in standardising the process of cannulation of vascular structures. This technique provides greater accuracy, greater comfort by freeing the hands and keeping the gaze on the working field, better ultrasound image quality, and eliminates variability between operators and sonographers.",Jordi Morillas Pérez; Sandra Mechó Meca; Gerardo Caballero Galindo; Jesús Miguel Pérez-Llano,The journal of vascular access,2024,Journal Article; Validation Study,eng,retrieved,UNCERTAIN_REQUIRES_SCREENING,TITLE_ABSTRACT_REVIEW_REQUIRED,,,,,,,,
4434,TA-18,36844360,10.1007/s10956-023-10030-7,"The Effects of Mobile AR-based Biology Learning Experience on Students' Motivation, Self-Efficacy, and Attitudes in Online Learning.","The purpose of this study is to enhance online biology learning with mobile augmented reality (AR) applications and to assess the impact of mobile AR applications on students' motivation, self-efficacy, and attitudes toward biology learning. Students were interviewed, and the usefulness of mobile AR applications was evaluated using a quasi-experimental pretest-posttest approach. The study group consists of 71 high school students, 26 in the control group and 45 in the experimental group, attending a public high school in the Western Black Sea Region of Turkey during the academic year 2020-2021. The self-efficacy ratings of the experimental group of students who participated in mobile AR-based biology learning were statistically higher than those of the control group after a 12-week trial. However, there were no statistically significant differences between experimental and control group students' motivation and attitudes toward biology learning. In addition, as a result of student interviews, mobile AR applications were deemed innovative, non-distracting, successful in knowledge acquisition, engaging, intriguing, and entertaining, boosting information retention, concretizing the subject, and facilitating learning.",Tahsin Ciloglu; Ahmet Berk Ustun,Journal of science education and technology,2023,Journal Article,eng,retrieved,UNCERTAIN_REQUIRES_SCREENING,TITLE_ABSTRACT_REVIEW_REQUIRED,,,,,,,,
4435,TA-18,36836755,10.3390/life13020398,Use of Mixed Reality in Neuro-Oncology: A Single Centre Experience.,"(1) Background: Intra-operative neuronavigation is currently an essential component to most neurosurgical operations. Recent progress in mixed reality (MR) technology has attempted to overcome the disadvantages of the neuronavigation systems. We present our experience using the HoloLens 2 in neuro-oncology for both intra- and extra-axial tumours. (2) Results: We describe our experience with three patients who underwent tumour resection. We evaluated surgeon experience, accuracy of superimposed 3D image in tumour localisation with standard neuronavigation both pre- and intra-operatively. Surgeon training and usage for HoloLens 2 was short and easy. The process of image overlay was relatively straightforward for the three cases. Registration in prone position with a conventional neuronavigation system is often difficult, which was easily overcome during use of HoloLens 2. (3) Conclusion: Although certain limitations were identified, the authors feel that this system is a feasible alternative device for intra-operative visualization of neurosurgical pathology. Further studies are being planned to assess its accuracy and suitability across various surgical disciplines.",Swati Jain; Yujia Gao; Tseng Tsai Yeo; Kee Yuan Ngiam,"Life (Basel, Switzerland)",2023,Journal Article,eng,retrieved,UNCERTAIN_REQUIRES_SCREENING,TITLE_ABSTRACT_REVIEW_REQUIRED,,,,,,,,
4436,TA-18,36832458,10.3390/children10020329,Acceptability and Tolerability of Extended Reality Relaxation Training with and without Wearable Neurofeedback in Pediatric Migraine.,"Objective. To determine the acceptability of using extended reality (XR) relaxation training as a preventive treatment for pediatric migraine. Methods. Youths aged 10-17 years old with migraine were recruited from a specialty headache clinic and completed baseline measures evaluating their vestibular symptoms and attitudes about technology. The patients were then instructed in three XR-based relaxation training conditions (fully immersive virtual reality with and without neurofeedback, and augmented reality with neurofeedback), in counterbalanced order, and completed acceptability and side effect questionnaires after each. The patients also took XR equipment home for one week to use for relaxation practice and again completed the measures about their experience. The acceptability and side effect data were compared against predetermined acceptable thresholds and were evaluated for their association with the participant characteristics. Results. The aggregate acceptability questionnaire scores exceeded our minimum threshold of 3.5/5, with the two fully immersive virtual reality conditions preferred over augmented reality for relaxation training (z = -3.02, p = 0.003, and z = -2.31, p = 0.02). The endorsed side effects were rated by all but one participant as mild, with vertigo being the most common. The acceptability ratings were not reliably associated with age, sex, typical hours per day of technology use, or technology attitudes, but were inversely related to the side effect scores. Conclusions. The preliminary data on acceptability and tolerability of immersive XR technology for relaxation training among youths with migraine supports further intervention development work.",Mark Connelly; Madeline Boorigie; Klanci McCabe,"Children (Basel, Switzerland)",2023,Journal Article,eng,retrieved,UNCERTAIN_REQUIRES_SCREENING,TITLE_ABSTRACT_REVIEW_REQUIRED,,,,,,,,
4437,TA-18,36829279,10.3357/AMHP.6131.2023,Extended Reality Applications for Space Health.,"INTRODUCTION: Spaceflight has detrimental effects on human health, imposing significant and unique risks to crewmembers due to physiological adaptations, exposure to physical and psychological stressors, and limited capabilities to provide medical care. Previous research has proposed and evaluated several strategies to support and mitigate the risks related to astronauts' health and medical exploration capabilities. Among these, extended reality (XR) technologies, including augmented reality (AR), virtual reality (VR), and mixed reality (MR) have increasingly been adopted for training, real-time clinical, and operational support in both terrestrial and aerospace settings, and only a few studies have reported research results on the applications of XR technologies for improving space health. This study aims to systematically review the scientific literature that has explored the application of XR technologies in the space health field. We also discuss the methodological and design characteristics of the existing studies in this realm, informing future research and development efforts on applying XR technologies to improve space health and enhance crew safety and performance.Ebnali M, Paladugu P, Miccile C, Park SH, Burian B, Yule S, Dias RD. Extended reality applications for space health. Aerosp Med Hum Perform. 2023; 94(3):122-130.",Mahdi Ebnali; Phani Paladugu; Christian Miccile; Sandra Hyunsoo Park; Barbara Burian; Steven Yule; Roger D Dias,Aerospace medicine and human performance,2023,Journal Article,eng,retrieved,UNCERTAIN_REQUIRES_SCREENING,TITLE_ABSTRACT_REVIEW_REQUIRED,,,,,,,,
4438,TA-18,36827589,10.1089/cyber.2022.0071,The Effect of Augmented Reality and Privacy Priming in a Fashion-Related App: An Application of Technology Acceptance Model.,"In this research, we tested (a) the effects of augmented reality (AR) and (b) how the effects of AR could be moderated by privacy perceptions. We used a 2 eyewear app type (AR vs. non-AR) by 2 privacy priming (prime vs. no prime) between-subject experimental design, and 114 Korean adults participated in the experiment. Results showed that AR had a main effect on perceived ease of use but not on perceived usefulness. Instead, the effect of AR on perceived usefulness was moderated by privacy priming such that the positive effect of AR on perceived usefulness was weaker when privacy concern was salient. Moreover, the results provided support for a moderated mediation model in which the indirect effect of AR on intent to use the app via perceived usefulness was moderated by privacy priming. Theoretical and practical implications are discussed.",Yoori Hwang; Hana Shin; Kayoung Kim; Se-Hoon Jeong,"Cyberpsychology, behavior and social networking",2023,Journal Article,eng,retrieved,UNCERTAIN_REQUIRES_SCREENING,TITLE_ABSTRACT_REVIEW_REQUIRED,,,,,,,,
4439,TA-18,36826963,10.3390/jimaging9020044,Translation of Medical AR Research into Clinical Practice.,"Translational research is aimed at turning discoveries from basic science into results that advance patient treatment. The translation of technical solutions into clinical use is a complex, iterative process that involves different stages of design, development, and validation, such as the identification of unmet clinical needs, technical conception, development, verification and validation, regulatory matters, and ethics. For this reason, many promising technical developments at the interface of technology, informatics, and medicine remain research prototypes without finding their way into clinical practice. Augmented reality is a technology that is now making its breakthrough into patient care, even though it has been available for decades. In this work, we explain the translational process for Medical AR devices and present associated challenges and opportunities. To the best knowledge of the authors, this concept paper is the first to present a guideline for the translation of medical AR research into clinical practice.",Matthias Seibold; José Miguel Spirig; Hooman Esfandiari; Mazda Farshad; Philipp Fürnstahl,Journal of imaging,2023,Journal Article,eng,retrieved,UNCERTAIN_REQUIRES_SCREENING,TITLE_ABSTRACT_REVIEW_REQUIRED,,,,,,,,
4440,TA-18,36826939,10.3390/jimaging9020020,"Verification, Evaluation, and Validation: Which, How & Why, in Medical Augmented Reality System Design.","This paper presents a discussion about the fundamental principles of Analysis of Augmented and Virtual Reality (AR/VR) Systems for Medical Imaging and Computer-Assisted Interventions. The three key concepts of Analysis (Verification, Evaluation, and Validation) are introduced, illustrated with examples of systems using AR/VR, and defined. The concepts of system specifications, measurement accuracy, uncertainty, and observer variability are defined and related to the analysis principles. The concepts are illustrated with examples of AR/VR working systems.",Roy Eagleson; Leo Joskowicz,Journal of imaging,2023,Journal Article,eng,retrieved,UNCERTAIN_REQUIRES_SCREENING,TITLE_ABSTRACT_REVIEW_REQUIRED,,,,,,,,
4441,TA-18,36826225,10.1021/acs.jctc.2c01049,MLRNet: Combining the Physics-Motivated Potential Models with Neural Networks for Intermolecular Potential Energy Surface Construction.,"A physics-based machine learning model called MLRNet has been developed to construct the high-accuracy two-body intermolecular potential energy surface (IPES). The outputs of the neural network are integrated into the physically realistic Morse/long-range (MLR) function, which ensures that the MLRNet has meaningful extrapolation at both short and long ranges and solves the asymptotic problem in common neural network potential (NNP) models. The neural network representation of the MLR parameters is more flexible and more efficient than the polynomial expansion in the conventional mdMLR model, especially for systems containing nonrigid monomer(s). The present work illustrates the basic framework of the current MLRNet model, including (i) how to combine the physically meaningful MLR function with different possible NN structures, (ii) the preservation of permutation symmetry, and (iii) the predetermination of the long-range function uLR. We choose two realistic systems to demonstrate the performance of MLRNet: the three-dimensional IPES of CO2-He including the CO2 antisymmetric vibration Q3 and the six-dimensional IPES of the H2O-Ar system. In both cases, the fitting errors of the MLRNet are several times smaller than those of the conventional mdMLR model. Both short-range and long-range extrapolation tests were performed to illustrate the extrapolation ability of the MLRNet and its damping function version. Moreover, for the 6-D H2O-Ar system, the MLRNet only needs 1596 trainable parameters, which is almost equal to the number needed for the 5-D mdMLR model (1509) and half that needed for the PIP-NN model (3501) within similar accuracy, which illustrates the model efficiency in high-dimensional IPES fitting.",You Li; Yu Zhai; Hui Li,Journal of chemical theory and computation,2023,Journal Article,eng,retrieved,UNCERTAIN_REQUIRES_SCREENING,TITLE_ABSTRACT_REVIEW_REQUIRED,,,,,,,,
4442,TA-18,36823931,10.1364/OE.479258,Using augmented reality to cue obstacles for people with low vision.,"Detecting and avoiding obstacles while navigating can pose a challenge for people with low vision, but augmented reality (AR) has the potential to assist by enhancing obstacle visibility. Perceptual and user experience research is needed to understand how to craft effective AR visuals for this purpose. We developed a prototype AR application capable of displaying multiple kinds of visual cues for obstacles on an optical see-through head-mounted display. We assessed the usability of these cues via a study in which participants with low vision navigated an obstacle course. The results suggest that 3D world-locked AR cues were superior to directional heads-up cues for most participants during this activity.",Dylan R Fox; Ahmad Ahmadzada; Clara Tenia Wang; Shiri Azenkot; Marlena A Chu; Roberto Manduchi; Emily A Cooper,Optics express,2023,Journal Article,eng,retrieved,UNCERTAIN_REQUIRES_SCREENING,TITLE_ABSTRACT_REVIEW_REQUIRED,,,,,,,,
4443,TA-18,39239595,10.1016/j.inpm.2023.100181,Virtual reality therapy for myofascial pain: Evolving towards an evidence-based non-pharmacologic adjuvant intervention.,"Myofascial pain syndrome (MPS) is a highly prevalent and burdensome cause of pain globally, representing a major focus of chronic pain management. Management of MPS is highly variable, with therapies ranging from interventional approaches to physical therapy. Virtual reality (VR) is a novel form of therapy being actively explored as an adjuvant to procedural sedation in the acute pain setting, and increasingly as a means of chronic pain management through programs that facilitate pain education, physical therapy and mindfulness, among other approaches. However, to date, there are minimal clinical studies assessing VR therapy within the context of MPS treatments. Given the existing volume of work published in the acute pain setting and the translational work exploring VR and neuroplasticity in chronic pain, we make the case here that it is an appropriate time to consider exploring VR therapy as a non-pharmacological adjuvant treatment for MPS.",Erik F Wang; Rohan Jotwani,Interventional pain medicine,2023,Journal Article,eng,retrieved,UNCERTAIN_REQUIRES_SCREENING,TITLE_ABSTRACT_REVIEW_REQUIRED,,,,,,,,
4444,TA-18,36819286,10.21037/qims-22-414,Using mixed reality and CAD/CAM technology for treatment of maxillary non-union after Le Fort I osteotomy: a case description.,,Keisuke Sugahara; Masahide Koyachi; Kotaro Tachizawa; Akira Iwasaki; Satoru Matsunaga; Kento Odaka; Maki Sugimoto; Shinichi Abe; Yasushi Nishii; Akira Katakura,Quantitative imaging in medicine and surgery,2023,Case Reports; Journal Article,eng,retrieved,UNCERTAIN_REQUIRES_SCREENING,TITLE_ABSTRACT_REVIEW_REQUIRED,,,,,,,,
4445,TA-18,36815787,10.1227/ons.0000000000000661,Augmented Reality-Assisted Percutaneous Rhizotomy for Trigeminal Neuralgia.,"Percutaneous rhizotomy of the trigeminal nerve is a common surgery to manage medically refractory trigeminal neuralgia. Traditionally, these procedures have been performed based on anatomic landmarks with fluoroscopic guidance. Augmented reality (AR) relays virtual content on the real world and has the potential to improve localization of surgical targets based on preoperative imaging. To study the potential application and benefits of AR as an adjunct to traditional fluoroscopy-guided glycerol rhizotomy (GR). We used traditional fluoroscopy-guided percutaneous GR technique as previously described, performed under general anesthesia. Anatomic registration to the Medivis SurgicalAR system was performed based on the patient's preoperative computerized tomography, and the surgeon was equipped with the system's AR goggles. AR was used as an adjunct to fluoroscopy for trajectory planning to place a spinal needle into the medial aspect of the foramen ovale. A 50-year-old woman with multiple sclerosis-related right-sided classical trigeminal neuralgia had persistent pain, refractory to medications, previous gamma knife stereotactic radiosurgery, and percutaneous radiofrequency rhizotomy performed elsewhere. The patient underwent AR-assisted fluoroscopy-guided percutaneous GR. The needle was placed into the right trigeminal cistern within seconds. She was discharged home after a few hours of observation with no complications and reported pain relief. AR-assisted percutaneous rhizotomy may enhance the learning curve of these types of procedures and decrease surgery duration and radiation exposure. This allowed rapid and correct placement of a spinal needle through the foramen ovale.",Assaf Berger; Osamah J Choudhry; Douglas Kondziolka,"Operative neurosurgery (Hagerstown, Md.)",2023,Case Reports; Journal Article,eng,retrieved,UNCERTAIN_REQUIRES_SCREENING,TITLE_ABSTRACT_REVIEW_REQUIRED,,,,,,,,
4446,TA-18,36808552,10.1007/s11548-022-02819-5,"How different augmented reality visualizations for drilling affect trajectory deviation, visual attention, and user experience.","Previous work has demonstrated the high accuracy of augmented reality (AR) head-mounted displays for pedicle screw placement in spinal fusion surgery. An important question that remains unanswered is how pedicle screw trajectories should be visualized in AR to best assist the surgeon. We compared five AR visualizations displaying the drill trajectory via Microsoft HoloLens 2 with different configurations of abstraction level (abstract or anatomical), position (overlay or small offset), and dimensionality (2D or 3D) against standard navigation on an external screen. We tested these visualizations in a study with 4 expert surgeons and 10 novices (residents in orthopedic surgery) on lumbar spine models covered by Plasticine. We assessed trajectory deviations ([Formula: see text]) from the preoperative plan, dwell times (%) on areas of interest, and the user experience. Two AR visualizations resulted in significantly lower trajectory deviations (mixed-effects ANOVA, p<0.0001 and p<0.05) compared to standard navigation, whereas no significant differences were found between participant groups. The best ratings for ease of use and cognitive load were obtained with an abstract visualization displayed peripherally around the entry point and with a 3D anatomical visualization displayed with some offset. For visualizations displayed with some offset, participants spent on average only 20% of their time examining the entry point area. Our results show that real-time feedback provided by navigation can level task performance between experts and novices, and that the design of a visualization has a significant impact on task performance, visual attention, and user experience. Both abstract and anatomical visualizations can be suitable for navigation when not directly occluding the execution area. Our results shed light on how AR visualizations guide visual attention and the benefits of anchoring information in the peripheral field around the entry point.",Julian Wolf; Dietmar Luchmann; Quentin Lohmeyer; Mazda Farshad; Philipp Fürnstahl; Mirko Meboldt,International journal of computer assisted radiology and surgery,2023,Journal Article,eng,retrieved,UNCERTAIN_REQUIRES_SCREENING,TITLE_ABSTRACT_REVIEW_REQUIRED,,,,,,,,
4447,TA-18,39411110,10.1212/NE9.0000000000200048,Scoping Review: Innovations in Clinical Neurology Education.,"Advances in adult learning theory and instructional technologies provide opportunities to improve neurology knowledge acquisition. This scoping review aimed to survey the emerging landscape of educational innovation in clinical neurology. With the assistance of a research librarian, we conducted a literature search on November 4, 2021, using the following databases: PubMed, Embase, Scopus, Cochrane Library, Education Resources Information Center, and PsycINFO. We included studies of innovative teaching methods for medical students through attending physician-level learners and excluded interventions for undergraduate students and established methods of teaching, as well as those published before 2010. Two authors independently reviewed all abstracts and full-text articles to determine inclusion. In the case of disagreement, a third author acted as arbiter. Study evaluation consisted of grading level of outcomes using the Kirkpatrick model, assessing for the presence of key components of education innovation literature, and applying an author-driven global innovation rating. Among 3,830 identified publications, 350 (175 full texts and 175 abstracts) studies were selected for analysis. Only 13 studies were included from 2010 to 2011, with 98 from 2020 to 2021. The most common innovations were simulation (142), eLearning, including web-based software and video-based learning (78), 3-dimensional modeling/printing (34), virtual/augmented reality (26) podcasts/smartphone applications/social media (24), team-based learning (17), flipped classroom (17), problem-based learning (10), and gamification (9). Ninety-eight (28.0%) articles included a study design with a comparison group, but only 23 of those randomized learners to an intervention. Most studies relied on Kirkpatrick Level 1 and 2 outcomes-the perceptions of training by learners and acquisition of knowledge. The sustainability of the innovation, transferability of the innovation to a new context, and the explanation of the novel nature of the innovations were some of the least represented features. We rated most innovations as only slightly innovative. There has been an explosion of reports on educational methods in clinical neurology over the last decade, especially in simulation and eLearning. Unfortunately, most reports lack adequate assessment of the validity and effect of the respective innovation's merits, as well as details regarding sustainability and transferability to new contexts.",William Denney Zimmerman; Melissa B Pergakis; Emily F Gorman; Melissa Motta; Peter H Jin; Rachel Marie E Salas; Nicholas A Morris,Neurology. Education,2023,Journal Article; Scoping Review,eng,retrieved,UNCERTAIN_REQUIRES_SCREENING,TITLE_ABSTRACT_REVIEW_REQUIRED,,,,,,,,
4448,TA-18,36799788,10.1097/JS9.0000000000000082,The application of extended reality in cardiac surgery: potential implications for low- and middle-income countries.,,Yumna Khabir; Mushkbar Khan; Urooj Iqbal,"International journal of surgery (London, England)",2023,Journal Article,eng,retrieved,UNCERTAIN_REQUIRES_SCREENING,TITLE_ABSTRACT_REVIEW_REQUIRED,,,,,,,,
4449,TA-18,36797443,10.1002/ca.24028,Mixed reality technology enhances teaching of spinal blockade procedures.,"To investigate the efficacy of utilizing mixed reality technology-assisted teaching of a spinal medial branch nerve block. Twenty undergraduate students from a 5-year clinical medicine program in Fujian Medical University were selected. They were divided into group A and group B using a random number generator, with 10 students in each group. Group A used the traditional teaching method and Group B used the mixed reality technology-assisted teaching method. At the end of the teaching period, both groups were assessed on the blocking operation, number of punctures required, puncture time, and final error value (distance between the final position and the reference position). A questionnaire was administered to both groups to assess teaching satisfaction. The number of punctures required was 7.40 ± 1.26 and 2.10 ± 0.74 for groups A and B, respectively. The puncture time in group A was 297.80 ± 50.95 s and 65.60 ± 22.02 s in group B. All differences were significant p < 0.01. The final error of the puncture in group A was 2.24 ± 0.35 mm and 1.96 ± 0.26 mm in group B-not significant. Group B had (p < 0.01) higher evaluation scores than group A for teaching effectiveness, learning interest, initiative, and teaching satisfaction. The application of mixed reality technology in the teaching of posterior medial branch blocks of the spinal nerve is superior to previous methods. This method should be adopted wherever possible to enhance learning of this difficult technique.",Liulei Wu; Jiehui Lin; Yaqi Liu; Zhujun Wei; Chunmei Chen; Yuandong Zhuang,"Clinical anatomy (New York, N.Y.)",2023,Journal Article,eng,retrieved,UNCERTAIN_REQUIRES_SCREENING,TITLE_ABSTRACT_REVIEW_REQUIRED,,,,,,,,
4450,TA-18,36793657,10.1117/12.2611590,An Augmented Reality-Assisted Visualization System for Potential Applications in Prostate Biopsy.,"Ultrasound-guided biopsy is widely used for disease detection and diagnosis. We plan to register preoperative imaging, such as positron emission tomography / computed tomography (PET/CT) and/or magnetic resonance imaging (MRI), with real-time intraoperative ultrasound imaging for improved localization of suspicious lesions that may not be seen on ultrasound but visible on other imaging modalities. Once the image registration is completed, we will combine the images from two or more imaging modalities and use Microsoft HoloLens 2 augmented reality (AR) headset to display three-dimensional (3D) segmented lesions and organs from previously acquired images and real-time ultrasound images. In this work, we are developing a multi-modal, 3D augmented reality system for the potential use in ultrasound-guided prostate biopsy. Preliminary results demonstrate the feasibility of combining images from multiple modalities into an AR-guided system.",Patric Bettati; James D Dormer; Maysam Shahedi; Baowei Fei,Proceedings of SPIE--the International Society for Optical Engineering,2022,Journal Article,eng,retrieved,UNCERTAIN_REQUIRES_SCREENING,TITLE_ABSTRACT_REVIEW_REQUIRED,,,,,,,,
4451,TA-18,36792394,10.1016/j.jviscsurg.2023.01.008,Augmented reality in liver surgery.,"During an operation, augmented reality (AR) enables surgeons to enrich their vision of the operating field by means of digital imagery, particularly as regards tumors and anatomical structures. While in some specialties, this type of technology is routinely ustilized, in liver surgery due to the complexity of modeling organ deformities in real time, its applications remain limited. At present, numerous teams are attempting to find a solution applicable to current practice, the objective being to overcome difficulties of intraoperative navigation in an opaque organ. To identify, itemize and analyze series reporting AR techniques tested in liver surgery, the objectives being to establish a state of the art and to provide indications of perspectives for the future. In compliance with the PRISMA guidelines and availing ourselves of the PubMed, Embase and Cochrane databases, we identified English-language articles published between January 2020 and January 2022 corresponding to the following keywords: augmented reality, hepatic surgery, liver and hepatectomy. Initially, 102 titles, studies and summaries were preselected. Twenty-eight corresponding to the inclusion criteria were included, reporting on 183patients operated with the help of AR by laparotomy (n=31) or laparoscopy (n=152). Several techniques of acquisition and visualization were reported. Anatomical precision was the main assessment criterion in 19 articles, with values ranging from 3mm to 14mm, followed by time of acquisition and clinical feasibility. While several AR technologies are presently being developed, due to insufficient anatomical precision their clinical applications have remained limited. That much said, numerous teams are currently working toward their optimization, and it is highly likely that in the short term, the application of AR in liver surgery will have become more frequent and effective. As for its clinical impact, notably in oncology, it remains to be assessed.",B Acidi; M Ghallab; S Cotin; E Vibert; N Golse,Journal of visceral surgery,2023,Journal Article,eng,retrieved,UNCERTAIN_REQUIRES_SCREENING,TITLE_ABSTRACT_REVIEW_REQUIRED,,,,,,,,
4452,TA-18,36789407,10.1007/s43545-023-00630-w,Effects of socio-demographic and technological factors on Indonesian lecturers' TPACK: insights from emergency remote learning.,"Little research has explored the effects of socio-demographic and technological factors on university lecturers' Technological, Pedagogical, and Content Knowledge (TPACK). Conducted in the context of emergency remote learning during the pandemic, the mixed-methods study reported on this paper examined Indonesian lecturers' TPACK during the emergency online teaching, and how their gender, length of teaching experience, prior platform training, and mostly used platform affected their TPACK. 555 lecturers from different parts of Indonesia participated in the e-survey used in this study. Follow-up semi-structured interviews were conducted with ten of the participants. Results revealed that the lecturers' pedagogical and content knowledge components were higher than their technological knowledge components. Findings also showed that gender and mostly used platform affected TK, whereas teaching experience affected pedagogical (PK) and content knowledge (CK). Prior platform training did not affect TPACK. Further, the absence of Learning Management Systems (LMS) forced some to use social media platforms to conduct remote teaching, impacting their TK, impacting their TK. Given the low TK levels, it is suggested that higher education institutions increase the use of online learning platforms (e.g., LMS) and technologies (e.g., augmented reality and virtual reality technologies, which will be highly useful especially for practice-based courses). The online version contains supplementary material available at 10.1007/s43545-023-00630-w.",Agustian Sutrisno; David Wijaya; John Paul Haupt; Michael Recard; Nida Husna,SN social sciences,2023,Journal Article,eng,retrieved,UNCERTAIN_REQUIRES_SCREENING,TITLE_ABSTRACT_REVIEW_REQUIRED,,,,,,,,
4453,TA-18,36787167,10.1002/pmrj.12963,Perceptions of stroke survivors regarding factors affecting adoption of technology and exergames for rehabilitation.,"Task-specific motor training and repetitive practice are essential components of clinical rehabilitation. Emerging evidence suggests that incorporating gaming interfaces (also referred to as ""exergames""), including virtual reality and augmented reality (VR/AR)-based interfaces for motor training, can enhance the engagement and efficacy of poststroke rehabilitation. To investigate perceptions of individuals with stroke regarding technology and exergames for rehabilitation. This qualitative phenomenological study included a convenience sample of 11 individuals with stroke (61.7 ± 12.4 years, 6 women and 5 men, 63.5 ± 41.2 months post stroke). Community. N/A. Semistructured open-ended focus-group interviews to understand their perceptions on technology and exergames to improve recovery were coded using thematic content analysis. Individuals with stroke were comfortable using smartphones, computers, and rehabilitation technologies but had limited experiences using exergames and VR/AR devices. Individuals with stroke were motivated to use technologies and exergames to improve their functional recovery. Participants identified facilitators (eg, enhancing functional recovery, feedback, therapist supervision) and barriers (eg, safety, inaccessibility, inadequate knowledge) to adopting exergames in their daily lives. Participants wanted the exergames to be customizable, goal oriented, and enjoyable to maintain their engagement. They were willing to use exergames to improve their functional recovery but indicated that these games could not replace the therapist's supervision. Despite having limited experiences with exergames, people post stroke perceived that exergames could promote functional recovery. The perspectives gained from the present study can inform user-centered game design for neurorehabilitation.",Shilpa Krishnan; Mahender A Mandala; Steven L Wolf; Ayanna Howard; Trisha M Kesar,"PM & R : the journal of injury, function, and rehabilitation",2023,"Journal Article; Research Support, N.I.H., Extramural",eng,retrieved,UNCERTAIN_REQUIRES_SCREENING,TITLE_ABSTRACT_REVIEW_REQUIRED,,,,,,,,
4454,TA-18,36787037,10.1007/s11548-023-02846-w,Intraoperative laparoscopic liver surface registration with preoperative CT using mixing features and overlapping region masks.,"Laparoscopic liver resection is a minimal invasive surgery. Augmented reality can map preoperative anatomy information extracted from computed tomography to the intraoperative liver surface reconstructed from stereo 3D laparoscopy. However, liver surface registration is particularly challenging as the intraoperative surface is only partially visible and suffers from large liver deformations due to pneumoperitoneum. This study proposes a deep learning-based robust point cloud registration network. This study proposed a low overlap liver surface registration algorithm combining local mixed features and global features of point clouds. A learned overlap mask is used to filter the non-overlapping region of the point cloud, and a network is used to predict the overlapping region threshold to regulate the training process. We validated the algorithm on the DePoLL (the Deformable Porcine Laparoscopic Liver) dataset. Compared with the baseline method and other state-of-the-art registration methods, our method achieves minimum target registration error (TRE) of 19.9 ± 2.7 mm. The proposed point cloud registration method uses the learned overlapping mask to filter the non-overlapping areas in the point cloud, then the extracted overlapping area point cloud is registered according to the mixed features and global features, and this method is robust and efficient in low-overlap liver surface registration.",Peidong Guan; Huoling Luo; Jianxi Guo; Yanfang Zhang; Fucang Jia,International journal of computer assisted radiology and surgery,2023,Journal Article,eng,retrieved,UNCERTAIN_REQUIRES_SCREENING,TITLE_ABSTRACT_REVIEW_REQUIRED,,,,,,,,
4455,TA-18,36785423,10.1364/OE.480092,Metagrating meets the geometry-based efficiency limit for AR waveguide in-couplers.,"Recently, augmented reality (AR) displays have attracted considerable attention due to the highly immersive and realistic viewer experience they can provide. One key challenge of AR displays is the fundamental trade-off between the extent of the field-of-view (FOV) and the size of the eyebox, set by the conservation of etendue sets this trade-off. Exit-pupil expansion (EPE) is one possible solution to this problem. However, it comes at the cost of distributing light over a larger area, decreasing the overall system's brightness. In this work, we show that the geometry of the waveguide and the in-coupler sets a fundamental limit on how efficient the combiner can be for a given FOV. This limit can be used as a tool for waveguide designers to benchmark the in-coupling efficiency of their in-coupler gratings. We design a metasurface-based grating (metagrating) and a commonly used SRG as in-couplers using the derived limit to guide optimization. We then compare the diffractive efficiencies of the two types of in-couplers to the theoretical efficiency limit. For our chosen waveguide geometry, the metagrating's 28% efficiency surpasses the SRG's 20% efficiency and nearly matches the geometry-based limit of 29% due to the superior angular response control of metasurfaces compared to SRGs. This work provides new insight into the efficiency limit of waveguide-based combiners and paves a novel path toward implementing metasurfaces in efficient waveguide AR displays.",Jeremy Goodsell; Pei Xiong; Daniel K Nikolov; A Nick Vamivakas; Jannick P Rolland,Optics express,2023,Journal Article,eng,retrieved,UNCERTAIN_REQUIRES_SCREENING,TITLE_ABSTRACT_REVIEW_REQUIRED,,,,,,,,
4456,TA-18,36785375,10.1364/OE.478490,Design of single-layer color echelle grating optical waveguide for augmented-reality display.,"We proposed a single-layer color echelle grating combined optical waveguide structure for an augmented-reality display. In this structure, we used echelle gratings with super-wavelength periodic scale as in-coupling, relay, and out-coupling elements. The combined propagation of three light beams in the waveguide was realized by overlapping different high diffraction orders of the RGB three primary colors, and deflection of the beam direction between gratings was achieved by conical diffraction generated by the inclined grating. Using the vector diffraction theory, the structural parameters and tolerance ranges of the three types of gratings were optimized, rendering average diffraction efficiencies of the three primary colors of the in-coupling, relay, and out-coupling gratings greater than 74%, 21%, and 35%, respectively. As a result, we obtained dual-channel one-dimensional pupil dilation of the original image and a field-of-view angle of h18.9° × v36.87°.",Qinghao Guo; Shanwen Zhang; Jun Zhang; Chao Ping Chen,Optics express,2023,Journal Article,eng,retrieved,UNCERTAIN_REQUIRES_SCREENING,TITLE_ABSTRACT_REVIEW_REQUIRED,,,,,,,,
4457,TA-18,36785374,10.1364/OE.478416,Dynamic depth-of-field projection mapping method based on a variable focus lens and visual feedback.,"Dynamic projection mapping is an interactive display technology, which is capable with multiplayers with naked eyes for augmented reality. However, the fixed and shallow depth-of-field of the projector optics limits its potential applications. In this work, a high-speed projection mapping method with a dynamic focal tracking technology based on a variable focus lens will be illustrated. The proposed system included a high-speed variable focus lens, a high-speed camera, and a high- speed projector, so that the depth and rotation information would be detected and then served as feedback to correct the focal length and update the projection information in real time. As a result, the information would be well-focused projected even on a 3D dynamic moving object. The response speed of the high-speed prototype could reach around 5 ms, and the dynamic projection range covered from 0.5 to 2.0 m.",Lihui Wang; Satoshi Tabata; Hongjin Xu; Yunpu Hu; Yoshihiro Watanabe; Masatoshi Ishikawa,Optics express,2023,Journal Article,eng,retrieved,UNCERTAIN_REQUIRES_SCREENING,TITLE_ABSTRACT_REVIEW_REQUIRED,,,,,,,,
4458,TA-18,36785291,10.1364/OE.476396,"Adaptive lens for foveal vision, imaging, and projection over large clear apertures.","We report an electrically tunable liquid crystal device that enables the generation of lenses the diameters of which may be dynamically changed from sub-millimeter to multiple millimeter sizes. These lenses can be created in different regions of interest over very large (above 50 mm) optical clear apertures. The approach is based on the activation of periodically spaced contacts on a single serpentine-shaped electrode with phase-shifted electrical signals. It enables a highly reconfigurable operation of locally created lenses with variable position, diameter, optical power (OP) and aberrations. The preliminary demonstration of the capabilities of the proposed device is presented here by creating a local lens, moving its center over an area of 25 mm x 25 mm, gradually changing its diameter from 1.3 mm to 4.55 mm as well as by tuning its OP value from zero up to, respectively, ≈ 40 and ≈3.5 diopters. Typical driving signals are at the order of 3.5 V. We think that such lenses can be used for ophthalmic or augmented reality applications as well as in microscopy, adaptive panoramic cameras with large distorted field of view, dynamic projection, etc.",Louis Bégel; Behzad Khodadad; Tigran Galstian,Optics express,2023,Journal Article,eng,retrieved,UNCERTAIN_REQUIRES_SCREENING,TITLE_ABSTRACT_REVIEW_REQUIRED,,,,,,,,
4459,TA-18,36785176,10.1364/OE.477883,Full-space wavefront manipulation enabled by asymmetric photonic spin-orbit interactions.,"Optical metasurfaces empower complete wavefront manipulation of electromagnetic waves and have been found in extensive applications, whereas most of them work in either transmission or reflection space. Here, we demonstrate that two independent and arbitrary phase profiles in transmission and reflection spaces could be produced by a monolayer all-dielectric metasurface based on the asymmetric photonic spin-orbit interactions, realizing full-space wavefront independent manipulation. Furthermore, the supercell-based non-local approach is employed to suppress crosstalk between adjacent nanopillars in one supercell for broadband and high-efficiency wavefront manipulation in full space. Compared with the conventional unit cell-based local approach, such a method could improve efficiency about 10%. As a proof of concept, two metadevices are designed, in which the maximum diffraction efficiencies are ∼95.53%/∼74.07% within the wavelength range of 1500-1600 nm in reflection/transmission space under circularly polarized light incidence. This configuration may offer an efficient way for 2π-space holographic imaging, augmented reality, virtual reality technologies, three-dimensional imaging, and so forth.",Jixiang Cai; Honglin Yu,Optics express,2023,Journal Article,eng,retrieved,UNCERTAIN_REQUIRES_SCREENING,TITLE_ABSTRACT_REVIEW_REQUIRED,,,,,,,,
4460,TA-18,36781048,10.1016/j.cireng.2023.02.004,Augmented reality in hepatobiliary-pancreatic surgery: a technology at your fingertips.,"Augmented reality is a technology that opens new possibilities in surgery. We present our experience in a hepatobiliary-pancreatic surgery unit in terms of preoperative planning, intraoperative support and teaching. For surgical planning, we have used 3D CT and MRI reconstructions to evaluate complex cases, which has made the interpretation of the anatomy more precise and the planning of the technique simpler. At an intraoperative level, it provides for remote holographic connection between specialists, the substitution of physical elements for virtual elements, and the use of virtual consultation models and surgical guides. In teaching, new lessons include sharing live video of surgery with the support of virtual elements for a better student understanding. As the experience has been satisfactory, augmented reality could be applied in the future to improve the results of hepatobiliary-pancreatic surgery.",Manel Cremades Pérez; Francisco Espin Álvarez; Fernando Pardo Aranda; Jordi Navinés López; Laura Vidal Piñeiro; Alba Zarate Pinedo; Ana Maria Piquera Hinojo; Sara Sentí Farrarons; Esteban Cugat Andorra,Cirugia espanola,2023,Journal Article,eng,retrieved,UNCERTAIN_REQUIRES_SCREENING,TITLE_ABSTRACT_REVIEW_REQUIRED,,,,,,,,
4461,TA-18,36780208,10.2196/43549,"The Metaverse, the Built Environment, and Public Health: Opportunities and Uncertainties.","There has been a growing interest in the ""metaverse,"" and discourse about how this platform may contribute to different fields of science is already beginning to emerge. In this paper, we discuss key opportunities and uncertainties about how a metaverse might contribute to advancing knowledge in the interdisciplinary field of the built environment and public health aimed at reducing noncommunicable diseases.",Mohammad Javad Koohsari; Gavin R McCormack; Tomoki Nakaya; Akitomo Yasunaga; Daniel Fuller; Yukari Nagai; Koichiro Oka,Journal of medical Internet research,2023,"Journal Article; Research Support, Non-U.S. Gov't",eng,retrieved,UNCERTAIN_REQUIRES_SCREENING,TITLE_ABSTRACT_REVIEW_REQUIRED,,,,,,,,
4462,TA-18,36777449,10.3389/fdata.2023.1042783,A 3D mixed reality visualization of network topology and activity results in better dyadic cyber team communication and cyber situational awareness.,"Cyber defense decision-making during cyber threat situations is based on human-to-human communication aiming to establish a shared cyber situational awareness. Previous studies suggested that communication inefficiencies were among the biggest problems facing security operation center teams. There is a need for tools that allow for more efficient communication of cyber threat information between individuals both in education and during cyber threat situations. In the present study, we compared how the visual representation of network topology and traffic in 3D mixed reality vs. 2D affected team performance in a sample of cyber cadets (N = 22) cooperating in dyads. Performance outcomes included network topology recognition, cyber situational awareness, confidence in judgements, experienced communication demands, observed verbal communication, and forced choice decision-making. The study utilized network data from the NATO CCDCOE 2022 Locked Shields cyber defense exercise. We found that participants using the 3D mixed reality visualization had better cyber situational awareness than participants in the 2D group. The 3D mixed reality group was generally more confident in their judgments except when performing worse than the 2D group on the topology recognition task (which favored the 2D condition). Participants in the 3D mixed reality group experienced less communication demands, and performed more verbal communication aimed at establishing a shared mental model and less communications discussing task resolution. Better communication was associated with better cyber situational awareness. There were no differences in decision-making between the groups. This could be due to cohort effects such as formal training or the modest sample size. This is the first study comparing the effect of 3D mixed reality and 2D visualizations of network topology on dyadic cyber team communication and cyber situational awareness. Using 3D mixed reality visualizations resulted in better cyber situational awareness and team communication. The experiment should be repeated in a larger and more diverse sample to determine its potential effect on decision-making.",Torvald F Ask; Kaur Kullman; Stefan Sütterlin; Benjamin J Knox; Don Engel; Ricardo G Lugo,Frontiers in big data,2023,Journal Article,eng,retrieved,UNCERTAIN_REQUIRES_SCREENING,TITLE_ABSTRACT_REVIEW_REQUIRED,,,,,,,,
4463,TA-18,39633757,10.1515/nanoph-2022-0793,Highly angle-sensitive and efficient optical metasurfaces with broken mirror symmetry.,"Optical metasurfaces have great potential to overcome the functional limitations of conventional optical devices. In addition to polarization- or wavelength-multiplexed metasurfaces, angle-multiplexed metasurfaces can provide new degrees of freedom, enabling previously unrealized complex functionality in diverse applications such as LiDAR, augmented reality glasses, and imaging. However, there have been fundamental trade-offs in transmission efficiency and angular sensitivity for practically important paraxial rays. In this paper, we overcome this limitation by breaking mirror symmetries of single-layer metasurface structures. Based on an effective medium theory, we intuitively explain which material parameters affect the sensitivity and efficiency and prove that high sensitivity and high efficiency can be achieved simultaneously by breaking the mirror symmetry. Based on this, we propose optimized metasurfaces for two applications: an angle-multiplexed beam-steering device with up to 93% relative efficiency and an angle-multiplexed metalens array that can break the fundamental resolution-density trade-off of microlens arrays with high efficiency. The proposed angle-selective designs could pave the way for the development of new classes of compact optical devices with novel functions.",Nayoung Kim; Myungjoon Kim; Joonkyo Jung; Taeyong Chang; Suwan Jeon; Jonghwa Shin,"Nanophotonics (Berlin, Germany)",2023,Journal Article,eng,retrieved,UNCERTAIN_REQUIRES_SCREENING,TITLE_ABSTRACT_REVIEW_REQUIRED,,,,,,,,
4464,TA-18,36772721,10.3390/s23031680,A Proof of Concept Combined Using Mixed Reality for Personalized Neurorehabilitation of Cerebellar Ataxic Patients.,"Guidelines for degenerative cerebellar ataxia neurorehabilitation suggest intensive coordinative training based on physiotherapeutic exercises. Scientific studies demonstrate virtual exergaming therapeutic value. However, patient-based personalization, post processing analyses and specific audio-visual feedbacks are not provided. This paper presents a wearable motion tracking system with recording and playback features. This system has been specifically designed for ataxic patients, for upper limbs coordination studies with the aim to retrain movement in a neurorehabilitation setting. Suggestions from neurologists and ataxia patients were considered to overcome the shortcomings of virtual systems and implement exergaming. The system consists of the mixed-reality headset Hololens2 and a proprietary exergaming implemented in Unity. Hololens2 can track and save upper limb parameters, head position and gaze direction in runtime. Data collected from a healthy subject are reported to demonstrate features and outputs of the system. Although further improvements and validations are needed, the system meets the needs of a dynamic patient-based exergaming for patients with cerebellar ataxia. Compared with existing solutions, the mixed-reality system is designed to provide an effective and safe therapeutic exergaming that supports both primary and secondary goals of an exergaming: what a patient should do and how patient actions should be performed.",Michela Franzò; Andrada Pica; Simona Pascucci; Mariano Serrao; Franco Marinozzi; Fabiano Bini,"Sensors (Basel, Switzerland)",2023,Journal Article,eng,retrieved,UNCERTAIN_REQUIRES_SCREENING,TITLE_ABSTRACT_REVIEW_REQUIRED,,,,,,,,
4465,TA-18,36772414,10.3390/s23031370,An Indoor Location-Based Augmented Reality Framework.,"This paper proposes an indoor location-based augmented reality framework (ILARF) for the development of indoor augmented-reality (AR) systems. ILARF integrates an indoor localization unit (ILU), a secure context-aware message exchange unit (SCAMEU), and an AR visualization and interaction unit (ARVIU). The ILU runs on a mobile device such as a smartphone and utilizes visible markers (e.g., images and text), invisible markers (e.g., Wi-Fi, Bluetooth Low Energy, and NFC signals), and device sensors (e.g., accelerometers, gyroscopes, and magnetometers) to determine the device location and direction. The SCAMEU utilizes a message queuing telemetry transport (MQTT) server to exchange ambient sensor data (e.g., temperature, light, and humidity readings) and user data (e.g., user location and user speed) for context-awareness. The unit also employs a web server to manage user profiles and settings. The ARVIU uses AR creation tools to handle user interaction and display context-aware information in appropriate areas of the device's screen. One prototype AR app for use in gyms, Gym Augmented Reality (GAR), was developed based on ILARF. Users can register their profiles and configure settings when using GAR to visit a gym. Then, GAR can help users locate appropriate gym equipment based on their workout programs or favorite exercise specified in their profiles. GAR provides instructions on how to properly use the gym equipment and also makes it possible for gym users to socialize with each other, which may motivate them to go to the gym regularly. GAR is compared with other related AR systems. The comparison shows that GAR is superior to others by virtue of its use of ILARF; specifically, it provides more information, such as user location and direction, and has more desirable properties, such as secure communication and a 3D graphical user interface.",Jehn-Ruey Jiang; Hanas Subakti,"Sensors (Basel, Switzerland)",2023,Journal Article,eng,retrieved,UNCERTAIN_REQUIRES_SCREENING,TITLE_ABSTRACT_REVIEW_REQUIRED,,,,,,,,
4466,TA-18,36766891,10.3390/healthcare11030315,What Factors Will Influence Chinese International Traveling for Leisure in the Post-COVID-19 Era: Role of Health Priorities and Health-Related Information Literacy.,"China used to be the world's leading nation in terms of international (outward) tourism till the COVID-19 outbreak. However, due to the COVID-19 crisis, several new macro and micro-level factors might affect their international (outward) traveling behavior. The purpose of the current research was to examine the avoidance of international traveling for leisure in the Chinese population. The goal of the study was to highlight the importance of information self-efficacy and digital literacy as the key factors influencing tourists' traveling readiness. To achieve the goal, the study adapted the quantitative instruments from existing sources to map media exhaustion, information overload, and perceived health concerns, i.e., perceived effectiveness of health-protective measures, fear of new possible outbreaks, and pandemic crisis at source and destination. Chinese citizens' opinions were collected during the third quarter of the year 2022. Specifically, the quantitative survey from China collected a total number of 1308 respondents. This study used the statistical analysis software SPSS to analyze collected data. The findings conclude that the role of media is pivotal to shaping and predicting future trends in tourism preferences, perception of protective measures against COVID-19, and perceived seriousness of the pandemic crisis in the Chinese population. In addition, technology readiness (as hard self-efficacy) and health-related information literacy (soft self-efficacy) are critical to cope with the dark aspects of information exhaustion, overload, and pandemic seriousness in the post-truth era. The study is unique, as it examines the role of the seriousness of the pandemic at its source and destination and fear of new outbreaks simultaneously, underlining the potential future of immersive tourism (i.e., virtual reality, augmented reality, or mixed reality-based tourism). This study has drawn interesting theoretical and practical implications for researchers, policymakers, and academicians.",Saba Batool Wadhar; Riffat Shahani; Rongting Zhou; Ahmad Nabeel Siddiquei; Qing Ye; Fahad Asmi,"Healthcare (Basel, Switzerland)",2023,Journal Article,eng,retrieved,UNCERTAIN_REQUIRES_SCREENING,TITLE_ABSTRACT_REVIEW_REQUIRED,,,,,,,,
4467,TA-18,39239606,10.1016/j.inpm.2023.100180,Virtual reality training and modeling to aid in pre-procedural practice for thoracic nerve root block in the setting of a schwannoma.,Virtual reality (VR) is a tool to aid with pre-procedural modeling and practicing for complex procedures with anatomic variation. Here we demonstrate a case of a 64-year-old woman with neuroforaminal compression from a schwannoma that was modeled in VR in order to facilitate pre-procedural training prior to a transforaminal epidural steroid injection. The modeling session allowed for determination of the optimal fluoroscopic angulation to avoid any contact with the mass or nerve root during the procedure. This case study demonstrates a way to incorporate VR in pre-procedural planning and practicing for both learners and experienced interventionalists.,Erik F Wang; James Yu; John E Rubin; Rohan Jotwani,Interventional pain medicine,2023,Journal Article,eng,retrieved,UNCERTAIN_REQUIRES_SCREENING,TITLE_ABSTRACT_REVIEW_REQUIRED,,,,,,,,
4468,TA-18,36762064,10.21037/tlcr-22-884,A new preoperative localization of pulmonary nodules guided by mixed reality: a pilot study of an animal model.,"With the popularity of high-resolution computed tomography (HRCT), more and more pulmonary nodules are being discovered. Video-assisted thoracoscopic surgery (VATS) has become the first choice for surgical treatment of pulmonary nodules. The use of accurate preoperative localization is crucial for successful resection in VATS. At present, there are many kinds of preoperative localization methods, but there are certain disadvantages. This study aimed to evaluate the feasibility and safety of mixed reality (MR)-guided pulmonary nodules localization, which is a new method that can benefit patients to a greater extent. By constructing an animal model of pulmonary nodules localization, 28 cases of pulmonary nodules were located by MR-guided localization. We recorded the localization accuracy, localization time, insertion attempts, and incidence of complications related to localization under MR-guidance. All 28 nodules were successfully located: the deviation of MR-guided localization was 5.71±2.59 mm, localization time was 8.07±1.44 min, and insertion attempts was 1. A pneumothorax and localizer dislodgement occurred in 1 case, respectively. Since preoperative localization is critical for VATS resection of pulmonary nodules, we investigated a new localization method. As indicated by our study, MR-guided localization of pulmonary nodules is feasible and safe, which is worthy of further research and promotion. We have also registered corresponding clinical trials to further investigate and help to improve our understanding of this technique.",Ning Xin; Xiaoyu Wu; Zihao Chen; Rongqiang Wei; Yuichi Saito; Samy Lachkar; Alberto Salvicchi; Satoshi Fumimoto; Gabrielle Drevet; Zhifei Xu; Kenan Huang; Hua Tang,Translational lung cancer research,2023,Journal Article,eng,retrieved,UNCERTAIN_REQUIRES_SCREENING,TITLE_ABSTRACT_REVIEW_REQUIRED,,,,,,,,
4469,TA-18,36760110,10.4094/chnr.2023.29.1.24,A systematic review and meta-analysis of studies on extended reality-based pediatric nursing simulation program development.,"This systematic literature review and meta-analysis explored extended reality (XR)-based pediatric nursing simulation programs and analyzed their effectiveness. A literature search was conducted between May 1 and 30, 2022 in the following electronic databases: MEDLINE, Embase, Cochrane Central Register of Controlled Trials (CENTRAL), and CINAHL. The search period was from 2000 to 2022. In total, 6,095 articles were reviewed according to the inclusion and exclusion criteria, and 14 articles were selected for the final content analysis and 10 for the meta-analysis. Data analysis was performed using descriptive statistics and the Comprehensive Meta- Analysis program. XR-based pediatric nursing simulation programs have increased since 2019. Studies using virtual reality with manikins or high-fidelity simulators were the most common, with six studies. The total effect size was statistically significant at 0.84 (95% confidence interval=0.50-1.19, z=4.82, p<.001). Based on the findings, we suggest developing standardized guidelines for the operation of virtual pediatric nursing simulation education and practice. Simultaneously, the application of more sophisticated research designs for effect measurement and the combined applications of various virtual simulation methods are needed to validate the most effective simulation methodology.",Eun Joo Kim; Ji Young Lim; Geun Myun Kim,Child health nursing research,2023,Journal Article,eng,retrieved,UNCERTAIN_REQUIRES_SCREENING,TITLE_ABSTRACT_REVIEW_REQUIRED,,,,,,,,
4470,TA-18,36756954,10.1080/00140139.2023.2176551,Is my AV crashing? An online photo-based experiment assessing whether shared intended pathway can help AV drivers anticipate silent failures.,"The shared responsibility between conditional AVs drivers demands shared understanding. Thus, a shared intended pathway (SIP)-a graphical display of the AV's planned manoeuvres in a head-up display to help drivers anticipate silent failures is proposed. An online, randomised photo experiment was conducted with 394 drivers in Australia. The photos presented traffic scenarios where the SIP forecast either safe or unsafe manoeuvres (silent failures). Participants were required to respond by selecting whether driver intervention was necessary or not. Additionally, the effects of presented object recognition bounding boxes which indicated whether a road user was recognised or not were also tested in the experiment. The SIP led to correct intervention choices 87% of the time, and to calibrating self-reported trust, perceived ease of use and usefulness. The bounding boxes found no significant effects. Results suggest SIPs can assist in monitoring conditional automation. Future research in simulator studies is recommended. Practitioner summary: Conditional AV drivers are expected to take-over control during failures. However, drivers are not informed about the AV's planned manoeuvres. A visual display that presents the shared intended pathway is proposed to help drivers mitigate silent failures. This online photo experiment found the display helped anticipate failures with 87% accuracy.",Ritwik Swain; Sherrie-Anne Kaye; Andry Rakotonirainy,Ergonomics,2023,Journal Article,eng,retrieved,UNCERTAIN_REQUIRES_SCREENING,TITLE_ABSTRACT_REVIEW_REQUIRED,,,,,,,,
4471,TA-18,36744045,10.1177/17562872231151853,The future of robotic surgery in urology: from augmented reality to the advent of metaverse.,,Enrico Checcucci; Paolo Verri; Daniele Amparore; Giovanni Enrico Cacciamani; Juan Gomez Rivas; Riccardo Autorino; Alex Mottrie; Alberto Breda; Francesco Porpiglia,Therapeutic advances in urology,2023,Journal Article,eng,retrieved,UNCERTAIN_REQUIRES_SCREENING,TITLE_ABSTRACT_REVIEW_REQUIRED,,,,,,,,
4472,TA-18,36741786,10.3389/fnhum.2022.805867,EMG space similarity feedback promotes learning of expert-like muscle activation patterns in a complex motor skill.,"Augmented feedback provided by a coach or augmented reality system can facilitate the acquisition of a motor skill. Verbal instructions and visual aids can be effective in providing feedback about the kinematics of the desired movements. However, many skills require mastering not only kinematic, but also complex kinetic patterns, for which feedback is harder to convey. Here, we propose the electromyography (EMG) space similarity feedback, which may indirectly convey kinematic and kinetic feedback by comparing the muscle activations of the learner and an expert in the task. The EMG space similarity feedback is a score that reflects how well a set of muscle synergies extracted from the expert can reconstruct the learner's EMG when performing the task. We tested the EMG space similarity feedback in a virtual bimanual polishing task that uses a robotic system to simulate the dynamics of a real polishing operation. We measured the expert's and learner's EMG from eight muscles in each arm during the real and virtual polishing tasks, respectively. The goal of the virtual task was to smoothen the surface of a virtual object. Therefore, we defined performance in the task as the smoothness of the object at the end of a trial. We separated learners into real feedback and null feedback groups to assess the effects of the EMG space similarity feedback. The real and null feedback groups received veridic and no EMG space similarity feedback, respectively. Subjects participated in five training sessions on different days, and we evaluated their performance on each day. Subjects in both groups were able to increase smoothness throughout the training sessions, with no significant differences between groups. However, subjects in the real feedback group were able to improve in the EMG space similarity score to a significantly greater extent than the null feedback group. Additionally, subjects in the real feedback group produced muscle activations that became increasingly consistent with an important muscle synergy found in the expert. Our results indicate that the EMG space similarity feedback promotes acquiring expert-like muscle activation patterns, suggesting that it may assist in the acquisition of complex motor skills.",Victor R Barradas; Woorim Cho; Yasuharu Koike,Frontiers in human neuroscience,2022,Journal Article,eng,retrieved,UNCERTAIN_REQUIRES_SCREENING,TITLE_ABSTRACT_REVIEW_REQUIRED,,,,,,,,
4473,TA-18,36739818,10.1016/j.compbiomed.2023.106568,A mixed reality-based navigation method for dental implant navigation method: A pilot study.,"This in vitro study aimed to put forward the development and investigation of a novel Mixed Reality (MR)-based dental implant navigation method and evaluate implant accuracy. Data were collected using 3D-cone beam computed tomography. The MR-based navigation system included a Hololens headset, an NDI (Northern Digital Inc.) Polaris optical tracking system, and a computer. A software system was developed. Resin models of dentition defects were created for a randomized comparison study with the MR-based navigation implantation system (MR group, n = 25) and the conventional free-hand approach (FH group, n = 25). Implant surgery on the models was completed by an oral surgeon. The precision and feasibility of the MR-based navigation method in dental implant surgery were assessed and evaluated by calculating the entry deviation, middle deviation, apex deviation, and angular deviation values of the implant. The system, including both the hardware and software, for the MR-based dental implant navigation method were successfully developed and a workflow of the method was established. Three-Dimensional (3D) reconstruction and visualization of the surgical instruments, dentition, and jawbone were achieved. Real-time tracking of implant tools and jaw model, holographic display via the MR headset, surgical guidance, and visualization of the intraoperative implant trajectory deviation from the planned trajectory were captured by our system. The MR-based navigation system was with better precise than the free-hand approach for entry deviation (MR: 0.6914 ± 0.2507 mm, FH: 1.571 ± 0.5004 mm, P = 0.000), middle deviation (MR: 0.7156 ± 0.2127 mm, FH: 1.170 ± 0.3448 mm, P = 0.000), apex deviation (MR: 0.7869 ± 0.2298 mm, FH: 0.9190 ± 0.3319 mm, P = 0.1082), and angular deviation (MR: 1.849 ± 0.6120°, FH: 4.933 ± 1.650°, P = 0.000).",Lin Liu; Xiaoyu Wang; Miaosheng Guan; Yiping Fan; Zhongliang Yang; Deyu Li; Yuming Bai; Hongbo Li,Computers in biology and medicine,2023,"Journal Article; Research Support, Non-U.S. Gov't",eng,retrieved,UNCERTAIN_REQUIRES_SCREENING,TITLE_ABSTRACT_REVIEW_REQUIRED,,,,,,,,
4474,TA-18,36739780,10.1016/j.apergo.2023.103982,A passive upper-limb exoskeleton reduced muscular loading during augmented reality interactions.,"The aim of this study was to evaluate a passive upper-limb exoskeleton as an ergonomic control to reduce the musculoskeletal load in the shoulders associated with augmented reality (AR) interactions. In a repeated-measures laboratory study, each of the 20 participants performed a series of AR tasks with and without a commercially-available upper-limb exoskeleton. During the AR tasks, muscle activity (anterior, middle, posterior deltoid, and upper trapezius), shoulder joint postures/moment, and self-reported discomfort were collected. The results showed that the exoskeleton significantly reduced muscle activity in the upper trapezius and deltoid muscle groups and self-reported discomfort. However, the shoulder postures and task performance measures were not affected by the exoskeleton during the AR interactions. Given the significant decrease in muscle activity and discomfort without compromising task performance, a passive exoskeleton can be an effective ergonomic control measure to reduce the risks of developing musculoskeletal discomfort or injuries in the shoulder regions.",Yong-Ku Kong; Sang-Soo Park; Jin-Woo Shim; Kyeong-Hee Choi; Hyun-Ho Shim; Kiana Kia; Jeong Ho Kim,Applied ergonomics,2023,Journal Article,eng,retrieved,UNCERTAIN_REQUIRES_SCREENING,TITLE_ABSTRACT_REVIEW_REQUIRED,,,,,,,,
4475,TA-18,36728762,10.1021/acs.nanolett.2c04220,An Ultrahigh Efficiency Excitonic Micro-LED.,"High efficiency micro-LEDs, with lateral dimensions as small as one micrometer, are desired for next-generation displays, virtual/augmented reality, and ultrahigh-speed optical interconnects. The efficiency of quantum well LEDs, however, is reduced to negligibly small values when scaled to such small dimensions. Here, we show such a fundamental challenge can be overcome by developing nanowire excitonic LEDs. Harnessing the large exciton oscillator strength of quantum-confined nanostructures, we demonstrate a submicron scale green-emitting LED having an external quantum efficiency and wall-plug efficiency of 25.2% and 20.7%, respectively, the highest values reported for any LEDs of this size to our knowledge. We established critical factors for achieving excitonic micro-LEDs, including the epitaxy of nanostructures to achieve strain relaxation, the utilization of semipolar planes to minimize polarization effects, and the formation of nanoscale quantum-confinement to enhance electron-hole wave function overlap. This work provides a viable path to break the efficiency bottleneck of nanoscale optoelectronics.",Ayush Pandey; Jungwook Min; Maddaka Reddeppa; Yakshita Malhotra; Yixin Xiao; Yuanpeng Wu; Kai Sun; Zetian Mi,Nano letters,2023,Journal Article,eng,retrieved,UNCERTAIN_REQUIRES_SCREENING,TITLE_ABSTRACT_REVIEW_REQUIRED,,,,,,,,
4476,TA-18,36728555,10.1097/PRS.0000000000010158,HoloLens in Breast Reconstruction: What Is the Future?,"Autologous breast reconstruction using the deep inferior epigastric perforator flap has been established as the standard for perforator-based free-flap breast reconstruction. This technique relies on the surgeon's ability to identify the patient's relevant abdominal vasculature to facilitate accurate dissection, optimize surgical outcomes, and minimize morbidity. A technique is described in which the authors incorporate augmented reality using HoloLens technology in their surgical planning to identify epigastric arteries and perforators. This technology allows the surgeon to superimpose computed tomography angiography images directly onto the patient, facilitating an in vivo appreciation of underlying anatomy before incision and dissection. This allows real-time surgical planning, increasing the value and tangibility of preoperative computed tomography angiography with the potential to enhance the accuracy and efficiency of the operative technique. Although the authors did not use the HoloLens technology to make clinical decisions, they provide evidence of its accuracy and ease of use, offering a proof of concept. The potential of this technology is demonstrated, and the authors encourage future application in free-flap breast reconstruction and beyond.",Gary Masterton; Robert Miller; Jaymin Patel; Philip Pratt; Nicholas Gosling; Samer Saour,Plastic and reconstructive surgery,2023,Journal Article,eng,retrieved,UNCERTAIN_REQUIRES_SCREENING,TITLE_ABSTRACT_REVIEW_REQUIRED,,,,,,,,
4477,TA-18,36723780,10.1007/7854_2023_416,Virtual Reality for Vision Science.,"Virtual reality (VR) allows us to create visual stimuli that are both immersive and reactive. VR provides many new opportunities in vision science. In particular, it allows us to present wide field-of-view, immersive visual stimuli; for observers to actively explore the environments that we create; and for us to understand how visual information is used in the control of behaviour. In contrast with traditional psychophysical experiments, VR provides much greater flexibility in creating environments and tasks that are more closely aligned with our everyday experience. These benefits of VR are of particular value in developing our theories of the behavioural goals of the visual system and explaining how visual information is processed to achieve these goals. The use of VR in vision science presents a number of technical challenges, relating to how the available software and hardware limit our ability to accurately specify the visual information that defines our virtual environments and the interpretation of data gathered in experiments with a freely moving observer in a responsive environment.",Paul B Hibbard,Current topics in behavioral neurosciences,2023,Journal Article,eng,retrieved,UNCERTAIN_REQUIRES_SCREENING,TITLE_ABSTRACT_REVIEW_REQUIRED,,,,,,,,
4478,TA-18,36722695,10.1021/acsami.2c21058,NIR-Triggered High-Efficiency Self-Healable Protective Optical Coating for Vision Systems.,"Recently, self-healing materials have evolved to recover specific functions such as electronic, magnetic, acoustic, structural or hierarchical, and biological properties. In particular, the development of self-healing protection coatings that can be applied to lens components in vision systems such as augmented reality glasses, actuators, and image and time-of-flight sensors has received intensive attention from the industry. In the present study, we designed polythiourethane dynamic networks containing a photothermal N-butyl-substituted diimmonium borate dye to demonstrate their potential applications in self-healing protection coatings for the optical components of vision systems. The optimized self-healing coating exhibited a high transmittance (∼95% in the visible-light region), tunable refractive index (up to 1.6), a moderate Abbe number (∼35), and high surface hardness (>200 MPa). When subjected to near-infrared (NIR) radiation (1064 nm), the surface temperature of the coating increased to 75 °C via the photothermal effect and self-healing of the scratched coatings occurred via a dynamic thiourethane exchange reaction. The coating was applied to a lens protector, and its self-healing performance was demonstrated. The light signal distorted by the scratched surface of the coating was perfectly restored after NIR-induced self-healing. The photoinduced self-healing process can also autonomously occur under sunlight with low energy consumption.",Ji-Eun Jeong; Jae-Won Lee; Mi Ju Bae; Hyoung Eun Bae; Eunjeong Seo; Seulchan Lee; JungYeop Shin; Sang-Ho Lee; Yu Jin Jung; Hyocheol Jung; Young Il Park; In Woo Cheong; Hak-Rin Kim; Jin Chul Kim,ACS applied materials & interfaces,2023,Journal Article,eng,retrieved,UNCERTAIN_REQUIRES_SCREENING,TITLE_ABSTRACT_REVIEW_REQUIRED,,,,,,,,
4479,TA-18,38560640,10.1117/12.2653952,An Augmented Reality System with Advanced User Interfaces for Image-Guided Intervention Applications.,"Augmented Reality (AR) is becoming a more common addition to physicians' repertoire for aiding in resident training and patient interactions. However, the use of augmented reality in clinical settings is still beset with many complications, including the lack of physician control over the systems, set modes of interactions within the system, and physician's lack of familiarity with such AR systems. In this paper, we plan to expand on our previous prostate biopsy AR system by adding in improved user interface systems within the virtual world in order to allow the user to more accurately visualize only parts of the system which they consider to be useful at that time. To accomplish this, we have incorporated three-dimensional virtual sliders built from the ground up, using Unity to afford control over each model's RGB values, as well as their transparency. This means that the user would be able to fully edit the color, and transparency of each individual model in real time as they see fit quickly and easily while still being immersed in the augmented space. This would allow users to view internal holograms while not sacrificing the capability to view the external structure. Such leeway could be invaluable when visualizing a tumor within a prostate and would provide the physician with the capability to view as much or as little of the surrounded virtual models as desired, while providing the option to reinstate the surrounding models at will. The AR system can provide a new approach for potential uses in image-guided interventions including targeted biopsy of the prostate.",Patric Bettati; Baowei Fei,Proceedings of SPIE--the International Society for Optical Engineering,2023,Journal Article,eng,retrieved,UNCERTAIN_REQUIRES_SCREENING,TITLE_ABSTRACT_REVIEW_REQUIRED,,,,,,,,
4480,TA-18,36720429,10.1016/j.jmig.2023.01.012,SurgAI3.8K: A Labeled Dataset of Gynecologic Organs in Laparoscopy with Application to Automatic Augmented Reality Surgical Guidance.,"We focus on explaining the concepts underlying artificial intelligence (AI), using Uteraug, a laparoscopic surgery guidance application based on Augmented Reality (AR), to provide concrete examples. AI can be used to automatically interpret the surgical images. We are specifically interested in the tasks of uterus segmentation and uterus contouring in laparoscopic images. A major difficulty with AI methods is their requirement for a massive amount of annotated data. We propose SurgAI3.8K, the first gynaecological dataset with annotated anatomy. We study the impact of AI on automating key steps of Uteraug. We constructed the SurgAI3.8K dataset with 3800 images extracted from 79 laparoscopy videos. We created the following annotations: the uterus segmentation, the uterus contours and the regions of the left and right fallopian tube junctions. We divided our dataset into a training and a test dataset. Our engineers trained a neural network from the training dataset. We then investigated the performance of the neural network compared to the experts on the test dataset. In particular, we established the relationship between the size of the training dataset and the performance, by creating size-performance graphs. University. Not available. Not available. The size-performance graphs show a performance plateau at 700 images for uterus segmentation and 2000 images for uterus contouring. The final segmentation scores on the training and test dataset were 94.6% and 84.9% (the higher, the better) and the final contour error were 19.5% and 47.3% (the lower, the better). These results allowed us to bootstrap Uteraug, achieving AR performance equivalent to its current manual setup. We describe a concrete AI system in laparoscopic surgery with all steps from data collection, data annotation, neural network training, performance evaluation, to final application.",Sabrina Madad Zadeh; Tom François; Aurélie Comptour; Michel Canis; Nicolas Bourdel; Adrien Bartoli,Journal of minimally invasive gynecology,2023,Journal Article,eng,retrieved,UNCERTAIN_REQUIRES_SCREENING,TITLE_ABSTRACT_REVIEW_REQUIRED,,,,,,,,
4481,TA-18,36720080,10.1089/cyber.2022.0079,Defining Virtual Consumerism Through Content and Sentiment Analyses.,"This study set out to better understand virtual consumerism (VC) by applying natural language processing (NLP) methods for sentiment and content analyses. A total of 318 articles related to VC were identified on theguardian.com Web site and analyzed by text mining methodology. A thematic, content analysis using the Leximancer program was performed to explore VC as a concept, and its related concepts and concept associations. For the purposes of ""deep-dive insights,"" further content and sentiment analyses were performed with MonkeyLearn and valence aware dictionary for sentiment reasoning. This triangulation in methodology enabled a comprehensive unstructured qualitative data analysis. The study identified key themes that characterize and define VC. It uncovered that, although there is predominantly positive sentiment toward VC reported in The Guardian online articles, negative sentiment also exists, presenting challenges for the industry to maneuver. The findings reveal that in the context of VC, a virtual experience is also a social experience in a virtual space, which is becoming and evolving. There are certain industries and sectors that are embracing VC, such as marketing, advertising and public relations, software development/IT, art/design, and entertainment, as well as science/technology. Some sectors and industries are experiencing challenges, such as security/law enforcement and medical, and hence display negative sentiment toward VC. Overall, this study presents a working definition of VC, a synopsis of the state of VC, and highlights areas for potential research to further our understanding of this phenomenon. It contributes to an improved understanding of VC for the industry and academia, and provides impetus for future studies focused on the emergent VC-relevant conceptual relationships.",Sezai Tunca; Violetta Wilk; Bulent Sezen,"Cyberpsychology, behavior and social networking",2023,Journal Article,eng,retrieved,UNCERTAIN_REQUIRES_SCREENING,TITLE_ABSTRACT_REVIEW_REQUIRED,,,,,,,,
4482,TA-18,36718368,10.1016/j.isci.2023.105955,My social comfort zone: Attachment anxiety shapes peripersonal and interpersonal space.,"Following positive social exchanges, the neural representation of interactive space around the body (peripersonal space; PPS) expands, whereas we also feel consciously more comfortable being closer to others (interpersonal distance; ID). However, it is unclear how relational traits, such as attachment styles, interact with the social malleability of our PPS and ID. A first, exploratory study (N=48) using a visuo-tactile, augmented reality task, found that PPS depended on the combined effects of social context and attachment anxiety. A follow-up preregistered study (N = 68), showed that those with high attachment anxiety demonstrated a sharper differentiation between peripersonal and extrapersonal space, even in a non-social context. A final, preregistered large-scale survey (N = 19,417) found that people scoring high in attachment anxiety prefer closer ID and differentiate their ID less based on feelings of social closeness. We conclude that attachment anxiety reduces the social malleability of both peripersonal and interpersonal space.",Mariana von Mohr; Paulo C Silva; Eleonora Vagnoni; Angelika Bracher; Tommaso Bertoni; Andrea Serino; Michael J Banissy; Paul M Jenkinson; Aikaterini Fotopoulou,iScience,2023,Journal Article,eng,retrieved,UNCERTAIN_REQUIRES_SCREENING,TITLE_ABSTRACT_REVIEW_REQUIRED,,,,,,,,
4483,TA-18,36711325,10.3389/fpubh.2022.903933,A feasibility study of Augmented Reality Intervention for Safety Education for farm parents and children.,"Agriculture is one of the most dangerous U.S. occupations with high rates of injuries and fatalities, and especially more dangerous for children, having more young worker deaths than any other industry. Thus, safety education is essential in promoting safe and healthy working habits in agriculture. Augmented reality (AR) technology has great potential to enhance the effectiveness of safety education due to its high levels of system-user interactivity and media enjoyment. This study aims to: (1) develop Augmented Reality Intervention for Safety Education (ARISE), an AR 3D simulator that presents farm accident situations with immersive media technology, (2) examine the feasibility of ARISE, and (3) evaluate the potential of ARISE as an effective agricultural safety education program for farm parents and children. To test the feasibility of ARISE, we conducted semi-structured in-depth interviews with ten parent-child dyads at an extension office located in Maryland. Participants were farmers who owned and operated a family farm(s) with their child or children ages 5-13. The interviews included asking participants questions about their perceptions of farm risks, sources of risk education, and protection methods. In the next step, participants used ARISE with researcher guidance. After using the application, participants were asked questions about their experience using ARISE and suggestions for improvement. The interviews were then transcribed and analyzed following the conventional content analysis method. Three main themes emerged-demand (e.g., perceived risk and need for education; lack of farm safety education from school), acceptability (e.g., attitude toward AR technology; perceived realism; perceived ease of use; perceived usefulness), and implementation. These findings help us understand how an immersive experience can play an impactful role in enhancing agricultural safety. The feasibility of ARISE sheds light on the potential of AR technology for an innovative safety education program.",Kang Namkoong; John Leach; Junhan Chen; Jiawen Zhang; Bryan Weichelt,Frontiers in public health,2022,"Journal Article; Research Support, Non-U.S. Gov't; Research Support, N.I.H., Extramural",eng,retrieved,UNCERTAIN_REQUIRES_SCREENING,TITLE_ABSTRACT_REVIEW_REQUIRED,,,,,,,,
4484,TA-18,36707817,10.1186/s12984-023-01136-5,Limb loading enhances skill transfer between augmented and physical reality tasks during limb loss rehabilitation.,"Virtual and augmented reality (AR) have become popular modalities for training myoelectric prosthesis control with upper-limb amputees. While some systems have shown moderate success, it is unclear how well the complex motor skills learned in an AR simulation transfer to completing the same tasks in physical reality. Limb loading is a possible dimension of motor skill execution that is absent in current AR solutions that may help to increase skill transfer between the virtual and physical domains. We implemented an immersive AR environment where individuals could operate a myoelectric virtual prosthesis to accomplish a variety of object relocation manipulations. Intact limb participants were separated into three groups, the load control (CGLD; [Formula: see text]), the AR control (CGAR; [Formula: see text]), and the experimental group (EG; [Formula: see text]). Both the CGAR and EG completed a 5-session prosthesis training protocol in AR while the CGLD performed simple muscle training. The EG attempted manipulations in AR while undergoing limb loading. The CGAR attempted the same manipulations without loading. All participants performed the same manipulations in physical reality while operating a real prosthesis pre- and post-training. The main outcome measure was the change in the number of manipulations completed during the physical reality assessments (i.e. completion rate). Secondary outcomes included movement kinematics and visuomotor behavior. The EG experienced a greater increase in completion rate post-training than both the CGAR and CGLD. This performance increase was accompanied by a shorter motor learning phase, the EG's performance saturating in less sessions of AR training than the CGAR. The results demonstrated that limb loading plays an important role in transferring complex motor skills learned in virtual spaces to their physical reality analogs. While participants who did not receive limb loading were able to receive some functional benefit from AR training, participants who received the loading experienced a greater positive change in motor performance with their performance saturating in fewer training sessions.",Christopher L Hunt; Yinghe Sun; Shipeng Wang; Ahmed W Shehata; Jacqueline S Hebert; Marlis Gonzalez-Fernandez; Rahul R Kaliki; Nitish V Thakor,Journal of neuroengineering and rehabilitation,2023,"Journal Article; Research Support, N.I.H., Extramural; Research Support, U.S. Gov't, Non-P.H.S.",eng,retrieved,UNCERTAIN_REQUIRES_SCREENING,TITLE_ABSTRACT_REVIEW_REQUIRED,,,,,,,,
4485,TA-18,36706429,10.1089/cyber.2022.0087,How Augmented Reality Increases Engagement Through Its Impact on Risk and the Decision Process.,"Augmented reality (AR) overcomes one of the main limitations of e-commerce, such as the prepurchase trial. The consumer can virtually see how a product is integrated into the real world through this technology. Therefore, AR may reduce the perceived risk of buying a product online. Despite existing research, the impact of AR on the consumer decision process needs to be further explored. Consequently, this research aims to understand the impact of AR on the perception of risk and the purchase decision process, considering decision comfort and decision confidence. Through a between-subjects experiment, the results show that AR reduces the risk of online shopping. However, it has no direct effect on the decision process. Reducing risk and the comfort it brings generates decision confidence and satisfaction with the shopping experience. This satisfaction will generate engagement toward the online shop platform. The research highlights the process through which AR impacts the decision-making process. The implications for AR marketing theory and managerial implications in the age of the metaverse are discussed.",Sergio Barta; Raquel Gurrea; Carlos Flavián,"Cyberpsychology, behavior and social networking",2023,Journal Article,eng,retrieved,UNCERTAIN_REQUIRES_SCREENING,TITLE_ABSTRACT_REVIEW_REQUIRED,,,,,,,,
4486,TA-18,36704869,10.1080/17453054.2023.2169111,Augmented Resuscitation- simulacrum of AR.,"This brief article is a reflection of immersive technology in healthcare education that features a digital illustration to capture the frenetic clinical environment that is broadcast live using augmented reality with a virtual onlooker, portrayed as the all seeing eye. The purpose of the artwork is to promote a discussion over consent, reality, and psychological safety.",Chris Jacobs,Journal of visual communication in medicine,2023,Journal Article,eng,retrieved,UNCERTAIN_REQUIRES_SCREENING,TITLE_ABSTRACT_REVIEW_REQUIRED,,,,,,,,
4487,TA-18,36703524,10.1002/smll.202205058,Electromyogram-Based Lip-Reading via Unobtrusive Dry Electrodes and Machine Learning Methods.,"Lip-reading provides an effective speech communication interface for people with voice disorders and for intuitive human-machine interactions. Existing systems are generally challenged by bulkiness, obtrusiveness, and poor robustness against environmental interferences. The lack of a truly natural and unobtrusive system for converting lip movements to speech precludes the continuous use and wide-scale deployment of such devices. Here, the design of a hardware-software architecture to capture, analyze, and interpret lip movements associated with either normal or silent speech is presented. The system can recognize different and similar visemes. It is robust in a noisy or dark environment. Self-adhesive, skin-conformable, and semi-transparent dry electrodes are developed to track high-fidelity speech-relevant electromyogram signals without impeding daily activities. The resulting skin-like sensors can form seamless contact with the curvilinear and dynamic surfaces of the skin, which is crucial for a high signal-to-noise ratio and minimal interference. Machine learning algorithms are employed to decode electromyogram signals and convert them to spoken words. Finally, the applications of the developed lip-reading system in augmented reality and medical service are demonstrated, which illustrate the great potential in immersive interaction and healthcare applications.",Penghao Dong; Yuanqing Song; Shangyouqiao Yu; Zimeng Zhang; Sandeep K Mallipattu; Petar M Djurić; Shanshan Yao,"Small (Weinheim an der Bergstrasse, Germany)",2023,"Journal Article; Research Support, U.S. Gov't, Non-P.H.S.; Research Support, Non-U.S. Gov't",eng,retrieved,UNCERTAIN_REQUIRES_SCREENING,TITLE_ABSTRACT_REVIEW_REQUIRED,,,,,,,,
4488,TA-18,36701667,10.1227/ons.0000000000000544,Anatomic Depth Estimation and 3-Dimensional Reconstruction of Microsurgical Anatomy Using Monoscopic High-Definition Photogrammetry and Machine Learning.,"Immersive anatomic environments offer an alternative when anatomic laboratory access is limited, but current three-dimensional (3D) renderings are not able to simulate the anatomic detail and surgical perspectives needed for microsurgical education. To perform a proof-of-concept study of a novel photogrammetry 3D reconstruction technique, converting high-definition (monoscopic) microsurgical images into a navigable, interactive, immersive anatomy simulation. Images were acquired from cadaveric dissections and from an open-access comprehensive online microsurgical anatomic image database. A pretrained neural network capable of depth estimation from a single image was used to create depth maps (pixelated images containing distance information that could be used for spatial reprojection and 3D rendering). Virtual reality (VR) experience was assessed using a VR headset, and augmented reality was assessed using a quick response code-based application and a tablet camera. Significant correlation was found between processed image depth estimations and neuronavigation-defined coordinates at different levels of magnification. Immersive anatomic models were created from dissection images captured in the authors' laboratory and from images retrieved from the Rhoton Collection. Interactive visualization and magnification allowed multiple perspectives for an enhanced experience in VR. The quick response code offered a convenient method for importing anatomic models into the real world for rehearsal and for comparing other anatomic preparations side by side. This proof-of-concept study validated the use of machine learning to render 3D reconstructions from 2-dimensional microsurgical images through depth estimation. This spatial information can be used to develop convenient, realistic, and immersive anatomy image models.",Nicolas I Gonzalez-Romo; Sahin Hanalioglu; Giancarlo Mignucci-Jiménez; Irakliy Abramov; Yuan Xu; Mark C Preul,"Operative neurosurgery (Hagerstown, Md.)",2023,Journal Article,eng,retrieved,UNCERTAIN_REQUIRES_SCREENING,TITLE_ABSTRACT_REVIEW_REQUIRED,,,,,,,,
4489,TA-18,36701556,10.1227/ons.0000000000000524,Use of 3-Dimensional Modeling and Augmented/Virtual Reality Applications in Microsurgical Neuroanatomy Training.,"Understanding the microsurgical neuroanatomy of the brain is challenging yet crucial for safe and effective surgery. Training on human cadavers provides an opportunity to practice approaches and learn about the brain's complex organization from a surgical view. Innovations in visual technology, such as virtual reality (VR) and augmented reality (AR), have immensely added a new dimension to neuroanatomy education. In this regard, a 3-dimensional (3D) model and AR/VR application may facilitate the understanding of the microsurgical neuroanatomy of the brain and improve spatial recognition during neurosurgical procedures by generating a better comprehension of interrelated neuroanatomic structures. To investigate the results of 3D volumetric modeling and AR/VR applications in showing the brain's complex organization during fiber dissection. Fiber dissection was applied to the specimen, and the 3D model was created with a new photogrammetry method. After photogrammetry, the 3D model was edited using 3D editing programs and viewed in AR. The 3D model was also viewed in VR using a head-mounted display device. The 3D model was viewed in internet-based sites and AR/VR platforms with high resolution. The fibers could be panned, rotated, and moved freely on different planes and viewed from different angles on AR and VR platforms. This study demonstrated that fiber dissections can be transformed and viewed digitally on AR/VR platforms. These models can be considered a powerful teaching tool for improving the surgical spatial recognition of interrelated neuroanatomic structures. Neurosurgeons worldwide can easily avail of these models on digital platforms.",Serdar Onur Aydin; Ozan Barut; Mehmet Ozgur Yilmaz; Balkan Sahin; Goktug Akyoldas; Mehmet Yigit Akgun; Oguz Baran; Necmettin Tanriover,"Operative neurosurgery (Hagerstown, Md.)",2023,Journal Article,eng,retrieved,UNCERTAIN_REQUIRES_SCREENING,TITLE_ABSTRACT_REVIEW_REQUIRED,,,,,,,,
4490,TA-18,36701554,10.1227/ons.0000000000000542,Augmented Reality-Assisted Resection of a Large Presacral Ganglioneuroma: 2-Dimensional Operative Video.,,Zachary A Medress; Aidan Bobrow; Seth S Tigchelaar; Traci Henderson; Jonathon J Parker; Atman Desai,"Operative neurosurgery (Hagerstown, Md.)",2023,Video-Audio Media; Journal Article,eng,retrieved,UNCERTAIN_REQUIRES_SCREENING,TITLE_ABSTRACT_REVIEW_REQUIRED,,,,,,,,
4491,TA-18,36700923,10.1002/smll.202206830,A Dual-Responsive Artificial Skin for Tactile and Touchless Interfaces.,"The progress from intelligent interactions and supplemented/augmented reality requires artificial skins to shift from the single-functional tactile paradigm. Dual-responsive sensors that can both detect pre-contact proximal events and tactile pressure levels enrich the perception dimensions and deliver additional cognitive information. Previous dual-responsive sensors show very limited utilizations only in proximity perception or approaching switches. Whereas, the approaching inputs from the environment should be able to convey more valuable messages. Herein, a flexible iontronic dual-responsive artificial skin is present. The artificial skin is sensitive to external object's applied pressure as well as its approaching, and can elicit information of target material categories encoded in the proximal inputs. Versatile applications are then demonstrated. Dual-mode human-machine interfaces are developed based on the devices, including a manipulation of virtual game characters, navigation and zooming in of electronic maps, and scrolling through electronic documents. More importantly, the proof-of-concept application of an entirely touchless material classification system is demonstrated. Three types of materials (metals, polymers, and human skins) are classified and predicted accurately. These features of the artificial skin make it highly promising for next-generation smart engineered electronics.",Hai Lu Wang; Tianyu Chen; Bojian Zhang; Guohui Wang; Xudong Yang; Kunlin Wu; Yifan Wang,"Small (Weinheim an der Bergstrasse, Germany)",2023,"Journal Article; Research Support, Non-U.S. Gov't",eng,retrieved,UNCERTAIN_REQUIRES_SCREENING,TITLE_ABSTRACT_REVIEW_REQUIRED,,,,,,,,
4492,TA-18,36695288,10.1177/15459683221147839,Gait-Adaptability Training in People With Hereditary Spastic Paraplegia: A Randomized Clinical Trial.,"In people with hereditary spastic paraplegia (HSP), reduced gait adaptability is common and disabling. Gait impairments result from lower extremity spasticity, muscle weakness, and impaired proprioception. The aim of this study was to assess the efficacy of a 5-week gait-adaptability training in people with pure HSP. We conducted a randomized clinical trial with a cross-over design for the control group, and a 15-week follow-up period after training. Thirty-six people with pure HSP were randomized to 5 weeks of (i) gait-adaptability training (10 hours of C-Mill training-a treadmill equipped with augmented reality) or (ii) a waiting-list control period followed by 5 weeks gait-adaptability training. Both groups continued to receive usual care. The primary outcome was the obstacle subtask of the Emory Functional Ambulation Profile. Secondary outcome measures consisted of clinical balance and gait assessments, fall rates, and spatiotemporal gait parameters assessed via 3D motion analysis. The gait-adaptability training group (n = 18) did not significantly decrease the time required to perform the obstacle subtask compared to the waiting-list control group (n = 18) after adjusting for baseline differences (mean: -0.33 seconds, 95% CI: -1.3, 0.6). Similar, non-significant results were found for most secondary outcomes. After merging both groups (n = 36), the required time to perform the obstacle subtask significantly decreased by 1.3 seconds (95% CI: -2.1, -0.4) directly following 5 weeks of gait-adaptability training, and this effect was retained at the 15-week follow-up. We found insufficient evidence to conclude that 5 weeks of gait-adaptability training leads to greater improvement of gait adaptability in people with pure HSP.",Lotte van de Venis; Bart van de Warrenburg; Vivian Weerdesteyn; Alexander C H Geurts; Jorik Nonnekes,Neurorehabilitation and neural repair,2023,"Randomized Controlled Trial; Journal Article; Research Support, Non-U.S. Gov't",eng,retrieved,UNCERTAIN_REQUIRES_SCREENING,TITLE_ABSTRACT_REVIEW_REQUIRED,,,,,,,,
4493,TA-18,36691419,10.1007/s40670-023-01728-9,Student Engagement Using HoloLens Mixed-Reality Technology in Human Anatomy Laboratories for Osteopathic Medical Students: an Instructional Model.,"Mixed-reality technology is a powerful tool used in healthcare and medical education to engage students in life-like scenarios. This blend of virtual and augmented reality images incorporates virtual projections with the real environment to allow real-time observation and interaction [1]. While this immersive technology offers advantages over cadaver dissections, it creates new challenges to keeping students engaged [2, 3]. Student engagement improves students' commitment to learning, critical thinking, and motivation and results in successful course outcomes [4, 5]. This paper provides an activity model using the HoloLens mixed-reality technology to deliver human gross anatomy laboratory sessions to first-year osteopathic medical students. The activity was designed using Gagne's model for instructional design and team-based learning to create an active learning model, which targets the behavioral, emotional, and cognitive dimensions of student engagement [6, 7]: behavioral engagement through autonomy and time on task, emotional engagement through providing the guiding exploration and narrative flow to accompany students' visual experience, and cognitive engagement by incorporating team-based learning (TBL) and case-based learning (CBL). The instructional model also answers the call for a new type of virtual reality instructor and pedagogical strategy that addresses the unique challenges and increases student engagement with this new technology. The effectiveness of this classroom activity was assessed by observing students for indicators or behaviors of student engagement, which are discussed. Further studies are required to measure the extent to which these indicators were exhibited and compare student engagement with this mixed-reality to didactic cadaver-based laboratory sessions.",Sherese Richards,Medical science educator,2023,Journal Article,eng,retrieved,UNCERTAIN_REQUIRES_SCREENING,TITLE_ABSTRACT_REVIEW_REQUIRED,,,,,,,,
4494,TA-18,36687799,10.1136/bmjsit-2022-000135,Computer-assisted simulated workplace-based assessment in surgery: application of the universal framework of intraoperative performance within a mixed-reality simulation.,"Workplace-based assessment (WBA) is a key requirement of competency-based medical education in postgraduate surgical education. Although simulated workplace-based assessment (SWBA) has been proposed to complement WBA, it is insufficiently adopted in surgical education. In particular, approaches to criterion-referenced and automated assessment of intraoperative surgical competency in contextualized SWBA settings are missing.Main objectives were (1) application of the universal framework of intraoperative performance and exemplary adaptation to spine surgery (vertebroplasty); (2) development of computer-assisted assessment based on criterion-referenced metrics; and (3) implementation in contextualized, team-based operating room (OR) simulation, and evaluation of validity. Multistage development and assessment study: (1) expert-based definition of performance indicators based on framework's performance domains; (2) development of respective assessment metrics based on preoperative planning and intraoperative performance data; (3) implementation in mixed-reality OR simulation and assessment of surgeons operating in a confederate team. Statistical analyses included internal consistency and interdomain associations, correlations with experience, and technical and non-technical performances. Surgical simulation center. Full surgical team set-up within mixed-reality OR simulation. Eleven surgeons were recruited from two teaching hospitals. Eligibility criteria included surgical specialists in orthopedic, trauma, or neurosurgery with prior VP or kyphoplasty experience. Computer-assisted assessment of surgeons' intraoperative performance. Performance scores were associated with surgeons' experience, observational assessment (Objective Structured Assessment of Technical Skill) scores and overall pass/fail ratings. Results provide strong evidence for validity of our computer-assisted SWBA approach. Diverse indicators of surgeons' technical and non-technical performances could be quantified and captured. This study is the first to investigate computer-assisted assessment based on a competency framework in authentic, contextualized team-based OR simulation. Our approach discriminates surgical competency across the domains of intraoperative performance. It advances previous automated assessment based on the use of current surgical simulators in decontextualized settings. Our findings inform future use of computer-assisted multidomain competency assessments of surgeons using SWBA approaches.",Philipp Stefan; Michael Pfandler; Aljoscha Kullmann; Ulrich Eck; Amelie Koch; Christoph Mehren; Anna von der Heide; Simon Weidert; Julian Fürmetz; Ekkehard Euler; Marc Lazarovici; Nassir Navab; Matthias Weigl,"BMJ surgery, interventions, & health technologies",2023,Journal Article,eng,retrieved,UNCERTAIN_REQUIRES_SCREENING,TITLE_ABSTRACT_REVIEW_REQUIRED,,,,,,,,
4495,TA-18,36686612,10.1007/s10055-023-00748-5,BeHere: a VR/SAR remote collaboration system based on virtual replicas sharing gesture and avatar in a procedural task.,"In this paper, we focus on the significance of remote collaboration using virtual replicas, avatar, and gesture on a procedural task in industry; thus, we present a Virtual Reality (VR)/Spatial Augmented Reality (SAR) remote collaboration system, BeHere, based on 3D virtual replicas and sharing gestures and avatar. BeHere enables a remote expert in VR to guide a local worker in real-time to complete a procedural task in the real-world. For the remote VR site, we construct a 3D virtual environment using virtual replicas, and the user can manipulate them by using gestures in an intuitive interaction and see their partners' 3D virtual avatar. For the local site, we use SAR to enable the local worker to see instructions projected onto the real-world based on the shared virtual replicas and gestures. We conducted a formal user study to evaluate the prototype system in terms of performance, social presence, workload, and ranking and user preference. We found that the combination of visual cues of gestures, avatar, and virtual replicas plays a positive role in improving user experience, especially for remote VR users. More significantly, our study provides useful information and important design implications for further research on the use of gesture-, gaze- and avatar-based cues as well as virtual replicas in VR/AR remote collaboration on a procedural task in industry. The online version contains supplementary material available at 10.1007/s10055-023-00748-5.",Peng Wang; Yue Wang; Mark Billinghurst; Huizhen Yang; Peng Xu; Yanhong Li,Virtual reality,2023,Journal Article,eng,retrieved,UNCERTAIN_REQUIRES_SCREENING,TITLE_ABSTRACT_REVIEW_REQUIRED,,,,,,,,
4496,TA-18,36685785,10.1007/s00779-023-01708-1,"Musical Metaverse: vision, opportunities, and challenges.","The so-called metaverse relates to a vision of a virtual, digital world which is parallel to the real, physical world, where each user owns and interact through his/her own avatar. Music is one of the possible activities that can be conducted in such a space. The ""Musical Metaverse"" (MM), the metaverse part which is dedicated to musical activities, is currently in its infancy, although is a concept that is constantly evolving and is progressing at a steady pace. However, to the best of the author's knowledge, as of today an investigation about the opportunities and challenges posed by the MM has not been conducted yet. In this paper, we provide a vision for the MM and discuss what are the opportunities for musical stakeholders offered by current implementations of the MM, as well as we envision those that are likely to occur as the metaverse emerges. We also identify the technical, artistic, ethical, sustainability, and regulatory issues that need to be addressed so for the MM to be created and utilized in efficient, creative, and responsible ways. Given the importance and timeliness of the MM, we believe that a discussion on the related opportunities and concerns is useful to provide developers with guidelines for creating better virtual environments and musical interactions between stakeholders.",Luca Turchet,Personal and ubiquitous computing,2023,Journal Article,eng,retrieved,UNCERTAIN_REQUIRES_SCREENING,TITLE_ABSTRACT_REVIEW_REQUIRED,,,,,,,,
4497,TA-18,36685300,10.1016/j.jsps.2022.11.002,"Pharmacy student's perceptions, behaviours and attitudes toward virtual reality simulation.","The definition of virtual reality simulation (VRS) used for study is the recreation of realistic simulation in a fully online situation with an immersive environment for learning an activity. The study aims to evaluate pharmacy students' perspectives, behavioral and attitude characteristics in the process of VRS course requiring practical skills. This cross-sectional study was based on quantitative questionnaires analysis. A five-point Likert Scale (rating from 1 = Strongly Disagree; 2 = Disagree; 3 = Neutral; 4 = Agree; 5 = Strongly Agree) was utilized to measure the extent to which the students agrees on 30 statements comprised in A-E sections related to VRS. The validity and reliability of the questionnaire were studied by the Cronbach's Alpha calculation. A total of 119 junior and senior pharmacy students, aged 18-25, participated in this study. There is no significant gender difference (P > 0.05) and grade difference (P > 0.05) in mean perception score, mean attitude score, mean behavior score and comparison score respectively. Most pharmacy students had positive perception that VRS could help them in practical ability (61.4 %), autonomous learning (68.9 %) and theoretical knowledge (61.4 %). Nevertheless, less than half the students agreed that VRS courses were indispensable (44.5 %) and needed to be increased (42.9 %). Moreover, the 'disagree' statement (33.6 %) exceeded 'agree' statement (27.7 %) about the question of whether preferring VRS courses to lab teaching. Interestingly, a significant positive correlation that was observed between mean perception score and mean attitude score (r = 0.76, p < 0.001), mean comparison (r = 0.68, p < 0.001) and mean behavior (r = 067, p < 0.001), which revealed that students who thought VRS was beneficial were more likely to accept it. The study highlights the need to establish an interactive, immersive and measurable VRS courses. It is suggested that good interaction between the faculty and student, technology improvement and blended programmatic assessment should be involved in challenges for implementing VRS courses.",Xiliang Yang; Jiahui Mei; Shaoyujia Xiao; Jinlei Xi; Xiaolu Cao; Ying Zheng,Saudi pharmaceutical journal : SPJ : the official publication of the Saudi Pharmaceutical Society,2023,Journal Article,eng,retrieved,UNCERTAIN_REQUIRES_SCREENING,TITLE_ABSTRACT_REVIEW_REQUIRED,,,,,,,,
4498,TA-18,36685014,10.1007/s11042-023-14366-5,Proxies to the monthly active user number of Geo AR Mobile games - online search volume as a proposal.,"Mobile game metrics have received attention since the emergence of big data technology and data-based decision-making. Among different metrics, the monthly active user number is usually significant because it shows the level of players' engagement and the profit of this game as a business. Therefore, the monthly active user number is valuable for researchers, analysts, and decision-makers interested in the mobile game industry. However, the actual monthly active user number data typically have the accuracy, accessibility, granularity, and cost problems. Therefore, a proxy to the monthly active user number would be helpful to facilitate the decision-making process. This paper proposes to capture user activity through the searches on the Internet from an information-seeking perspective. And the online search volume, wiki page view, social media posts and views are proposed as potential proxies. This paper proposes that the online search volume is an acceptable proxy for the monthly active user number in the context of Geo Augmented Reality (AR) mobile games through data analysis.",Hugh Xuechen Liu; Christian Wagner,Multimedia tools and applications,2023,Journal Article,eng,retrieved,UNCERTAIN_REQUIRES_SCREENING,TITLE_ABSTRACT_REVIEW_REQUIRED,,,,,,,,
4499,TA-18,36684274,10.3389/fsurg.2022.1084365,Application of mixed reality technology in talocalcaneal coalition resection.,"With positive outcomes recorded, the mixed reality (MR) technology has lately become popular in orthopedic surgery. However, there are few studies that specifically address the utility of MR in talocalcaneal coalitions (TCC) resection. Our goal in this retrospective study is to assess certain data while examining the viability of using MR to treat TCC resection. Six consecutive patients with TCC diagnosed by computed tomography (CT) for which nonoperative therapy had failed and MR system assisted TCC resection were included in this study from March 2021 to December 2021. The feasibility and accuracy of TCC resection were assessed by post-operation radiography. The American Orthopaedic Foot & Ankle Society (AOFAS) hindfoot score and visual analog scale (VAS) score were used to assess the recovery condition and pain level pre- and post-operation. The surgeon can accurately resect the TCC according to the preoperatively determined range by superimposing the holographic model with the actual anatomy of the TCC using an MR system. Additionally, no additional x-ray was necessary while operating. Mean follow-up was 10.3 months, with a minimum of 6 months. There is a significant difference between the preoperative AOFAS score of 53.4 ± 3.8 and the 6-month follow-up AOFAS score of 97.3 ± 2.2 (p < 0.05). There is also a significant difference between the preoperative VAS score of 8.1 ± 0.7 and the 6-month follow-up VAS score of 1.7 ± 0.4 (p < 0.05). All individuals had clinical subtalar mobility without stiffness following surgery. While the TCC resection operation is being performed, the application of MR technology is practicable, effective, and radiation-free, giving surgeons satisfactory support.",Jieyuan Zhang; Cheng Wang; Xueqian Li; Shaoling Fu; Wenqi Gu; Zhongmin Shi,Frontiers in surgery,2022,Journal Article,eng,retrieved,UNCERTAIN_REQUIRES_SCREENING,TITLE_ABSTRACT_REVIEW_REQUIRED,,,,,,,,
4500,TA-18,36682793,10.2176/jns-nmc.2022-0278,Augmented Reality in Stereotactic Neurosurgery: Current Status and Issues.,"Stereotactic neurosurgery is an established technique, but it has several limitations. In frame-based stereotaxy using a stereotactic frame, frame setting errors may decrease the accuracy of the procedure. Frameless stereotaxy using neuronavigation requires surgeons to shift their view from the surgical field to the navigation display and to advance the needle while assuming a physically uncomfortable position. To overcome these limitations, several researchers have applied augmented reality in stereotactic neurosurgery. Augmented reality enables surgeons to visualize the information regarding the target and preplanned trajectory superimposed over the actual surgical field. In frame-based stereotaxy, a researcher applies tablet computer-based augmented reality to check for the setting errors of the stereotactic frame, thereby improving the safety of the procedure. Several researchers have reported performing frameless stereotaxy guided by head-mounted-display-based augmented reality that enables surgeons to advance the needle at a more natural posture. These studies have shown that augmented reality can address the limitations of stereotactic neurosurgery. Conversely, they have also revealed the limited accuracy of current augmented reality systems for small targets, which indicates that further development of augmented reality systems is needed.",Makoto Satoh; Takeshi Nakajima; Eiju Watanabe; Kensuke Kawai,Neurologia medico-chirurgica,2023,Journal Article,eng,retrieved,UNCERTAIN_REQUIRES_SCREENING,TITLE_ABSTRACT_REVIEW_REQUIRED,,,,,,,,
