screening_ordinal,batch_id,pmid,doi,title,abstract,authors,journal,year,publication_types,language,metadata_status,prescreen_decision,prescreen_reason,ta_decision,ta_reason_code,ta_screener,ta_timestamp,ta_evidence_note,decision_version,second_verification_state,adjudication_state
3001,TA-13,39255087,10.1109/TMI.2024.3457228,Point Cloud Registration in Laparoscopic Liver Surgery Using Keypoint Correspondence Registration Network.,"Laparoscopic liver surgery is a newly developed minimally invasive technique and represents an inevitable trend in the future development of surgical methods. By using augmented reality (AR) technology to overlay preoperative CT models with intraoperative laparoscopic videos, surgeons can accurately locate blood vessels and tumors, significantly enhancing the safety and precision of surgeries. Point cloud registration technology is key to achieving this effect. However, there are two major challenges in registering the CT model with the point cloud surface reconstructed from intraoperative laparoscopy. First, the surface features of the organ are not prominent. Second, due to the limited field of view of the laparoscope, the reconstructed surface typically represents only a very small portion of the entire organ. To address these issues, this paper proposes the keypoint correspondence registration network (KCR-Net). This network first uses the neighborhood feature fusion module (NFFM) to aggregate and interact features from different regions and structures within a pair of point clouds to obtain comprehensive feature representations. Then, through correspondence generation, it directly generates keypoints and their corresponding weights, with keypoints located in the common structures of the point clouds to be registered, and corresponding weights learned automatically by the network. This approach enables accurate point cloud registration even under conditions of extremely low overlap. Experiments conducted on the ModelNet40, 3Dircadb, DePoLL demonstrate that our method achieves excellent registration accuracy and is capable of meeting the requirements of real-world scenarios.",Yirui Zhang; Yanni Zou; Peter X Liu,IEEE transactions on medical imaging,2025,"Journal Article; Research Support, Non-U.S. Gov't",eng,retrieved,UNCERTAIN_REQUIRES_SCREENING,TITLE_ABSTRACT_REVIEW_REQUIRED,,,,,,,,
3002,TA-13,39252139,10.1186/s41077-024-00311-5,"Theoretical foundations and implications of augmented reality, virtual reality, and mixed reality for immersive learning in health professions education.","Augmented Reality (AR), Virtual Reality (VR) and Mixed Reality (MR) are emerging technologies that can create immersive learning environments for health professions education. However, there is a lack of systematic reviews on how these technologies are used, what benefits they offer, and what instructional design models or theories guide their use. This scoping review aims to provide a global overview of the usage and potential benefits of AR/VR/MR tools for education and training of students and professionals in the healthcare domain, and to investigate whether any instructional design models or theories have been applied when using these tools. A systematic search was conducted in several electronic databases to identify peer-reviewed studies published between and including 2015 and 2020 that reported on the use of AR/VR/MR in health professions education. The selected studies were coded and analyzed according to various criteria, such as domains of healthcare, types of participants, types of study design and methodologies, rationales behind the use of AR/VR/MR, types of learning and behavioral outcomes, and findings of the studies. The (Morrison et al. John Wiley & Sons, 2010) model was used as a reference to map the instructional design aspects of the studies. A total of 184 studies were included in the review. The majority of studies focused on the use of VR, followed by AR and MR. The predominant domains of healthcare using these technologies were surgery and anatomy, and the most common types of participants were medical and nursing students. The most frequent types of study design and methodologies were usability studies and randomized controlled trials. The most typical rationales behind the use of AR/VR/MR were to overcome limitations of traditional methods, to provide immersive and realistic training, and to improve students' motivations and engagements. The most standard types of learning and behavioral outcomes were cognitive and psychomotor skills. The majority of studies reported positive or partially positive effects of AR/VR/MR on learning outcomes. Only a few studies explicitly mentioned the use of instructional design models or theories to guide the design and implementation of AR/VR/MR interventions. The review revealed that AR/VR/MR are promising tools for enhancing health professions education, especially for training surgical and anatomical skills. However, there is a need for more rigorous and theory-based research to investigate the optimal design and integration of these technologies in the curriculum, and to explore their impact on other domains of healthcare and other types of learning outcomes, such as affective and collaborative skills. The review also suggested that the (Morrison et al. John Wiley & Sons, 2010) model can be a useful framework to inform the instructional design of AR/VR/MR interventions, as it covers various elements and factors that need to be considered in the design process.",Maryam Asoodar; Fatemeh Janesarvatan; Hao Yu; Nynke de Jong,"Advances in simulation (London, England)",2024,Journal Article,eng,retrieved,UNCERTAIN_REQUIRES_SCREENING,TITLE_ABSTRACT_REVIEW_REQUIRED,,,,,,,,
3003,TA-13,39252064,10.1186/s12909-024-05957-3,Immersive medical training: a comprehensive longitudinal study of extended reality in emergency scenarios for large student groups.,"Young healthcare professionals and medical graduates often fall short in the practical experience necessary for handling medical emergencies. This can not only lead to strained feelings of inadequacy and insecurity among future physicians and less experienced healthcare providers in general, but also to detrimental outcomes for patients as emergency medicine demands rapid decision-making with low tolerance for errors. New didactic modalities and approaches may be needed to effectively address this shortcoming. Immersive technologies are powerful novel educational tools with untapped potential in medical training, and may be particularly suitable for simulation trainings in the high-stakes field of emergency medicine.Herein, we systematically explored the educational potential of extended reality (XR) technology, particularly virtual reality (VR), in the management of patients presenting as medical emergencies, combining the use of the STEP-VR application with an untethered hardware setup.Importantly, we aimed at studying multiple, large cohorts of senior medical students involving a total of 529 participants and collecting data over a period of two years. We assessed students' acceptance of the training through a modified questionnaire measuring device handling, content complexity, degree of immersion, learning success, and seminar design.Our results show high, sustained acceptance and ease of use across different student cohorts and subgroups, with most students finding XR/VR engaging and beneficial for acquiring emergency medicine skills. Importantly, the prevalence of simulation sickness was minimal. Moreover, no major effect of the head-mounted displays (HMDs) price range was noted with regard to the learning experience. The results underscore the potential of XR/VR capabilities in effectively enhancing medical education, particularly in areas of high-stakes clinical scenarios and emergency care, by providing realistic and reproducible immersive training environments.In summary, our findings suggest that XR/VR-based training approaches could significantly contribute to preparing future physicians for the complexities of emergency medical care, encouraging the integration of such technologies into medical curricula. However, careful consideration must be given to its suitability for all students and the practical challenges of its implementation, highlighting the need for further research to harness its full potential for medical education.",Jonas Einloft; Hendrik L Meyer; Simon Bedenbender; Muriel L Morgenschweis; Andre Ganser; Philipp Russ; Martin C Hirsch; Ivica Grgic,BMC medical education,2024,Journal Article,eng,retrieved,UNCERTAIN_REQUIRES_SCREENING,TITLE_ABSTRACT_REVIEW_REQUIRED,,,,,,,,
3004,TA-13,39251463,10.1007/s00423-024-03463-0,Perspective or Spectacle? Teaching thoracic aortic anatomy in a mixed reality assisted educational approach- a two-armed randomized pilot study.,"Anatomical understanding is an important basis for medical teaching, especially in a surgical context. The interpretation of complex vascular structures via two-dimensional visualization can yet be difficult, particularly for students. The objective of this study was to investigate the feasibility of an MxR-assisted educational approach in vascular surgery undergraduate education, comparing an MxR-based teaching-intervention with CT-based material for learning and understanding the vascular morphology of the thoracic aorta. In a prospective randomized controlled trial learning success and diagnostic skills following an MxR- vs. a CT-based intervention was investigated in 120 thoracic aortic visualizations. Secondary outcomes were motivation, system-usability as well as workload/satisfaction. Motivational factors and training-experience were also assessed. Twelve students (7 females; mean age: 23 years) were randomized into two groups undergoing educational intervention with MxR or CT. Evaluation of learning success showed a mean improvement of 1.17 points (max.score: 10; 95%CI: 0.36-1.97). The MxR-group has improved by a mean of 1.33 [95% CI: 0.16-2.51], against 1.0 points [95% CI: -0.71- 2.71] in the CT-group. Regarding diagnostic skills, both groups performed equally (CT-group: 58.25 ± 7.86 vs. MxR-group:58.5 ± 6.60; max. score 92.0). 11/12 participants were convinced that MxR facilitated learning of vascular morphologies. The usability of the MxR-system was rated positively, and the perceived workload was low. MxR-systems can be a valuable addition to vascular surgery education. Further evaluation of the technology in larger teaching situations are required. Especially regarding the acquisition of practical skills, the use of MxR-systems offers interesting application possibilities in surgical education.",Lea Zimmer; Johannes Hatzl; Christian Uhl; Samuel Kilian; Moritz S Bischoff; Dittmar Böckler; Katrin Meisenbacher,Langenbeck's archives of surgery,2024,Journal Article; Randomized Controlled Trial,eng,retrieved,UNCERTAIN_REQUIRES_SCREENING,TITLE_ABSTRACT_REVIEW_REQUIRED,,,,,,,,
3005,TA-13,39250412,10.1109/TVCG.2024.3456388,HuBar: A Visual Analytics Tool to Explore Human Behavior Based on fNIRS in AR Guidance Systems.,"The concept of an intelligent augmented reality (AR) assistant has significant, wide-ranging applications, with potential uses in medicine, military, and mechanics domains. Such an assistant must be able to perceive the environment and actions, reason about the environment state in relation to a given task, and seamlessly interact with the task performer. These interactions typically involve an AR headset equipped with sensors which capture video, audio, and haptic feedback. Previous works have sought to facilitate the development of intelligent AR assistants by visualizing these sensor data streams in conjunction with the assistant's perception and reasoning model outputs. However, existing visual analytics systems do not focus on user modeling or include biometric data, and are only capable of visualizing a single task session for a single performer at a time. Moreover, they typically assume a task involves linear progression from one step to the next. We propose a visual analytics system that allows users to compare performance during multiple task sessions, focusing on non-linear tasks where different step sequences can lead to success. In particular, we design visualizations for understanding user behavior through functional near-infrared spectroscopy (fNIRS) data as a proxy for perception, attention, and memory as well as corresponding motion data (acceleration, angular velocity, and gaze). We distill these insights into embedding representations that allow users to easily select groups of sessions with similar behaviors. We provide two case studies that demonstrate how to use these visualizations to gain insights about task performance using data collected during helicopter copilot training tasks. Finally, we evaluate our approach through an in-depth examination of a think-aloud experiment with five domain experts.",Sonia Castelo; Joao Rulff; Parikshit Solunke; Erin McGowan; Guande Wu; Iran Roman; Roque Lopez; Bea Steers; Qi Sun; Juan Bello; Bradley Feest; Michael Middleton; Ryan Mckendrick; Claudio Silva,IEEE transactions on visualization and computer graphics,2025,"Journal Article; Research Support, Non-U.S. Gov't",eng,retrieved,UNCERTAIN_REQUIRES_SCREENING,TITLE_ABSTRACT_REVIEW_REQUIRED,,,,,,,,
3006,TA-13,39250409,10.1109/TVCG.2024.3456179,RingGesture: A Ring-Based Mid-Air Gesture Typing System Powered by a Deep-Learning Word Prediction Framework.,"Text entry is a critical capability for any modern computing experience, with lightweight augmented reality (AR) glasses being no exception. Designed for all-day wearability, a limitation of lightweight AR glass is the restriction to the inclusion of multiple cameras for extensive field of view in hand tracking. This constraint underscores the need for an additional input device. We propose a system to address this gap: a ring-based mid-air gesture typing technique, RingGesture, utilizing electrodes to mark the start and end of gesture trajectories and inertial measurement units (IMU) sensors for hand tracking. This method offers an intuitive experience similar to raycast-based mid-air gesture typing found in VR headsets, allowing for a seamless translation of hand movements into cursor navigation. To enhance both accuracy and input speed, we propose a novel deep-learning word prediction framework, Score Fusion, comprised of three key components: a) a word-gesture decoding model, b) a spatial spelling correction model, and c) a lightweight contextual language model. In contrast, this framework fuses the scores from the three models to predict the most likely words with higher precision. We conduct comparative and longitudinal studies to demonstrate two key findings: firstly, the overall effectiveness of RingGesture, which achieves an average text entry speed of 27.3 words per minute (WPM) and a peak performance of 47.9 WPM. Secondly, we highlight the superior performance of the Score Fusion framework, which offers a 28.2% improvement in uncorrected Character Error Rate over a conventional word prediction framework, Naive Correction, leading to a 55.2% improvement in text entry speed for RingGesture. Additionally, RingGesture received a System Usability Score of 83 signifying its excellent usability.",Junxiao Shen; Roger Boldu; Arpit Kalla; Michael Glueck; Hemant Bhaskar Surale; Amy Karlson,IEEE transactions on visualization and computer graphics,2024,Journal Article,eng,retrieved,UNCERTAIN_REQUIRES_SCREENING,TITLE_ABSTRACT_REVIEW_REQUIRED,,,,,,,,
3007,TA-13,39250405,10.1109/TVCG.2024.3456149,Co-Designing Dynamic Mixed Reality Drill Positioning Widgets: A Collaborative Approach with Dentists in a Realistic Setup.,"Mixed Reality (MR) is proven in the literature to support precise spatial dental drill positioning by superimposing 3D widgets. Despite this, the related knowledge about widget's visual design and interactive user feedback is still limited. Therefore, this study is contributed to by co-designed MR drill tool positioning widgets with two expert dentists and three MR experts. The results of co-design are two static widgets (SWs): a simple entry point, a target axis, and two dynamic widgets (DWs), variants of dynamic error visualization with and without a target axis (DWTA and DWEP). We evaluated the co-designed widgets in a virtual reality simulation supported by a realistic setup with a tracked phantom patient, a virtual magnifying loupe, and a dentist's foot pedal. The user study involved 35 dentists with various backgrounds and years of experience. The findings demonstrated significant results; DWs outperform SWs in positional and rotational precision, especially with younger generations and subjects with gaming experiences. The user preference remains for DWs (19) instead of SWs (16). However, findings indicated that the precision positively correlates with the time trade-off. The post-experience questionnaire (NASA-TLX) showed that DWs increase mental and physical demand, effort, and frustration more than SWs. Comparisons between DWEP and DWTA show that the DW's complexity level influences time, physical and mental demands. The DWs are extensible to diverse medical and industrial scenarios that demand precision.",Mine Dastan; Michele Fiorentino; Elias D Walter; Christian Diegritz; Antonio E Uva; Ulrich Eck; Nassir Navab,IEEE transactions on visualization and computer graphics,2024,Journal Article,eng,retrieved,UNCERTAIN_REQUIRES_SCREENING,TITLE_ABSTRACT_REVIEW_REQUIRED,,,,,,,,
3008,TA-13,39250404,10.1109/TVCG.2024.3456177,Exploring the Effect of Viewing Attributes of Mobile AR Interfaces on Remote Collaborative and Competitive Tasks.,"Mobile devices have the potential to facilitate remote tasks through Augmented Reality (AR) solutions by integrating digital information into the real world. Although prior studies have explored Mobile Augmented Reality (MAR) for co-located collaboration, none have investigated the impact of various viewing attributes that can influence remote task performance, such as target object viewing angles, synchronization styles, or having a secondary small screen showing other users current view in the MAR environment. In this paper, we explore five techniques considering these attributes, specifically designed for two modes of remote tasks: collaborative and competitive. We conducted a user study employing various combinations of those attributes for both tasks. In both instances, results indicate users' optimal performance and preference for the technique that allows asynchronous viewing of object manipulations on the small screen. Overall, this paper contributes novel techniques for remote tasks in MAR, addressing aspects such as viewing angle and synchronization in object manipulation alongside secondary small-screen interfaces. Additionally, it presents the results of a user study evaluating the effectiveness, usability, and user preference of these techniques in remote settings and offers a set of recommendations for designing and implementing MAR solutions to enhance remote activities.",Nelusha Nugegoda; Marium-E Jannat; Khalad Hasan; Patricia Lasserre,IEEE transactions on visualization and computer graphics,2024,Journal Article,eng,retrieved,UNCERTAIN_REQUIRES_SCREENING,TITLE_ABSTRACT_REVIEW_REQUIRED,,,,,,,,
3009,TA-13,39250403,10.1109/TVCG.2024.3456140,A Real-Time and Interactive Fluid Modeling System for Mixed Reality.,"Within the realm of mixed reality, the capability to dynamically render environmental effects with high realism plays a crucial role in amplifying user engagement and interaction. Fluid dynamics, in particular, stand out as essential elements for crafting immersive virtual settings. This includes the simulation of phenomena like smoke, fire, and clouds, which are instrumental in enriching the virtual experience. This work showcases a cutting-edge system developed to produce dynamic and interactive fluid effects that mirror real captured data in real-time for mixed reality applications. This innovative system seamlessly incorporates fluid reconstruction alongside velocity estimation processes within the Unity engine environment. Our approach leverages a novel physics-based differentiable rendering technique, grounded in the principles of light transport in participating media, to simulate the intricate behaviors of fluid while ensuring high fidelity in visual appearance. To further enhance realism, we have expanded our framework to include the estimation of velocity fields, addressing the critical need for fluid motion simulation. The practical application of these techniques demonstrates the system's capacity to offer a robust platform for fluid modeling in mixed reality environments. Through extensive evaluations, we illustrate the effectiveness of our approach in various scenes, underscoring its potential to transform mixed reality content creation by providing developers with the tools to incorporate highly realistic and interactive fluid seamlessly.",Yunchi Cen; Hanchen Deng; Yue Ma; Xiaohui Liang,IEEE transactions on visualization and computer graphics,2024,Journal Article,eng,retrieved,UNCERTAIN_REQUIRES_SCREENING,TITLE_ABSTRACT_REVIEW_REQUIRED,,,,,,,,
3010,TA-13,39250397,10.1109/TVCG.2024.3456185,Measuring and Predicting Multisensory Reaction Latency: A Probabilistic Model for Visual-Auditory Integration.,"Virtual/augmented reality (VR/AR) devices offer both immersive imagery and sound. With those wide-field cues, we can simultaneously acquire and process visual and auditory signals to quickly identify objects, make decisions, and take action. While vision often takes precedence in perception, our visual sensitivity degrades in the periphery. In contrast, auditory sensitivity can exhibit an opposite trend due to the elevated interaural time difference. What occurs when these senses are simultaneously integrated, as is common in VR applications such as 360° video watching and immersive gaming? We present a computational and probabilistic model to predict VR users' reaction latency to visual-auditory multisensory targets. To this aim, we first conducted a psychophysical experiment in VR to measure the reaction latency by tracking the onset of eye movements. Experiments with numerical metrics and user studies with naturalistic scenarios showcase the model's accuracy and generalizability. Lastly, we discuss the potential applications, such as measuring the sufficiency of target appearance duration in immersive video playback, and suggesting the optimal spatial layouts for AR interface design.",Xi Peng; Yunxiang Zhang; Daniel Jimenez-Navarro; Ana Serrano; Karol Myszkowski; Qi Sun,IEEE transactions on visualization and computer graphics,2024,"Journal Article; Research Support, U.S. Gov't, Non-P.H.S.; Research Support, Non-U.S. Gov't",eng,retrieved,UNCERTAIN_REQUIRES_SCREENING,TITLE_ABSTRACT_REVIEW_REQUIRED,,,,,,,,
3011,TA-13,39250393,10.1109/TVCG.2024.3456152,Robust Collaborative Visual-Inertial SLAM for Mobile Augmented Reality.,"Achieving precise real-time localization and ensuring robustness are critical challenges in multi-user mobile AR applications. Leveraging collaborative information to augment tracking accuracy on lightweight devices and fortify overall system robustness emerges as a crucial necessity. In this paper, we propose a robust centralized collaborative rnulti-agent VI-SLAM system for mobile AR interaction and server-side efficient consistent mapping. The system deploys a lightweight VIO frontend on mobile devices for real-time tracking, and a backend running on a remote server to update multiple submaps. When overlapping areas between submaps across agents are detected, the system performs submap fusion to establish a globally consistent map. Additionally, we propose a map registration and fusion strategy based on covisibility areas for online registration and fusion in multi-agent scenarios. To improve the tracking accuracy of the frontend on agent, we introduce a strategy for updating the global map to the local map at a moderate frequency between the camera-rate pose estimation of the frontend VIO and the low-frequency global map optimization, using a tightly coupled strategy to achieve consistency of the multi-agent frontend poses estimation in the global map. The effectiveness of the proposed method is further confirmed by executing backend mapping on the server and deploying VIO frontends on multiple mobile devices for AR demostration. Additionally, we discuss the scalability of the proposed system by analyzing network traffic, synchronization frequency, and other factors at both the agent and server ends.",Xiaokun Pan; Gan Huang; Ziyang Zhang; Jinyu Li; Hujun Bao; Guofeng Zhang,IEEE transactions on visualization and computer graphics,2024,Journal Article,eng,retrieved,UNCERTAIN_REQUIRES_SCREENING,TITLE_ABSTRACT_REVIEW_REQUIRED,,,,,,,,
3012,TA-13,39250392,10.1109/TVCG.2024.3456154,"Investigating Object Translation in Room-scale, Handheld Virtual Reality.","Handheld devices have become an inclusive alternative to head-mounted displays in virtual reality (VR) environments, enhancing accessibility and allowing cross-device collaboration. Object manipulation techniques in 3D space with handheld devices, such as those in handheld augmented reality (AR), have been typically evaluated in table-top scale and we currently lack an understanding of how these techniques perform in larger scale environments. We conducted two studies, each with 30 participants, to investigate how different techniques impact usability and performance for room-scale handheld VR object translations. We compared three translation techniques that are similar to commonly studied techniques in handheld AR: 3DSlide, VirtualGrasp, and Joystick. We also examined the effects of target size, target distance, and user mobility conditions (stationary vs. moving). Results indicated that the Joystick technique, which allowed translation in relation to the user's perspective, was the fastest and most preferred, without difference in precision. Our findings provide insights for designing room-scale handheld VR systems, with potential implications for mixed reality systems involving handheld devices.",Daniel Enriquez; Hayoun Moon; Doug A Bowman; Myounghoon Jeon; Sang Won Lee,IEEE transactions on visualization and computer graphics,2024,Journal Article,eng,retrieved,UNCERTAIN_REQUIRES_SCREENING,TITLE_ABSTRACT_REVIEW_REQUIRED,,,,,,,,
3013,TA-13,39250385,10.1109/TVCG.2024.3456212,Collaborative Forensic Autopsy Documentation and Supervised Report Generation Using a Hybrid Mixed-Reality Environment and Generative AI.,"Forensic investigation is a complex procedure involving experts working together to establish cause of death and report findings to legal authorities. While new technologies are being developed to provide better post-mortem imaging capabilities-including mixed-reality (MR) tools to support 3D visualisation of such data-these tools do not integrate seamlessly into their existing collaborative workflow and report authoring process, requiring extra steps, e.g. to extract imagery from the MR tool and combine with physical autopsy findings for inclusion in the report. Therefore, in this work we design and evaluate a new forensic autopsy report generation workflow and present a novel documentation system using hybrid mixed-reality approaches to integrate visualisation, voice and hand interaction, as well as collaboration and procedure recording. Our preliminary findings indicate that this approach has the potential to improve data management, aid reviewability, and thus, achieve more robust standards. Further, it potentially streamlines report generation and minimise dependency on external tools and assistance, reducing autopsy time and related costs. This system also offers significant potential for education. A free copy of this paper and all supplemental materials are available at https://osf.io/ygfzx.",Vahid Pooryousef; Maxime Cordeil; Lonni Besancon; Richard Bassed; Tim Dwyer,IEEE transactions on visualization and computer graphics,2024,"Journal Article; Research Support, Non-U.S. Gov't",eng,retrieved,UNCERTAIN_REQUIRES_SCREENING,TITLE_ABSTRACT_REVIEW_REQUIRED,,,,,,,,
3014,TA-13,39250381,10.1109/TVCG.2024.3456208,Should I Evaluate My Augmented Reality System in an Industrial Environment? Investigating the Effects of Classroom and Shop Floor Settings on Guided Assembly.,"Numerous prior studies have investigated real-time assembly instructions using Augmented Reality (AR). However, most such experiments were conducted in laboratory settings with simplistic assembly tasks, failing to represent real-world industrial conditions. To ascertain to what extent results obtained in a laboratory environment may differ from studies in actual industrial environments, we carried out a user study with 32 manufacturing apprentices. We compared assembly task execution results in two settings, a classroom and an industrial workshop environment. To facilitate the experiments, we developed AR-guided manual assembly systems for simple and more complex assets. Our findings reveal a significantly improved task performance in the industrial workshop, reflected in faster task completion times, fewer errors, and subjectively perceived higher flow. This contradicted participants' subjective ratings, as they expected to perform better in the classroom environment. Our results suggest that the actual manufacturing environment is critical in evaluating AR systems for real-world industrial applications.",Vicky Zhang; Alexander Albers; Christine Saeedi-Givi; Per Ola Kristensson; Thomas Bohne; Slawomir Tadeja,IEEE transactions on visualization and computer graphics,2024,Journal Article,eng,retrieved,UNCERTAIN_REQUIRES_SCREENING,TITLE_ABSTRACT_REVIEW_REQUIRED,,,,,,,,
3015,TA-13,39250328,10.1097/j.pain.0000000000003384,"Extended reality used in the treatment of phantom limb pain: a multicenter, double-blind, randomized controlled trial.","Phantom limb pain (PLP) represents a significant challenge after amputation. This study investigated the use of phantom motor execution (PME) and phantom motor imagery (PMI) facilitated by extended reality (XR) for the treatment of PLP. Both treatments used XR, but PME involved overt execution of phantom movements, relying on the decoding of motor intent using machine learning to enable real-time control in XR. In contrast, PMI involved mental rehearsal of phantom movements guided by XR. The study hypothesized that PME would be superior to PMI. A multicenter, double-blind, randomized controlled trial was conducted in 9 outpatient clinics across 7 countries. Eighty-one participants with PLP were randomly assigned to PME or PMI training. The primary outcome was the change in PLP, measured by the Pain Rating Index, from baseline to treatment cessation. Secondary outcomes included various aspects related to PLP, such as the rate of clinically meaningful reduction in pain (CMRP; >50% pain decrease). No evidence was found for superiority of overt execution (PME) over imagery (PMI) using XR. PLP decreased by 64.5% and 68.2% in PME and PMI groups, respectively. Thirty-seven PME participants (71%) and 19 PMI participants (68%) experienced CMRP. Positive changes were recorded in all other outcomes, without group differences. Pain reduction for PME was larger than previously reported. Despite our initial hypothesis not being confirmed, PME and PMI, aided by XR, are likely to offer meaningful PLP relief to most patients. These findings merit consideration of these therapies as viable treatment options and alternatives to pharmacological treatments.",Eva Lendaro; Corry K Van der Sluis; Liselotte Hermansson; Lina Bunketorp-Käll; Helena Burger; Els Keesom; Cathrine Widehammar; Maria Munoz-Novoa; Brian E McGuire; Paul O'Reilly; Eric J Earley; Sonam Iqbal; Morten B Kristoffersen; Anita Stockselius; Lena Gudmundson; Wendy Hill; Martin Diers; Kristi L Turner; Thomas Weiss; Max Ortiz-Catalan,Pain,2025,Journal Article; Randomized Controlled Trial; Multicenter Study,eng,retrieved,UNCERTAIN_REQUIRES_SCREENING,TITLE_ABSTRACT_REVIEW_REQUIRED,,,,,,,,
3016,TA-13,39245875,10.1002/ca.24213,Enhancing medical anatomy education with the integration of virtual reality into traditional lab settings.,"In medical education, traditional anatomy labs have relied heavily on the hands-on dissection of cadavers to teach the complex spatial relationships within the human body. However, the advent of virtual reality (VR) technology offers the potential for significantly enhancing this traditional approach by providing immersive, interactive 3D visualizations that can overcome some of the limitations of physical specimens. This study explores the integration of VR into a traditional gross anatomy lab to enrich the learning experience for medical students. Methods included the deployment of a VR application developed to complement the dissection process, featuring detailed 3D models of human anatomy that students could manipulate and explore digitally. Approximately 60 s-year medical students participated in the lab, where they engaged with both traditional dissection and the VR application. Results indicated that the VR integration not only increased engagement and satisfaction but also improved the students' ability to understand anatomical structures and their spatial relationships. Moreover, feedback from students suggested more efficient learning and retention than with traditional methods alone. We conclude that VR technology can significantly enhance medical anatomy education by providing an adjunct to traditional dissection, potentially replacing certain aspects of physical specimens with digital simulations that offer repeatable, detailed exploration without the associated logistical and ethical constraints.",Andres Neyem; Matías Cadile; Sebastián A Burgos-Martínez; Emilio Farfán Cabello; Oscar Inzunza; Macarena Soto Alvarado; R Shane Tubbs; Nicolás E Ottone,"Clinical anatomy (New York, N.Y.)",2025,Journal Article,eng,retrieved,UNCERTAIN_REQUIRES_SCREENING,TITLE_ABSTRACT_REVIEW_REQUIRED,,,,,,,,
3017,TA-13,39244030,10.1016/j.jormas.2024.102039,Feasibility of augmented reality combine patient-specific implants (PSI) applied to navigation in mandibular genioplasty: A phantom experiment.,"Genitoplasty is becoming more and more common, and it is important to improve the accuracy of the procedure and simplify the procedure. This experiment explores the feasibility of using augmented reality (AR) technology combined with PSI titanium plates for navigational assistance in genioplasty performed on models, aiming to study the precision of such surgical interventions. Twelve genioplasty procedures were designed and implemented on 3D-printed resin mandibular models by the same surgeon using three different approaches: AR+3DT group (AR+PSI) , 3DT group (patient-specific titanium plate) , and a traditional free-hand group(FH group). Postoperative models were assessed using CBCT to evaluate surgical accuracy. In terms of osteotomy accuracy, the AR group demonstrated a surgical error of 0.9440±0.5441 mm, significantly lower than the control group, which had an error of 1.685±0.8907 mm (P < 0.0001). In experiments positioning the distal segment of the chin, the overall centroid shift in the AR group was 0.3661±0.1360 mm, significantly less than the 2.304±0.9629 mm in the 3DT group and 1.562±0.9799 mm in the FH group (P < 0.0001). Regarding angular error, the AR+3DT group showed 2.825±1.373°, significantly <8.283±3.640° in the 3DT group and 7.234±5.241° in the FH group. AR navigation technology combined with PSI titanium plates demonstrates higher surgical accuracy compared to traditional methods and shows feasibility for use. Further validation through clinical trials is necessary.",Shi-Xi He; Cheng Ma; Zong-Yi Yuan; Tian-Feng Xu; Jin-Zhi Wei; Yin-Yu Shang; Xuan-Ping Huang,"Journal of stomatology, oral and maxillofacial surgery",2025,Journal Article,eng,retrieved,UNCERTAIN_REQUIRES_SCREENING,TITLE_ABSTRACT_REVIEW_REQUIRED,,,,,,,,
3018,TA-13,39243711,10.1016/j.bjps.2024.08.078,Mixed reality guided advancement osteotomies in congenital craniofacial malformations.,"This paper describes our experience with mixed reality (MR) intra-operative guides in patients with congenital craniofacial malformations. The first case was a patient with bilateral hemifacial microsomia. He underwent bilateral mandibular distraction osteogenesis. Pre-operative virtual planning determined the sites of osteotomy. Standard Tessellation Language (STL) files of mandibular 3D models with osteotomy sites were uploaded onto the HoloLens 2® MR glasses (Microsoft®, Washington, USA). The superimposed hologram denoted the osteotomy line. This was validated with a physical cutting guide. The second case was a patient with Crouzon's syndrome. A modified Lefort 2 advancement was performed to correct his midfacial deficiency. Pre-operative virtual planning was performed to determine the sites of osteotomies. Superimposed hologram using the Hololens 2® denoted the osteotomy sites. These were validated with a conventional intra-operative navigation system. The advantages of using MR include its immediate availability for use; saving time and costs. MR allows surgeons to maintain continuous line-of-sight within the operative field. A robust registration system is required to anchor the hologram onto the patient's skull without variations in hologram position from different angles of gaze. MR has the potential to function as an adjunct and possible replacement for conventional cutting guides and intra-operative navigation. LAY SUMMARY: We describe the use of mixed reality intra-operative guides in patients with congenital craniofacial malformations. Our experience shows the potential MR has as an adjunct and possible replacement for conventional cutting guides and intra-operative navigation.",Elijah Zhengyang Cai; Ting Hui Yee; Yujia Gao; Wilson Weixun Lu; Thiam Chye Lim,"Journal of plastic, reconstructive & aesthetic surgery : JPRAS",2024,Case Reports; Journal Article,eng,retrieved,UNCERTAIN_REQUIRES_SCREENING,TITLE_ABSTRACT_REVIEW_REQUIRED,,,,,,,,
3019,TA-13,39239041,10.1097/MS9.0000000000002366,Mixed reality-supported near-infrared photoimmunotherapy for oropharyngeal cancer: a case report.,"Near-infrared photoimmunotherapy (NIR-PIT, Alluminox) uses an antibody-photoabsorber conjugate and light excitation, requiring precise illumination. Mixed reality (MR) technology can enhance medical procedures through advanced visualization and planning. An 86-year-old man with recurrent oropharyngeal cancer and right cervical metastasis received NIR-PIT. Three-dimensional models from computed tomography (CT) and FDG-PET/CT images were used as holograms on a head-mounted display (HMD) for precise light targeting. HMD-MR technology was utilized for preoperative simulation and guided ideal light direction during surgery. This improved the effectiveness of NIR-PIT. Three months post-treatment, no residual lesion was observed, demonstrating the utility of HMD-MR technology in optimizing NIR-PIT outcomes.",Ryuhei Okada; Taku Ito; Hiroaki Kawabe; Takeshi Tsutsumi; Takahiro Asakage,Annals of medicine and surgery (2012),2024,Case Reports; Journal Article,eng,retrieved,UNCERTAIN_REQUIRES_SCREENING,TITLE_ABSTRACT_REVIEW_REQUIRED,,,,,,,,
3020,TA-13,39237492,10.1038/s41377-024-01609-9,Aberration-robust monocular passive depth sensing using a meta-imaging camera.,"Depth sensing plays a crucial role in various applications, including robotics, augmented reality, and autonomous driving. Monocular passive depth sensing techniques have come into their own for the cost-effectiveness and compact design, offering an alternative to the expensive and bulky active depth sensors and stereo vision systems. While the light-field camera can address the defocus ambiguity inherent in 2D cameras and achieve unambiguous depth perception, it compromises the spatial resolution and usually struggles with the effect of optical aberration. In contrast, our previously proposed meta-imaging sensor1 has overcome such hurdles by reconciling the spatial-angular resolution trade-off and achieving the multi-site aberration correction for high-resolution imaging. Here, we present a compact meta-imaging camera and an analytical framework for the quantification of monocular depth sensing precision by calculating the Cramér-Rao lower bound of depth estimation. Quantitative evaluations reveal that the meta-imaging camera exhibits not only higher precision over a broader depth range than the light-field camera but also superior robustness against changes in signal-background ratio. Moreover, both the simulation and experimental results demonstrate that the meta-imaging camera maintains the capability of providing precise depth information even in the presence of aberrations. Showing the promising compatibility with other point-spread-function engineering methods, we anticipate that the meta-imaging camera may facilitate the advancement of monocular passive depth sensing in various applications.",Zhexuan Cao; Ning Li; Laiyu Zhu; Jiamin Wu; Qionghai Dai; Hui Qiao,"Light, science & applications",2024,Journal Article,eng,retrieved,UNCERTAIN_REQUIRES_SCREENING,TITLE_ABSTRACT_REVIEW_REQUIRED,,,,,,,,
3021,TA-13,39233986,10.7759/cureus.66209,Adapting Novel Augmented Reality Devices for Patient Simulations in Medical Education.,"Extended reality (XR) simulations are becoming increasingly common in educational settings, particularly in medical education. Advancing XR devices to enhance these simulations is a booming field of research. This study seeks to understand the value of a novel, non-wearable mixed reality (MR) display during interactions with a simulated holographic patient, specifically in taking a medical history. Twenty-one first-year medical students at the University of North Carolina at Chapel Hill participated in the virtual patient (VP) simulations. On a five-point Likert scale, students overwhelmingly agreed with the statement that the simulations helped ensure they were progressing along learning objectives related to taking a patient history. However, they found that, at present, the simulations can only partially correct mistakes or provide clear feedback. This finding demonstrates that the novel hardware solution can help students engage in the activity, but the underlying software may need adjustment to attain sufficient pedagogical validity.",Seth M Alexander; Vince Friedman; Pirapat M Rerkpattanapipat; William A Hiatt; Jeremiah S Heneghan; Robert Hubal; Yueh Z Lee,Cureus,2024,Journal Article,eng,retrieved,UNCERTAIN_REQUIRES_SCREENING,TITLE_ABSTRACT_REVIEW_REQUIRED,,,,,,,,
3022,TA-13,39233779,10.1007/s10055-024-00991-4,The geometry of the vergence-accommodation conflict in mixed reality systems.,"Mixed reality technologies, such as virtual (VR) and augmented (AR) reality, present promising opportunities to advance education and professional training due to their adaptability to diverse contexts. Distortions in the perceived distance in such mediated conditions, however, are well documented and have imposed nontrivial challenges that complicate and limit transferring task performance in a virtual setting to the unmediated reality (UR). One potential source of the distance distortion is the vergence-accommodation conflict-the discrepancy between the depth specified by the eyes' accommodative state and the angle at which the eyes converge to fixate on a target. The present study involved the use of a manual pointing task in UR, VR, and AR to quantify the magnitude of the potential depth distortion in each modality. Conceptualizing the effect of vergence-accommodation offset as a constant offset to the vergence angle, a model was developed based on the stereoscopic viewing geometry. Different versions of the model were used to fit and predict the behavioral data for all modalities. Results confirmed the validity of the conceptualization of vergence-accommodation as a device-specific vergence offset, which predicted up to 66% of the variance in the data. The fitted parameters indicate that, due to the vergence-accommodation conflict, participants' vergence angle was driven outwards by approximately 0.2°, which disrupted the stereoscopic viewing geometry and produced distance distortion in VR and AR. The implications of this finding are discussed in the context of developing virtual environments that minimize the effect of depth distortion.",Xiaoye Michael Wang; Daniel Southwick; Ian Robinson; Michael Nitsche; Gabby Resch; Ali Mazalek; Timothy N Welsh,Virtual reality,2024,Journal Article,eng,retrieved,UNCERTAIN_REQUIRES_SCREENING,TITLE_ABSTRACT_REVIEW_REQUIRED,,,,,,,,
3023,TA-13,39231739,10.1097/BRS.0000000000005147,Pedicle Screw Placement With Augmented Reality Versus Robotic-Assisted Surgery.,"This was a single-center prospective clinical and radiographic analysis of pedicle screw instrumentation with robotic-assisted navigation (RAN) and augmented reality (AR). This study aimed to compare the accuracy of lumbosacral pedicle screw placement with RAN versus AR. RAN and AR have demonstrated superior accuracy in lumbar pedicle screw placement compared with conventional free-hand techniques. RAN and AR techniques both tout-specific advantages over their counterparts, but to date, no study has directly compared the two technologies regarding pedicle screw accuracy. Patients who underwent RAN or head-mounted AR navigated lumbosacral (L1-S1) pedicle screw placement for degenerative conditions were included. Screw accuracy was assessed by two independent reviewers on intraoperative 3D fluoroscopic scans using the Gertzbein and Robbins scale. A generalized linear mixed model was applied to evaluate the relationship between the screw placement technique and accuracy. Two hundred and twelve patients undergoing lumbosacral instrumentation with a total of 1211 pedicle screws placed using RAN (n=108; screws=827) or AR (n=104; screws=384). Overall, grade A was achieved in 92.6% of screws. No significant difference was found between RAN and AR screw placement regarding the incidence of accurate (grade A and B screws; RAN n=824; 99.6% and AR n=379, 98.7%) versus inaccurate screws (grade C and D screws; RAN n=3, 0.4% and AR n=5, 1.3%). When comparing ""optimal"" grade A screws (RAN n= 787, 95.2%, AR n=345, 89.8%) versus all other screws (B, C, and D), significantly higher accuracy was achieved using RAN ( P =0.001). RAN and AR both achieved high accuracy in lumbosacral pedicle screw placement, proving reliable for this procedure. However, RAN resulted in significantly more grade A screw placements than AR.",Franziska C S Altorfer; Michael J Kelly; Fedan Avrumova; Marco D Burkhard; Jiaqi Zhu; Frederik Abel; Frank P Cammisa; Andrew Sama; Mazda Farshad; Darren R Lebl,Spine,2025,Journal Article; Comparative Study,eng,retrieved,UNCERTAIN_REQUIRES_SCREENING,TITLE_ABSTRACT_REVIEW_REQUIRED,,,,,,,,
3024,TA-13,39229524,10.1016/j.heliyon.2024.e35863,A holistic framework to model student's cognitive process in mathematics education through fuzzy cognitive maps.,"This study introduces a pioneering framework for modeling students' cognitive processes in mathematics education through Fuzzy Cognitive Maps (FCMs). By integrating key educational theories-Duval's Semiotic Representation Theory, Niss's Mathematical Competencies, Marton's Variation Theory, and the broad Engagement, Motivation, and Participation framework- the model offers a comprehensive and holistic understanding of students' cognitive landscapes. This research underscores the necessity of a multidimensional approach to capturing the intricate interplay of cognitive, affective, and behavioral factors in students' mathematical learning experiences. The novelty lies in its methodological innovation, employing FCMs to transcend traditional qualitative analyzes and facilitate quantitative insights into students' cognitive processes. This approach is particularly relevant in the current era dominated by digital learning environments and artificial intelligence, where real-time, automated analysis of student interactions is increasingly vital. The proposed FCM has been developed over the years with a data-driven approach; the concepts and relationships in it have been derived from the literature and refined by the author's experience in the field. Illustrated through case studies, the framework's utility is demonstrated in diverse contexts, highlighting how the quantitative data obtained are confirmed by qualitative approach: analyzing the impact of remote learning during the Covid-19 pandemic on student engagement and exploring Augmented Reality's role in enhancing mathematical conceptualization. These applications show the framework's adaptability and its potential to integrate new technologies in educational practices. However, the transition from qualitative to quantitative methodologies poses a challenge, given the prevalent use of qualitative approaches in mathematics education research. Additionally, the technological implementation of the FCM model in educational software presents practical hurdles, necessitating further development to ensure ease of integration and use in real-time educational settings. Future work will focus on bridging these methodological gaps and overcoming technological challenges to broaden the FCM model's applicability and enhance its contribution to advancing mathematics education.",Mario Lepore,Heliyon,2024,Journal Article,eng,retrieved,UNCERTAIN_REQUIRES_SCREENING,TITLE_ABSTRACT_REVIEW_REQUIRED,,,,,,,,
3025,TA-13,39226433,10.1080/10400435.2024.2338277,Usability of an augmented reality bedtime routine application for autistic children.,"Sleep problems are highly prevalent in autism and negatively impact the physical and mental health of children and their caregivers. Sleep education programs are often recommended as a first line-treatment to help parents implement healthy sleeping habits and a bedtime routine at home; however, the accompanying paper-based toolkits used in the bedtime routines have limitations related to engagement and adherence. To address these gaps, we iteratively developed and tested the usability of an augmented reality (AR) bedtime routine application. Our single participant design study (n = 7 child/parent dyads) found 86% compliance with the program and suggested good-excellent usability of the app with a trend toward increased willingness and faster completion of children's bedtime routines. This work supports the feasibility of using technology-based tools in sleep education programs and informs future clinical studies examining the effectiveness of these approaches for mitigating sleep difficulties.",Pouya Ahmadian; Robyn E Cardy; Gino De Luca; Azadeh Kushki,Assistive technology : the official journal of RESNA,2025,"Journal Article; Research Support, Non-U.S. Gov't",eng,retrieved,UNCERTAIN_REQUIRES_SCREENING,TITLE_ABSTRACT_REVIEW_REQUIRED,,,,,,,,
3026,TA-13,39225933,10.1007/s00423-024-03456-z,Registration accuracy comparing different rendering techniques on local vs external virtual 3D liver model reconstruction for vascular landmark setting by intraoperative ultrasound in augmented reality navigated liver resection.,"Augmented reality navigation in liver surgery still faces technical challenges like insufficient registration accuracy. This study compared registration accuracy between local and external virtual 3D liver models (vir3DLivers) generated with different rendering techniques and the use of the left vs right main portal vein branch (LPV vs RPV) for landmark setting. The study should further examine how registration accuracy behaves with increasing distance from the ROI. Retrospective registration accuracy analysis of an optical intraoperative 3D navigation system, used in 13 liver tumor patients undergoing liver resection/thermal ablation. 109 measurements in 13 patients were performed. Registration accuracy with local and external vir3DLivers was comparable (8.76 ± 0.9 mm vs 7.85 ± 0.9 mm; 95% CI = -0.73 to 2.55 mm; p = 0.272). Registrations via the LPV demonstrated significantly higher accuracy than via the RPV (6.2 ± 0.85 mm vs 10.41 ± 0.99 mm, 95% CI = 2.39 to 6.03 mm, p < 0.001). There was a statistically significant positive but weak correlation between the accuracy (dFeature) and the distance from the ROI (dROI) (r = 0.298; p = 0.002). Despite basing on different rendering techniques both local and external vir3DLivers have comparable registration accuracy, while LPV-based registrations significantly outperform RPV-based ones in accuracy. Higher accuracy can be assumed within distances of up to a few centimeters around the ROI.",Nonkoh J Sheriff; Michael Thomas; Alexander C Bunck; Matthias Peterhans; Rabi Raj Datta; Martin Hellmich; Christiane J Bruns; Dirk Ludger Stippel; Roger Wahba,Langenbeck's archives of surgery,2024,Journal Article; Comparative Study,eng,retrieved,UNCERTAIN_REQUIRES_SCREENING,TITLE_ABSTRACT_REVIEW_REQUIRED,,,,,,,,
3027,TA-13,39224550,10.31661/gmj.v13i.3325,Emerging Technologies in Hand Orthopedic Surgery: Current Trends and Future Directions.,"Emerging technologies are changing hand surgery by improving surgical precision, minimizing tissue disruption, and expediting patient recovery. These advancements have the potential to revolutionize surgical procedures, patient outcomes, and rehabilitation processes. However, there are still challenges that need to be addressed before these technologies can be widely adopted. These challenges include the learning curve for surgeons, high costs, and ethical considerations. Future research should focus on addressing the limitations of these technologies, exploring their long-term effects, and evaluating their cost-effectiveness. To successfully implement them, a collaborative approach involving clinicians, researchers, engineers, and policymakers is necessary. This review provides an overview of current and future trends in emerging technologies for hand orthopedic surgery.",Ahmad Dashtbozorg; Elaheh Heidarian; Malihe Sagheb Ray Shirazi; Zahra Movahednia; Maryam Jafari; Ramila Abedi Azar,Galen medical journal,2024,Journal Article,eng,retrieved,UNCERTAIN_REQUIRES_SCREENING,TITLE_ABSTRACT_REVIEW_REQUIRED,,,,,,,,
3028,TA-13,39221010,10.1016/j.dib.2024.110774,"Data of history: An open-source and multiformat wall image dataset of Panam city, a historical place.","Historical data on monuments offers valuable insights into that period's past sculpture, architecture, and preferences. Realising the importance of historical data and the scarcity of data on historical places, this study presents a dataset collected from Panam City. Panam City, established in the late 1300s century, was the capital of the fifteenth-century Bengal ruler Isa Khan. The city was once an important trading and political centre and is now considered a world heritage site by the United Nations Educational Scientific and Cultural Organisation (UNESCO). Panam City is located in Sonargaon, Dhaka, Bangladesh. The aim of data collection is to capture past architectural design, materials used for the building, and the current state of the walls and structures of Panam City. This dataset can benefit researchers, architects, archaeologists, and cultural organisations. Historians and architects can gain insights into the wall's construction methods and materials, informing future restoration efforts. Historic datasets can create exciting AR/VR experiences by digitizing and 3D modelling historical artefacts and environments, integrating them into AR/VR platforms using game engines and development tools, and enhancing the user experience with interactive storytelling and educational content. Tourism boards and cultural heritage organisations can leverage this resource to develop engaging experiences that highlight the rich history and significance of Panama City. By making this data accessible, this study contributes to understanding and appreciating Panam City's historical significance while promoting innovative approaches to heritage preservation in the digital age. This dataset contains 2292 images of degraded wall classes such as Artistic, Corroded Brick, Corroded Plaster, Fungus, and Living Plant.",Md Taimur Ahad; Yousuf Rayhan Emon; Sumaya Mustofa,Data in brief,2024,Journal Article,eng,retrieved,UNCERTAIN_REQUIRES_SCREENING,TITLE_ABSTRACT_REVIEW_REQUIRED,,,,,,,,
3029,TA-13,39220948,10.1016/j.heliyon.2024.e35899,Effect of prolonged wear and frame tightness of AR glasses on comfort.,"The present study aimed to investigate the effect of frame tightness on the wearing comfort of augmented reality (AR) glasses during a prolonged video viewing task. A frame prototype of AR glasses with an adjustable frame width was adopted to accommodate variations in head size within the Chinese population, and two hundred participants were recruited to wear the glasses for an hour under five different tightness conditions. Local and overall discomfort ratings were obtained as outcome measures, and the ratings exhibited a significant increase with higher tightness levels. Furthermore, females and older people reported greater discomfort than other participants did, whereas previous spectacle use and body type had nonsignificant effects on wearing comfort. Consideration of approaches to alleviate frame tightness is crucial in the design of AR glasses targeting females and older people. These findings provide valuable ergonomic insights for AR glasses design and offer considerations applicable to the glasses-type wearable device industry.",Yujia Du; Kexiang Liu; Yuxin Ju; Haining Wang,Heliyon,2024,Journal Article,eng,retrieved,UNCERTAIN_REQUIRES_SCREENING,TITLE_ABSTRACT_REVIEW_REQUIRED,,,,,,,,
3030,TA-13,39219399,10.1111/medu.15501,An augmented reality mobile application designed for pharmacology teaching.,,Ya-Qin Du; Su-Ying Cui; Xin-Liang Zhao; Lu Tie,Medical education,2024,Journal Article,eng,retrieved,UNCERTAIN_REQUIRES_SCREENING,TITLE_ABSTRACT_REVIEW_REQUIRED,,,,,,,,
3031,TA-13,39213900,10.1016/j.cmpb.2024.108396,A holographic telementoring system depicting surgical instrument movements for real-time guidance in open surgeries.,"During open surgeries, telementoring serves as a valuable tool for transferring surgical knowledge from a specialist surgeon (mentor) to an operating surgeon (mentee). Depicting the intended movements of the surgical instruments over the operative field improves the understanding of the required tool-tissue interaction. The objective of this work is to develop a telementoring system tailored for open surgeries, enabling the mentor to remotely demonstrate the necessary motions of surgical instruments to the mentee. A remote telementoring system for open surgery was implemented. The system generates visual cues in the form of virtual surgical instrument motion augmented onto the live view of the operative field. These cues can be rendered on both conventional screens in the operating room and as dynamic holograms on a head mounted display device worn by the mentee. The technical performance of the system was evaluated, where the operating room and remote location were geographically separated and connected via the Internet. Additionally, user studies were conducted to assess the effectiveness of the system as a mentoring tool. The system took 307 ± 12 ms to transmit an operative field view of 1920  ×  1080 resolution, along with depth information spanning 36 cm, from the operating room to the remote location. Conversely, it took 145 ± 14 ms to receive the motion of virtual surgical instruments from the remote location back to the operating room. Furthermore, the user studies demonstrated: (a) mentor's capability to annotate the operative field with an accuracy of 3.92 ± 2.1 mm, (b) mentee's ability to comprehend and replicate the motion of surgical instruments in real-time with an average deviation of 12.8 ± 3 mm, (c) efficacy of the rendered dynamic holograms in conveying information intended for surgical instrument motion. The study demonstrates the feasibility of transmitting information over the Internet from the mentor to the mentee in the form of virtual surgical instruments' motion and projecting it as holograms onto the live view of the operative field. This holds potential to enhance real-time collaborative capabilities between the mentor and the mentee during an open surgery.",Malek Anabtawi; Dehlela Shabir; Jhasketan Padhan; Abdulla Al-Ansari; Omar M Aboumarzouk; Zhigang Deng; Nikhil V Navkar,Computer methods and programs in biomedicine,2024,Journal Article,eng,retrieved,UNCERTAIN_REQUIRES_SCREENING,TITLE_ABSTRACT_REVIEW_REQUIRED,,,,,,,,
3032,TA-13,39213454,10.14744/eej.2024.31032,Students' Perception of Remote Extended Reality Simulation Systems Using Patient-specific Three-Dimensional-printed Models in Endodontic Education: A Pilot Study.,"Extended reality (XR) technology using head-mounted devices enables the operator to visu-alise anatomical structures. We aimed to investigate student perceptions regarding applying XR simu-lation for transferring endodontic educational information between a lecturer in Japan and students in Saudi Arabia. In this study, the students engaged with an XR simulation system and viewed teeth in virtual reality (VR). Pictures of dental anatomy were shown in the VR space, allowing participants to manipulate them. Then, the participants viewed a patient-specific three-dimensional printed model and three-dimensional root canal access guide in a second VR area. Before the sessions, the students completed a questionnaire on demograph-ic data and information concerning their VR experience. After the sessions, they completed a questionnaire evaluating the XR simulation system. The questionnaire included questions on dental anatomy, root canal access, usability, emotional impression, and data transfer. Eleven 5th-year dental students, comprising six male and five female students, were enrolled; three of them had previous VR experience, whereas eight did not. The highest levels of satisfaction were noted in the tooth anatomy (4.6+-0.4) and emotional impression (4.5+-0.5) domains, whereas the lowest level was noted in the data transmission domain (3.5+-0.9). Female participants and those without previous VR experience reported higher satisfaction levels across questionnaire domains compared to male participants and those with previous VR experience. XR can be successfully used in dental education and integrated into online lectures. Restrictions on education caused by health crises can be averted by using XR. Further, fifth-generation networks can offer better data transmission than wireless fidelity.",Riyadh Alroomy; Munirah Almimoni; Abdulaaly Alotaibi; Ahad Almutairi; Ebtesam Alyahya; Motoharu Unozawa; Takahito Kakumoto; Katsushi Okazaki,European endodontic journal,2024,Journal Article,eng,retrieved,UNCERTAIN_REQUIRES_SCREENING,TITLE_ABSTRACT_REVIEW_REQUIRED,,,,,,,,
3033,TA-13,39207999,10.1364/OL.536788,Dual-polarized transmissive metasurfaces for near-unitary-NA analog spatial computing empowered by impedance matching and mismatching.,"In recent years, due to the increasing requirement for real-time and massive data processing, optical analog computation has arisen as a promising alternative to digital computation. Optical spatial differentiation plays a fundamentally important role in various emerging technologies, including augmented reality, autonomous driving, and object recognition. However, previous demonstrations encountered several limitations, such as the dependence on polarization states and a typically limited numerical aperture (NA) of about 0.5, especially in the transmission mode. Here, a new, to our knowledge, design strategy based on the evolution between impedance matching and mismatching in a metasurface is proposed to fill this gap, which can perform dual-polarized second-order derivative for image processing. Our scheme enables high transmission under dual polarization over an 85° incident angle range (NA = 0.996), resulting in more than twofold spatial resolution. Our work paves the way for polarization-insensitive high-resolution signal and image processing in the terahertz region.",YongLiang Liu; Wenwei Liu; Qi Liu; YiFei Xu; Bo Yu; Zhancheng Li; Hua Cheng; Shuqi Chen,Optics letters,2024,Journal Article,eng,retrieved,UNCERTAIN_REQUIRES_SCREENING,TITLE_ABSTRACT_REVIEW_REQUIRED,,,,,,,,
3034,TA-13,39207980,10.1364/OL.531253,Thin and lightweight camera based on Pancake lens and deep learning.,"Computational imaging using a Pancake lens can help reduce the size of optical systems by folded optics. However, Pancake cameras frequently exhibit inferior image quality due to stray light, low light transmission, and spatially varying aberrations. In this Letter, we propose a thin and lightweight camera comprising a polarization-based catadioptric Pancake lens and a Fourier Position encoding Network (FPNet). The camera achieves high-quality imaging at an f-number of 0.4 and an expansive 88° field of view. The FPNet encodes the positional order of the point spread functions, mitigating global optical image degradation and improving image quality by 10.13 dB in PSNR. The Pancake camera and FPNet have potential applications in mobile photography and virtual/augmented reality.",Jinwen Wei; Youhai Liu; Jiachen Wu; Liangcai Cao,Optics letters,2024,Journal Article,eng,retrieved,UNCERTAIN_REQUIRES_SCREENING,TITLE_ABSTRACT_REVIEW_REQUIRED,,,,,,,,
3035,TA-13,39206996,10.4103/jcrt.jcrt_301_24,Investigating the accuracy of machine vision and augmented reality in percutaneous computed tomography-guided interventions: A phantom study.,"This study aimed to evaluate the accuracy of percutaneous computed tomography (CT)-guided puncture based on machine vision and augmented reality in a phantom. The surgical space coordinate system was established, and accurate registration was ensured using the hierarchical optimization framework. Machine vision tracking and augmented reality display technologies were used for puncture navigation. CT was performed on a phantom, and puncture paths with three different lengths were planned from the surface of the phantom to the metal ball. Puncture accuracy was evaluated by measuring the target positioning error (TPE), lateral error (LE), angular error (AE), and first success rate (FSR) based on the obtained CT images. A highly qualified attending interventional physician performed a total of 30 punctures using puncture navigation. For the short distance (4.5-5.5 cm), the TPE, LE, AE, and FSR were 1.90 ± 0.62 mm, 1.23 ± 0.70 mm, 1.39 ± 0.86°, and 60%, respectively. For the medium distance (9.5-10.5 cm), the TPE, LE, AE, and FSR were 2.35 ± 0.95 mm, 2.00 ± 1.07 mm, 1.20 ± 0.62°, and 40%, respectively. For the long distance (14.5-15.5 cm), the TPE, LE, AE, and FSR were 2.81 ± 1.17 mm, 2.33 ± 1.34 mm, 0.99 ± 0.55°, and 30%, respectively. The augmented reality and machine vision-based CT-guided puncture navigation system allows for precise punctures in a phantom. Further studies are needed to explore its clinical applicability.",Bingyu Huang; Yizhi Wei; Bing Zhang; Jin Chen; Rui Guo; Steven Zhiying Zhou; Zhigang Lin; Zhengyu Lin,Journal of cancer research and therapeutics,2024,Journal Article,eng,retrieved,UNCERTAIN_REQUIRES_SCREENING,TITLE_ABSTRACT_REVIEW_REQUIRED,,,,,,,,
3036,TA-13,39206428,10.1002/oto2.70002,Augmented Reality-Guided Frozen Section Analysis: Bringing the Pathologist From the Laboratory to the Operating Room.,"Due to the anatomic complexity of the head and neck and variable proximity between laboratory and operating room (OR), effective communication during frozen section analysis (FSA) between surgeons and pathologists is challenging. This proof-of-concept study investigates an augmented reality (AR) protocol that allows pathologists to virtually join the OR from the laboratory. Head and neck cancer specimens were scanned ex vivo using a 3-dimensional scanner and uploaded into an AR platform. Eight head and neck specimens were discussed by surgeons and pathologists in an AR environment. AR-guided intraoperative consultation was used for specimen orientation and discussion of FSA margin sampling sites. One patient had positive initial margins on FSA and was re-resected to negative final margins. AR-guided FSA is possible and allows pathologists to join the operating from any location for intraoperative discussion.",Marina Aweeda; Liyu Huang; Alexander N Perez; Kim A Ely; Mitra Mehrad; James S Lewis; Michael C Topf,OTO open,2024,Journal Article,eng,retrieved,UNCERTAIN_REQUIRES_SCREENING,TITLE_ABSTRACT_REVIEW_REQUIRED,,,,,,,,
3037,TA-13,39205974,10.3389/fpsyg.2024.1423163,Augmented reality books: in-depth insights into children's reading engagement.,"Children's reading engagement is associated with the quality of their reading experiences and outcomes; however, research to date has only examined children's reading engagement within the context of traditional print books or digital texts. Augmented Reality represents a hybrid reading experience, where traditional paper books are augmented with digital features (e.g., animations, sounds, comprehension questions). This is the first study to examine children's perspectives and experiences of AR books, within the context of reading engagement. In total, 38 demographically diverse children (aged 8-10, 21 male, 17 English as an Additional Language, 14 ethnicities, nine with teacher-reported reading difficulties) from the UK participated. After reading an AR book, children participated in interviews about their reading engagement. Deductive (themes) and inductive (subthemes) approaches to thematic analysis were used, examining children's AR reading experiences within the context of their behavioral, cognitive, affective and social engagement. The majority of children found AR books easy to use, and provided examples of how AR books supported their behavioral engagement (e.g., desire to read more/extend reading practices), altered their cognitive engagement (e.g., reading strategies, visual representation/use of imagination, comprehension monitoring), influenced their affective engagement: (e.g., diverse positive feelings), and social engagement (e.g., prompted interaction and discussion), providing examples suggesting similarities and differences with traditional print books. This paper provides novel in-depth insights into children's perspectives and experiences of AR books, and provides a foundation for researchers, educators, and AR book designers interested in better supporting children's reading experiences and outcomes with AR books.",Kawla Alhamad; Andrew Manches; Sarah McGeown,Frontiers in psychology,2024,Journal Article,eng,retrieved,UNCERTAIN_REQUIRES_SCREENING,TITLE_ABSTRACT_REVIEW_REQUIRED,,,,,,,,
3038,TA-13,39205891,10.1055/s-0044-1788064,Applications of Augmented Reality in Neuro-Oncology: A Case Series.,"Augmented reality (AR) is a technological tool that superimposes two-dimensional virtual images onto three-dimensional real-world scenarios through the integration of neuronavigation and a surgical microscope. The aim of this study was to demonstrate our initial experience with AR and to assess its application in oncological neurosurgery. This is a case series with 31 patients who underwent surgery at Santa Casa BH for the treatment of intracranial tumors in the period from March 4, 2022, to July 14, 2023. The application of AR was evaluated in each case through three parameters: whether the virtual images auxiliated in the incision and craniotomy and whether the virtual images aided in intraoperative microsurgery decisions. Of the 31 patients, 5 patients developed new neurological deficits postoperatively. One patient died, with a mortality rate of 3.0%. Complete tumor resection was achieved in 22 patients, and partial resection was achieved in 6 patients. In all patients, AR was used to guide the incision and craniotomy in each case, leading to improved and precise surgical approaches. As intraoperative microsurgery guidance, it proved to be useful in 29 cases. The application of AR seems to enhance surgical safety for both the patient and the surgeon. It allows a more refined immediate operative planning, from head positioning to skin incision and craniotomy. Additionally, it helps decision-making in the intraoperative microsurgery phase with a potentially positive impact on surgical outcomes.",Marcos Dellaretti; Hian P G Figueiredo; André G Soares; Luiz E V Froes; Fernando Cotrim Gomes; Franklin Faraj,Asian journal of neurosurgery,2024,Journal Article,eng,retrieved,UNCERTAIN_REQUIRES_SCREENING,TITLE_ABSTRACT_REVIEW_REQUIRED,,,,,,,,
3039,TA-13,39205118,10.3390/s24165424,Real-Time Indoor Visible Light Positioning (VLP) Using Long Short Term Memory Neural Network (LSTM-NN) with Principal Component Analysis (PCA).,"New applications such as augmented reality/virtual reality (AR/VR), Internet-of-Things (IOT), autonomous mobile robot (AMR) services, etc., require high reliability and high accuracy real-time positioning and tracking of persons and devices in indoor areas. Among the different visible-light-positioning (VLP) schemes, such as proximity, time-of-arrival (TOA), time-difference-of-arrival (TDOA), angle-of-arrival (AOA), and received-signal-strength (RSS), the RSS scheme is relatively easy to implement. Among these VLP methods, the RSS method is simple and efficient. As the received optical power has an inverse relationship with the distance between the LED transmitter (Tx) and the photodiode (PD) receiver (Rx), position information can be estimated by studying the received optical power from different Txs. In this work, we propose and experimentally demonstrate a real-time VLP system utilizing long short-term memory neural network (LSTM-NN) with principal component analysis (PCA) to mitigate high positioning error, particularly at the positioning unit cell boundaries. Experimental results show that in a positioning unit cell of 100 × 100 × 250 cm3, the average positioning error is 5.912 cm when using LSTM-NN only. By utilizing the PCA, we can observe that the positioning accuracy can be significantly enhanced to 1.806 cm, particularly at the unit cell boundaries and cell corners, showing a positioning error reduction of 69.45%. In the cumulative distribution function (CDF) measurements, when using only the LSTM-NN model, the positioning error of 95% of the experimental data is >15 cm; while using the LSTM-NN with PCA model, the error is reduced to <5 cm. In addition, we also experimentally demonstrate that the proposed real-time VLP system can also be used to predict the direction and the trajectory of the moving Rx.",Yueh-Han Shu; Yun-Han Chang; Yuan-Zeng Lin; Chi-Wai Chow,"Sensors (Basel, Switzerland)",2024,Journal Article,eng,retrieved,UNCERTAIN_REQUIRES_SCREENING,TITLE_ABSTRACT_REVIEW_REQUIRED,,,,,,,,
3040,TA-13,39205099,10.3390/s24165405,Spatial Augmented Reality for Expanding the Reach of Individuals with Tremor beyond Their Physical Limits.,"Tremor is a prevalent neurological disorder characterized by involuntary shaking or trembling of body parts. This condition impairs fine motor skills and hand coordination to varying degrees and can even affect overall body mobility. As a result, tremors severely disrupt the daily lives and work of those affected, significantly limiting their physical activity space. This study developed an innovative spatial augmented reality (SAR) system aimed at assisting individuals with tremor disorders to overcome their physical limitations and expand their range of activities. The system integrates eye-tracking and Internet of Things (IoT) technologies, enabling users to smoothly control objects in the real world through eye movements. It uses a virtual stabilization algorithm for stable interaction with objects in the real environment. The study comprehensively evaluated the system's performance through three experiments: (1) assessing the effectiveness of the virtual stabilization algorithm in enhancing the system's ability to assist individuals with tremors in stable and efficient interaction with remote objects, (2) evaluating the system's fluidity and stability in performing complex interactive tasks, and (3) investigating the precision and efficiency of the system in remote interactions within complex physical environments. The results demonstrated that the system significantly improves the stability and efficiency of interactions between individuals with tremor and remote objects, reduces operational errors, and enhances the accuracy and communication efficiency of interactions.",Kai Wang; Mengjing Wu; Zhi Sun; Qun Huang,"Sensors (Basel, Switzerland)",2024,Journal Article,eng,retrieved,UNCERTAIN_REQUIRES_SCREENING,TITLE_ABSTRACT_REVIEW_REQUIRED,,,,,,,,
3041,TA-13,39204948,10.3390/s24165253,User Evaluation of a Shared Robot Control System Combining BCI and Eye Tracking in a Portable Augmented Reality User Interface.,"This study evaluates an innovative control approach to assistive robotics by integrating brain-computer interface (BCI) technology and eye tracking into a shared control system for a mobile augmented reality user interface. Aimed at enhancing the autonomy of individuals with physical disabilities, particularly those with impaired motor function due to conditions such as stroke, the system utilizes BCI to interpret user intentions from electroencephalography signals and eye tracking to identify the object of focus, thus refining control commands. This integration seeks to create a more intuitive and responsive assistive robot control strategy. The real-world usability was evaluated, demonstrating significant potential to improve autonomy for individuals with severe motor impairments. The control system was compared with an eye-tracking-based alternative to identify areas needing improvement. Although BCI achieved an acceptable success rate of 0.83 in the final phase, eye tracking was more effective with a perfect success rate and consistently lower completion times (p<0.001). The user experience responses favored eye tracking in 11 out of 26 questions, with no significant differences in the remaining questions, and subjective fatigue was higher with BCI use (p=0.04). While BCI performance lagged behind eye tracking, the user evaluation supports the validity of our control strategy, showing that it could be deployed in real-world conditions and suggesting a pathway for further advancements.",Arnau Dillen; Mohsen Omidi; Fakhreddine Ghaffari; Olivier Romain; Bram Vanderborght; Bart Roelands; Ann Nowé; Kevin De Pauw,"Sensors (Basel, Switzerland)",2024,Journal Article,eng,retrieved,UNCERTAIN_REQUIRES_SCREENING,TITLE_ABSTRACT_REVIEW_REQUIRED,,,,,,,,
3042,TA-13,39204865,10.3390/s24165168,SmartVR Pointer: Using Smartphones and Gaze Orientation for Selection and Navigation in Virtual Reality.,"Some of the barriers preventing virtual reality (VR) from being widely adopted are the cost and unfamiliarity of VR systems. Here, we propose that in many cases, the specialized controllers shipped with most VR head-mounted displays can be replaced by a regular smartphone, cutting the cost of the system, and allowing users to interact in VR using a device they are already familiar with. To achieve this, we developed SmartVR Pointer, an approach that uses smartphones to replace the specialized controllers for two essential operations in VR: selection and navigation by teleporting. In SmartVR Pointer, a camera mounted on the head-mounted display (HMD) is tilted downwards so that it points to where the user will naturally be holding their phone in front of them. SmartVR Pointer supports three selection modalities: tracker based, gaze based, and combined/hybrid. In the tracker-based SmartVR Pointer selection, we use image-based tracking to track a QR code displayed on the phone screen and then map the phone's position to a pointer shown within the field of view of the camera in the virtual environment. In the gaze-based selection modality, the user controls the pointer using their gaze and taps on the phone for selection. The combined technique is a hybrid between gaze-based interaction in VR and tracker-based Augmented Reality. It allows the user to control a VR pointer that looks and behaves like a mouse pointer by moving their smartphone to select objects within the virtual environment, and to interact with the selected objects using the smartphone's touch screen. The touchscreen is used for selection and dragging. The SmartVR Pointer is simple and requires no calibration and no complex hardware assembly or disassembly. We demonstrate successful interactive applications of SmartVR Pointer in a VR environment with a demo where the user navigates in the virtual environment using teleportation points on the floor and then solves a Tetris-style key-and-lock challenge.",Brianna McDonald; Qingyu Zhang; Aiur Nanzatov; Lourdes Peña-Castillo; Oscar Meruvia-Pastor,"Sensors (Basel, Switzerland)",2024,Journal Article,eng,retrieved,UNCERTAIN_REQUIRES_SCREENING,TITLE_ABSTRACT_REVIEW_REQUIRED,,,,,,,,
3043,TA-13,39204835,10.3390/s24165138,Comparative Analysis of Mixed Reality and PowerPoint in Education: Tailoring Learning Approaches to Cognitive Profiles.,"The term immersive technology refers to various types of technologies and perspectives that are constantly changing and developing. It can be used for different purposes and domains such as education, healthcare, entertainment, arts, and engineering. This paper aims to compare the effectiveness of immersive technologies used in education, namely mixed reality, generated with Microsoft HoloLens 2, with traditional teaching methods. The experiment involves comparing two groups of students who received different training methods: the first group saw a PowerPoint slide with an image of the human muscular system, while the second group saw a 3D hologram of the human body that showed the same muscle groups as in the PowerPoint (PPT). By integrating the Intelligence Quotient (IQ) levels of the participants as a predictive variable, the study sought to ascertain whether the incorporation of mixed reality technology could significantly influence the learning outcomes and retention capabilities of the learners. This investigation was designed to contribute to the evolving pedagogical landscape by providing empirical evidence on the potential benefits of advanced educational technologies in diverse learning environments. The main finding of this study indicates that while MR has potential, its effectiveness is closely tied to its interactivity. In cases where the content remains static and non-interactive, MR does not significantly enhance in-formation retention compared to traditional PPT methods. Additionally, the study highlights that instructional strategies should be adapted to individual cognitive profiles, as the technology type (MR or PPT) alone does not significantly impact learning outcomes when the information presented is identical.",Radu Emanuil Petruse; Valentin Grecu; Marius-Bogdan Chiliban; Elena-Teodora Tâlvan,"Sensors (Basel, Switzerland)",2024,Journal Article; Comparative Study,eng,retrieved,UNCERTAIN_REQUIRES_SCREENING,TITLE_ABSTRACT_REVIEW_REQUIRED,,,,,,,,
3044,TA-13,39201986,10.3390/jpm14080794,Novel Surgical Technique for Total Knee Arthroplasty Integrating Kinematic Alignment and Real-Time Elongation of the Ligaments Using the NextAR System.,"This study introduces an innovative surgical approach for total knee arthroplasty (TKA) that combines kinematic alignment (KA) principles with real-time elongation of the knee ligaments through the range of motion, using augmented reality (AR). The novelty of the surgical technique lies in the possibility of enhancing the decision-making process to perform the cut on the tibia as for the KA caliper technique developed by Dr. Stephen Howell. The NextAR is a CT-based AR system that offers the possibility of performing three-dimensional surgical preoperative planning and an accurate execution in the surgical room through single-use infrared sensors, smart glasses, and a control unit. During the preoperative planning, the soft tissue is not considered and only the alignment based on bony reference is ensured. Thanks to the possibility of measuring in real time the elongation of the knee collateral lateral ligaments, the system assists the surgeon in optimizing the cut on the tibia after an accurate resurfacing of the femur as described in the KA surgical technique. The implant used in this novel approach is a medial pivot design (Medacta GMK Sphere) that allows the restoration of the physiological behavior of the software tissue and natural knee kinematics. In conclusion, this novel technique offers a promising approach to TKA, allowing personalized treatment tailored to each patient's unique anatomy and soft tissue characteristics. The integration of KA and real-time soft tissue analysis provided by NextAR enhances surgical precision and outcomes, potentially improving patient satisfaction and functional results.",Luigi Sabatini; Daniele Ascani; Daniele Vezza; Alessandro Massè; Giorgio Cacciola,Journal of personalized medicine,2024,Journal Article,eng,retrieved,UNCERTAIN_REQUIRES_SCREENING,TITLE_ABSTRACT_REVIEW_REQUIRED,,,,,,,,
3045,TA-13,39201175,10.3390/healthcare12161617,Student Engagement in Patient Safety and Healthcare Quality Improvement: A Brief Educational Approach.,"Achieving optimal patient safety (PS) remains a challenge in healthcare. Effective educational methods are critical for improving PS. Innovative teaching tools, like case-based learning, augmented reality, and active learning, can help students better understand and apply PS and healthcare quality improvement (HQI) principles. This study aimed to assess activities and tools implemented to improve PS and HQI education, as well as student engagement, in medical schools. We designed a two-week course for fourth-year medical students at the Autonomous University of Guadalajara, incorporating Fink's taxonomy of significant learning to create engaging activities. The course featured daily synchronous and asynchronous learning, with reinforcement activities using tools, like augmented reality and artificial intelligence. A total of 394 students participated, with their performance in activities and final exam outcomes analyzed using non-parametric tests. Students who passed the final exam scored higher in activities focused on application and reasoning (p = 0.02 and p = 0.018, respectively). Activity 7B, involving problem-solving and decision-making, was perceived as the most impactful. Activity 8A, a case-based learning exercise on incident reporting, received the highest score for perception of exam preparation. This study demonstrates innovative teaching methods and technology to enhance student understanding of PS and HQI, contributing to improved care quality and patient safety. Further research on the long-term impact is needed.",Ileana Chavez-Maisterra; Ana Cecilia Corona-Pantoja; Luz Elena Madrigal-Gómez; Edgar Oswaldo Zamora-González; Luz Berenice López-Hernández,"Healthcare (Basel, Switzerland)",2024,Journal Article,eng,retrieved,UNCERTAIN_REQUIRES_SCREENING,TITLE_ABSTRACT_REVIEW_REQUIRED,,,,,,,,
3046,TA-13,39199124,10.3390/bs14080728,Factors Influencing Intentions of People with Hearing Impairments to Use Augmented Reality Glasses as Hearing Aids.,"The advent and progression of AR (augmented reality) technology, coupled with the emergence of AR hearing aid glasses, offer a novel opportunity for people with hearing impairments (PHI). This study aims to explore the intention of this population to employ AR hearing aid glasses as their choice of hearing aid device and the specific factors influencing their preference. This study utilized the partial least squares SEM (PLS-SEM) analytical method to create structural equation model for intentions of PHI to use AR glasses as hearing aids. Data were gathered from on-site experiences across multiple locations; a total of 189 valid questionnaires from individuals with varying degrees of hearing disabilities were used for statistical analysis. According to the data analysis results, we discovered that functionality quality, perceived interaction speed, and perceived usability significantly influence communication effectiveness. Further, communication effectiveness positively influences confidence and societal perception, and the latter has a positive impact on information. Both of these factors positively influence behavioral intention. Based on these findings, this study offers design recommendations for AR hearing aid glasses to cater to the specific needs of PHI, aiming to enhance their quality of life. Furthermore, this study provides pivotal insights for the prospective growth of this emerging industry.",Liyuan Deng; Jiangjie Chen; Dongning Li,"Behavioral sciences (Basel, Switzerland)",2024,Journal Article,eng,retrieved,UNCERTAIN_REQUIRES_SCREENING,TITLE_ABSTRACT_REVIEW_REQUIRED,,,,,,,,
3047,TA-13,39193438,10.3389/fphys.2024.1325784,Event-related pupillary response-based authentication system using eye-tracker add-on augmented reality glasses for individual identification.,"This study aimed at developing a noncontact authentication system using event-related pupillary response (ErPR) epochs in an augmented reality (AR) environment. Thirty participants were shown in a rapid serial visual presentation consisting of familiar and unknown human photographs. ErPR was compared with event-related potential (ERP). ERP and ErPR amplitudes for familiar faces were significantly larger compared with those for stranger faces. The ERP-based authentication system exhibited perfect accuracy using a linear support vector machine classifier. A quadratic discriminant analysis classifier trained using ErPR features achieved high accuracy (97%) and low false acceptance (0.03) and false rejection (0.03) rates. The correlation coefficients between ERP and ErPR amplitudes were 0.452-0.829, and the corresponding Bland-Altman plots showed a fairly good agreement between them. The ErPR-based authentication system allows noncontact authentication of persons without the burden of sensor attachment via low-cost, noninvasive, and easily implemented technology in an AR environment.",Sangin Park; Jihyeon Ha; Laehyun Kim,Frontiers in physiology,2024,Journal Article,eng,retrieved,UNCERTAIN_REQUIRES_SCREENING,TITLE_ABSTRACT_REVIEW_REQUIRED,,,,,,,,
3048,TA-13,39192538,10.1080/09638288.2024.2395454,Exploring the effects of increased socket-residual limb coupling integrity via vacuum assisted suspension on prosthetic control: a preliminary study in transtibial prosthesis users.,"The prosthetic socket provides the critical interface between prosthesis and residuum. The purpose of this pilot study was to explore the effect of altering socket-residuum coupling integrity on limb and body control, through the use of vacuum-assisted suspension. A secondary purpose was to explore the potential use of two measurement tools designed to assess mobility in a clinical context. Individuals with unilateral transtibial amputation performed intentional sway (n = 7) and treadmill walking (n = 6) tasks at three vacuum levels. Sway deviation from a straight-line path to peripheral targets was measured using an instrumented balance platform. Step width variability and targeting accuracy were measured using an augmented reality treadmill. There was a significant difference in intentional sway performance toward the target on the anterior diagonal toward the prosthetic side (p = 0.036); higher vacuum levels tended toward less deviation from a straight-line path. We found no group differences between total intentional sway deviation, step width variability or stepping accuracy across vacuum levels. Improved socket-residuum coupling integrity via vacuum may have measurable effects on functional control that warrant further investigation. We highlight limitations of the clinical testing paradigms to inform future work.Implications for rehabilitationThe fit of the socket is a critical factor in the success of lower limb prosthesis use.Vacuum-assisted suspension modifies the coupling between the residuum and socket.Changes in socket-residuum coupling may lead to measurable differences in control; however, these may be activity and person-specific.Clinically intended instrumented tests of movement function derived for an intact anatomy should be used with caution when assessing prosthesis users.",Jenny A Kent; Kristin J Carnahan; Matthew J Major,Disability and rehabilitation,2025,Journal Article,eng,retrieved,UNCERTAIN_REQUIRES_SCREENING,TITLE_ABSTRACT_REVIEW_REQUIRED,,,,,,,,
3049,TA-13,39192184,10.1186/s12859-024-05882-8,ARGV: 3D genome structure exploration using augmented reality.,"Over the past two decades, scientists have increasingly realized the importance of the three-dimensional (3D) genome organization in regulating cellular activity. Hi-C and related experiments yield 2D contact matrices that can be used to infer 3D models of chromosome structure. Visualizing and analyzing genomes in 3D space remains challenging. Here, we present ARGV, an augmented reality 3D Genome Viewer. ARGV contains more than 350 pre-computed and annotated genome structures inferred from Hi-C and imaging data. It offers interactive and collaborative visualization of genomes in 3D space, using standard mobile phones or tablets. A user study comparing ARGV to existing tools demonstrates its benefits.",Chrisostomos Drogaris; Yanlin Zhang; Eric Zhang; Elena Nazarova; Roman Sarrazin-Gendron; Sélik Wilhelm-Landry; Yan Cyr; Jacek Majewski; Mathieu Blanchette; Jérôme Waldispühl,BMC bioinformatics,2024,Journal Article,eng,retrieved,UNCERTAIN_REQUIRES_SCREENING,TITLE_ABSTRACT_REVIEW_REQUIRED,,,,,,,,
3050,TA-13,39190669,10.1097/SAP.0000000000004043,A Feasibility Study of HoloLens Ear Image Guidance for Ear Reconstruction.,"An ideal 3D cartilage framework and accurate anatomical location are the most important factors to carry out a satisfactory reconstruction of the ear. To streamline this process, we developed an augmented reality assistance system, HoloLens Ear Image Guidance, which is based on computed tomography (CT) data, tailor-made navigation kits to guide reconstruction, data processing software, and HoloLens hardware. The objective of this study is to verify its feasibility in a clinical setting. This study first validated our system in healthy controls and then extrapolated data to test on patients with microtia. First, three healthy volunteers were recruited, and reconstructive navigation kits were made using 3D printing. CT data were collected for the head and neck and imported into the HoloLens Ear Image Guidance Application to generate a personalized 3D virtual ear image. Volunteers then wore the navigation kits while researchers observed them through the HoloLens to check accuracy, track delay, and view the ear image guide.Ten patients with unilateral microtia were recruited and CT data were collected, and reconstructive navigation kits were made to assist with surgery. The procedure was monitored to record the surgeon's experience wearing the HoloLens, the patients' complications associated with wearing navigation kit, and to measure the symmetry between the reconstructed ear and the reference counterpart. In control patients, the deviation between the virtual image and the real ear was less than 2.4% (±0.22%); the tracking delay was less than 1.26 s (±0.09 s), the display effect was good, and surgeons did not report discomfort or dizziness while wearing the HoloLens. Volunteers did not report any pain from holding the navigation reference in their mouth during the test. Following validation, the HoloLens-assisted procedures were not associated with surgeon discomfort or dizziness. No complications were noted in patients including injury to the oral mucosa. Symmetry between the reconstructed ear and the contralateral ear was noted to be satisfactory in HoloLens-assisted surgery. The HoloLens Ear Image Guidance initially met clinical demands in registration accuracy, tracking speed, and subjective user experience, which can be used as the basis for continual software improvements and clinical application.",Dongwen Jiang; Shuang Wang; Chenhao Ma; Jinxiu Yang; Leren He,Annals of plastic surgery,2025,"Journal Article; Research Support, Non-U.S. Gov't",eng,retrieved,UNCERTAIN_REQUIRES_SCREENING,TITLE_ABSTRACT_REVIEW_REQUIRED,,,,,,,,
3051,TA-13,39187536,10.1038/s41467-024-51865-x,Energy-efficient dynamic 3D metasurfaces via spatiotemporal jamming interleaved assemblies for tactile interfaces.,"Inspired by the natural shape-morphing abilities of biological organisms, we introduce a strategy for creating energy-efficient dynamic 3D metasurfaces through spatiotemporal jamming of interleaved assemblies. Our approach, diverging from traditional shape-morphing techniques reliant on continuous energy inputs, utilizes strategically jammed, paper-based interleaved assemblies. By rapidly altering their stiffness at various spatial points and temporal phases during the relaxation of the soft substrate through jamming, we enable the formation of refreshable, intricate 3D shapes with a desirable load-bearing capability. This process, which does not require ongoing energy consumption, ensures energy-efficient and lasting shape displays. Our theoretical model, linking buckling deformation to residual pre-strain, underpins the inverse design process for an array of interleaved assemblies, facilitating the creation of diverse 3D configurations. This metasurface holds notable potential for tactile displays, particularly for the visually impaired, heralding possibilities in visual impaired education, haptic feedback, and virtual/augmented reality applications.",Siqi An; Xiaowen Li; Zengrong Guo; Yi Huang; Yanlin Zhang; Hanqing Jiang,Nature communications,2024,Journal Article,eng,retrieved,UNCERTAIN_REQUIRES_SCREENING,TITLE_ABSTRACT_REVIEW_REQUIRED,,,,,,,,
3052,TA-13,39186821,10.3171/CASE24130,Syringosubarachnoid shunting with augmented reality navigation through a keyhole laminectomy of the upper thoracic spine: illustrative case.,"A syringosubarachnoid (SS) shunt combined with keyhole hemilaminectomy is a beneficial procedure that can reduce the size of the skin incision and the risk of complications. However, ingenuity is needed to confirm the position of the syrinx during surgery. The authors present a case in which they treated syringomyelia in the upper thoracic spine using augmented reality (AR) to confirm syrinx formation, bone resection, and skin incision. Microscope-based AR was an appropriate and practical choice in this case. By placing the reference array at the Mayfield clamp, it was possible to use AR from the point of skin incision. Under AR navigation, an SS shunt tube can be placed in the short syrinx. AR navigation enables pinpoint SS shunt tube insertion with minimal skin incision and bone resection. It is particularly useful for upper thoracic and small syrinx lesions. https://thejns.org/doi/10.3171/CASE24130.",Ryuta Matsuoka; Yasushi Shin; Junji Fukumori; Takaaki Mitsui; Yuki Shiraishi; Hiromichi Hayami; Kenji Fukutome; Rinsei Tei; Shuta Aketa; Eiji Wada; Yasushi Motoyama,Journal of neurosurgery. Case lessons,2024,Journal Article,eng,retrieved,UNCERTAIN_REQUIRES_SCREENING,TITLE_ABSTRACT_REVIEW_REQUIRED,,,,,,,,
3053,TA-13,39186502,10.1371/journal.pone.0309468,The impact of AR online shopping experience on customer purchase intention: An empirical study based on the TAM model.,"Augmented Reality (AR) offers a rich business format, convenient applications, great industrial potential, and strong commercial benefits. The integration of AR technology with online shopping has brought tremendous changes to e-commerce. The Technology Acceptance Model (TAM) is a mature model for assessing consumer acceptance of new technologies, and applying it to evaluate the impact of AR online shopping experiences on consumer purchase intention is an urgently needed area of research. Firstly, the typical applications of AR in online shopping were reviewed, and the connotations and experiences of AR online shopping were summarized. Secondly, using the five types of AR online shopping experiences as antecedent variables, and perceived ease of use and perceived usefulness as intermediate variables, a theoretical model was constructed to explore the impact of AR online shopping experiences on customer purchase intentions, followed by an empirical study. Finally, suggestions were proposed for optimizing the online shopping experience to enhance purchase intentions. The article expands the application scenarios of the Technology Acceptance Model and enriches the theory of consumer behavior in Metaverse e-commerce.",Chunrong Guo; Xiaodong Zhang,PloS one,2024,"Journal Article; Research Support, Non-U.S. Gov't",eng,retrieved,UNCERTAIN_REQUIRES_SCREENING,TITLE_ABSTRACT_REVIEW_REQUIRED,,,,,,,,
3054,TA-13,39185900,10.3791/67096,Automatic Surgery in Transcatheter Aortic Valve Replacement Using Augmented Reality.,"Augmented Reality (AR) is in high demand in medical applications. The aim of the paper is to provide automatic surgery using AR for the Transcatheter Aortic Valve Replacement (TAVR). TAVR is the alternate medical procedure for open-heart surgery. TAVR replaces the injured valve with the new one using a catheter. In the existing model, remote guidance is given, while the surgery is not automated based on AR. In this article, we deployed a spatially aligned camera that is connected to a motor for the automation of image capture in the surgical environment. The camera tracks the 2D high-resolution image of the patient's heart along with the catheter testbed. These captured images are uploaded using the mobile app to a remote surgeon who is a cardiology expert. This image is utilized for the 3D reconstruction from 2D image tracking. This is viewed in a HoloLens like an emulator in a laptop. The surgeon can remotely inspect the 3D reconstructed images with additional transformation features such as rotation and scaling. These transformation features are enabled through hand gestures. The surgeon's guidance is transmitted to the surgical environment to automate the process in real-time scenarios. The catheter testbed in the surgical field is controlled by the hand gesture guidance of the remote surgeon. The developed prototype model demonstrates the effectiveness of remote surgical guidance through AR.",S Indhumathi; Christopher J Clement; K C Sriharipriya,Journal of visualized experiments : JoVE,2024,Journal Article; Video-Audio Media,eng,retrieved,UNCERTAIN_REQUIRES_SCREENING,TITLE_ABSTRACT_REVIEW_REQUIRED,,,,,,,,
3055,TA-13,39185869,10.1227/ons.0000000000001317,The Use of Augmented Reality as an Educational Tool in Minimally Invasive Transforaminal Lumbar Interbody Fusion.,"One of the major challenges in training neurosurgical and orthopedic residents the technique for minimally invasive transforaminal lumbar interbody fusion (MIS-TLIF) is the lack of visualization of surgical landmarks (pedicle, pars, lamina). This is due to the limited access to the bony spine through a tubular retractor, in addition to a smaller working corridor or patient-specific factors such as bony overgrowth, disk space collapse, and listhesis. These factors increase the possibility for surgical error and prolonged surgery time. With augmented reality (AR), relevant surgical anatomy can be projected directly into the user's field of view through the microscope. The purpose of this study was to assess the utility, accuracy, efficiency, and precision of AR-guided MIS-TLIF and to determine its impact in spine surgery training. At 2 centers, 12 neurosurgical residents performed a one-level MIS-TLIF on a high-fidelity lumbar spine simulation model with and without AR projection into the microscope. For the MIS-TLIF procedures with AR, surgical landmarks were highlighted in different colors on preoperative image data . These landmarks were visualized in the spinal navigation application on the navigation monitor and in the microscope to confirm the relevant anatomy. Postprocedural surveys (National Aeronautics and Space Administration Task Load Index) were given to the residents. Twelve residents were included in this trial. AR-guided procedures had a consistent impact on resident anatomical orientation and workload experience. Procedures performed without AR had a significantly higher mental demand ( P = .003 ) than with AR. Residents reported to a significantly higher rate that it was harder work for them to accomplish their level of performance without AR ( P = .019 ). AR can bring a meaningful value in MIS teaching and training to confirm relevant anatomy in situations where the surgeon will have less direct visual access. AR used in surgical simulation can also speed the learning curve.",Franziska A Schmidt; Ibrahim Hussain; Blake Boadi; Fabian J Sommer; Claudius Thomé; Roger Härtl,"Operative neurosurgery (Hagerstown, Md.)",2025,"Journal Article; Research Support, Non-U.S. Gov't",eng,retrieved,UNCERTAIN_REQUIRES_SCREENING,TITLE_ABSTRACT_REVIEW_REQUIRED,,,,,,,,
3056,TA-13,39185820,10.2196/50066,The Rationale Behind the Design Decisions in an Augmented Reality Mobile eHealth Exergame to Increase Physical Activity for Inactive Older People With Heart Failure.,"Physical activity is important for everyone to maintain and improve health, especially for people with chronic diseases. Mobile exergaming has the potential to increase physical activity and to specifically reach people with poor activity levels. However, commercial mobile exergames are not specially designed for older people with chronic illnesses such as heart failure. The primary aim of this viewpoint is to describe the underlying reasoning guiding the design choices made in developing a mobile exergame, Heart Farming, tailored specifically for sedentary older people diagnosed with heart failure. The goal of the exergame is to increase physical activity levels by increasing the daily walking duration of patients with heart failure by at least 10 minutes. The rationale guiding the design decisions of the mobile exergame is grounded in the thoughtful integration of gamification strategies tailored for application in cardiovascular care. This integration is achieved through applying gamification components, gamification elements, and gamification principles. The Heart Farming mobile exergame is about helping a farmer take care of and expand a virtual farm, with these activities taking place while the patient walks in the real world. The exergame can be adapted to individual preferences and physical condition regarding where, how, when, and how much to play and walk. The exergame is developed using augmented reality so it can be played both indoors and outdoors. Augmented reality technology is used to track the patients' movement in the real world and to interpret that movement into events in the exergame rather than to augment the mobile user interface.",Aseel Berglund; Leonie Klompstra; Helena Orädd; Johan Fallström; Anna Strömberg; Tiny Jaarsma; Erik Berglund,JMIR serious games,2024,Journal Article,eng,retrieved,UNCERTAIN_REQUIRES_SCREENING,TITLE_ABSTRACT_REVIEW_REQUIRED,,,,,,,,
3057,TA-13,39184033,10.3389/fspor.2024.1419263,Enhancing prompt perception in dementia: a comparative study of mixed reality cue modalities.,"Dementia impacts millions worldwide and is challenging individuals' ability to engage in daily activities. Active living is crucial in mitigating dementia's neurodegenerative effects, yet people with dementia often struggle to initiate and complete tasks independently. Technologies offer promising solutions to engage people with dementia in activities of active living and improving their quality of life through prompting and cueing. It is anticipated that developments in sensor and wearable technologies will result in mixed reality technology becoming more accessible in everyday homes, making them more deployable. The possibility of mixed reality technologies to be programmed for different applications, and to adapt them to different levels of impairments, behaviours and contexts, will make them more scalable. The study aimed to develop a better understanding of modalities of prompts that people with dementia perceive successfully and correctly in mixed reality environments. It investigated interactions of people with dementia with different types of visual (graphics, animation, etc.) and sound (human voice, tones, etc.) prompts in mixed reality technologies. We used the Research through Design (RtD) method in this study. This paper describes the findings from the user research carried out in the study. We conducted observation studies with twenty-two people with dementia playing games on off-the-shelf mixed reality technologies, including both Augmented Reality (HoloLens, ArKit on iPhone) and Augmented Virtuality (Xbox Kinect and Osmo) technologies. The interactions with the technologies during the gameplay were video recorded for thematic analysis in Noldus Observer XT (version 16.0) for successful and correct perception of prompts. A comparison of the probability estimates of correct perception of the prompts by people with dementia suggests that human voice, graphic symbols and text are the most prominently perceived modalities of prompts. Feedback prompts for every action performed by people with dementia on the technology are critical for successful perception and should always be provided in the design. The study has resulted in recommendations and guidelines for designers to design prompts for people with dementia in mixed-reality environments. The work lays the foundation for considering mixed reality technologies as assistive tools for people with dementia, fostering discussions on their accessibility and inclusive design in technology development.",Shital Desai; Rupsha Mutsuddi; Arlene J Astell,Frontiers in sports and active living,2024,Journal Article,eng,retrieved,UNCERTAIN_REQUIRES_SCREENING,TITLE_ABSTRACT_REVIEW_REQUIRED,,,,,,,,
3058,TA-13,39178351,10.1177/00187208241275734,"Sensitivity to Vibrotactile Stimulation in the Hand and Wrist: Effects of Motion, Temporal Patterns, and Biological Sex.","We investigated the impact of low-tempo, repetitive hand movements on vibrotactile sensitivity by employing various temporal and spatial patterns in the hand and wrist area. The investigation of a human's ability to perceive vibrotactile stimuli during dynamic hand movements remains understudied, despite the prevalence of slow to mild hand motions in applications such as hand navigation or gesture control using haptic gloves in Virtual Reality (VR) and Augmented Reality (AR). We investigated vibrotactile sensitivity, analyzing the impact of various factors, including Motion (static and low-tempo repetitive hand movements), Temporal Patterns (Single or Double vibrations with varying onset times), Tactor Placements (hand and wrist), Spatial Patterns, and Biological Sex. Our study revealed that Motion significantly influences vibrotactile sensitivity in the hand and wrist areas, leading to reduced accuracy rates during dynamic conditions. Additionally, as the stimulus onset approached in Double vibrations, accuracy rates markedly decreased. Notably, Hand Placement resulted in significantly higher accuracy rates compared to the Wrist Placement. Our findings underscore the impact of motion in reducing vibrotactile sensitivity on the back of the hand and around the wrist. This research has wide-ranging practical applications, particularly in the field of VR/AR experiences, rehabilitation programs, and accessibility solutions through the use of haptic gloves. Insights from our study can be harnessed to enhance the efficacy of haptic gloves in conveying vibrotactile cues within these contexts.",Mahdis Tajdari; Jason Forsyth; Sol Lim,Human factors,2025,Journal Article,eng,retrieved,UNCERTAIN_REQUIRES_SCREENING,TITLE_ABSTRACT_REVIEW_REQUIRED,,,,,,,,
3059,TA-13,39176853,10.3233/SHTI240793,Augmented Reality Eyewear for Assisting in the Preparation and Control of Cancer Therapies: Assessing the Learning Curve and Level of Adoption.,"Since March 2022, the centralized cytotoxic preparation unit at the Lille University Hospital (Lille, France) is equipped with augmented reality eyewear for preparation and quality control. The technology enables a user-friendly guided step by step preparation process. It also assists the user by identifying vials through data matrix scan and recording photos at different stages of preparation in order to replace the in-process double visual inspection which will now be carried out a posteriori during the release control. In this paper, we evaluate user feedback and model the learning curve for this new tool. The team's feedback was evaluated using the System Usability Scale (SUS) and Short User Experience Questionnaire (S-UEQ). Both questionnaires showed very good acceptance of the tool by our teams, with scores of 79.7 for the SUS and 2.014 for the UEQ. Finally, a learning curve was drawn up according to Wright, showing a learning curve of 91%. This study shows that the tool has been very well integrated into our preparation unit.",Arthur Lecoutre; Michèle Vasseur; Justin Courtin; Sarah Ben Othman; Slim Hammadi; Sylvia Pelayo; Bertrand Decaudin; Pascal Odou,Studies in health technology and informatics,2024,Journal Article,eng,retrieved,UNCERTAIN_REQUIRES_SCREENING,TITLE_ABSTRACT_REVIEW_REQUIRED,,,,,,,,
3060,TA-13,39176571,10.3233/SHTI240600,Augmented Reality-Based Exergames for Persons with Intellectual Disability.,This paper explores the significance of physical activity for individuals with intellectual disabilities and proposes an innovative approach using augmented reality exergames to promote adherence. An augmented reality-based app for sorting elements while walking was specifically designed and implemented. Exergames hold promise as effective interventions for promoting physical activity and improving the overall well-being of individuals with intellectual disabilities.,Antonio Martinez-Millana; Alejandro Gomez-Noe; Gunnar Hartvigsen; Henriette Michalsen; Audny Anke; Magnus Stellander; Dorthe Dybwad; Thomas Luzi; André Henriksen,Studies in health technology and informatics,2024,Journal Article,eng,retrieved,UNCERTAIN_REQUIRES_SCREENING,TITLE_ABSTRACT_REVIEW_REQUIRED,,,,,,,,
3061,TA-13,39176491,10.3233/SHTI240702,Mixed Reality in Medical Education - Introduction of a Practical Course Module.,"With increasing digitalization in healthcare, there is growing potential for the use of Mixed Reality (MR) in medicine. In response to this, we developed a course to provide students with hands-on experience in MR and familiarize them with the technology. Utilizing the HoloLens 2, we designed an application enabling multiple users to interact with virtual objects overlaid on the real world and shared across devices. We used 3D heart anatomy models to let students discuss cardiovascular diseases together. We conducted a preliminary evaluation of our prototype, involving ten participants. The first test indicated a positive reception of the course, with students expressing keen interest in MR. With this work we share our experience to contribute to the field of MR applications.",Alexander Brenner; Yannik Warnecke; Michael Fujarski; Julian Varghese,Studies in health technology and informatics,2024,Journal Article,eng,retrieved,UNCERTAIN_REQUIRES_SCREENING,TITLE_ABSTRACT_REVIEW_REQUIRED,,,,,,,,
3062,TA-13,39173914,10.1016/j.spinee.2024.08.012,Pedicle screw placement in the cervical vertebrae using augmented reality-head mounted displays: a cadaveric proof-of-concept study.,"The accurate and safe positioning of cervical pedicle screws is crucial. While augmented reality (AR) use in spine surgery has previously demonstrated clinical utility in the thoracolumbar spine, its technical feasibility in the cervical spine remains less explored. The objective of this study was to assess the precision and safety of AR-assisted pedicle screw placement in the cervical spine. In this experimental study, 5 cadaveric cervical spine models were instrumented from C3 to C7 by 5 different spine surgeons. The navigation accuracy and clinical screw accuracy were evaluated. Postprocedural CT scans were evaluated for clinical accuracy by 2 independent neuroradiologists using the Gertzbein-Robbins scale. Technical precision was assessed by calculating the angular trajectory (°) and linear screw tip (mm) deviations in the axial and sagittal planes from the virtual pedicle screw position as recorded by the AR-guided platform during the procedure compared to the actual pedicle screw position derived from postprocedural imaging. A total of forty-one pedicle screws were placed in 5 cervical cadavers, with each of the 5 surgeons navigating at least 7 screws. Gertzbein-Robbins grade of A or B was achieved in 100% of cases. The mean values for tip and trajectory errors in the axial and sagittal planes between the virtual versus actual position of the screws was less than 3 mm and 30°, respectively (p<.05). None of the cervical screws violated the cortex by more than 2 mm or displaced neurovascular structures. AR-assisted cervical pedicle screw placement in cadavers demonstrated clinical accuracy comparable to existing literature values for image-guided navigation methods for the cervical spine. This study provides technical and clinical accuracy data that supports clinical trialing of AR-assisted subaxial cervical pedicle screw placement.",Miguel A Ruiz-Cardozo; Karma Barot; Samuel Brehm; Tim Bui; Karan Joseph; Michael Ryan Kann; Gabriel Trevino; Michael Olufawo; Som Singh; Alexander T Yahanda; Alexander Perdomo-Pantoja; Julio J Jauregui; Magalie Cadieux; Brian J Ipsen; Ripul Panchal; Kornelis Poelstra; Michael Y Wang; Timothy F Witham; Camilo A Molina,The spine journal : official journal of the North American Spine Society,2024,Journal Article,eng,retrieved,UNCERTAIN_REQUIRES_SCREENING,TITLE_ABSTRACT_REVIEW_REQUIRED,,,,,,,,
3063,TA-13,39168999,10.1038/s41467-024-51593-2,Interference haptic stimulation and consistent quantitative tactility in transparent electrotactile screen with pressure-sensitive transistors.,"Integrating tactile feedback through haptic interfaces enhances experiences in virtual and augmented reality. However, electrotactile systems, which stimulate mechanoreceptors directly, often yield inconsistent tactile results due to variations in pressure between the device and the finger. In this study, we present the integration of a transparent electrotactile screen with pressure-sensitive transistors, ensuring highly consistent quantitative haptic sensations. These transistors effectively calibrate tactile variations caused by touch pressure. Additionally, we explore remote-distance tactile stimulations achieved through the interference of electromagnetic waves. We validated tactile perception using somatosensory evoked potentials, monitoring the somatosensory cortex response. Our haptic screen can stimulate diverse electrotactile sensations and demonstrate various tactile patterns, including Morse code and Braille, when integrated with portable smart devices, delivering a more immersive experience. Furthermore, interference of electric fields allows haptic stimulation to facilitate diverse stimulus positioning at lower current densities, extending the reach beyond direct contact with electrodes of our screen.",Kyeonghee Lim; Jakyoung Lee; Sumin Kim; Myoungjae Oh; Chin Su Koh; Hunkyu Seo; Yeon-Mi Hong; Won Gi Chung; Jiuk Jang; Jung Ah Lim; Hyun Ho Jung; Jang-Ung Park,Nature communications,2024,"Journal Article; Research Support, Non-U.S. Gov't",eng,retrieved,UNCERTAIN_REQUIRES_SCREENING,TITLE_ABSTRACT_REVIEW_REQUIRED,,,,,,,,
3064,TA-13,39165722,10.2147/JPR.S470285,Comparison of Mixed Reality-Assisted Spinal Puncture with Landmark-Guided Spinal Puncture by Novice Practitioners: A Pilot Study.,"Performing spinal anaesthesia in elderly patients with ligament calcification or hyperostosis is challenging for novice practitioners. This pilot study aimed to compare the effectiveness of mixed reality-assisted spinal puncture (MRasp) with that of landmark-guided spinal puncture (LGsp) by novice practitioners in elderly patients. In this pilot study, 36 patients (aged ≥65 years) scheduled for elective surgery under spinal anaesthesia by anaesthesiology residents were included. Patients were randomly assigned to the MRasp group (n = 18) or the LGsp group (n = 18). The outcomes included the number of needle insertion attempts, redirection attempts, passes, the rate of successful first-attempt needle insertion, the rate of successful first needle pass, the spinal puncture time, the total procedure time, and the incidence of perioperative complications. The median number of needle insertion attempts was significantly fewer in the MRasp group than in the LGsp group (1.0 vs 2.0, P = 0.023). The proportion of patients with successful first-attempt needle insertion was 72.2% in the MRasp group and 44.4% in the LGsp group (P = 0.176). The incidence of perioperative complications did not significantly differ between the two groups. This pilot study found that novice practitioners made significantly fewer needle insertion attempts in the MRasp group compared to the LGsp group when performing spinal anaesthesia on elderly patients. A future randomized controlled trial (RCT) is warranted to validate its effectiveness. This trial was registered at https://www.chictr.org.cn/showproj.html?proj=178960 (ChiCTR-IPR-2300068520). Public title: Mixed reality-assisted versus landmark-guided spinal puncture in elderly patients: a randomized controlled pilot study. Principal investigator: Lei Gao. The registration date was February 22, 2023. The date of the first participant enrolment was February 27, 2023.",Lei Gao; Yidi Xu; Xixue Zhang; Zhaoshun Jiang; Jiajun Wu; Yanjun Dong; Ming Li; Liang Jin; Jianjian Qiu; Lijue You; Chunhui Qin; Weidong Gu,Journal of pain research,2024,Journal Article,eng,retrieved,UNCERTAIN_REQUIRES_SCREENING,TITLE_ABSTRACT_REVIEW_REQUIRED,,,,,,,,
3065,TA-13,39163194,10.1109/MCG.2024.3406139,XR4ED: An Extended Reality Platform for Education.,"Recent developments in extended reality (XR) are already demonstrating the benefits of this technology in the educational sector. Unfortunately, educators may not be familiar with XR technology and may find it difficult to adopt this technology in their classrooms. This article presents the overall architecture and objectives of an EU-funded project dedicated to XR for education, called Extended Reality for Education (XR4ED). The goal of the project is to provide a platform, where educators will be able to build XR teaching experiences without the need to have programming or 3-D modeling expertise. The platform will provide the users with a marketplace to obtain, for example, 3-D models, avatars, and scenarios; graphical user interfaces to author new teaching environments; and communication channels to allow for collaborative virtual reality (VR). This article describes the platform and focuses on a key aspect of collaborative and social XR, which is the use of avatars. We show initial results on a) a marketplace which is used for populating educational content into XR environments, b) an intelligent augmented reality assistant that communicates between nonplayer characters and learners, and c) self-avatars providing nonverbal communication in collaborative VR.",Fotis Liarokapis; Vaclav Milata; Jose Luis Ponton; Nuria Pelechano; Haris Zacharatos; Beatriz Sousa Santos; Alejandra J Magana; Rafael Bidarra,IEEE computer graphics and applications,2024,Journal Article,eng,retrieved,UNCERTAIN_REQUIRES_SCREENING,TITLE_ABSTRACT_REVIEW_REQUIRED,,,,,,,,
3066,TA-13,39162975,10.1007/s11548-024-03224-w,From microscope to head-mounted display: integrating hand tracking into microsurgical augmented reality.,"The operating microscope plays a central role in middle and inner ear procedures that involve working within tightly confined spaces under limited exposure. Augmented reality (AR) may improve surgical guidance by combining preoperative computed tomography (CT) imaging that can provide precise anatomical information, with intraoperative microscope video feed. With current technology, the operator must manually interact with the AR interface using a computer. The latter poses a disruption in the surgical flow and is suboptimal for maintaining the sterility of the operating environment. The purpose of this study was to implement and evaluate free-hand interaction concepts leveraging hand tracking and gesture recognition as an attempt to reduce the disruption during surgery and improve human-computer interaction. An electromagnetically tracked surgical microscope was calibrated using a custom 3D printed calibration board. This allowed the augmentation of the microscope feed with segmented preoperative CT-derived virtual models. Ultraleap's Leap Motion Controller 2 was coupled to the microscope and used to implement hand-tracking capabilities. End-user feedback was gathered from a surgeon during development. Finally, users were asked to complete tasks that involved interacting with the virtual models, aligning them to physical targets, and adjusting the AR visualization. Following observations and user feedback, we upgraded the functionalities of the hand interaction system. User feedback showed the users' preference for the new interaction concepts that provided minimal disruption of the surgical workflow and more intuitive interaction with the virtual content. We integrated hand interaction concepts, typically used with head-mounted displays (HMDs), into a surgical stereo microscope system intended for AR in otologic microsurgery. The concepts presented in this study demonstrated a more favorable approach to human-computer interaction in a surgical context. They hold potential for a more efficient execution of surgical tasks under microscopic AR guidance.",Trishia El Chemaly; Caio Athayde Neves; Fanrui Fu; Brian Hargreaves; Nikolas H Blevins,International journal of computer assisted radiology and surgery,2024,Journal Article,eng,retrieved,UNCERTAIN_REQUIRES_SCREENING,TITLE_ABSTRACT_REVIEW_REQUIRED,,,,,,,,
3067,TA-13,39161850,10.3389/fnhum.2024.1448584,Evaluating the real-world usability of BCI control systems with augmented reality: a user study protocol.,"Brain-computer interfaces (BCI) enable users to control devices through their brain activity. Motor imagery (MI), the neural activity resulting from an individual imagining performing a movement, is a common control paradigm. This study introduces a user-centric evaluation protocol for assessing the performance and user experience of an MI-based BCI control system utilizing augmented reality. Augmented reality is employed to enhance user interaction by displaying environment-aware actions, and guiding users on the necessary imagined movements for specific device commands. One of the major gaps in existing research is the lack of comprehensive evaluation methodologies, particularly in real-world conditions. To address this gap, our protocol combines quantitative and qualitative assessments across three phases. In the initial phase, the BCI prototype's technical robustness is validated. Subsequently, the second phase involves a performance assessment of the control system. The third phase introduces a comparative analysis between the prototype and an alternative approach, incorporating detailed user experience evaluations through questionnaires and comparisons with non-BCI control methods. Participants engage in various tasks, such as object sorting, picking and placing, and playing a board game using the BCI control system. The evaluation procedure is designed for versatility, intending applicability beyond the specific use case presented. Its adaptability enables easy customization to meet the specific user requirements of the investigated BCI control application. This user-centric evaluation protocol offers a comprehensive framework for iterative improvements to the BCI prototype, ensuring technical validation, performance assessment, and user experience evaluation in a systematic and user-focused manner.",Arnau Dillen; Mohsen Omidi; María Alejandra Díaz; Fakhreddine Ghaffari; Bart Roelands; Bram Vanderborght; Olivier Romain; Kevin De Pauw,Frontiers in human neuroscience,2024,Journal Article,eng,retrieved,UNCERTAIN_REQUIRES_SCREENING,TITLE_ABSTRACT_REVIEW_REQUIRED,,,,,,,,
3068,TA-13,39161345,10.1177/20552076241271861,Evaluation of the gamified application KIJANI to promote physical activity in children and adolescents: A multimethod study.,"Digital approaches have the potential to make activity promotion attractive and age-appropriate for children and adolescents. KIJANI is a mobile application aiming to increase physical activity (PA) in youth via gamification and augmented reality. This study investigates the user experience with KIJANI through a multimethod approach. KIJANI is based on the concept that virtual coins can be earned through PA, for example, in the form of collected step counts. With these coins, blocks can be bought, which can be used to create virtual buildings and landscapes and integrate these into the player's real-world environment via augmented reality. To evaluate the user experience, participants played KIJANI in groups of three for 25 min. Afterwards KIJANI was evaluated qualitatively with one-on-one semi-structured interviews as well as quantitatively with standardized questionnaires. Overall, 22 participants (12.6 ± 1.7 years, 6 girls) were included in the study. The overall game concept and realization were well received by the target group. Study participants did have various and creative ideas for the further development of KIJANI. The majority (n = 16) thought that using KIJANI would increase their PA level. User experience based on the UEQ scale was (mean ± SD): attractiveness (1.78 ± 1.82), perspicuity (2.15 ± 0.680), efficiency (0.67 ± 1.25), dependability, (1.21 ± 0.93), stimulation (1.24 ± 1.78), and novelty (1.27 ± 1.34). With these insights, a further step has been taken in the participatory development of KIJANI. Apps like KIJANI appear to be suitable for PA promotion in children and adolescents.",Laura Willinger; Florian Schweizer; Birgit Böhm; Daniel A Scheller; Stephan Jonas; Renate Oberhoffer-Fritz; Jan Müller; Lara Marie Reimer,Digital health,2024,Journal Article,eng,retrieved,UNCERTAIN_REQUIRES_SCREENING,TITLE_ABSTRACT_REVIEW_REQUIRED,,,,,,,,
3069,TA-13,39160862,10.1093/milmed/usae122,Utilizing Augmented Reality to Evaluate Service Member Team Performance.,"Decision-making is a complex process that relies on situational awareness and experience to create a potential list of actions while weighing the risks and benefits of each action. There is a paucity of data evaluating decision-making for individual service members (SM) during the performance of team-based military-relevant activities. Understanding individual performance and decision-making within the context of a team-based activity has potential to aid in the detection and management of mild traumatic brain injuries and assist with safe and timely return-to-duty decision making. The aim of this project was to evaluate cognitive and motor performance in healthy SM during an augmented reality military specific, team-based activity. Data from 110 SMs from Fort Moore Georgia were analyzed for this project. Service members completed 3 augmented reality room breaching and clearing scenarios (Empty Room, Civilian/Combatant, and Incorrect Position of a unit member) with 3 avatar team members. Participants wore a Microsoft HoloLens 2 (HL2) device and used a replica M4 weapon (Haptech Defense Systems) during scenarios. Three-dimensional position data from the HL2 headset was used to compute temporal measures of room breaching and clearing events while the number and timing of weapon discharge was monitored by the M4. Temporal outcomes included time to enter room, time to fire first shot, time in fatal funnel, and total trial time while motor outcomes were distance traveled and average movement velocity. Pairwise comparisons between the Incorrect Position scenario and the Civilian/Combatant scenario demonstrated no difference in time to enter the room (2.36 seconds in both scenarios). Time to fire the first shot in the Civilian/Combatant scenario was longer (0.97 seconds to 0.58 seconds) while time in fatal funnel (2.58 seconds to 3.31 seconds) and time to trial completion (7.46 seconds to 8.41 seconds) were significantly longer in the Incorrect Position scenario. Reaction time to fire the first shot, time in the fatal funnel, and total trial time reflect a change in information-processing and decision-making capabilities during military specific, ecological, team-based scenarios when altering the environment inside of the room and modifying avatar movements. Future studies are planned to evaluate the effects of mild traumatic brain injury on specific aspects of military team performance.",Ryan D Kaya; Anson B Rosenfeldt; Karissa Hastilow; Kelsey M Owen; Eric M Zimmerman; Jay L Alberts,Military medicine,2024,"Journal Article; Research Support, Non-U.S. Gov't; Research Support, U.S. Gov't, Non-P.H.S.",eng,retrieved,UNCERTAIN_REQUIRES_SCREENING,TITLE_ABSTRACT_REVIEW_REQUIRED,,,,,,,,
3070,TA-13,39157259,10.1016/j.xrrt.2024.01.013,Treatment of displaced intra-articular glenoid malunion deformity with reverse total shoulder arthroplasty guided by augmented reality-assisted computer navigation.,,Ryan E Dean; Andrew J Holte; Gabrielle S Ray; John-Erik Bell,"JSES reviews, reports, and techniques",2024,Journal Article,eng,retrieved,UNCERTAIN_REQUIRES_SCREENING,TITLE_ABSTRACT_REVIEW_REQUIRED,,,,,,,,
3071,TA-13,39156519,10.1016/j.xjtc.2024.04.011,Artificial intelligence-assisted augmented reality robotic lung surgery: Navigating the future of thoracic surgery.,,Amir H Sadeghi; Quinten Mank; Alper S Tuzcu; Jasper Hofman; Sabrina Siregar; Alexander Maat; Alexandre Mottrie; Jolanda Kluin; Pieter De Backer,JTCVS techniques,2024,Journal Article,eng,retrieved,UNCERTAIN_REQUIRES_SCREENING,TITLE_ABSTRACT_REVIEW_REQUIRED,,,,,,,,
3072,TA-13,39152793,10.1002/ccd.31187,Remote proctoring during structural heart procedures: Toward a widespread diffusion of knowledge using mixed reality.,"Despite its wide diffusion in surgical procedures, very few experiences are reported so far about the possible applications of remote proctoring (RP) in structural heart interventions. Our aim was to demonstrate the feasibility, safety, and efficacy of RP during transcatheter edge-to-edge repair using a mixed reality-based head-mounted display (HMD). Two users (a doctor and a proctor), wearing HMDs, were connected through a 5G network, allowing them to share audio and video signals. During the procedure, the proctor was located in a contiguous room, without any direct connection with the operator. The primary endpoint was noninferiority of HMD-mediated interaction if compared with direct in-person interaction. It was assessed using an operator-proctor interaction test based on six questions asked by the doctor to the proctor on six key procedural steps. Between September 2021 and April 2022, nine patients were enrolled in the study (15 clips delivered). The primary endpoint was reached in 9/15 clips implanted (60%). The first three failures were due to a chat software problem, and the others were linked with a 5G network malfunction. However, the HMD and its mixed reality tools were well tolerated by the operators, and no interference with the procedure was registered in any of the cases. In our experience, RP during structural heart interventions is feasible and efficacious. Wearing the HMD is comfortable and does not affect safety and effectiveness of interventional procedures. However, especially if considering a wide geographic use of this tool, a stable internet connection is imperative.",Guido Ascione; Giovanni Rossini; Davide Schiavi; Nicolò Azzola Guicciardi; Matteo Saccocci; Nicola Buzzatti; Cosmo Godino; Ottavio Alfieri; Eustachio Agricola; Francesco Maisano; Paolo Denti,Catheterization and cardiovascular interventions : official journal of the Society for Cardiac Angiography & Interventions,2024,Journal Article; Video-Audio Media,eng,retrieved,UNCERTAIN_REQUIRES_SCREENING,TITLE_ABSTRACT_REVIEW_REQUIRED,,,,,,,,
3073,TA-13,39151683,10.1016/j.amjmed.2024.08.003,Using Mixed Reality to Teach Medical Students Lumbar Punctures.,"Gaining familiarity with bedside procedures during medical school is essential for preparing medical students for intern year. However, this is often not a core component of undergraduate medical education, and students often feel unprepared to perform bedside procedures upon graduation from medical school. Extended reality technologies have rapidly developed in the past few years, become more accessible, and show great promise in education, most recently in healthcare. We aim to show the feasibility and usability of a mixed-reality lumbar puncture simulated experience. We created the mixed-reality simulation by filming a procedure conducted by an expert on a lumbar puncture simulator from the first-person view. We performed a study to assess the feasibility and usability of mixed-reality lumbar puncture training compared with traditional faculty-led high-fidelity mannikin-based simulation training. Fourth-year medical students were randomly selected to participate in the mixed-reality lumbar puncture training. Students watched the virtual first-person teaching via a virtual reality headset while mimicking hand movements on a lumbar puncture mannikin. Faculty taught students in the traditional high-fidelity group in small groups before practicing on the high-fidelity manikin. Students in both groups then performed the procedure entirely with performance assessed via a standardized checklist. Number of attempts to achieve a predetermined minimum passing score were recorded, and students were also surveyed regarding their experience with both simulations. Fifty-nine percent of students felt comfortable using mixed reality as a training modality with less than 6% having any prior extended reality experience. More than 55% felt the mixed-reality experience was as effective as the traditional high-fidelity simulation training. Many students (72%) desired more mixed-reality opportunities. In terms of performance, 58.8% of students in the mixed-reality group vs 65.5% in the traditional group completed the checklist in 1 attempt (P = .79). We demonstrate that mixed reality is an acceptable and effective modality to train health care professionals in lumbar punctures with opportunities to further enhance the immersive learning experience.",Pete Meliagros; Jayson Diener-Brazelle; Adam Garber,The American journal of medicine,2024,Journal Article,eng,retrieved,UNCERTAIN_REQUIRES_SCREENING,TITLE_ABSTRACT_REVIEW_REQUIRED,,,,,,,,
3074,TA-13,39147910,10.1038/s41598-024-69116-w,Prolonged exposure to mixed reality alters task performance in the unmediated environment.,"The popularity of mixed reality (MR) technologies, including virtual (VR) and augmented (AR) reality, have advanced many training and skill development applications. If successful, these technologies could be valuable for high-impact professional training, like medical operations or sports, where the physical resources could be limited or inaccessible. Despite MR's potential, it is still unclear whether repeatedly performing a task in MR would affect performance in the same or related tasks in the physical environment. To investigate this issue, participants executed a series of visually-guided manual pointing movements in the physical world before and after spending one hour in VR or AR performing similar movements. Results showed that, due to the MR headsets' intrinsic perceptual geometry, movements executed in VR were shorter and movements executed in AR were longer than the veridical Euclidean distance. Crucially, the sensorimotor bias in MR conditions also manifested in the subsequent post-test pointing task; participants transferring from VR initially undershoot whereas those from AR overshoot the target in the physical environment. These findings call for careful consideration of MR-based training because the exposure to MR may perturb the sensorimotor processes in the physical environment and negatively impact performance accuracy and transfer of training from MR to UR.",Xiaoye Michael Wang; Daniel Southwick; Ian Robinson; Michael Nitsche; Gabby Resch; Ali Mazalek; Timothy N Welsh,Scientific reports,2024,Journal Article,eng,retrieved,UNCERTAIN_REQUIRES_SCREENING,TITLE_ABSTRACT_REVIEW_REQUIRED,,,,,,,,
3075,TA-13,39144910,10.7759/cureus.64569,Level Up Your Residency: Can a Novel Two-Week Simulation Rotation Really Make a Difference?,"This study describes a unique two-week simulation-based medical education (SBME) rotation for transitional year (TY) residents. During the rotation, residents are fully integrated into the simulation team, actively participating in clinically based interprofessional scenarios, procedural techniques, and mixed reality experiences. Residents also created and ran their own simulations while receiving content expert feedback. We evaluated the rotation's effectiveness in preparing TY graduates for their specific advanced residency track. A retrospective survey evaluated the experiences of 11 TY residents who participated in a unique two-week simulation rotation. The survey assessed residents' perceptions of the program's value and skill development, course design, scenario relevance to future practice, and preparedness to develop future scenarios. Residents (11 out of 12 residents, 92% response rate) overwhelmingly endorsed the simulation rotation (100% positive, 45.45% extremely valuable). The program demonstrably improved core clinical skills (100% reported improvement) and fostered self-efficacy for future practice. Scenario relevance was high (81.82% highly relevant). Collaboration and communication skills showed promise (72.73% positive) while highlighting a potential area for future refinement. Residents unanimously agreed on effective time allocation and the program's value for debriefing skills. Notably, 91% strongly supported residency-specific simulation training. The two-week simulation was perceived by prior TY residents as valuable, with a majority finding the experience highly valuable across multiple survey questions. Residents overwhelmingly expressed a preference for residency-specific training, suggesting future development of specialty-tailored modules and enhanced debriefing sessions. The findings highlight the program's effectiveness and successful implementation into a TY residency curriculum.",Lyndsey N Nguygen; Thomas C Hartmann; Doug W Harrington; Brian R Pulford,Cureus,2024,Journal Article,eng,retrieved,UNCERTAIN_REQUIRES_SCREENING,TITLE_ABSTRACT_REVIEW_REQUIRED,,,,,,,,
3076,TA-13,39139048,10.1080/10803548.2024.2383021,Differentiating hand gestures from forearm muscle activity using machine learning.,"This study explored the use of forearm electromyography data to distinguish eight hand gestures. The neural network (NN) and random forest (RF) algorithms were tested on data from 10 participants. As window sizes increase from 200 ms to 1000 ms, the algorithm accuracies increased with RF from 85% to 97% due to the increased temporal resolution. It was also noticed that the RF performed better with an accuracy of 85% than the NN with accuracy 80% when the temporal resolution was smaller, indicating the RF will be efficient when quick-response time is important. As the window size increases, the NN showed higher performance, suggesting that NN will be useful when higher accuracy is required. Future studies should increase the sample size, include more hand gestures, use different feature extraction methods and test different algorithms to improve the accuracy and efficiency of the system.",Ryan Cho; Sunil Puli; Jaejin Hwang,International journal of occupational safety and ergonomics : JOSE,2025,Journal Article,eng,retrieved,UNCERTAIN_REQUIRES_SCREENING,TITLE_ABSTRACT_REVIEW_REQUIRED,,,,,,,,
3077,TA-13,39135497,10.1080/20565623.2024.2381956,Applying 3D surface scanning technology to create photorealistic three-dimensional printed replicas of human anatomy.,"Aim: To describe advances in 3D data capture and printing that allow photorealistic replicas of human anatomical specimens for education and research, and discuss advantages of current generation printing for replica design and manufacture. Materials & methods: We combine surface scanning and computerized tomography datasets that maximize precise color and geometric capture with ultra violet (UV) curable resin printing to replicate human anatomical specimens. Results: We describe the process for color control, print design and translation of photorealistic 3D meshes into 3D prints in durable resins. Conclusion: Current technologies allow previously unachievable ability to capture and reproduce anatomical specimens, and provide a platform for a new generation of 3D printed teaching materials to be designed and used in anatomy education environments.",Lucy F Costello; Paul G McMenamin; Michelle R Quayle; John F Bertram; Justin W Adams,Future science OA,2024,Journal Article,eng,retrieved,UNCERTAIN_REQUIRES_SCREENING,TITLE_ABSTRACT_REVIEW_REQUIRED,,,,,,,,
3078,TA-13,39135408,10.1080/17549507.2024.2361734,Developing and evaluating an immersive augmented reality application for children with developmental communication disability: InterPlay for language learning.,"This study aimed to examine the views of professionals working with children with developmental communication disability (e.g. associated with developmental disability, autism, developmental language disorder) on the features underlying effective augmented reality (AR) applications for language learning and education; and design, build, and evaluate a prototype AR application (InterPlay) to support language learning for children with developmental communication disability. A three-stage design methodology was used to (a) identify opportunities for AR to support children with developmental communication disability; (b) create a prototype application to provide an identified support; and (c) evaluate the features of AR that may afford the best support, using the InterPlay prototype as a foundation for discussion. Expert reference focus groups identified support opportunities and key design considerations, informing development of a prototype AR application, InterPlay. Evaluation identified a further four key themes: (a) designing an accessible reality, (b) integrating physical and virtual realities, (c) barriers to access and usability, and (d) contrasting new and existing technology. Findings highlighted the need for careful consideration in the design and implementation stages of AR development to ensure AR applications are accessible and beneficial for children with developmental communication disability.",Lucy Bryant; Benjamin Bailey; Bronwyn Hemsley,International journal of speech-language pathology,2025,Journal Article,eng,retrieved,UNCERTAIN_REQUIRES_SCREENING,TITLE_ABSTRACT_REVIEW_REQUIRED,,,,,,,,
3079,TA-13,39133582,10.1109/TNSRE.2024.3442241,Exploring Embodied Cognition and Brain Dynamics Under Multi-Tasks Target Detection in Immerse Projector-Based Augmented Reality (IPAR) Scenarios.,"Embodied cognition explores the intricate interaction between the brain, body, and the surrounding environment. The advancement of mobile devices, such as immersive interactive computing and wireless electroencephalogram (EEG) devices, has presented new challenges and opportunities for studying embodied cognition. To address how mobile technology within immersive hybrid settings affects embodied cognition, we propose a target detection multitask incorporating mixed body movement interference and an environmental distraction light signal. We aim to investigate human embodied cognition in immersive projector-based augmented reality (IPAR) scenarios using wireless EEG technology. We recruited and engaged fifteen participants in four multitasking conditions: standing without distraction (SND), walking without distraction (WND), standing with distraction (SD), and walking with distraction (WD). We pre-processed the EEG data using Independent Component Analysis (ICA) to isolate brain sources and K-means clustering to categorize Independent Components (ICs). Following that, we conducted time-frequency and correlation analyses to identify neural dynamics changes associated with multitasking. Our findings reveal a decline in behavioral performance during multitasking activities. We also observed decreases in alpha and beta power in the frontal and motor cortex during standing target search tasks, decreases in theta power, and increases in alpha power in the occipital lobe during multitasking. We also noted perturbations in theta band power during distraction tasks. Notably, physical movement induced more significant fluctuations in the frontal and motor cortex than distractions from social environment light signals. Particularly in scenarios involving walking and multitasking, there was a noticeable reduction in beta suppression. Our study underscores the importance of brain-body collaboration in multitasking scenarios, where the simultaneous engagement of the body and brain in complex tasks highlights the dynamic nature of cognitive processes within the framework of embodied cognition. Furthermore, integrating immersive augmented reality technology into embodied cognition research enhances our understanding of the interplay between the body, environment, and cognitive functions, with profound implications for advancing human-computer interaction and elucidating cognitive dynamics in multitasking.",Congying He; Yu-Yi Chen; Chun-Ren Phang; I-Ping Chen; Shey-Cherng Tzou; Tzyy-Ping Jung; Li-Wei Ko,IEEE transactions on neural systems and rehabilitation engineering : a publication of the IEEE Engineering in Medicine and Biology Society,2024,"Journal Article; Research Support, Non-U.S. Gov't",eng,retrieved,UNCERTAIN_REQUIRES_SCREENING,TITLE_ABSTRACT_REVIEW_REQUIRED,,,,,,,,
3080,TA-13,39132468,10.1177/20556683241266780,Co-design for technology in paediatric therapy: Developing an augmented reality intervention for children with developmental coordination disorder.,"Background: Children with developmental coordination disorder (DCD) have difficulty learning and performing movements, often requiring increased feedback. Technology may be useful for delivering augmented feedback. Co-design methodology for developing therapeutic interventions has become popular in healthcare, including for technology in rehabilitation. However, there are limited guidelines on how to use co-design methodology in healthcare. Methods: We applied three key principles, (1) Understanding, (2) Exploring, and (3) Materialising, to inform a co-design process. End-user participants included paediatric clinicians, young learners, their caregivers, and the research team, who shared their expertise and lived experience to inform the creation of a novel system. Results: A team of end-users designed and developed an augmented reality intervention prototype for practicing motor skills aimed at children with DCD using a generative co-design process. From understanding the unmet needs, we explored and then materialised a series of games using bespoke technology solutions. Conclusion: The use of a co-design process was beneficial in engaging end-users as the experts of their experience in the creation of a novel augmented reality intervention prototype aimed for children with DCD. The co-design process was successful in facilitating a prototype that meets consumer needs, and ensured all end-user voices were heard.",Ellana Welsby; David Hobbs; Brenton Hordacre; Emily Ward; Susan Hillier,Journal of rehabilitation and assistive technologies engineering,2024,Journal Article,eng,retrieved,UNCERTAIN_REQUIRES_SCREENING,TITLE_ABSTRACT_REVIEW_REQUIRED,,,,,,,,
3081,TA-13,39130987,10.7759/cureus.64278,Augmented Reality (AR) in Surgery in Low- and Middle-Income Countries (LMICs): A Scoping Review.,"Surgical disparities persist in low- and middle-income countries (LMICs). Insufficient access to surgical care places a large burden on these regions, with high mortality rates for otherwise standard procedures performed in high-income countries (HICs). Augmented Reality (AR) and Virtual Reality (VR) now provide us with a platform to improve the delivery of surgical access and training to LMICs. The use of AR technologies to provide additional training to surgeons and residents globally can help bridge the gap and reduce health disparities in LMICs. The goal of this scoping review is to evaluate whether surgical trainees and surgeons from LMICs have access to or use AR software in their training or practice. A systematic search was conducted on seven databases. Inclusion criteria included populations in LMICs with access to AR-based training. Articles using VR software, or those conducted in HICs were excluded from the review. From the 428 records screened, 58 reports were assessed for eligibility, and of these, a total of six studies were included in the review. Five of the six studies used mentors from an HIC, including the United States (US) and the United Kingdom (UK), whereas one study had mentorship from another LMIC. Three surgical specialties were explored: neurosurgery, plastic surgery, and urology. Although the integration of AR in surgical training is promising, the six studies evaluated in this review emphasize that costs and connection issues are major challenges that can set back these technologies in the operating room. Despite these revelations, with certain improvements, AR training programs are promising as they can help to reduce the global disparity in surgical proficiency.",Vania Arboleda; Aryan Lajevardi; Pierina Barletti; Mariapia Medina; Apurva Ramanujam; Kawther N Elsouri; Michelle Demory,Cureus,2024,Journal Article; Scoping Review,eng,retrieved,UNCERTAIN_REQUIRES_SCREENING,TITLE_ABSTRACT_REVIEW_REQUIRED,,,,,,,,
3082,TA-13,39130984,10.7759/cureus.64403,Augmented Reality-Guided External Ventricular Drain Placement: A Case Report.,"The placement of an external ventricular drain (EVD) is a critical neurosurgical procedure used to relieve intracranial pressure in patients with conditions such as hydrocephalus, traumatic brain injury, and intracranial hemorrhage. Traditional methods rely heavily on anatomical landmarks and the surgeon's experience, which can lead to variability in outcomes and increased risk of complications. Neuronavigation, while available, is infrequently used due to the size, cost, and set-up times associated with these devices. This report explores the use of a headset-based augmented reality (AR) system for guidance during the EVD placement procedure. We describe an AR system that overlays a 3D model of the patient's cranial anatomy, derived from preoperative imaging, onto the patient's head. This system is a head-mounted display and utilizes a rapid fiducial-less registration to provide the surgeon with visualization of 3D anatomy, and targeted trajectories. The system was used with a 32-year-old patient undergoing EVD placement prior to a cranioplasty. Due to the atypical cranial anatomy and due to prior procedures and midline shift, this relatively high-risk catheter placement was an ideal circumstance for the use of AR guidance during the EVD placement. This report described an early use of AR for EVD placement and represents a substantial advancement in neurosurgical practice, offering enhanced precision, efficiency, and safety. Further large-scale studies are warranted to validate these findings and explore the broader applicability of AR in other neurosurgical procedures.",Andrew Janssen; Arthur Wang; Aaron S Dumont; Johnny Delashaw,Cureus,2024,Case Reports; Journal Article,eng,retrieved,UNCERTAIN_REQUIRES_SCREENING,TITLE_ABSTRACT_REVIEW_REQUIRED,,,,,,,,
3083,TA-13,39129186,10.1177/03000605241266548,Minimally invasive removal of a foreign body in the pancreas using digital intelligent technology: a case report.,"Pancreatitis caused by a fish bone penetrating the posterior wall of the stomach and entering the pancreas is rare. We herein report a case involving a woman in her late 30s with an approximately 1-month history of recurrent upper abdominal pain. Initial evaluation at another hospital failed to identify the cause but raised suspicion of pancreatic cancer. Computed tomography, magnetic resonance imaging, and a detailed consultation led us to suspect that the patient's pain had been caused by inadvertent ingestion of a fish bone. We used three-dimensional visualization technology to determine the location of the fish bone and informed the patient of the lesion and surgical plan through a simulated surgical demonstration. During surgery, we applied augmented reality navigation technology to remove the fish bone by a minimally invasive approach. The patient was discharged on postoperative day 3. She was followed up by telephone 24 hours after discharge. Outpatient follow-up was performed 1 week after discharge and on day 30. The patient recovered well and developed no complications. This case shows that digital medical technology can be applied in patients undergoing surgical removal of a pancreatic foreign body. Such technology assists with preoperative evaluation, patient education, and intraoperative trauma reduction.",Shuanghua Li; Chunyong Liu; Sai Wen; Yanyun Geng,The Journal of international medical research,2024,Case Reports; Journal Article; Retracted Publication,eng,retrieved,UNCERTAIN_REQUIRES_SCREENING,TITLE_ABSTRACT_REVIEW_REQUIRED,,,,,,,,
3084,TA-13,39128902,10.1038/s41377-024-01537-8,Breaking the in-coupling efficiency limit in waveguide-based AR displays with polarization volume gratings.,"Augmented reality (AR) displays, heralded as the next-generation platform for spatial computing, metaverse, and digital twins, empower users to perceive digital images overlaid with real-world environment, fostering a deeper level of human-digital interactions. With the rapid evolution of couplers, waveguide-based AR displays have streamlined the entire system, boasting a slim form factor and high optical performance. However, challenges persist in the waveguide combiner, including low optical efficiency and poor image uniformity, significantly hindering the long-term usage and user experience. In this paper, we first analyze the root causes of the low optical efficiency and poor uniformity in waveguide-based AR displays. We then discover and elucidate an anomalous polarization conversion phenomenon inherent to polarization volume gratings (PVGs) when the incident light direction does not satisfy the Bragg condition. This new property is effectively leveraged to circumvent the tradeoff between in-coupling efficiency and eyebox uniformity. Through feasibility demonstration experiments, we measure the light leakage in multiple PVGs with varying thicknesses using a laser source and a liquid-crystal-on-silicon light engine. The experiment corroborates the polarization conversion phenomenon, and the results align with simulation well. To explore the potential of such a polarization conversion phenomenon further, we design and simulate a waveguide display with a 50° field of view. Through achieving first-order polarization conversion in a PVG, the in-coupling efficiency and uniformity are improved by 2 times and 2.3 times, respectively, compared to conventional couplers. This groundbreaking discovery holds immense potential for revolutionizing next-generation waveguide-based AR displays, promising a higher efficiency and superior image uniformity.",Yuqiang Ding; Yuchen Gu; Qian Yang; Zhiyong Yang; Yuge Huang; Yishi Weng; Yuning Zhang; Shin-Tson Wu,"Light, science & applications",2024,Journal Article,eng,retrieved,UNCERTAIN_REQUIRES_SCREENING,TITLE_ABSTRACT_REVIEW_REQUIRED,,,,,,,,
3085,TA-13,39127667,10.1186/s12984-024-01418-6,Effectiveness of mixed reality-based rehabilitation on hands and fingers by individual finger-movement tracking in patients with stroke.,"Mixed reality (MR) is helpful in hand training for patients with stroke, allowing them to fully submerge in a virtual space while interacting with real objects. The recognition of individual finger movements is required for MR rehabilitation. This study aimed to assess the effectiveness of updated MR-board 2, adding finger training for patients with stroke. Twenty-one participants with hemiplegic stroke (10 with left hemiplegia and 11 with right hemiplegia; nine female patients; 56.7 ± 14.2 years of age; and onset of stroke 32.7 ± 34.8 months) participated in this study. MR-board 2 comprised a board plate, a depth camera, plastic-shaped objects, a monitor, a palm-worn camera, and seven gamified training programs. All participants performed 20 self-training sessions involving 30-min training using MR-board 2. The outcome measurements for upper extremity function were the Fugl-Meyer assessment (FMA) upper extremity score, repeated number of finger flexion and extension (Repeat-FE), the thumb opposition test (TOT), Box and Block Test score (BBT), Wolf Motor Function Test score (WMFT), and Stroke Impact Scale (SIS). One-way repeated measures analysis of variance and the post hoc test were applied for the measurements. MR-board 2 recorded the fingers' active range of motion (AROM) and Dunnett's test was used for pairwise comparisons. Except for the FMA-proximal score (p = 0.617) and TOT (p = 0.005), other FMA scores, BBT score, Repeat-FE, WMFT score, and SIS stroke recovery improved significantly (p < 0.001) during MR-board 2 training and were maintained until follow-up. All AROM values of the finger joints changed significantly during training (p < 0.001). MR-board 2 self-training, which includes natural interactions between humans and computers using a tangible user interface and real-time tracking of the fingers, improved upper limb function across impairment, activity, and participation. MR-board 2 could be used as a self-training tool for patients with stroke, improving their quality of life. This study was registered with the Clinical Research Information Service (CRIS: KCT0004167).",Yeajin Ham; Dong-Seok Yang; Younggeun Choi; Joon-Ho Shin,Journal of neuroengineering and rehabilitation,2024,"Journal Article; Research Support, Non-U.S. Gov't",eng,retrieved,UNCERTAIN_REQUIRES_SCREENING,TITLE_ABSTRACT_REVIEW_REQUIRED,,,,,,,,
3086,TA-13,39124119,10.3390/s24155073,Immersive Robot Teleoperation Based on User Gestures in Mixed Reality Space.,"Recently, research has been conducted on mixed reality (MR), which provides immersive visualization and interaction experiences, and on mapping human motions directly onto a robot in a mixed reality (MR) space to achieve a high level of immersion. However, even though the robot is mapped onto the MR space, their surrounding environment is often not mapped sufficiently; this makes it difficult to comfortably perform tasks that require precise manipulation of the objects that are difficult to see from the human perspective. Therefore, we propose a system that allows users to operate a robot in real space by mapping the task environment around the robot on the MR space and performing operations within the MR space.",Hibiki Esaki; Kosuke Sekiyama,"Sensors (Basel, Switzerland)",2024,Journal Article,eng,retrieved,UNCERTAIN_REQUIRES_SCREENING,TITLE_ABSTRACT_REVIEW_REQUIRED,,,,,,,,
3087,TA-13,39123822,10.3390/s24154774,An Innovative Device Based on Human-Machine Interface (HMI) for Powered Wheelchair Control for Neurodegenerative Disease: A Proof-of-Concept.,"In the global context, advancements in technology and science have rendered virtual, augmented, and mixed-reality technologies capable of transforming clinical care and medical environments by offering enhanced features and improved healthcare services. This paper aims to present a mixed reality-based system to control a robotic wheelchair for people with limited mobility. The test group comprised 11 healthy subjects (six male, five female, mean age 35.2 ± 11.7 years). A novel platform that integrates a smart wheelchair and an eye-tracking-enabled head-mounted display was proposed to reduce the cognitive requirements needed for wheelchair movement and control. The approach's effectiveness was demonstrated by evaluating our system in realistic scenarios. The demonstration of the proposed AR head-mounted display user interface for controlling a smart wheelchair and the results provided in this paper could highlight the potential of the HoloLens 2-based innovative solutions and bring focus to emerging research topics, such as remote control, cognitive rehabilitation, the implementation of patient autonomy with severe disabilities, and telemedicine.",Arrigo Palumbo; Nicola Ielpo; Barbara Calabrese; Remo Garropoli; Vera Gramigna; Antonio Ammendolia; Nicola Marotta,"Sensors (Basel, Switzerland)",2024,Journal Article,eng,retrieved,UNCERTAIN_REQUIRES_SCREENING,TITLE_ABSTRACT_REVIEW_REQUIRED,,,,,,,,
3088,TA-13,39123647,10.3390/foods13152456,"Sensory Analysis Performed within Augmented Virtuality System: Impact on Hedonic Scores, Engagement, and Presence Level.","Sensory analysis methodologies are performed in sensory booths designed to minimise external stimuli, lacking ecological validity. Immersive environments are used to introduce contextual cues, but there is a lack of studies using mixed reality systems. The main goal of this study was to evaluate an augmented virtuality (AV) system where participants are inserted into a virtual environment and evaluate a real product, being able to interact with both dimensions. A panel of 102 consumers evaluated five samples of commercial peach nectars in three sessions, each in a different environment: public food court, living room (AV environments), and laboratory (traditional sensory booth). Consumers rated overall liking, followed by open comments, and also answered an Engagement (EQ) and a Presence Questionnaire (PQ). The type of environment only affected hedonic discrimination among samples, with the laboratory setting being the only one with sample discrimination. Nonetheless, each sample was not evaluated differently across the different environments. Concerning engagement, the environment only significantly influenced the EQ's 'Affective Value' factor, being higher when using an AV system. The level of presence in the virtual environment was significantly higher in the public food court, being significantly correlated with the EQ factor scores.",José Carlos Ribeiro; Célia Rocha; Bruna Barbosa; Rui Costa Lima; Luís Miguel Cunha,"Foods (Basel, Switzerland)",2024,Journal Article,eng,retrieved,UNCERTAIN_REQUIRES_SCREENING,TITLE_ABSTRACT_REVIEW_REQUIRED,,,,,,,,
3089,TA-13,39122206,10.1016/j.jdent.2024.105284,Clinical application of mixed reality holographic imaging technology in scaling and root planing of severe periodontitis: a proof of concept.,"To demonstrate the potential application of mixed reality (MR) holographic imaging technology in subgingival scaling and root planing (SRP) for patient with advanced periodontitis. This case series comprised the analysis of 1566 sites from 261 teeth of 10 patients with advanced periodontitis. Digital CBCT scans and intraoral scans of the patients were digitally acquired preoperatively and aligned to create a three-dimensional periodontal visualization model. Through rendering, interactive holographic images were displayed using MR. The surgeon first used MR images to communicate with the patients, and then facilitated SRP under their guidance. Probing pocket depth (PPD), clinical attachment loss (CAL), Plaque index (PI), and bleeding on probing (BOP) parameters were recorded at baseline and at 8-week postoperatively. Patient-reported outcome indicator questionnaires on self-efficacy were also collected. PPD, CAL, PI, and BOP significantly decreased at 8-week following MR hologram-assisted SRP (p<0.001). For sites with PPD≥4 mm, PPD and CAL declined by 2.33±1.23 mm and 0.69±1.07 mm, respectively. PI significantly decreased from 1.94±0.61 to 0.82±0.58 (p < 0.001) and BOP sites decreased significantly from 84.11% to 40.25%. After receiving MR holograms for condition communication, most patients had a better perception of the effectiveness of SRP treatment and the benefits it brings. 80% of the subjects expressed their willingness to undergo MR-assisted periodontal treatment in the future. These results provide preliminary support for MR hologram-assisted digital SRP. With this technology, images of the gingiva and alveolar bone can be displayed in real time, accurately and three-dimensionally. This improves SRP effectiveness, diminishes complications, and enhances patients' confidence in the treatment. MR holographic imaging-based digital SRP is a clinically feasible and promising adjunctive periodontal treatment option. It may contribute to improved non-surgical treatment efficacy in patients with severe periodontitis.",Fei Xue; Rui Zhang; Jun Dai; Yong Zhang; Qing-Xian Luan,Journal of dentistry,2024,"Journal Article; Research Support, Non-U.S. Gov't",eng,retrieved,UNCERTAIN_REQUIRES_SCREENING,TITLE_ABSTRACT_REVIEW_REQUIRED,,,,,,,,
3090,TA-13,39120024,10.1002/advs.202407045,Metasurface-Embedded Contact Lenses for Holographic Light Projection.,"Contact lenses have been instrumental in vision correction and are expected to be utilized in augmented reality (AR) displays through the integration of electronic and optical components. In optics, metasurfaces, an array of sub-wavelength nanostructures, have offered optical multifunctionality in an ultra-compact form factor, facilitating integration into various imaging, and display systems. However, transferring metasurfaces onto contact lenses remains challenging due to the non-biocompatible materials of extant imprinting methods and the structural instability caused by the swelling and shrinking of the wetted surface. Here, a biocompatible method is presented to transfer metasurfaces onto contact lenses using hyaluronic acid (HA) as a soft mold and to allow for holographic light projection. A high-efficiency metahologram is obtained with an all-metallic 3D meta-atom enhanced by the anisotropy of a rectangular structure, and a reflective background metal layer. A corrugated metal layer on the HA mold is supported with a SiO2 capping layer, to avoid unwanted wrinkles and to ensure structural stability when transferred to the surface of pliable and wettable contact lenses. Biocompatible method of transferring metasurfaces onto contact lenses promises the integration of diverse optical components, including holograms, lenses, gratings and more, to advance the visual experience for AR displays and human-computer interfaces.",Jiwoo Ko; Gyeongtae Kim; Inki Kim; Soon Hyoung Hwang; Sohee Jeon; Junseong Ahn; Yongrok Jeong; Ji-Hwan Ha; Hyeonsu Heo; Jun-Ho Jeong; Inkyu Park; Junsuk Rho,"Advanced science (Weinheim, Baden-Wurttemberg, Germany)",2024,Journal Article,eng,retrieved,UNCERTAIN_REQUIRES_SCREENING,TITLE_ABSTRACT_REVIEW_REQUIRED,,,,,,,,
3091,TA-13,39116661,10.1016/j.nedt.2024.106329,"Effect of using gamification and augmented reality in mechanical ventilation unit of critical care nursing on nurse students' knowledge, motivation, and self-efficacy: A randomized controlled trial.","Gamification and augmented reality (AR) are innovative teaching modalities. Research on the effects of combining these two strategies in nursing education is scarce. To examine the effect of the combined use of gamification and AR in teaching mechanical ventilation (MV) on nurse students' knowledge, motivation, self-efficacy, and satisfaction. Randomized controlled trial. A conveniently selected faculty of nursing in Egypt. A total of 410 nurse students. Participants were randomly assigned to the intervention or control group (205 in each). Kahoot games and AR were used in the intervention group, whereas a traditional lecture was applied in the control group. The outcomes included levels of students' knowledge, learning motivation, self-efficacy, and satisfaction. Mixed design repeated-measures ANOVA test revealed a statistically significant difference in knowledge test scores within-subject over time (p-value [effect size]: <0.001 [0.515]), between-subject due to the main effect of interventions (<0.001 [0.146]), and within-between interaction effect of group and time (<0.001 [0.515]). After using Kahoot and AR, the total mean self-efficacy score was significantly higher in the intervention group than in the control group (<0.001 [0.662]). The total median motivation score was significantly higher for the Kahoot and the AR groups compared with the traditional lecture (<0.001 [0.558]). Kahoot games and AR significantly increased nurse students' knowledge, motivation, and self-efficacy compared with traditional MV learning classes. Nursing educators need to incorporate Kahoot and AR in their pedagogies to enhance nurse students' satisfaction and development.",Sahar Younes Othman; Eman Ghallab; Sameh Eltaybani; Alaa Mostafa Mohamed,Nurse education today,2024,Journal Article; Randomized Controlled Trial,eng,retrieved,UNCERTAIN_REQUIRES_SCREENING,TITLE_ABSTRACT_REVIEW_REQUIRED,,,,,,,,
3092,TA-13,39116453,10.1097/JS9.0000000000002033,Conventional ultrasonography enabled with augmented reality needle guidance for percutaneous kidney access: an innovative methodologies randomized controlled trial.,"Successful needle puncture of the renal collecting system is a critical but difficult procedure in percutaneous nephrolithotomy (PCNL). Although fluoroscopy and ultrasound are the standard imaging techniques to guide puncture during PCNL, both have known limitations. To assess the feasibility and safety of a new navigation system for needle puncture in ultrasound-guided PCNL. This study employed a single-center randomized controlled trial (RCT) design to assess the feasibility and safety of a new navigation system for needle puncture in ultrasound-guided PCNL. Conducted between May 2021 and November 2021, the trial utilized computer-generated random numbers for participant allocation to control for selection bias. The trial was executed at Department of Urology, Peking University First Hospital in Beijing, China, which serves as an academic medical center. All patients who met the inclusion criteria were randomly divided into two groups, with 29 patients in each group. One group underwent PCNL procedures using the new navigation system, while the control group underwent standard ultrasound-guided PCNL procedures. Included patients had renal pelvis or caliceal calculi larger than 2.0 cm in diameter or had multiple or staghorn stones. The puncture procedure was performed with the support of real-time ultrasound imaging and visual guidance displayed on the screen. The primary outcome was system feasibility and puncture success rate. Secondary outcomes included puncture time, total surgical time, number of attempts, postprocedure complications, and 1-year and 3-year stone recurrence rates. Stone clearance was defined by postoperative CT. Descriptive statistics summarized patient demographics, stone size, and location. Independent samples t -tests analyzed puncture time and total surgical time. χ2 or Fisher's exact tests compared stone clearance, complications, socioeconomic status, renal hydronephrosis, stone location, race, and medical history. Linear regression examined the correlation between BMI and puncture time. Significance was set at P <0.05. For all 58 patients undergoing PCNL, needle punctures of the renal collecting system were completed with a success rate of 100%. The average time from planning the puncture protocol to successful puncture was significantly shorter in the AcuSee guidance system group (3.12 min, range 0.2-6.88 min) compared to the standard ultrasound-guided group (7.58 min, range 5.41-10.68 min), representing a reduction of ~59%. The total surgical time was also shorter in the AcuSee group for patients with no and mild hydronephrosis ( P <0.05). Complication rates were lower in the AcuSee group, with no major complications observed. However, three patients in the standard ultrasound-guided group have adverse effects after the PCNL procedure. The 1-year stone recurrence rate was significantly lower in the AcuSee group (3.4%) compared to the standard group (24.1%), and the 3-year recurrence rate was also lower (6.9% vs. 41.4%). Patient-specific factors such as BMI, renal morphology, and prior surgical history did not significantly affect the performance of the AcuSee system. The authors report the first clinical application of a new navigation system for needle puncture in ultrasound-guided PCNL. It has been demonstrated that it is feasible and safe compared to the standard ultrasound-guided group in percutaneous renal puncture. This technology provides intuitive and easy-to-use visual guidance, which may facilitate safe, accurate, and fast needle puncture of the kidney.",Chaojie Xu; Aolin Li; Yiji Peng; Lin Li; Gengyan Xiong; Yu Fan; Zheng Zhao; Xin Li; Xiaochun Zhang; Yaoyao Zheng; Chi Zhang; Changning Lv; Xuesong Li; Gang Wang; Yan Xia; Pu Wang; Lin Yao,"International journal of surgery (London, England)",2025,Journal Article; Randomized Controlled Trial,eng,retrieved,UNCERTAIN_REQUIRES_SCREENING,TITLE_ABSTRACT_REVIEW_REQUIRED,,,,,,,,
3093,TA-13,39114987,10.1098/rstb.2023.0291,Applying the Barker School concept of 'behaviour settings' to virtual contexts.,"People are spending more and more time interacting with virtual objects and environments. We argue that Roger Barker's concept of a 'behaviour setting' can be usefully applied to such experiences with relatively little modification if we recognize subjective aspects of such experiences such as presence and immersion. We define virtual behaviour settings as virtual environments where the partly or fully digital milieu is synomorphic with and circumjacent to embodied behaviour, as opposed to the fragmented behaviour settings of much-mediated interaction. We present two tools that can help explain and predict the outcomes of virtual experiences-the behaviour setting canvas (BSC) and model-and demonstrate their utility through examples. We conclude that the behaviour setting concept is helpful in both designing virtual environments and understanding their impact, while virtual environments offer a powerful new methodological paradigm for studying behaviour settings. This article is part of the theme issue 'People, places, things, and communities: expanding behaviour settings theory in the twenty-first century'.",Robert Aunger; Sebastian Deterding; Xiaoyang Zhao; Weston Baxter,"Philosophical transactions of the Royal Society of London. Series B, Biological sciences",2024,Journal Article,eng,retrieved,UNCERTAIN_REQUIRES_SCREENING,TITLE_ABSTRACT_REVIEW_REQUIRED,,,,,,,,
3094,TA-13,39114214,10.7759/cureus.64082,Use of Virtual Reality and Augmented Reality Technologies to Support Resilience and Skill-Building in Caregivers of Persons With Dementia: A Scoping Review.,"Dementia presents a growing public health challenge with most affected individuals living at home, placing significant responsibility on their caregivers. Various interventions, from traditional support groups and education programs to emerging technologies, and more specifically virtual reality (VR) and augmented reality (AR), aim to enhance caregiver skills. While VR/AR shows promise in educating and fostering empathy among caregivers and healthcare professionals, its overall effectiveness and practicality in older adults and dementia care warrant further exploration. This review aimed to summarize currently available VR and AR interventions tailored for family caregivers of persons living with dementia (PLWD) in home or clinical settings, including their level of effectiveness, and to compile a summary of features that contributed to technology acceptance in family caregivers of PLWD. We conducted a systematic search in OVID PsychInfo, CINAHL, Google Scholar, and ERIC, as well as CADTH's Grey Matters, OpenGrey, National Technical Information Service, OAIster, and Health Quality Ontario, to comprehensively summarize the existing evidence underscoring the role of VR and AR in supporting education, resilience-building, and skills training for family caregivers of PLWD. The search terms were built with the assistance of a research librarian and involved synonyms for VR, AR, and dementia. Two screeners conducted a rigorous screening and data extraction to analyze and summarize findings. Studies were included if they focused on family caregivers engaging in interventions utilizing a three-dimensional VR environment and/or Metaverse for group learning in psychotherapeutic modalities such as psychoeducation, therapy, communication, and skill-building. The primary outcome of the studies was assessing measures of well-being (e.g., quality of life, communication, interaction, personhood) and learning outcomes for caregivers, while the secondary outcomes focused on identifying barriers and facilitators influencing the acceptability of VR/AR among dementia caregivers. Content analysis and descriptive statistics were used to summarize key trends in technology and evidence effectiveness and acceptability. Of the 1,641 articles found, 112 were included, with six articles meeting inclusion for analysis. Studies differed in duration and frequency of data collection, with interventions varying from single events to months-long programs, often employing home-based approaches using VR or online platforms. No study used AR. Usability issues and unclear benefits of use were identified as factors that hinder technology acceptance for dementia caregivers. However, technologies demonstrated engaging user experiences, fostering skill-building, confidence, and competence among caregivers. Positive psychological effects were also observed, facilitated by immersive VR and AR interventions, resulting in improved caregiver empathy and reduced stress, depression, and loneliness. VR and AR interventions for family caregivers of PLWD show the potential to enhance empathy and skills and reduce stress. Challenges such as technological limitations and user inexperience issues persist. Home-based VR training aligns with caregiver comfort but lacks focus on financial aspects and cultural competencies. Co-design approaches offer solutions by addressing user concerns and promoting end-user engagement or empowerment.",Kristina M Kokorelias; Mary Chiu; Sayani Paul; Lynn Zhu; Nusrat Choudhury; Cole G Craven; Adam Dubrowski; Tyler Redublo; Bill Kapralos; Michael S D Smith; Adriana Shnall; Joel Sadavoy; Amer Burhan,Cureus,2024,Journal Article; Scoping Review,eng,retrieved,UNCERTAIN_REQUIRES_SCREENING,TITLE_ABSTRACT_REVIEW_REQUIRED,,,,,,,,
3095,TA-13,39113688,10.3389/fresc.2024.1288945,Proximal auditory AR rehabilitation: system integration and wellness applications-from hearing support up toward vestibular rehabilitation.,"We present a new rehabilitation system based on novel principles, which consists of an auditory augmented reality (AR) headset we originated. The auditory AR headset, which does not cover both ears, allows users to hear both Real and Virtual environmental sounds at the same time. It can also be used in combination with Hearing Aids. We have studied a system to support hearing-impaired people and conducted a test evaluation. The system was able to provide convenience akin to ""reading glasses for sound"" to those who had mild hearing disabilities. Furthermore, by combining the system with surrounding speakers, a completely novel virtual auditory illusion was created in which the sound image jumps into the ear and runs away. We name this ""proximal auditory AR (PAAR)"" system. This system directly affects the unconscious level of reflexes for maintaining a standing position and can generate very subtle body motion disturbance. Using this system, we can modulate the standing posture and observe the autonomic nerve system's ability to subliminally compensate for the disturbance, using a stabilometer that measures body sways by center of pressure (COP). We observed a significant difference in the declination of COP only when using the PAAR, which is combined with array speakers and the auditory AR headphone, compared using a conventional closed-type and a bone-conduction headphone. By analyzing such big data of physical movement through machine learning, we expect to realize new systems for diagnosis, rehabilitation, function maintenance, and fall prevention.",Jinyoung Lee; Shigekazu Ishihara; Keiko Ishihara; Ken Ito,Frontiers in rehabilitation sciences,2024,Journal Article,eng,retrieved,UNCERTAIN_REQUIRES_SCREENING,TITLE_ABSTRACT_REVIEW_REQUIRED,,,,,,,,
3096,TA-13,39110976,10.2196/50063,The Application of a Serious Game Framework to Design and Develop an Exergame for Patients With Heart Failure.,"Reducing inactivity in patients with chronic disease is vital since it can decrease the risk of disease progression and mortality. Exergames are an innovative approach to becoming more physically active and positively affecting physical health outcomes. Serious games are designed for purposes beyond entertainment and exergames are serious games for physical activity. However, current commercial exergames might not optimally meet the needs of patients with special needs. Developing tailored exergames is challenging and requires an appropriate process. The primary goal of this viewpoint is to describe significant lessons learned from designing and developing an exergame for patients with chronic heart failure using the player-centered, iterative, interdisciplinary, and integrated (P-III) framework for serious games. Four of the framework's pillars were used in the design and development of a mobile exergame: player-centered design, iterative development of the game, interdisciplinary teamwork, and integration of play and serious content. The mobile exergame was developed iteratively in 7 iterations by an interdisciplinary team involving users and stakeholders in all iterations. Stakeholders played various roles during the development process, making the team stay focused on the needs of the patients and creating an exergame that catered to these needs. Evaluations were conducted during each iteration by both the team and users or patients according to the player-centered design pillar. Since the exergame was created for a smartphone, the assessments were conducted both on the development computer and on the intended platforms. This required continuous deployment of the exergame to the platforms and smartphones that support augmented reality. Our findings show that the serious game P-III framework needs to be modified in order to be used for the design and development of exergames. In this viewpoint, we propose an updated version of the P-III framework for exergame development including (1) a separate and thorough design of the physical activity and physical interaction, and (2) early and continuous deployment of the exergame on the intended platform to enable evaluations and everyday life testing.",Aseel Berglund; Tiny Jaarsma; Helena Orädd; Johan Fallström; Anna Strömberg; Leonie Klompstra; Erik Berglund,JMIR formative research,2024,Journal Article,eng,retrieved,UNCERTAIN_REQUIRES_SCREENING,TITLE_ABSTRACT_REVIEW_REQUIRED,,,,,,,,
3097,TA-13,39110497,10.2196/58654,Comparing Learning Outcomes of Machine-Guided Virtual Reality-Based Training With Educator-Guided Training in a Metaverse Environment: Randomized Controlled Trial.,"Virtual reality (VR) modules are commonly used for health care training, such as adult advanced cardiac life support (ACLS), due to immersion and engagement. The metaverse differs from current VR serious gaming by enabling shared social connections, while current VR modules focus on computer-based content without social interaction. Educators in the metaverse can foster communication and collaboration during training sessions. This study aimed to compare learning outcomes of VR-based, machine-guided training with educator-guided, VR-based training in the metaverse environment. A total of 62 volunteered students from Acibadem Mehmet Ali Aydinlar University Vocational School for Anesthesiology were randomly divided into 2 groups of 31 participants each: one group received VR-based training with machine guidance (MG), and the other received VR-based training with educator guidance (EG) in the metaverse. The members of both groups undertook VR-based basic training for ACLS. Afterward, the MG group was trained with a VR-based advanced training module, which provides training with full MG, whereas the EG group attended the VR-based, educator-guided training in the metaverse. The primary outcome of the study was determined by the exam score of the VR-based training module. Descriptive statistics defined continuous variables such as VR exam scores and time spent on machine- or educator-guided training. The correlation between training time and VR exam scores was assessed with the Spearman rank correlation, and nonnormally distributed variables were compared using the Mann-Whitney U test. Statistical significance was set at P<.05, with analyses executed by MedCalc Statistical Software (version 12.7.7). Comparing the VR test scores between the MG and EG groups revealed no statistically significant difference. The VR test scores for the EG group had a median of 86 (range 11-100). In contrast, the MG group scores had a median of 66 (range 13-100; P=.08). Regarding the correlation between the duration of machine-guided or educator-guided training and VR-based exam scores, for the MG group, =0.569 and P=.005 were obtained. For the EG group, this correlation was found to be =0.298 and P=.10. While this correlation is statistically significant for the MG group, it is not significant for the EG group. The post hoc power analysis (80%), considering the correlation between the time spent on training and exam scores, supported this finding. The results of this study suggest that a well-designed, VR-based serious gaming module with MG could provide comparable learning outcomes to VR training in the metaverse with EG for adult ACLS training. Future research with a larger sample size could explore whether social interaction with educators in a metaverse environment offers added benefits for learners. ClinicalTrials.gov NCT06288087; https://clinicaltrials.gov/study/NCT06288087.",Dilek Kitapcioglu; Mehmet Emin Aksoy; Arun Ekin Ozkan; Tuba Usseli,JMIR serious games,2024,Journal Article,eng,retrieved,UNCERTAIN_REQUIRES_SCREENING,TITLE_ABSTRACT_REVIEW_REQUIRED,,,,,,,,
3098,TA-13,39108078,10.1080/10803548.2024.2370643,Effects of training methods on performance of a scaffolding task for workers with different spatial ability.,"With software developments and advances in display technologies substantially improved, augmented reality (AR) application has gained popularity. In this study, we discuss using classic PowerPoint and AR for two kinds of scaffolding tasks (task-lifeline assembly and hedge assembly) for users with different spatial ability. We considered both objective and subjective measures of performance, i.e., correct rate and system usability and the ITC-sense of presence inventory (ITC-SOPI) scale. The results of the study show that participants using AR achieved higher operating performance than those using PowerPoint. Furthermore, the users' learning effect was influenced by spatial ability when using PowerPoint. Participants with high spatial ability achieved higher performance than participants with low spatial ability in PowerPoint. However, participants who used AR as a training method did not show significantly different operating performance at different levels of spatial ability. Consequently, AR was believed to be a potential method for enhancing training performance.",Hung Yu Ho; An Hsiang Wang; Chia Huang Wu,International journal of occupational safety and ergonomics : JOSE,2024,Journal Article,eng,retrieved,UNCERTAIN_REQUIRES_SCREENING,TITLE_ABSTRACT_REVIEW_REQUIRED,,,,,,,,
3099,TA-13,39105150,10.3389/fpsyg.2024.1392529,Augmented reality for chemistry education to promote the use of chemical terminology in teacher training.,"Chemistry as a whole is divided into three levels. The macroscopic level describes real, observable phenomena of the material world. The submicroscopic level focuses on particles. The representative level includes pictorial and symbolic representations to visualize substance in its nature. Students often have problems separating these levels and conceptually transfer each of the three levels to the other. Therefore, teachers need to use chemical terminology correctly when teaching the substance-particle concept. Augmented Reality (AR) connects real and virtual world. The observer physically moves in a real environment that integrates virtual elements. The AR technology has great potential for learning in the subject chemistry, especially when it comes to making the ""invisible"" visible and illustrating scientific phenomena at particle level. The simultaneous presentation should avoid split-attention and offers new possibilities to interactively deal with (M)ER. The question arises whether AR has a positive effect on the use of technical language and the associated understanding of the concept of dealing with (M)ER at the substance and particle levels. With an AR app on the tablet and the AR glasses, the chemical processes of a real experiment are represented by AR visualizations. Therefore, the AR app was piloted. This study captured the chemistry handling with (M)ER of chemistry teachers (N = 30) using a pre-post survey. The participating preservice teachers are described below. Each test includes five tasks elaborated by thinking aloud. The thinking-aloud protocols to acquire the use of the chemical terminology are evaluated in MAXQDA.",Melanie Ripsam; Claudia Nerdel,Frontiers in psychology,2024,Journal Article,eng,retrieved,UNCERTAIN_REQUIRES_SCREENING,TITLE_ABSTRACT_REVIEW_REQUIRED,,,,,,,,
3100,TA-13,39103734,10.1007/s10072-024-07726-y,"Virtual reality tolerability, sense of presence and usability in Huntington disease: a pilot study.","Several studies demonstrated the utility of immersive virtual reality (VR) as a complementary approach to conventional therapy for improving motor, psychological and cognitive impairment in some pathological conditions. Our pilot study aims to evaluate for the first time: 1) sense of presence, tolerability and usability of VR immersive experience in patients with early stages of Huntington disease (eHDp) compared to healthy controls (HC); 2) correlation between the use of technology/cybersickness and the variables of presence/usability; 3) correlation between clinical characteristics (genetic, motor, functional and cognitive) and VR's variables. We recruited 10 eHDp and 10 age, gender and education matched HC. Participants completed questionnaires about sense of presence, usability, tolerability and technology use profile. Subjects were exposed to different VR scenarios from a first-person perspective through a standalone VR headset. Our results showed no significant statistical difference between eHDp and HC for the sense of presence (p=0.910), usability (p=0.744) and tolerability (p=0.730) during the VR experience. Familiarity with the use of technology was also comparable between groups (p=0.676). Regarding correlations in eHDp group, our results showed no correlations between use of technology/tolerability and the sense of presence/usability. Moreover, clinical characteristics of eHDp (genetic, motor, functional and cognitive scores) did not influence the sense of presence, tolerability and usability. Our research presents preliminary evidence for the applicability of VR in eHDp. These results open up the possibility to explore future applications of this methodology in rehabilitation (i.e., cognitive training, physiotherapy), diagnosis and psychological support in Huntington disease patients.",Simone Migliore; Melissa Casella; Caterina Tramontano; Giuseppe Curcio; Ferdinando Squitieri,Neurological sciences : official journal of the Italian Neurological Society and of the Italian Society of Clinical Neurophysiology,2025,Journal Article,eng,retrieved,UNCERTAIN_REQUIRES_SCREENING,TITLE_ABSTRACT_REVIEW_REQUIRED,,,,,,,,
3101,TA-13,39100053,10.7759/cureus.63888,Integration of Mixed Reality Technology Into a Global Neurosurgery Bootcamp.,"International bootcamps are important for providing access to advanced education and training to physicians around the world. In countries where resources are scarce, the opportunity to be exposed to advanced training and the latest technologies is limited. We set out to evaluate the educational value of integrating augmented reality (AR) into the curriculum of a global neurosurgery bootcamp. AR was integrated into this year's neurosurgical bootcamp in Hanoi, Vietnam, organized by the Foundation for International Education in Neurological Surgery (FIENS). Participants had not experienced this technology before a surgical adjunct. A study was conducted to evaluate how AR impacts the surgical approach to a cranial tumor for boot camp participants with limited neurosurgical experience. Without the use of AR, the majority of participants (66%) chose the incorrect surgical approach to a frontal tumor. However, after using AR to visualize the lesion in 3D, all participants chose the correct surgical approach. Additionally, participants were more precise when planning with AR as the distance from the skull insertion point to the tumor was significantly shorter with AR than without AR. This study demonstrated the potential of AR to improve the education and enhance the experience trainees have at international bootcamps. Importantly, it is our hope that industry involvement in these global initiatives continues to grow as it is critical for trainees in developing countries to be exposed to common as well as emerging medical technologies.",Jack P Rock; Lonni Schultz; Robert Dempsey; Jonathan Cohen,Cureus,2024,Journal Article,eng,retrieved,UNCERTAIN_REQUIRES_SCREENING,TITLE_ABSTRACT_REVIEW_REQUIRED,,,,,,,,
3102,TA-13,39099852,10.1007/s40670-024-02047-3,A Mixed Methods Pilot Study to Evaluate User Engagement with MedMicroMaps: A Novel Interactive E-learning Tool for Medical Microbiology.,"Educators are witnessing the unfolding of the era of artificial intelligence, raising the question of how to transfer the benefits of yesterday's pedagogy to the future of education. An interactive digital mind map of infectious diseases was developed for second-year medical students (n = 865). Analysis of user engagement showed global distribution with 498 QR scans on a single day. Student responses (n = 79, 9.1% response rate) indicated positive feedback on the resources of Extremely Satisfied (range 65-75%, n = 59-51). The findings of the study support further expansion of MedMicroMaps to cross-platform interfaces with adaptations for diverse audiences within allied health fields. The online version contains supplementary material available at 10.1007/s40670-024-02047-3.",Jane Harrington,Medical science educator,2024,Journal Article,eng,retrieved,UNCERTAIN_REQUIRES_SCREENING,TITLE_ABSTRACT_REVIEW_REQUIRED,,,,,,,,
3103,TA-13,39099694,10.3389/fonc.2024.1437598,The application of mixed reality technique in oromaxillo-facial reconstruction with the perforator flap for malignant tumor patients.,"The integration of quantitative imaging techniques such as computed tomography (CT) and magnetic resonance imaging (MRI) with mixed reality (MR) technology holds promise for enhancing the diagnosis, prognosis, and treatment monitoring of cancer. This study compares the characteristics and effects of MR and color Doppler ultrasound (CDU) in the localization of perforator blood vessels in the lower extremities. Two techniques were used to locate the perforator vessels in 40 cases of maxillofacial defect repair using perforator flaps from the lower extremities. The number of perforator vessels located in the flap area and the actual number of perforator vessels explored during the surgery were recorded. The recognition rate was calculated and the operation time and blood loss were recorded for each case. The recognition rates of MR technology and CDU in perforating vessels of the lower limbs were 93.9% and 97.2%, respectively (p > 0.05). The operation time was 52-74 minutes, 65-88 minutes (p > 0.05). The average bleeding volumes were 24 and 56 ml (p < 0.05), respectively. All perforator flaps were alive. One flap had a crisis and recovered after emergency exploratory treatment. Thirty donor sites of the lower extremities were directly sutured, and wounds were closed by abdominal skin grafting in 10 cases. MR technology for successfully identifying perforator vessels can shorten the operation time, reduce the amount of bleeding in the donor site, and reduce trauma to the donor site.",Yixiu Liu; Jian Wu; Daide Liu; Dalan Xiang; Xiaoyue Wu; Ting Wang,Frontiers in oncology,2024,Journal Article,eng,retrieved,UNCERTAIN_REQUIRES_SCREENING,TITLE_ABSTRACT_REVIEW_REQUIRED,,,,,,,,
3104,TA-13,39099681,10.1177/20552076241269587,"Comparing virtual reality vs. augmented reality in promoting COVID-19 self-testing, vaccination, and preventive behaviors.","Virtual Reality (VR) and Augmented Reality (AR) are innovative technologies that can serve as effective tools for creating health interventions by altering psychological distance. Based on construal level theory and the reality-virtuality continuum, we designed, tested, and compared VR and AR campaigns to encourage proactive measures against COVID-19. 143 participants were randomly assigned to one of three messages: VR, AR, and a CDC video, and completed surveys before, immediately, and one week following message exposure. VR and AR increased preventive intentions and behaviors against COVID-19 both in the short and long run. VR was particularly effective as it also increased risk perceptions, more preventive intentions in the short term, and more preventive behaviors, including social distancing and mask wearing, in the long term. VR was more efficient than AR in enhancing risk perceptions and preventive intentions right after being exposed to the messages as well as promoting behaviors such as avoiding crowds, maintaining social distance from others, and wearing a mask in indoor public areas one week later. Moreover, among the three conditions, VR was the only intervention that generated actual behavior change after one week, which indicated potential long-term advantages of VR compared to other mediums. VR decreased social, spatial, and hypothetical distances to a greater degree than AR. VR was more effective than video. However, AR was not more persuasive than video. Insights gained from the findings extend beyond the pandemic phase, offering practical applications for employing VR and AR technologies in health campaigns.",Zhan Xu; Linda Dam,Digital health,2024,Journal Article,eng,retrieved,UNCERTAIN_REQUIRES_SCREENING,TITLE_ABSTRACT_REVIEW_REQUIRED,,,,,,,,
3105,TA-13,39099628,10.1515/icom-2024-0018,Augmented future: tracing the trajectory of location-based augmented reality gaming for the next ten years.,"Location-based games are a highly technology-dependent game genre that has witnessed an exponential increase in popularity with the democratisation of smartphones as well as ubiquitous mobile data and access to satellite navigation. Moving forward into the future, location-based games can be expected to evolve as the technologies underlying the genre improve. In this conceptual work, we review the current state of the art in location-based games, and identify key trajectories and trends. We discovered 12 trends, based on which we jump ten years into the future and evaluate how current technology trends may end up influencing location-based gaming. For example, we propose that in the year 2035 through improvements in map data services and sensor data coverage, we will see locative games that are increasingly connected to elements in the physical world. We also expect to see gameplay that moves away from solely taking place on a smartphone screen to the adoption of multiple forms of interactions with location-based game worlds, especially as head-mounted displays and other wearables become more commonplace.",Samuli Laato; Heinrich Söbke; Manuel F Baer,I-com,2024,Journal Article,eng,retrieved,UNCERTAIN_REQUIRES_SCREENING,TITLE_ABSTRACT_REVIEW_REQUIRED,,,,,,,,
3106,TA-13,39097789,10.1177/11297298241265163,Nephrology Partnership for Advancing Technology in Healthcare (N-PATH) Erasmus+ project: The Renal Expert in Vascular Access (REVAC) module.,"The Renal Expert in Vascular Access (REVAC) is one of the four modules of the Nephrology Partnership for Advancing Technology in Healthcare (N-PATH) project, the first European-wide advanced training course in diagnostics and interventional nephrology, funded by Erasmus+ Knowledge Alliance, a European Commission program. The N-PATH primary goal was to train 40 young European nephrologists in both theoretical knowledge and practical skills related to interventional nephrology. The REVAC module focused on the crucial aspects of vascular access (VA) care in nephrology practice, as a complementary training path to the actual residency program. The aim was to provide nephrology fellows with comprehensive knowledge and skills related to VA management. The methodology was based on face-to-face meetings and online learning, modern facilities, experienced tutors, cutting edge simulators, augmented reality tools by means of a multidisciplinary international faculty and hands-on-courses. A feedback survey reported the experience of fellows who attended the REVAC module, confirming the positive impact on their ongoing nephrology training. We are confident that this project will revitalize their nephrology careers and will help training the next generation of nephrologists; they will be able to manage VA needs with the help of multi-disciplinary teams to safely optimize the care of hemodialysis patients.",Carlo Lomonte; Jose Ibeas; Panagiotis Kitrou; Antonio Giusto; Marta Baratto; Valentina Bocchibianchi; Giuliano Brunori; Nicola Pirozzi; Rafael Ponikvar; Giacomo Forneris; Jan Malik; Konstantinos Katsanos; Maarten Snoeijs; Matteo Tozzi; Maurizio Gallieni; Loreto Gesualdo,The journal of vascular access,2025,Journal Article,eng,retrieved,UNCERTAIN_REQUIRES_SCREENING,TITLE_ABSTRACT_REVIEW_REQUIRED,,,,,,,,
3107,TA-13,39096029,10.1177/14604582241267793,Mixed reality technology for older adults: Evaluating the impact of a novel virtual humanoid coach in a community-based physical exercise program in the Philippines.,"Physical inactivity among older adults remains a global burden, leading to a variety of health challenges and even mortality. This study evaluated the impact of a novel virtual humanoid coach-driven physical exercise program among older adults. A non-randomized (quasi) experimental research was conducted in two community senior centers. The recruited participants (n = 130) were primarily female older adults with a mean age of 66.40 and agreed to be purposively assigned either experimental or control groups. Trained healthcare providers performed health assessments in three time points using valid and reliable tools. Descriptive statistics, t-tests, and RM-ANOVA were used to quantitatively analyze the data using SPSS version 22. There are significant mean differences between the groups across all functional capacity assessments and Time 2-3 assessment of sleep quality. RM-ANOVA revealed significant differences in physical assessment over time between the two groups. The analyses of time and group interaction revealed significant improvement in health assessments among the members of the mixed reality group compared to the traditional groups. The impact of virtual coaches in community-based enhancing physical activity programs is comparable to the traditional mode and introduces a novel approach to promoting physical activity among older adults.",Michael Joseph S Dino; Kenneth W Dion; Peter M Abadir; Chakra Budhathoki; Chien-Ming Huang; Irvin Ong; Joseph Carlo Vital; Valerie T Cotter; Cheryl R Dennison Himmelfarb; Patricia M Davidson,Health informatics journal,2024,"Journal Article; Research Support, Non-U.S. Gov't",eng,retrieved,UNCERTAIN_REQUIRES_SCREENING,TITLE_ABSTRACT_REVIEW_REQUIRED,,,,,,,,
3108,TA-13,39095407,10.1038/s41467-024-50965-y,Nonlocal meta-lens with Huygens' bound states in the continuum.,"Meta-lenses composed of artificial meta-atoms have stimulated substantial interest due to their compact and flexible wavefront shaping capabilities, outperforming bulk optical devices. The operating bandwidth is a critical factor determining the meta-lens' performance across various wavelengths. Meta-lenses that operate in a narrowband manner relying on nonlocal effects can effectively reduce disturbance and crosstalk from non-resonant wavelengths, making them well-suitable for specialized applications such as nonlinear generation and augmented reality/virtual reality display. However, nonlocal meta-lenses require striking a balance between local phase manipulation and nonlocal resonance excitation, which involves trade-offs among factors like quality-factor, efficiency, manipulation dimensions, and footprint. In this work, we experimentally demonstrate the nonlocal meta-lens featuring Huygens' bound states in the continuum (BICs) and its near-infrared imaging application. All-dielectric integrated-resonant unit is particularly optimized to efficiently induce both the quasi-BIC and generalized Kerker effect, while ensuring the rotation-angle robustness for generating geometric phase. The experimental results show that the single-layer nonlocal Huygens' meta-lens possesses a high quality-factor of 104 and achieves a transmission polarization conversion efficiency of 55%, exceeding the theoretical limit of 25%. The wavelength-selective two-dimensional focusing and imaging are demonstrated as well. This work will pave the way for efficient nonlocal wavefront shaping and meta-devices.",Jin Yao; Fangxing Lai; Yubin Fan; Yuhan Wang; Shih-Hsiu Huang; Borui Leng; Yao Liang; Rong Lin; Shufan Chen; Mu Ku Chen; Pin Chieh Wu; Shumin Xiao; Din Ping Tsai,Nature communications,2024,Journal Article,eng,retrieved,UNCERTAIN_REQUIRES_SCREENING,TITLE_ABSTRACT_REVIEW_REQUIRED,,,,,,,,
3109,TA-13,39093872,10.1097/JS9.0000000000001983,The application of mixed reality navigation system in laparoscopic partial nephrectomy for highly complex renal tumors (RENAL score ≥10): a retrospective cohort study.,,Wangmin Liu; Yanlong Wang; Zhitong Wang; Zhiqiang Cao; Yufei Yu; Jianfeng Wang; Jianbin Bi; Lina Wu; Mo Zhang,"International journal of surgery (London, England)",2025,Journal Article,eng,retrieved,UNCERTAIN_REQUIRES_SCREENING,TITLE_ABSTRACT_REVIEW_REQUIRED,,,,,,,,
3110,TA-13,39092384,10.7759/cureus.63657,Apple Vision Pro Augmented Reality-Assisted Minimally Invasive Surgical Treatment of Spinal Dural Arteriovenous Fistula.,"This report outlines the innovative use of augmented reality (AR) in the surgical planning and treatment of a spinal dural arteriovenous fistula (dAVF) via a minimally invasive technique. AR technology by way of an Apple Vision Pro headset was employed to enhance preoperative visualization and understanding of the pathology, leading to successful surgical ligation of the AVF. This case describes a 56-year-old male presenting with progressive weakness and thoracic myelopathy who showed marked improvement postoperatively, highlighting AR's potential to improve surgical approach and outcomes.",Joshua Olexa; Kevin T Kim; Jordan R Saadon; Maureen Rakovec; Madison Evans; Jonathan Cohen; Jacob Cherian,Cureus,2024,Case Reports; Journal Article,eng,retrieved,UNCERTAIN_REQUIRES_SCREENING,TITLE_ABSTRACT_REVIEW_REQUIRED,,,,,,,,
3111,TA-13,39091666,10.1089/jmxr.2023.0006,"Use of Virtual Reality Therapy (VRT) for Home-Based Pain Management, an Observational Cohort Study.","Chronic pain is prevalent in the Veteran population at a disproportionate rate. Given the concerns for traditional pharmacologic management of pain, many are turning to nonpharmacologic alternatives for the treatment of pain. Virtual reality (VR) is an evidence-based tool, which has been demonstrated to reduce pain in hospitalized patients, and has been used for this purpose within the VA Sierra Nevada Healthcare System (VASNHCS) since 2019. Given the ongoing demonstrated benefit in this setting, these authors set to assess benefit for pain when used in an outpatient setting (demonstrations in the clinic, treatments in the patient's home) and demonstrate safety when used outside of a supervised setting. In this analysis, pain intensity decreased by an average of 22% when comparing pre- and postimmersion pain scores, and by 12.7% when comparing baseline pain scores with the end of the analysis. Patients also reported that the use of VR reduced their stress, decreased pain, and improved their mood, and some participants were able to reduce use of their as-needed pain medications with the use of VR. These findings are limited by a small sample size; however, this study provides encouraging evidence of benefit and a framework for future, larger scale analyses.",Megan Rumzie; Carla Figura,Journal of medical extended reality,2024,Journal Article,eng,retrieved,UNCERTAIN_REQUIRES_SCREENING,TITLE_ABSTRACT_REVIEW_REQUIRED,,,,,,,,
3112,TA-13,39090719,10.1186/s42836-024-00263-1,Application of image recognition-based tracker-less augmented reality navigation system in a series of sawbone trials.,"This study introduced an Augmented Reality (AR) navigation system to address limitations in conventional high tibial osteotomy (HTO). The objective was to enhance precision and efficiency in HTO procedures, overcoming challenges such as inconsistent postoperative alignment and potential neurovascular damage. The AR-MR (Mixed Reality) navigation system, comprising HoloLens, Unity Engine, and Vuforia software, was employed for pre-clinical trials using tibial sawbone models. CT images generated 3D anatomical models, projected via HoloLens, allowing surgeons to interact through intuitive hand gestures. The critical procedure of target tracking, essential for aligning virtual and real objects, was facilitated by Vuforia's feature detection algorithm. In trials, the AR-MR system demonstrated significant reductions in both preoperative planning and intraoperative times compared to conventional navigation and metal 3D-printed surgical guides. The AR system, while exhibiting lower accuracy, exhibited efficiency, making it a promising option for HTO procedures. The preoperative planning time for the AR system was notably shorter (4 min) compared to conventional navigation (30.5 min) and metal guides (75.5 min). Intraoperative time for AR lasted 8.5 min, considerably faster than that of conventional navigation (31.5 min) and metal guides (10.5 min). The AR navigation system presents a transformative approach to HTO, offering a trade-off between accuracy and efficiency. Ongoing improvements, such as the incorporation of two-stage registration and pointing devices, could further enhance precision. While the system may be less accurate, its efficiency renders it a potential breakthrough in orthopedic surgery, particularly for reducing unnecessary harm and streamlining surgical procedures.",Elvis Chun-Sing Chui; Kyle Ka-Kwan Mak; Randy Hin-Ting Ng; Ericsson Chun-Hai Fung; Harold Hei-Ka Mak; Mei-Shuen Chan; Wei Zhao; Xiuyun Su; Jin Zhang; Jianglong Xu; Hongxun Sang; Guoxian Pei; Michael Tim-Yun Ong; Wing-Hoi Cheung; Sheung-Wai Law; Ronald Man Yeung Wong; Patrick Shu-Hang Yung,"Arthroplasty (London, England)",2024,Journal Article,eng,retrieved,UNCERTAIN_REQUIRES_SCREENING,TITLE_ABSTRACT_REVIEW_REQUIRED,,,,,,,,
3113,TA-13,42147208,10.2196/52893,Mobile Phone-Based Personalized and Interactive Augmented Reality Pictorial Health Warnings for Enhancing a Brief Advice Model for Smoking Cessation: Pilot Randomized Controlled Trial.,"Augmented reality (AR) is a novel modality for promoting smoking cessation (SC). AR-visualized adverse consequences for education and smoking prevention have only been evaluated in nonsmokers in previous studies. To assess the feasibility and preliminary effectiveness for SC of AR pictorial health warnings (PHWs) on cigarette packs. We conducted a pilot randomized controlled trial in adult daily smokers in communities in Hong Kong. All participants received AWARD (ask, warn, advise, referral, do-it-again) model-guided SC advice, a warning leaflet, and referral to SC services at baseline. Interactive, chat-based SC support comprising regular messages and real-time support was provided to all participants via instant messaging apps (eg, WhatsApp) for 3 months after randomization. Participants in the intervention group additionally received 6 links to the AR PHWs showing the worsening health status of various organs caused by smoking. The level of the AR PHWs was adjustable to smoking behaviors (ie, smoking duration or daily cigarette consumption) to increase interaction. Participants could swipe, drag, or rotate the 3D PHWs to reinforce their impression of the health consequences of smoking. The primary outcome was self-reported past 7-day point-prevalence abstinence (PPA) at 3 months. The acceptability of the AR intervention was assessed by the proportion of participants who had viewed AR PHWs during the intervention. Participants who viewed AR PHWs further evaluated the perceived effect of the AR PHWs on a scale of 0 (not helpful at all) to 10 (very helpful). Intention to treat was used, and the risk ratio (RR) of the intervention effect was estimated by Poisson regression. From April to November 2021, 80 participants were recruited and randomly assigned to intervention (n=40) and control (n=40) groups. Most participants were male (66/80, 83%) and planned to quit beyond 30 days or were undecided (65/80, 81%). The intervention group had a higher but nonsignificant 7-day PPA (7/40, 18% vs 5/40, 13%; RR 1.40, 95% CI 0.48-4.07) and quit attempts (15/40, 38% vs 11/40, 28%; RR 1.36, 95% CI 0.71-2.60) at 3 months than the control group. In the intervention group, 17 of 40 (43%) participants viewed the AR PHWs. The AR PHWs had modest effects on knowledge of the adverse consequences of smoking on personal health (mean score 3.94, SD 3.52), reducing the frequency of buying cigarettes (mean score 3.29, SD 3.08), increasing the perceived importance of quitting (mean score 3.88, SD 3.50), and making the PHWs more disgusting (mean score 3.41, SD 3.08) and horrible (mean score 3.38, SD 3.05). The 3-month self-reported 7-day PPA was higher in those who ever (vs never) viewed the AR PHWs (5/17, 29% vs 2/23, 9%). The mobile-based interactive AR PHWs were feasible, and the effectiveness on smoking abstinence warrants further testing. ClinicalTrials.gov NCT04830072; https://clinicaltrials.gov/study/NCT04830072.",Ziqiu Guo; Yongda Wu; Man Ping Wang,JMIR XR and spatial computing,2024,Journal Article,eng,retrieved,UNCERTAIN_REQUIRES_SCREENING,TITLE_ABSTRACT_REVIEW_REQUIRED,,,,,,,,
3114,TA-13,39087287,10.5137/1019-5149.JTN.44974-23.2,Mixed Reality Assisted Navigation Guided Microsurgical Removal of Cranial Lesions.,"To demonstrate the possible use of mixed reality (MR) technology in neurosurgery for multiple purposes, including preoperative planning, training, and three-dimensional (3D) navigation. Using magnetic resonance imaging (MRI) and computed tomography (CT), 3D holographic images of three patients were created and inspected using a remote control. Preoperative planning was performed in a conference room using holographic images. Intraoperatively, the 3D images were matched and the adjacent structures were examined. The MR System (MRS) was a useful tool for preoperative planning and intraoperative navigation during the cranial intervention. It reduces operative time, decreases complication rates, increases surgical success, and enhances surgical outcomes. Eventually, MRS may be more economical. The MRS can be used for intraoperative navigation by displaying a 3D hologram at the surgeon's fingertips and for preoperative 3D examination of the lesions and its surrounding structures. The MRS enhances surgical efficacy, reduces healthcare costs, and has a shorter learning curve than the conventional methods. It also enables customized patient-specific surgery.",Yusuf Sukru Caglar; Murat Zaimoglu; Onur Ozgural; Engin Erdin; Baran Can Alpergin; Emre Bahir Mete; Ihsan Dogan,Turkish neurosurgery,2024,Journal Article; Case Reports,eng,retrieved,UNCERTAIN_REQUIRES_SCREENING,TITLE_ABSTRACT_REVIEW_REQUIRED,,,,,,,,
3115,TA-13,39084100,10.1016/j.humov.2024.103254,Characterization of bilateral reaching development using augmented reality games.,"Bilateral coordination is commonly impaired in neurodevelopmental conditions including cerebral palsy, developmental coordination disorder, and autism spectrum disorder. However, we lack objective clinical assessments that can quantify bilateral coordination in a clinically feasible manner and determine age-based norms to identify impairments. The objective of this study was to use augmented reality and computer vision to characterize bilateral reaching abilities in typically developing children. Typically developing children (n = 133) ages 6-17 years completed symmetric and asymmetric bilateral reaching tasks in an augmented reality game environment. We analyzed the number of target pairs they could reach in 50 s as well as the time lag between their hands reaching the targets. We found that performance on both tasks developed in parallel, with development slowing but not plateauing after age 12. Children performed better on the symmetric task than asymmetric, both in targets reached and with shorter hand lags. Variability between children in hand lag decreased with age. We also found gender differences with females outperforming males, which were most pronounced in the 10-11 year olds. Overall, this study demonstrates parallel development through childhood and adolescence of symmetric and asymmetric reaching abilities. Furthermore, it demonstrates the ability to quantify bilateral coordination using computer vision and augmented reality, which can be applied to assess clinical populations.",Shelby Ziccardi; Samantha Timanus; Ghazaleh Ashrafzadehkian; Stephen J Guy; Rachel L Hawe,Human movement science,2024,Journal Article,eng,retrieved,UNCERTAIN_REQUIRES_SCREENING,TITLE_ABSTRACT_REVIEW_REQUIRED,,,,,,,,
3116,TA-13,39079746,10.14444/8618,"A Network Meta-Analysis Comparing the Efficacy and Safety of Pedicle Screw Placement Techniques Using Intraoperative Conventional, Navigation, Robot-Assisted, and Augmented Reality Guiding Systems.","Studies were reviewed and collected to compare different image guidance systems for pedicle screw placement (PSP) regarding accuracy and safety outcomes. Included were conventional, navigation, robot-assisted, and recent technology such as augmented reality (AR) guiding systems. This network meta-analysis obtained human comparative studies and randomized controlled trials (RCTs) regarding PSP found in 3 databases (Cochrane, PubMed, and Scopus). Data extraction for accuracy, safety, and clinical outcomes were collected. The network meta-analysis was analyzed, and a surface under the cumulative ranking curve (SUCRA) was used to rank the treatment for all outcomes. The final 61 studies, including 13 RCTs and 48 non-RCTs, were included in the meta-analysis. These studies included a total of 17,023 patients and 35,451 pedicle screws. The surface under the cumulative ranking curve ranking demonstrated the supremacy of robotics in almost all accuracy outcomes except for the facet joint violation. Regarding perfect placement, the risk difference for AR was 19.1 (95% CI: 8.1-30.1), which was significantly higher than the conventional method. The robot-assisted and navigation systems had improved outcomes but were not significantly different in accuracy vs the conventional technique. There was no statistically significant difference concerning safety or clinical outcomes. The accuracy of PSP achieved by robot-assisted technology was the highest, whereas the safety and clinical outcomes of the different methods were comparable. The recent AR technique provided better accuracy compared with navigation and conventional methods.",Kanyakorn Riewruja; Teerachat Tanasansomboon; Wicharn Yingsakmongkol; Vit Kotheeranurak; Worawat Limthongkul; Ronpichai Chokesuwattanaskul; Stephen J Kerr; Weerasak Singhatanadgige,International journal of spine surgery,2024,Journal Article,eng,retrieved,UNCERTAIN_REQUIRES_SCREENING,TITLE_ABSTRACT_REVIEW_REQUIRED,,,,,,,,
3117,TA-13,42558114,10.1089/jmxr.2024.0001,"Feasibility, Adoption, and Utility of Augmented Reality in Lumbar Puncture Simulation by Medical Students: A Pilot Study.","The acquisition of procedural skills by medical trainees remains challenging, time-consuming, and risky. The use of augmented reality in the clinical setting is increasing because of its growing accessibility and potential to aid medical education and clinical care delivery. This study investigated the feasibility, adoption, and efficacy of augmented reality (AR)-supported lumbar puncture (LP) simulation for medical student training. A randomized and controlled approach was used to assess the effect of AR-supported simulation training versus standard simulation training on the number of sticks for successful LP, distance of first puncture from the target, and the time to successful LP. Pre- and post-surveys were used to assess medical student satisfaction with AR-supported LP simulation. Thirty-four third-and fourth-year medical students were equally randomized into a AR-supported or control LP simulation groups. The median number of punctures required for a successful LP was 2 (interquartile range [IQR] 2) in the control group and 1 (IQR 2) in the AR group (p = 0.58). The median distance of the first puncture from the target was 5 mm (IQR 25) in the control group and 10 mm (IQR 18) in the AR group (p = 0.51). The median time to successful puncture was 137.9 s (IQR 283.1) in the control group and 93.8 s (IQR 117.7) in the AR group (p = 0.27). Confidence in performing LP on real patients on a 1-5 Likert scale improved from a median of 1 (IQR = 1) to 3 (IQR = 1, p < 0.01). There was no statistically significant difference in the number of sticks, distance from the target, and the time to successful puncture between the AR and control groups. Significant improvements in confidence levels were reported after simulation training via a survey. Although most of this cohort had no previous exposure to AR, the majority expressed willingness and preference to use AR in the procedural simulation. Future studies would benefit from a multisite design for a larger sample, as well as the use of newer AR technologies.",Korak Sarkar; Jeffrey Coote; Rahim Abdul; Alec Slayden,Journal of medical extended reality,2024,Journal Article,eng,retrieved,UNCERTAIN_REQUIRES_SCREENING,TITLE_ABSTRACT_REVIEW_REQUIRED,,,,,,,,
3118,TA-13,39073682,10.1186/s40902-024-00440-x,Advanced outcomes of mixed reality usage in orthognathic surgery: a systematic review.,"Orthognathic surgery (OGS) is a highly sophisticated surgical technique that aims to repair a variety of skeletal and dental abnormalities, including misaligned jaws and teeth. It requires precise preoperative preparation and advanced surgical skills, which are typically learned through years of practical experience in operating rooms or laboratory-based surgical training facilities utilizing cadavers or models. The traditional physical hands-on method of surgical training is still used at OGS. However, this method requires a longer time of preparation. Currently, mixed reality (MR)-a combination of virtual reality and augmented reality technology-is an innovation of OGS. The present study aimed to present a comprehensive review of studies that assessed the advantages of utilizing mixed reality technology in OGS. A modified Population, Intervention, Comparison, Outcome strategy was performed using a combination of electronic (PubMed, Cochrane, Embase) and manual searches between 2013 and 2023 exploring mixed reality (MR) technology in OGS in the last 10 years. The inclusion criteria were limited to the patient and study model focusing on the clinical application of MR and the associated field of OGS. The initial search indicated 1731 studies, of which 17 studies were included for analysis. The main results indicated that the use of MR technology in OGS led to high accuracy and time reduction as primary outcomes and cost-effectiveness and skill improvement as secondary outcomes. The review firmly concluded that MR technology exhibited a positive impact on students, trainees, and oromaxillofacial surgeons. However, due to the heterogeneity of the included studies, meta-analyses could not be performed. Collectively, these findings provide strong evidence for the advantages of MR technology in orthognathic surgery. MR technology significantly improves OGS planning efficiency by providing pre-surgical information and serving as an intraoperative navigation tool, reducing surgical time without compromising outcomes. Virtual training using MR technology exerts a positive impact on knowledge and skill improvement for OGS. This innovative technology will revolutionize the healthcare system and enhance patient care.",Carolina Stevanie; Yossy Yoanita Ariestiana; Faqi Nurdiansyah Hendra; Muh Anshar; Paolo Boffano; Tymour Forouzanfar; Cortino Sukotjo; Sri Hastuti Kurniawan; Muhammad Ruslin,Maxillofacial plastic and reconstructive surgery,2024,Journal Article,eng,retrieved,UNCERTAIN_REQUIRES_SCREENING,TITLE_ABSTRACT_REVIEW_REQUIRED,,,,,,,,
3119,TA-13,39071834,10.1016/j.artd.2024.101389,Total Knee Arthroplasty With Robotic and Augmented Reality Guidance: A Hierarchical Task Analysis.,"Total knee arthroplasty (TKA) is a commonly performed procedure that has traditionally utilized reproducible steps using a set of mechanical instruments. The number of TKAs performed using robotic assistance is increasing, and augmented reality (AR) navigation systems are being developed. Hierarchical task analysis (HTA) aims to describe the steps of a specific task in detail to reduce errors and ensure reproducibility. The objective of this study was to develop and validate HTAs for conventional, robotic-assisted, and AR-navigated TKA. The development of HTAs for conventional TKA involved an iterative review process that incorporated the input of 4 experienced arthroplasty surgeons. The HTAs were then adapted for robotic-assisted and AR-navigated TKA by incorporating specific steps associated with the use of these systems. The accuracy and completeness of the HTAs were validated by observing 10 conventional and 10 robotic-assisted TKA procedures. HTAs for conventional, robotic-assisted, and AR-navigated TKA were developed and validated. The resulting HTAs provide a comprehensive and standardized plan for each procedure and can aid in the identification of potential areas of inefficiency and risk. Robotic-assisted and AR-navigated approaches require additional steps, and there are an increased number of instances where complications may occur. The HTAs developed in this study can provide valuable insights into the potential pitfalls of robotic-assisted and AR-navigated TKA procedures. As AR-navigation systems are developed, they should be optimized by critical analysis using the developed HTAs to ensure maximum efficiency, reliability, accessibility, reduction of human error, and costs.",Robert Koucheki; Jesse I Wolfstadt; Justin S Chang; David J Backstein; Johnathan R Lex,Arthroplasty today,2024,Journal Article,eng,retrieved,UNCERTAIN_REQUIRES_SCREENING,TITLE_ABSTRACT_REVIEW_REQUIRED,,,,,,,,
3120,TA-13,39070238,10.3389/fpain.2024.1331700,Interactive and passive mixed reality distraction: effects on cold pressor pain in adults.,"While interactive distractors are predicted to be more effective in reducing acute pain than passive distractors, the underlying mechanisms remain poorly understood. Previous work using Virtual-Reality (VR) has suggested that interactive distraction may be enhanced by increasing the person's sense of immersion. Despite the possible utility of immersive VR in reducing pain, some people report being disoriented and motion sick, and it doesn't allow for interactions with environment (e.g., following instructions from medical staff). Here, we explore the role of the immersion in the effectiveness of interactive distraction by employing an alternative technology, a Mixed-Reality (MR) headset that limits disorientation by projecting virtual objects into the real world. Healthy volunteers (18-35 years) participated in two experiments employing either a between (N = 84) or a within-subject (N = 42) design to compare Interactive and Passive distraction tasks presented via MR or a standard computer display. For both experiments, a cold-pressor task was used to elicit pain, with pain tolerance and pain perception being recorded. Analysis revealed that whilst interactive distraction was more effective in reducing pain perception and increasing pain tolerance than passive distraction, the interpretation of results was sensitive to experimental design. Comparison of devices did not reveal significant differences in pain tolerance or pain intensity, while pain unpleasantness was significantly reduced during the MR task using a within-subject design. Our findings add to existing VR studies reporting little additional analgesic benefit of new, immersive technologies compared to traditional computers, but underscores the important impact the choice of experimental design can have on the interpretation of results.",Jamie G Murray; Line Caes,"Frontiers in pain research (Lausanne, Switzerland)",2024,Journal Article,eng,retrieved,UNCERTAIN_REQUIRES_SCREENING,TITLE_ABSTRACT_REVIEW_REQUIRED,,,,,,,,
3121,TA-13,39066152,10.3390/s24144756,Online Scene Semantic Understanding Based on Sparsely Correlated Network for AR.,"Real-world understanding serves as a medium that bridges the information world and the physical world, enabling the realization of virtual-real mapping and interaction. However, scene understanding based solely on 2D images faces problems such as a lack of geometric information and limited robustness against occlusion. The depth sensor brings new opportunities, but there are still challenges in fusing depth with geometric and semantic priors. To address these concerns, our method considers the repeatability of video stream data and the sparsity of newly generated data. We introduce a sparsely correlated network architecture (SCN) designed explicitly for online RGBD instance segmentation. Additionally, we leverage the power of object-level RGB-D SLAM systems, thereby transcending the limitations of conventional approaches that solely emphasize geometry or semantics. We establish correlation over time and leverage this correlation to develop rules and generate sparse data. We thoroughly evaluate the system's performance on the NYU Depth V2 and ScanNet V2 datasets, demonstrating that incorporating frame-to-frame correlation leads to significantly improved accuracy and consistency in instance segmentation compared to existing state-of-the-art alternatives. Moreover, using sparse data reduces data complexity while ensuring the real-time requirement of 18 fps. Furthermore, by utilizing prior knowledge of object layout understanding, we showcase a promising application of augmented reality, showcasing its potential and practicality.",Qianqian Wang; Junhao Song; Chenxi Du; Chen Wang,"Sensors (Basel, Switzerland)",2024,Journal Article,eng,retrieved,UNCERTAIN_REQUIRES_SCREENING,TITLE_ABSTRACT_REVIEW_REQUIRED,,,,,,,,
3122,TA-13,39066150,10.3390/s24144754,Robot-Assisted Augmented Reality (AR)-Guided Surgical Navigation for Periacetabular Osteotomy.,"Periacetabular osteotomy (PAO) is an effective approach for the surgical treatment of developmental dysplasia of the hip (DDH). However, due to the complex anatomical structure around the hip joint and the limited field of view (FoV) during the surgery, it is challenging for surgeons to perform a PAO surgery. To solve this challenge, we propose a robot-assisted, augmented reality (AR)-guided surgical navigation system for PAO. The system mainly consists of a robot arm, an optical tracker, and a Microsoft HoloLens 2 headset, which is a state-of-the-art (SOTA) optical see-through (OST) head-mounted display (HMD). For AR guidance, we propose an optical marker-based AR registration method to estimate a transformation from the optical tracker coordinate system (COS) to the virtual space COS such that the virtual models can be superimposed on the corresponding physical counterparts. Furthermore, to guide the osteotomy, the developed system automatically aligns a bone saw with osteotomy planes planned in preoperative images. Then, it provides surgeons with not only virtual constraints to restrict movement of the bone saw but also AR guidance for visual feedback without sight diversion, leading to higher surgical accuracy and improved surgical safety. Comprehensive experiments were conducted to evaluate both the AR registration accuracy and osteotomy accuracy of the developed navigation system. The proposed AR registration method achieved an average mean absolute distance error (mADE) of 1.96 ± 0.43 mm. The robotic system achieved an average center translation error of 0.96 ± 0.23 mm, an average maximum distance of 1.31 ± 0.20 mm, and an average angular deviation of 3.77 ± 0.85°. Experimental results demonstrated both the AR registration accuracy and the osteotomy accuracy of the developed system.",Haoyan Ding; Wenyuan Sun; Guoyan Zheng,"Sensors (Basel, Switzerland)",2024,Journal Article,eng,retrieved,UNCERTAIN_REQUIRES_SCREENING,TITLE_ABSTRACT_REVIEW_REQUIRED,,,,,,,,
3123,TA-13,39066124,10.3390/s24144727,Real-Time Spatial Mapping in Architectural Visualization: A Comparison among Mixed Reality Devices.,"Recent advancements in communication technology have catalyzed the widespread adoption of realistic content, with augmented reality (AR) emerging as a pivotal tool for seamlessly integrating virtual elements into real-world environments. In construction, architecture, and urban design, the integration of mixed reality (MR) technology enables rapid interior spatial mapping, providing clients with immersive experiences to envision their desires. The rapid advancement of MR devices, or devices that integrate MR capabilities, offers users numerous opportunities for enhanced entertainment experiences. However, to support designers at a high level of expertise, it is crucial to ensure the accuracy and reliability of the data provided by these devices. This study explored the potential of utilizing spatial mapping within various methodologies for surveying architectural interiors. The objective was to identify optimized spatial mapping procedures and determine the most effective applications for their use. Experiments were conducted to evaluate the interior survey performance, using HoloLens 2, an iPhone 13 Pro for spatial mapping, and photogrammetry. The findings indicate that HoloLens 2 is most suited for the tasks examined in the scope of these experiments. Nonetheless, based on the acquired parameters, the author also proposes approaches to apply the other technologies in specific real-world scenarios.",Tam Le Phuc Do; Kang Sanhae; Leehwan Hwang; Seunghyun Lee,"Sensors (Basel, Switzerland)",2024,Journal Article,eng,retrieved,UNCERTAIN_REQUIRES_SCREENING,TITLE_ABSTRACT_REVIEW_REQUIRED,,,,,,,,
3124,TA-13,39061368,10.3390/brainsci14070627,The Use of Technology-Based Simulation among Medical Students as a Global Innovative Solution for Training.,"Technological advancements have been rapidly integrated within the neurosurgical education track since it is a high-risk specialty with little margin for error. Indeed, simulation and virtual reality during training can improve surgical performance and technical skills. Our study aims to investigate the impact of neurosurgical technology-based simulation activities on medical students. The ""Suturing Mission-The Symposium"" was a three-day event held at Humanitas University. Participants had access to live-streamed conferences held by worldwide experts in several fields of neurosurgery and practical simulations of dura mater sutures, microvascular anastomosis, and augmented reality neurosurgical approaches. An anonymous survey was conducted at the beginning and end of the event. 141 medical students with a mean age of 21 participated. After the course, 110 participants (77.5%) showed interest in pursuing a surgical path, with a great prevalence in those who had planned to have a surgical career before the event (88.7% vs. 41.4%, p < 0.001). Participants were also asked about their comfort levels while handling surgical instruments, and a good outcome was reached in 72.7% of participants, with a significant difference between those who had previously attended a suture course (87.8% vs. 66.3%, p = 0.012). Training sessions on surgical simulators were effective in increasing participants' interest in pursuing a surgical path, improving their understanding of postgraduate orientation, and boosting their confidence with surgical instruments.",Francesco Guerrini; Luca Bertolino; Adrian Safa; Matilde Pittarello; Anna Parisi; Ludovica Vittoria Beretta; Elena Zambelli; Francesca Totis; Giovanni Campanaro; Lorenzo Pavia; Giannantonio Spena; Federico Nicolosi; Franco Servadei,Brain sciences,2024,Journal Article,eng,retrieved,UNCERTAIN_REQUIRES_SCREENING,TITLE_ABSTRACT_REVIEW_REQUIRED,,,,,,,,
3125,TA-13,39060888,10.1007/s11548-024-03225-9,Augmented reality for endoscopic transsphenoidal surgery: evaluating design factors with neurosurgeons.,"This study investigates the potential utility of augmented reality (AR) in the endoscopic transsphenoidal approach (TSA). While previous research has addressed technical challenges in AR for TSA, this paper explores how design factors can improve AR for neurosurgeons from a human-centred design perspective. Preliminary qualitative research involved observations of TSA procedures ( n = 2  ) and semi-structured interviews with neurosurgeons ( n = 4  ). These informed the design of an AR mockup, which was evaluated with neurosurgeons ( n = 3  ). An interactive low-fidelity prototype-the ""AR-assisted Navigation for the TransSphenoidal Approach (ANTSA)""-was then developed in Unity 3D. A user study ( n = 4  ) evaluated the low-fidelity prototype of ANTSA through contextual interviews, providing feedback on design factors. AR visualisations may be beneficial in streamlining the sellar phase and reducing intraoperative errors such as excessive or inadequate exposure. Key design recommendations include a lean mesh rendering, an intuitive colour palette, and optional structure highlighting. This research presents user-centred design guidelines to improve sensemaking and surgical workflow in the sellar phase of TSA, with the goal of improving clinical outcomes. The specific improvements that AR could bring to the workflow are discussed along with surgeons' reservations and its possible application towards training less experienced physicians.",Jennifer Higa; Sonia Nkatha; Roxana Ramirez Herrera; Hani Marcus; Soojeong Yoo; Ann Blandford; Jeremy Opie,International journal of computer assisted radiology and surgery,2025,Journal Article,eng,retrieved,UNCERTAIN_REQUIRES_SCREENING,TITLE_ABSTRACT_REVIEW_REQUIRED,,,,,,,,
3126,TA-13,39058601,10.1177/15533506241265544,Virtual Loupes: A Pilot Study on the Use of Video Passthrough Augmented Reality in Plastic Surgery.,"Plastic surgeons use loupes or operative microscope to aid in tissue dissection and anastomosis of structures. These devices have their own limitations in areas of visualization and weight. Current uses of augmented and virtual reality in surgery have been limited to operative planning and simulation. We present a proof of concept that harnesses video passthrough AR technology to augment the capabilities of loupes. We first evaluated methods of gaze-based eye tracking to enable digital magnification. Using the Varjo XR-1 mixed reality headset, we compared discrete zoom through displayed pop-up menu vs continuous zoom through eye winking. Six participants were recruited to perform skin suturing simulation and completed a survey and interview. Next we assessed the performance and limitations of AR digital magnification. Varjo XR-3 was utilized to address the hardware limitations. Participants performed anastomotic suturing tasks with progressively finer suture, then completed a survey and interview. There was no strong preference between zoom methods, although participants felt the discrete zoom was easier to use. Participants had difficulty determining depth and visualizing the suture due to limitations of digital magnification. Using Wilcoxon rank sum test to examine differences in system usability scale, the Phase 2 user experience had significant difference in percentile distribution (P 0.0390). Virtual loupes may be a valuable tool for plastic surgeons, with potential for variable magnification and advanced visualization. Improvements in the hardware yielded higher ratings of system usability and user experience. Further development is needed to address the limitations of existing devices.",Waylon Zeng; Cory Ilo; Douglas Bowman; James Thompson,Surgical innovation,2024,Journal Article,eng,retrieved,UNCERTAIN_REQUIRES_SCREENING,TITLE_ABSTRACT_REVIEW_REQUIRED,,,,,,,,
3127,TA-13,39053853,10.1016/j.wneu.2024.07.072,Assessment of High-fidelity Anatomical Models for Performing Pterional Approach: A Practical Clinic in American Association of Neurological Surgeons Meeting 2024.,"Over the last decade, simulation models have been increasingly applied as an adjunct for surgical training in neurosurgery. We aim through a practical course at a national neurosurgical conference to evaluate 3D non-cadaveric simulation models along with augmented reality for learning and practicing the pterional craniotomy approach among a wide variety of participants including medical students, neurosurgery residents, and attending neurosurgeons. Our course was conducted during an international neurosurgery meeting with 93 participants but the course surveys (pre- and post-course) were completed by 42 participants. Most participants were medical students (31; 73.8%). Participants with no experience (the majority) in cadaver lab dissections, craniotomy as first operator, and as second operator represented 12 (27.9%), 29 (69%), and 22 (52.4%), respectively. Participants with moderate experience in cadaver lab dissections were 23 (53.5%). Post-course survey respondents noted positive feedback in most items queried including enhancement of familiarity and acquiring skills, confidence with neurosurgery instruments, confidence with microscope, part of standard training, traditional training, and lifelong training. Simulation model combining augmented reality with physical simulation for hybrid experience can be a promising and valuable tool especially for medical students or early career neurosurgical residents.",Ahmed Shaaban; Salem M Tos; Georgios Mantziaris; Jorge Rios-Zermeno; Joao Paulo Almeida; Alfredo Quinones-Hinojosa; Jason P Sheehan,World neurosurgery,2024,Journal Article,eng,retrieved,UNCERTAIN_REQUIRES_SCREENING,TITLE_ABSTRACT_REVIEW_REQUIRED,,,,,,,,
3128,TA-13,39050543,10.3389/fmed.2024.1403423,Exploration of the application of augmented reality technology for teaching spinal tumor's anatomy and surgical techniques.,"Augmented reality (AR) technology is gradually being applied in surgical teaching as an innovative teaching method. Developing innovative teaching methods to replicate clinical theory and practical teaching scenarios, simulate preoperative planning and training for bone tumor surgery, and offer enhanced training opportunities for young physicians to acquire and apply clinical knowledge is a crucial concern that impacts the advancement of the discipline and the educational standards for young orthopedic physicians. This study explores the application effect of augmented reality technology in anatomy teaching and surgical clinical teaching for spinal tumor. The method utilizes virtual reality and augmented reality technology to present a spinal tumor model and the surgical process of percutaneous vertebroplasty. We conducted a random selection of 12 students forming into the augmented reality teaching group and 13 students forming into the traditional teaching group among the 8-year medical students from Peking Union Medical College and Tsinghua University, ensuring that the age and learning stage of the students in both groups were similar. Two groups of students were taught using traditional teaching methods and augmented reality technology-assisted teaching methods, respectively. A questionnaire survey was conducted after class to assess the quality of course instruction, student motivation in learning, their proficiency in anatomical structures, their comprehension of spinal tumor growth and metastasis, and their understanding and proficiency in percutaneous vertebroplasty. This study was the first to apply augmented reality technology in teaching, using spinal tumors and percutaneous vertebroplasty as examples, a head-mounted augmented reality device was used to create learning scenarios, presenting the complex three-dimensional spatial structure intuitively. The two groups of students differ significantly in their rating of teaching quality, enthusiasm for learning, knowledge of anatomical features, understanding of spinal trabecular structure, and understanding of steps in percutaneous vertebroplasty. The augmented reality technology-assisted teaching system demonstrates outstanding advantages. Augmented reality technology has great potential and broad prospects in teaching bone tumors, which can help improve the visualization, interactivity, and three-dimensional spatial sense of medical teaching in spinal tumor. The application and development prospects of using augmented reality technology for anatomy instruction, surgical teaching, and simulation training are extensive.",Shuzhong Liu; Jianxin Yang; Hui Jin; Annan Liang; Qi Zhang; Jinyi Xing; Yong Liu; Shuangshou Li,Frontiers in medicine,2024,Journal Article,eng,retrieved,UNCERTAIN_REQUIRES_SCREENING,TITLE_ABSTRACT_REVIEW_REQUIRED,,,,,,,,
3129,TA-13,39049561,10.1111/acps.13731,Digital nature: Unveiling the impact and safety of FlowVR group intervention for depression in a feasibility trial.,"This study addresses the limitations of existing interventions for depression, such as a deficit-oriented focus, overlooking the utilization of positive elements such as nature, and neglecting the incorporation of group effects. The present feasibility study examines FlowVR, a resource-oriented, nature-inspired virtual reality (VR)-based group therapy. Previously tested individually in a pilot study for non-clinical participants, FlowVR has demonstrated positive effects on depressive symptoms. This study assesses the impact and safety of FlowVR in a group setting within a clinical sample using a one-armed study design. Forty-two inpatients and day patients with depression were recruited. Before and after the FlowVR intervention period of 4 weeks (two sessions per week), depressive symptoms were assessed (Beck Depression Inventory-II; BDI). Symptomatology (i.e., depressive symptoms), depression-associated variables (i.e., self-efficacy), intervention-specific variables (feeling of flow), and VR-specific variables (simulator sickness) were assessed before and after each session. Linear mixed effect models showed that symptomatology (depression, negative affect, current anxiety), depression-associated constructs (self-efficacy, motivation), and intervention-specific variables (flow) improved over the course of the sessions. No variable deteriorated more in one session compared to any other session. The lasso regression identified five potential predictors for the change in depression (BDI-II), yet these could not be validated in a subsequent linear regression analysis. To conclude, FlowVR had the hypothesized positive impact over the course of the sessions, showing, for example, improvements in symptomatology. The sessions have demonstrated safety with no notable deteriorations. Therefore, FlowVR is deemed safe for clinical patients and group settings. However, further research is needed to explore predictors for the change in depression.",Franziska Miegel; Luzie Lohse; Lena Jelinek; Jakob Scheunemann; Tana Gabbert; Gesche Schauenburg; Lukas Bittner; Fariba Mostajeran; Simone Kühn; Jürgen Gallinat; Amir Yassari,Acta psychiatrica Scandinavica,2025,Journal Article,eng,retrieved,UNCERTAIN_REQUIRES_SCREENING,TITLE_ABSTRACT_REVIEW_REQUIRED,,,,,,,,
3130,TA-13,39047289,10.2196/38413,Extended Reality for Mental Health Evaluation: Scoping Review.,"Mental health disorders are the leading cause of health-related problems worldwide. It is projected that mental health disorders will be the leading cause of morbidity among adults as the incidence rates of anxiety and depression grow worldwide. Recently, ""extended reality"" (XR), a general term covering virtual reality (VR), augmented reality (AR), and mixed reality (MR), is paving the way for the delivery of mental health care. We aimed to investigate the adoption and implementation of XR technology used in interventions for mental disorders and to provide statistical analyses of the design, usage, and effectiveness of XR technology for mental health interventions with a worldwide demographic focus. In this paper, we conducted a scoping review of the development and application of XR in the area of mental disorders. We performed a database search to identify relevant studies indexed in Google Scholar, PubMed, and the ACM Digital Library. A search period between August 2016 and December 2023 was defined to select papers related to the usage of VR, AR, and MR in a mental health context. The database search was performed with predefined queries, and a total of 831 papers were identified. Ten papers were identified through professional recommendation. Inclusion and exclusion criteria were designed and applied to ensure that only relevant studies were included in the literature review. We identified a total of 85 studies from 27 countries worldwide that used different types of VR, AR, and MR techniques for managing 14 types of mental disorders. By performing data analysis, we found that most of the studies focused on high-income countries, such as the United States (n=14, 16.47%) and Germany (n=12, 14.12%). None of the studies were for African countries. The majority of papers reported that XR techniques lead to a significant reduction in symptoms of anxiety or depression. The majority of studies were published in 2021 (n=26, 30.59%). This could indicate that mental disorder intervention received higher attention when COVID-19 emerged. Most studies (n=65, 76.47%) focused on a population in the age range of 18-65 years, while few studies (n=2, 3.35%) focused on teenagers (ie, subjects in the age range of 10-19 years). In addition, more studies were conducted experimentally (n=67, 78.82%) rather than by using analytical and modeling approaches (n=8, 9.41%). This shows that there is a rapid development of XR technology for mental health care. Furthermore, these studies showed that XR technology can effectively be used for evaluating mental disorders in a similar or better way that conventional approaches. In this scoping review, we studied the adoption and implementation of XR technology for mental disorder care. Our review shows that XR treatment yields high patient satisfaction, and follow-up assessments show significant improvement with large effect sizes. Moreover, the studies adopted unique designs that were set up to record and analyze the symptoms reported by their participants. This review may aid future research and development of various XR mechanisms for differentiated mental disorder procedures.",Olatunji Mumini Omisore; Ifeanyi Odenigbo; Joseph Orji; Amelia Itzel Hernandez Beltran; Sandra Meier; Nilufar Baghaei; Rita Orji,JMIR serious games,2024,Journal Article; Scoping Review,eng,retrieved,UNCERTAIN_REQUIRES_SCREENING,TITLE_ABSTRACT_REVIEW_REQUIRED,,,,,,,,
3131,TA-13,39047260,10.1021/acs.nanolett.4c01858,Topology Optimization Enables High-Q Metasurface for Color Selectivity.,"Nonlocal metasurfaces, exemplified by resonant waveguide gratings (RWGs), spatially and angularly configure optical wavefronts through narrow-band resonant modes, unlike the broad-band and broad-angle responses of local metasurfaces. However, forward design techniques for RWGs remain constrained at lower efficiency. Here, we present a topology-optimized metasurface resonant waveguide grating (MRWG) composed of titanium dioxide on a glass substrate capable of operating simultaneously at red, yellow, green, and blue wavelengths. Through adjoint-based topology optimization, while considering nonlocal effects, we significantly enhance its diffraction efficiency, achieving numerical efficiencies up to 78% and Q-factors as high as 1362. Experimentally, we demonstrated efficiencies of up to 59% with a Q-factor of 93. Additionally, we applied our topology-optimized metasurface to color selectivity, producing vivid colors at 4 narrow-band wavelengths. Our investigation represents a significant advancement in metasurface technology, with potential applications in see-through optical combiners and augmented reality platforms.",Huan-Teng Su; Lu-Yun Wang; Chih-Yao Hsu; Yun-Chien Wu; Chang-Yi Lin; Shu-Ming Chang; Yao-Wei Huang,Nano letters,2024,Journal Article,eng,retrieved,UNCERTAIN_REQUIRES_SCREENING,TITLE_ABSTRACT_REVIEW_REQUIRED,,,,,,,,
3132,TA-13,39046868,10.1109/JBHI.2024.3432930,Residual Self-Calibrated Network With Multi-Scale Channel Attention for Accurate EOG-Based Eye Movement Classification.,"Recently, Electrooculography-based Human-Computer Interaction (EOG-HCI) technology has gained widespread attention in industrial areas, including assistive robots, augmented reality in gaming, etc. However, as the fundamental step of EOG-HCI, accurate eye movement classification (EMC) still faces a significant challenge, where their constraints in extracting discriminative features limit the performance of most existing works. To address this issue, a Residual Self-Calibrated Network with Multi-Scale Channel Attention (RSCA), focusing on efficient feature extraction and enhancement is proposed. The RSCA network first employs three self-calibrated convolution blocks within a hierarchical residual framework to fully extract the discriminative multi-scale features. Then, a multi-scale channel attention module adaptively weights the learned features to screen out the discriminative representation by aggregating the multi-scale context information along the channel dimension, thus further boosting the performance. Comprehensive experiments were performed using 5 public datasets and 7 prevailing methods for comparative validation. The results confirm that the RSCA network outperforms all other methods significantly, establishing a state-of-the-art benchmark for EOG-based EMC. Furthermore, thorough ablation analyses confirm the effectiveness of the employed modules within the RSCA network, providing valuable insights for the design of EOG-based deep models.",Zheng Zeng; Linkai Tao; Ruizhi Su; Adili Tuheti; Hao Huang; Chen Chen; Wei Chen,IEEE journal of biomedical and health informatics,2025,"Journal Article; Research Support, Non-U.S. Gov't",eng,retrieved,UNCERTAIN_REQUIRES_SCREENING,TITLE_ABSTRACT_REVIEW_REQUIRED,,,,,,,,
3133,TA-13,39046181,10.1111/iej.14124,Tooth Anatomy Inspector: A comprehensive assessment of an extended reality (XR) application designed for teaching and learning of root canal anatomy by students.,"To develop and evaluate a suitable software application for mobile devices designed for teaching root canal anatomy to undergraduate students in an informative and engaging manner. Extracted human teeth were scanned by μCT and digitized by converting into STL files. An extended reality (XR) application illustrating the root canal anatomy of the scanned teeth was developed. Prior to deployment, undergraduate dental students were voluntarily asked about their expectations regarding an educational application on tooth anatomy. After a testing phase of the application on a mobile device and within a virtual reality environment, a subsequent evaluation was conducted to assess their overall experience in relation to their initial expectations. Data were analysed using Kolmogorov-Smirnov test and Mann-Whitney U test. The level of significance was set to .05 (p = .05). The application was able to meet the expectations of the students in all categories (p < .466-.731). Furthermore, it was evaluated as user-friendly (98.2%) and highly motivating for the purpose of learning more on root canal anatomy (100%). Given the overwhelmingly positive reception from undergraduate dental students, the application emerges to be a promising supplementary teaching method for the endodontic curriculum.",Christian Diegritz; Christina Fotiadou; Felix Fleischer; Marcel Reymus,International endodontic journal,2024,Journal Article,eng,retrieved,UNCERTAIN_REQUIRES_SCREENING,TITLE_ABSTRACT_REVIEW_REQUIRED,,,,,,,,
3134,TA-13,39045509,10.3389/fnhum.2024.1360218,AttentionCARE: replicability of a BCI for the clinical application of augmented reality-guided EEG-based attention modification for adolescents at high risk for depression.,"Affect-biased attention is the phenomenon of prioritizing attention to emotionally salient stimuli and away from goal-directed stimuli. It is thought that affect-biased attention to emotional stimuli is a driving factor in the development of depression. This effect has been well-studied in adults, but research shows that this is also true during adolescence, when the severity of depressive symptoms are correlated with the magnitude of affect-biased attention to negative emotional stimuli. Prior studies have shown that trainings to modify affect-biased attention may ameliorate depression in adults, but this research has also been stymied by concerns about reliability and replicability. This study describes a clinical application of augmented reality-guided EEG-based attention modification (""AttentionCARE"") for adolescents who are at highest risk for future depressive disorders (i.e., daughters of depressed mothers). Our results (n = 10) indicated that the AttentionCARE protocol can reliably and accurately provide neurofeedback about adolescent attention to negative emotional distractors that detract from attention to a primary task. Through several within and cross-study replications, our work addresses concerns about the lack of reliability and reproducibility in brain-computer interface applications, offering insights for future interventions to modify affect-biased attention in high-risk adolescents.",Richard Gall; Nastasia Mcdonald; Xiaofei Huang; Anna Wears; Rebecca B Price; Sarah Ostadabbas; Murat Akcakaya; Mary L Woody,Frontiers in human neuroscience,2024,Journal Article,eng,retrieved,UNCERTAIN_REQUIRES_SCREENING,TITLE_ABSTRACT_REVIEW_REQUIRED,,,,,,,,
3135,TA-13,39045417,10.3389/fmed.2024.1386681,"Residency training programs in anesthesiology, intensive care and emergency medicine: from curriculum to practice.","Residency programs in anesthesiology and intensive care (AIC), and emergency medicine (EM) continually evolve to ensure well-prepared trainees for these critical fields of healthcare. The objective of this study was to collect comprehensive feed-back from AIC and EM residents, comprising opinions and attitudes on: curriculum and structure of the residency program; scope of training environment, opportunities and complexity; training guidance and mentorship; teaching approach. An anonymous online cross-sectional survey was conducted among AIC and EM trainees during December 2023-January 2024 and June 2023-July 2023, respectively. Two hundred and thirty-five answers were collected: 137 (73/64 female/male) and 98 (55/43 female/male) respondents from the AIC and EM programs, respectively. Overall feed-back was equivalent for both residency programs, with differences related to the distinct characteristics of each medical specialty. The main issues identified across the programs were the need to improve and diversify the teaching approaches, with trainees' strong desire for more professional guidance, mentoring, and constant feed-back. The findings would inform decision-making beyond current residency programs in these critical care specialties, highlighting the need to design solutions for interactive and highly immersive educational experiences, such as simulation, augmented reality or virtual reality.",Claudiu Barsac; Alina Petrica; Diana Lungeanu; Adina Maria Marza; Ovidiu Bedreag; Marius Papurica; Cosmin Iosif Trebuian; Mihai O Botea; Ovidiu Alexandru Mederle; Dorel Sandesc,Frontiers in medicine,2024,Journal Article,eng,retrieved,UNCERTAIN_REQUIRES_SCREENING,TITLE_ABSTRACT_REVIEW_REQUIRED,,,,,,,,
3136,TA-13,39043329,10.1016/j.jdent.2024.105256,Implant placement using mixed reality-based dynamic navigation: A proof of concept.,"To present the first clinical application of a novel mixed reality-based dynamic navigation (MR-DN) system in the rehabilitation of a single tooth gap. The protocol consisted of the following: (1) three-dimensional patient data acquisition using intraoral scanning (IOS) and cone-beam computed tomography (CBCT), (2) implant planning using guided surgery software, (3) holography-guided implant placement using the novel MR-DN system (ANNA®, MARS Dental, Haifa, Israel) and (4) placement accuracy verification. The novel MR-DN system was safe and time-efficient, as the surgery took 30 min from anaesthesia to suturing. The accuracy of implant placement was high with minimal deviations recorded in the three planes of space compared to the presurgical planning: the error at the entry point planar distance (XY) was 0.381 mm, and the entry point planar distance (Z) was 0.173 mm, for a 3D entry point distance (En) of 0.417 mm. A 3D apex deviation (An) of 0.193 mm was registered, with an angle difference of 1.852° Conclusions: This proof-of-concept study demonstrated the clinical feasibility of MR-DN for guided implant placement in single tooth gaps. Further clinical studies on a large sample of patients are needed to confirm these positive preliminary results. Statement of clinical relevance: The use of MR-DN can change the perspectives of guided dental implant surgery as a possible alternative to the classic static and dynamic guided surgical techniques for the rehabilitation of single tooth gaps.",Ariel Shusterman; Rizan Nashef; Simona Tecco; Carlo Mangano; Francesco Mangano,Journal of dentistry,2024,Journal Article; Case Reports,eng,retrieved,UNCERTAIN_REQUIRES_SCREENING,TITLE_ABSTRACT_REVIEW_REQUIRED,,,,,,,,
3137,TA-13,39042524,10.1109/TNSRE.2024.3432661,Characterizing the Effects of Adding Virtual and Augmented Reality in Robot-Assisted Training.,"Extended reality (XR) technology combines physical reality with computer synthetic virtuality to deliver immersive experience to users. Virtual reality (VR) and augmented reality (AR) are two subdomains within XR with different immersion levels. Both of these have the potential to be combined with robot-assisted training protocols to maximize postural control improvement. In this study, we conducted a randomized control experiment with sixty-three healthy subjects to compare the effectiveness of robot-assisted posture training combined with VR or AR against robotic training alone. A robotic Trunk Support Trainer (TruST) was employed to deliver assistive force at the trunk as subjects moved beyond the stability limits during training. Our results showed that both VR and AR significantly enhanced the training outcomes of the TruST intervention. However, the VR group experienced higher simulator sickness compared to the AR group, suggesting that AR is better suited for sitting posture training in conjunction with TruST intervention. Our findings highlight the added value of XR to robot-assisted training and provide novel insights into the differences between AR and VR when integrated into a robotic training protocol. In addition, we developed a custom XR application that suited well for TruST intervention requirements. Our approach can be extended to other studies to develop novel XR-enhanced robotic training platforms.",Xupeng Ai; Victor Santamaria; Sunil K Agrawal,IEEE transactions on neural systems and rehabilitation engineering : a publication of the IEEE Engineering in Medicine and Biology Society,2024,"Journal Article; Randomized Controlled Trial; Research Support, N.I.H., Extramural",eng,retrieved,UNCERTAIN_REQUIRES_SCREENING,TITLE_ABSTRACT_REVIEW_REQUIRED,,,,,,,,
3138,TA-13,39040166,10.1101/2024.07.07.24310049,Using a mixed-reality headset to elicit and track clinically relevant movement in the clinic.,"21st century neurology will require scalable and quantitative tools that can improve neurologic evaluations over telehealth and expand access to care. Commercially available mixed-reality headsets allow for simultaneous presentation of stimuli via holograms projected into the real world and objective and quantitative measurement of hand movement, eye movement, and phonation. We created 6 tasks designed to mimic standard neurologic assessments and administered them to a single participant via the Microsoft HoloLens 2 mixed-reality headset. The tasks assessed postural hand tremor, finger tapping, pronation and supination of hands, hand and eye tracking of a center-out task, hand and eye tracking of a random motion task, and vocal assessment. We show the utility of the HoloLens for commonly used neurological exams. First, we demonstrate that headset-derived holograms can project hand movements and objects in 3D space, providing a method to accurately and reproducibly present test stimuli to reduce test-test variability. Second, we found that participant hand movements closely matched holographic stimuli using a variety of metrics calculated on recorded movement data. Third, we showed that the HoloLens can record and playback exam tasks for visual inspection, sharing with other medical providers, and future analysis. Fourth, we showed that vocal recordings and analysis could be used to profile vocal characteristics over time. Together, this demonstrates the versatility of mixed reality headsets and possible applications for neurological assessment. Administering components of the neurologic exam via a self-contained and commercially available mixed-reality headset has numerous benefits including detailed kinematic quantification, reproducible stimuli presentation from test to test, and can be self-administered expanding access to neurological care and saving hospital time and money.",Dylan Calame; Evan Lester; Phil Chiu; Lauren Seeberger,medRxiv : the preprint server for health sciences,2024,Journal Article; Preprint,eng,retrieved,UNCERTAIN_REQUIRES_SCREENING,TITLE_ABSTRACT_REVIEW_REQUIRED,,,,,,,,
3139,TA-13,39039522,10.1186/s12911-024-02607-y,Principles of digital professionalism for the metaverse in healthcare.,"Experts are currently investigating the potential applications of the metaverse in healthcare. The metaverse, a groundbreaking concept that arose in the early 21st century through the fusion of virtual reality and augmented reality technologies, holds promise for transforming healthcare delivery. Alongside its implementation, the issue of digital professionalism in healthcare must be addressed. Digital professionalism refers to the knowledge and skills required by healthcare specialists to navigate digital technologies effectively and ethically. This study aims to identify the core principles of digital professionalism for the use of metaverse in healthcare. This study utilized a qualitative design and collected data through semi-structured online interviews with 20 medical information and health informatics specialists from various countries (USA, UK, Sweden, Netherlands, Poland, Romania, Italy, Iran). Data analysis was conducted using the open coding method, wherein concepts (codes) related to the themes of digital professionalism for the metaverse in healthcare were assigned to the data. The analysis was performed using the MAXQDA software (VER BI GmbH, Berlin, Germany). The study revealed ten fundamental principles of digital professionalism for the metaverse in healthcare: Privacy and Security, Informed Consent, Trust and Integrity, Accessibility and Inclusion, Professional Boundaries, Evidence-Based Practice, Continuous Education and Training, Collaboration and Interoperability, Feedback and Improvement, and Regulatory Compliance. As the metaverse continues to expand and integrate itself into various industries, including healthcare, it becomes vital to establish principles of digital professionalism to ensure ethical and responsible practices. Healthcare professionals can uphold these principles to maintain ethical standards, safeguard patient privacy, and deliver effective care within the metaverse.",Zahra Mohammadzadeh; Mehdi Shokri; Hamid Reza Saeidnia; Marcin Kozak; Agostino Marengo; Brady D Lund; Marcel Ausloos; Nasrin Ghiasi,BMC medical informatics and decision making,2024,Journal Article,eng,retrieved,UNCERTAIN_REQUIRES_SCREENING,TITLE_ABSTRACT_REVIEW_REQUIRED,,,,,,,,
3140,TA-13,39038461,10.1055/s-0044-1788548,HoloDIEP-Faster and More Accurate Intraoperative DIEA Perforator Mapping Using a Novel Mixed Reality Tool.," Microsurgical breast reconstruction using abdominal tissue is a complex procedure, in part, due to variable vascular/perforator anatomy. Preoperative computed tomography angiography (CTA) has mitigated this challenge to some degree; yet it continues to pose certain challenges. The ability to map perforators with Mixed Reality has been demonstrated in case studies, but its accuracy has not been studied intraoperatively. Here, we compare the accuracy of ""HoloDIEP"" in identifying perforator location (vs. Doppler ultrasound) by using holographic 3D models derived from preoperative CTA.  Using a custom application on HoloLens, the deep inferior epigastric artery vascular tree was traced in 15 patients who underwent microsurgical breast reconstruction. Perforator markings were compared against the 3D model in a coordinate system centered on the umbilicus. Holographic- and Doppler-identified markings were compared using a perspective-corrected photo technique against the 3D model along with measurement of duration of perforator mapping for each technique.  Vascular points in HoloDIEP skin markings were -0.97 ± 6.2 mm (perforators: -0.62 ± 6.13 mm) away from 3D-model ground-truth in radial length from the umbilicus at a true distance of 10.81 ± 6.14 mm (perforators: 11.40 ± 6.15 mm). Absolute difference in radial distance was twice as high for Doppler markings compared with Holo-markings (9.71 ± 6.16 and 4.02 ± 3.20 mm, respectively). Only in half of all cases (7/14), more than 50% of the Doppler-identified points were reasonably close (<30 mm) to 3D-model ground-truth. HoloDIEP was twice as fast as Doppler ultrasound (76.9s vs. 150.4 s per abdomen).  HoloDIEP allows for faster and more accurate intraoperative perforator mapping than Doppler ultrasound.",Fabian N Necker; David J Cholok; Marc J Fischer; Mohammed S Shaheen; Kyle Gifford; Michael Januszyk; Christoph W Leuze; Michael Scholz; Bruce L Daniel; Arash Momeni,Journal of reconstructive microsurgery,2025,Journal Article; Comparative Study,eng,retrieved,UNCERTAIN_REQUIRES_SCREENING,TITLE_ABSTRACT_REVIEW_REQUIRED,,,,,,,,
3141,TA-13,39037138,10.1063/5.0216305,Full quantum calculations of the line shape for H2O perturbed by Ar at temperatures from 20 to 300 K.,"This work theoretically studied the spectral line shape of H2O perturbed by Ar in the temperature range of 20-300 K for the pure rotational lines below 360 cm-1, as well as three lines (31, 2 ← 44, 1, 54, 2 ← 41, 3, and 73, 5 ← 60, 6) in the v2 band. In order to perform precise dynamical calculations at low collision energies, a full-dimensional long-range potential energy surface was constructed for the H2O-Ar system for the first time to correct the long range of our newly developed intermolecular potential energy surface. Subsequently, the six line-shape parameters (pressure-broadening and -shifting parameters, their speed dependencies, and the complex Dicke parameters) were determined from the generalized spectroscopic cross section by the full quantum time-independent close-coupling approach on this new potential energy surface. Our theoretical results are in good agreement with the available experimental observations. Furthermore, the influence of the speed-dependence and Dicke narrowing effects on the line contour was revealed by comparing the differences among the Hartmann-Tran, quadratic-speed-dependent Voigt, and Voigt profiles. The temperature dependence of each line-shape parameter was further parameterized using the triplet-power-law for three pure rotational 61, 6 ← 52, 3, 41, 4 ← 32, 1, and 31, 3 ← 22, 0 lines. These line-shape parameters will provide a comprehensive set of theoretical references for subsequent experimental measurements.",Shijie Chai; Yipeng Yu; Dongzheng Yang; Yanzi Zhou; Daiqian Xie,The Journal of chemical physics,2024,Journal Article,eng,retrieved,UNCERTAIN_REQUIRES_SCREENING,TITLE_ABSTRACT_REVIEW_REQUIRED,,,,,,,,
3142,TA-13,39036350,10.3389/fmedt.2024.1287851,Augmented reality-based software (Echo-QR) for guiding the echographic probe toward the acoustic window: a pilot study.,"With current technology, ultrasound imaging in remote conditions, such as the International Space Station, is performed with vocal guidance or using a teleoperated echograph controlled by an expert. Both methods require real-time communications between the novice operator and expert to locate the probe over the appropriate acoustic windows (AW). The current study presents the development and testing of a new augmented reality software (Echo-QR) that would allow novice operators (with no medical imaging background) to correctly locate the ultrasound probe over the AW of interest without expert assistance. On the first day of the study, the positions of the probe over the AWs were identified for each organ by an expert sonographer and saved in the Echo-QR software. On the second day, the novices independently performed the ultrasound investigation using the Echo-QR software to correctly position the probe over each organ's AW. Using the Echo-QR software, novice operators found the AW in 73 (92%) of the 79 organs. The 2D images acquired by the novices ""2D direct image"" were acceptable for medical evaluation in 41% of the cases. However, when the ""2D direct image"" did not show the entire organ, a 3D capture of the volume below the probe was also performed, which allowed for the extraction of the appropriate 2D image ""2D/3D image"" for medical evaluation in 85% of the cases. Therefore, in the absence of real-time communication between an isolated participant and an expert sonographer, novel software (Echo-QR) and automated 3D volume capture can be used to obtain images usable for ultrasound diagnostics.",A Thevenon; F Derache; O Faucoz; K Zuj; D Chaput; P Arbeille,Frontiers in medical technology,2024,Journal Article,eng,retrieved,UNCERTAIN_REQUIRES_SCREENING,TITLE_ABSTRACT_REVIEW_REQUIRED,,,,,,,,
3143,TA-13,39036097,10.3389/fmed.2024.1422017,Interactive teaching of medical 3D cardiac anatomy: atrial anatomy enhanced by ECG and 3D visualization.,"The most commonly applied way of teaching students to convey the foundations of human anatomy and physiology involves textbooks and lectures. This way of transmitting knowledge causes difficulties for students, especially in the context of three-dimensional imaging of organ structures, and as a consequence translates into difficulties with imagining them. Even despite the rapid uptake of knowledge dissemination provided by online materials, including courses and webinars, there is a clear need for learning programs featuring first-hand immersive experiences tailored to suit individual study paces. In this paper, we present an approach to enhance a classical study program by combining multi-modality data and representing them in a Mixed Reality (MR)-based environment. The advantages of the proposed approach have been proven by the conducted investigation of the relationship between atrial anatomy, its electrophysiological characteristics, and resulting P wave morphology on the electrocardiogram (ECG). Another part of the paper focuses on the role of the sinoatrial node in ECG formation, while the MR-based visualization of combined micro-computed tomography (micro-CT) data with non-invasive CineECG imaging demonstrates the educational application of these advanced technologies for teaching cardiac anatomy and ECG correlations.",Danila Potyagaylo; Peter M van Dam; Marcin Kuniewicz; Damian Dolega-Dolegowski; Agnieszka Pregowska; Andrew Atkinson; Halina Dobrzynski; Klaudia Proniewska,Frontiers in medicine,2024,Journal Article,eng,retrieved,UNCERTAIN_REQUIRES_SCREENING,TITLE_ABSTRACT_REVIEW_REQUIRED,,,,,,,,
3144,TA-13,39032685,10.1016/j.jse.2024.05.039,Augmented reality-assisted intraoperative navigation increases precision of glenoid inclination in reverse shoulder arthroplasty.,"Reverse total shoulder arthroplasty (RTSA) is the standard of care for patients with glenohumeral osteoarthritis and rotator cuff deficiency. Preoperative RTSA planning based on medical images and patient-specific instruments has been established over the last decade. This study aims to determine the effects of using augmented reality-assisted intraoperative navigation (ARIN) for baseplate positioning in RTSA compared to preoperative planning. It is hypothesized that ARIN will decrease deviation between preoperative planning and postoperative baseplate positioning. Moreover, ARIN will decrease deviation between the (senior) more (>50 RTSAs/yr) and less experienced (junior) surgeon (5-10 RTSAs/yr). Preoperative CT scans of 16 fresh-frozen cadaveric shoulders were obtained. Baseplate placements were planned using a validated software. The data were then converted and uploaded to the augmented reality system (NextAR; Medacta International). Each of the 8 RTSAs were implanted by a senior and a junior surgeon, with 4 RTSAs using ARIN and 4 without. A postoperative CT scan was performed in all cases. The scanned scapulae were segmented, and the preoperative scan was laid over the postoperative scapula by the nearest iterative point cloud analysis. The deviation from the planned entry point and trajectory was calculated regarding the inclination, retroversion, medialization (reaming depth) and lateralization, anteroposterior position, and superoinferior position of the baseplate. Data are reported as mean ± standard deviation (SD) or mean and 95% confidence interval (CI). P values < .05 were considered statistically significant. The use of ARIN yielded a reduction in the absolute difference between planned and obtained inclination from 9° (SD: 4°) to 3° (SD: 2°) (P = .011). Mean difference in planned-obtained inclination between surgeons was 3° in free-hand surgeries (95% CI: -4 to 10; P = .578), whereas this difference reduced to 1° (95% CI: -6 to 7, P = .996) using ARIN. Retroversion, medialization (reaming depth) and lateralization, anteroposterior position, and superoinferior position of the baseplate were not affected by using ARIN. Surgical duration was increased using ARIN for both the senior (10 minutes) and junior (18 minutes) surgeon. The implementation of ARIN leads to greater accuracy of glenoid component placement, specifically with respect to inclination. Further studies have to verify if this increased accuracy is clinically important. Furthermore, ARIN allows less experienced surgeons to achieve a similar level of accuracy in component placement comparable to more experienced surgeons. However, the potential advantages of ARIN in RTSA are counterbalanced by an increase in operative time.",Rony-Orijit Dey Hazra; Alp Paksoy; Jan-Philipp Imiolczyk; Henry Gebauer; Agahan Hayta; Doruk Akgun,Journal of shoulder and elbow surgery,2025,Journal Article,eng,retrieved,UNCERTAIN_REQUIRES_SCREENING,TITLE_ABSTRACT_REVIEW_REQUIRED,,,,,,,,
3145,TA-13,39025032,10.1016/j.actpsy.2024.104316,Application of virtual reality to enhance therapeutic Tai Chi for depression in elderly people.,"The battle against depression in the elderly is crucial due to its significant impact on their quality of life, physical and cognitive health, increased risk of social isolation and suicide, as well as the associated higher healthcare costs. This research investigates the effects of traditional and augmented reality Tai Chi, using the virtual environment ""Managed Tai Chi,"" on depression in elderly individuals. The study involved 300 participants aged over 60 from the Beijing Medical Center, with an experimental period lasting six months and sessions held once a week. The Geriatric Depression Scale (GDS) was utilized as a diagnostic tool at the pre-test and post-test stages. The findings revealed that the VR group exhibited a more substantial reduction in depression compared to the traditional and control groups (p ≤ 0.05), indicating the enhanced efficacy of Tai Chi with VR augmentation in treating depression in the elderly.",Ting Qiu; Gaohua Zhang; Fengli Zhou; Han Jiang,Acta psychologica,2024,Journal Article; Randomized Controlled Trial,eng,retrieved,UNCERTAIN_REQUIRES_SCREENING,TITLE_ABSTRACT_REVIEW_REQUIRED,,,,,,,,
3146,TA-13,39024253,10.1371/journal.pone.0305199,Convex-based lightweight feature descriptor for Augmented Reality Tracking.,"Feature description is a critical task in Augmented Reality Tracking. This article introduces a Convex Based Feature Descriptor (CBFD) system designed to withstand rotation, lighting, and blur variations while remaining computationally efficient. We have developed two filters capable of computing pixel intensity variations, followed by the covariance matrix of the polynomial to describe the features. The superiority of CBFD is validated through precision, recall, computation time, and feature location distance. Additionally, we provide a solution to determine the optimal block size for describing nonlinear regions, thereby enhancing resolution. The results demonstrate that CBFD achieves a average precision of 0.97 for the test image, outperforming Superpoint, Directional Intensified Tertiary Filtering (DITF), Binary Robust Independent Elementary Features (BRIEF), Binary Robust Invariant Scalable Keypoints (BRISK), Speeded Up Robust Features (SURF), and Scale Invariant Feature Transform (SIFT), which achieve scores of 0.95, 0.92, 0.72, 0.66, 0.63 and 0.50 respectively. Noteworthy is CBFD's recall value of 0.87 representing at the maximum of a 13.6% improvement over Superpoint, DITF, BRIEF, BRISK, SURF, and SIFT. Furthermore, the matching score for the test image is 0.975. The computation time for CBFD is 2.8 ms, which is at least 6.7% lower than that of other algorithms. Finally, the plot of location feature distance illustrates that CBFD exhibits minimal distance compared to DITF and Histogram of Oriented Gradients (HOG). These results highlight the speed and robustness of CBFD across various transformations.",Indhumathi S; Christopher Clement J,PloS one,2024,Journal Article,eng,retrieved,UNCERTAIN_REQUIRES_SCREENING,TITLE_ABSTRACT_REVIEW_REQUIRED,,,,,,,,
3147,TA-13,39021131,10.4235/agmr.24.0033,Machine Learning for Movement Pattern Changes during Kinect-Based Mixed Reality Exercise Programs in Women with Possible Sarcopenia: Pilot Study.,"Sarcopenia is a muscle-wasting condition that affects older individuals. It can lead to changes in movement patterns, which can increase the risk of falls and other injuries. Older women participants aged ≥65 years who could walk independently were recruited and classified into two groups based on knee extension strength (KES). Participants with low KES scores were assigned to the possible sarcopenia group (PSG; n=7) and an 8-week exercise intervention was implemented. Healthy seniors with high KES scores were classified as the reference group (RG; n=4), and a 3-week exercise intervention was conducted. Kinematic movement data were recorded during the intervention period. All participants&apos; exercise repetitions were used in the data analysis (number of data points=1,128). The PSG showed significantly larger movement patterns in knee rotation during wide squats compared to the RG, attributed to weakened lower limb strength. The voting classifier, trained on the movement patterns from wide squats, determined that significant differences in overall movement patterns between the two groups persisted until the end of the exercise intervention. However, after the exercise intervention, significant improvements in lower limb strength in the PSG resulted in reduced knee rotation range of motion and max, thereby stabilizing movements and eliminating significant differences with the RG. This study suggests that exercise interventions can modify the movement patterns in older individuals with possible sarcopenia. These findings provide fundamental data for developing an exercise management system that remotely tracks and monitors the movement patterns of older adults during exercise activities.",Yunho Sung; Ji-Won Seo; Byunggul Lim; Shu Jiang; Xinxing Li; Parivash Jamrasi; So Young Ahn; Seohyun Ahn; Yuseon Kang; Hyejung Shin; Donghyun Kim; Dong Hyun Yoon; Wook Song,Annals of geriatric medicine and research,2024,Journal Article,eng,retrieved,UNCERTAIN_REQUIRES_SCREENING,TITLE_ABSTRACT_REVIEW_REQUIRED,,,,,,,,
3148,TA-13,39015130,10.1145/3613904.3642595,An Iterative Participatory Design Approach to Develop Collaborative Augmented Reality Activities for Older Adults in Long-Term Care Facilities.,"Over four million older adults living in long-term care (LTC) communities experience loneliness, adversely impacting their health. Increased contact with friends and family is an evidence-based intervention to reduce loneliness, but in-person visits are not always possible. Augmented Reality (AR)-based telepresence activities can offer viable alternatives with increased immersion and presence compared to video calls. However, its feasibility as an interaction technology for older adults is not known. In this paper, we detail the design of two dyadic collaborative AR activities that accommodate diminished physical and cognitive abilities of older adults. The findings include a general design framework based on an iterative participatory design focusing on preferred activities, modes of interaction, and overall AR experience of eight older adults, two family members, and five LTC staff. Results demonstrate the potential of collaborative AR as an effective means of interaction for older adults with their family, if designed to cater to their needs.",Akshith Ullal; Mahrukh Tauseef; Alexandra Watkins; Lisa Juckett; Cathy Maxwell; Judith Tate; Lorraine C Mion; Nilanjan Sarkar,Proceedings of the SIGCHI conference on human factors in computing systems. CHI Conference,2024,Journal Article,eng,retrieved,UNCERTAIN_REQUIRES_SCREENING,TITLE_ABSTRACT_REVIEW_REQUIRED,,,,,,,,
3149,TA-13,39014559,10.1002/jbio.202400122,Delineation of gastrointestinal tumors biopsies using a fluorescence lifetime imaging optical fiber probe.,"Autofluorescence spectroscopy has emerged in recent years as a powerful tool to report label-free contrast between normal and diseased tissues, both in vivo and ex-vivo. We report the application of an instrument employing an optical fiber probe and capable of performing real-time autofluorescence lifetime imaging at a macroscopic scale, under bright background conditions. We validate and demonstrate the practicality of this technology to discriminate healthy against neoplastic tissue in freshly excised tumor biopsies. The capability of delineating tumor margins through processing the fluorescence decays in the phasors domain was demonstrated on four different types of cancer, highlighting the broad range of potential clinical applications for the proposed approach. The presented results suggest that our autofluorescence lifetime imaging probe, together with phasor analysis, can offer a real-time tool to observe lifetime contrast on tissues and, thus, is a suitable candidate for improving in situ tissue diagnostics during surgery.",D Suraci; E Baria; L Tirloni; J L Lagarto; S Buccianti; C Agostini; S Pillozzi; L Antonuzzo; A Taddei; R Cicchi,Journal of biophotonics,2025,"Journal Article; Research Support, Non-U.S. Gov't",eng,retrieved,UNCERTAIN_REQUIRES_SCREENING,TITLE_ABSTRACT_REVIEW_REQUIRED,,,,,,,,
3150,TA-13,39014177,10.1007/s11548-024-03231-x,Neural patient-specific 3D-2D registration in laparoscopic liver resection.,"Augmented reality guidance in laparoscopic liver resection requires the registration of a preoperative 3D model to the intraoperative 2D image. However, 3D-2D liver registration poses challenges owing to the liver's flexibility, particularly in the limited visibility conditions of laparoscopy. Although promising, the current registration methods are computationally expensive and often necessitate manual initialisation. The first neural model predicting the registration (NM) is proposed, represented as 3D model deformation coefficients, from image landmarks. The strategy consists in training a patient-specific model based on synthetic data generated automatically from the patient's preoperative model. A liver shape modelling technique, which further reduces time complexity, is also proposed. The NM method was evaluated using the target registration error measure, showing an accuracy on par with existing methods, all based on numerical optimisation. Notably, NM runs much faster, offering the possibility of achieving real-time inference, a significant step ahead in this field. The proposed method represents the first neural method for 3D-2D liver registration. Preliminary experimental findings show comparable performance to existing methods, with superior computational efficiency. These results suggest a potential to deeply impact liver registration techniques.",Islem Mhiri; Daniel Pizarro; Adrien Bartoli,International journal of computer assisted radiology and surgery,2025,Journal Article,eng,retrieved,UNCERTAIN_REQUIRES_SCREENING,TITLE_ABSTRACT_REVIEW_REQUIRED,,,,,,,,
3151,TA-13,39013585,10.1523/ENEURO.0372-23.2024,Recording Neural Reward Signals in a Naturalistic Operant Task Using Mobile-EEG and Augmented Reality.,"The electrophysiological response to rewards recorded during laboratory tasks has been well documented, yet little is known about the neural response patterns in a more naturalistic setting. Here, we combined a mobile-EEG system with an augmented reality headset to record event-related brain potentials (ERPs) while participants engaged in a naturalistic operant task to find rewards. Twenty-five participants were asked to navigate toward a west or east goal location marked by floating orbs, and once participants reached the goal location, the orb would then signify a reward (5 cents) or no-reward (0 cents) outcome. Following the outcome, participants returned to a start location marked by floating purple rings, and once standing in the middle, a 3 s counter signaled the next trial, for a total of 200 trials. Consistent with previous research, reward feedback evoked the reward positivity, an ERP component believed to index the sensitivity of the anterior cingulate cortex to reward prediction error signals. The reward positivity peaked ∼230 ms with a maximal at channel FCz (M = -0.695 μV, ±0.23) and was significantly different than zero (p < 0.01). Participants took ∼3.38 s to reach the goal location and exhibited a general lose-shift (68.3% ±3.5) response strategy and posterror slowing. Overall, these novel findings provide support for the idea that combining mobile-EEG with augmented reality technology is a feasible solution to enhance the ecological validity of human electrophysiological studies of goal-directed behavior and a step toward a new era of human cognitive neuroscience research that blurs the line between laboratory and reality.",Jaleesa S Stringfellow; Omer Liran; Mei-Heng Lin; Travis E Baker,eNeuro,2024,Journal Article,eng,retrieved,UNCERTAIN_REQUIRES_SCREENING,TITLE_ABSTRACT_REVIEW_REQUIRED,,,,,,,,
3152,TA-13,39011207,10.7759/cureus.62417,Microscope-Based Augmented Reality: A New Approach in Intraoperative 3D Visualization in Microvascular Decompression?,"Neurovascular compression (NVC) syndromes such as trigeminal neuralgia (TN) are causally treated with microvascular decompression (MVD). Semiautomatic segmentation of high-resolution magnetic resonance imaging (MRI) data and constructive interference in steady state (CISS)/time-of-flight (TOF) sequences are utilized for the three-dimensional (3D) visualization of underlying causative vessels at the root entry zones of the relevant cranial nerves. Augmented reality (AR) of neurovascular structures was introduced especially in the resection of brain tumors or aneurysmatic operations. In this report, the potential feasibility of the implementation of microscope-based AR into the intraoperative microsurgical set-up of MVD was investigated. This article recommends the preoperative evaluation of 3D visualization besides the microscopical view of the surgeon. The implementation of multiple imaging data by AR into the operating microscope may afflict the experienced surgeon's view, which should be examined prospectively.",Levent Tanrikulu,Cureus,2024,Journal Article,eng,retrieved,UNCERTAIN_REQUIRES_SCREENING,TITLE_ABSTRACT_REVIEW_REQUIRED,,,,,,,,
3153,TA-13,39008655,10.1021/acs.nanolett.4c02231,Functionality Expansion of Guided Mode Radiation via On-Chip Metasurfaces.,"On-chip metasurfaces play a crucial role in bridging the guided mode and free-space light, enabling full control over the wavefront of scattered free-space light in an optimally compact manner. Recently, researchers have introduced various methods and on-chip metasurfaces to engineer the radiation of guided modes, but the total functions that a single metasurface can achieve are still relatively limited. In this work, we propose a novel on-chip metasurface design that can multiplex up to four distinct functions. We can efficiently control the polarization state, phase, angular momentum, and beam profile of the radiated waves by tailoring the geometry of V-shaped nanoantennas integrated on a slab waveguide. We demonstrate several innovative on-chip metasurfaces for switchable focusing/defocusing and for multifunctional generators of orbital angular momentum beams. Our on-chip metasurface design is expected to advance modern integrated photonics, offering applications in optical data storage, optical interconnection, augmented reality, and virtual reality.",Lin Deng; Ziqiang Cai; Yongmin Liu,Nano letters,2024,Journal Article,eng,retrieved,UNCERTAIN_REQUIRES_SCREENING,TITLE_ABSTRACT_REVIEW_REQUIRED,,,,,,,,
3154,TA-13,39007911,10.1080/09593985.2024.2378905,Effects of combining rTMs and augmented reality gait adaptive training on walking function of patients with stroke based on three-dimensional gait analysis and sEMG: a randomized controlled trial.,"Augmented reality gait adaptive training (ARGAT) and repetitive transcranial magnetic stimulation (rTMS) have both demonstrated efficacy in improving lower limb motor function in survivors of stroke. To investigate the effects of combining rTMS and ARGAT on motor function in survivors of stroke. The experimental group received a combination of rTMS and ARGAT, while the control group received ARGAT alone. The interventions comprised a total of 20 sessions, conducted over four weeks with five consecutive daily sessions. Outcome measures included three-dimensional gait analysis (3DGA), surface electromyography (sEMG), Fugl-Meyer assessment for the lower extremity (FMA-LE), and the Berg Balance Scale (BBS). Following the intervention, both groups showed significant improvements in walking speed, symmetry index, affected step length, affected stride length, FMA-LE, and BBS scores (p < .05). Furthermore, the experimental group demonstrated greater improvements in walking speed (F = 4.58, p = .040), cadence (F = 5.67, p = .023), affected step length (F = 5.79, p = .022), affected stride length (F = 4.84, p = .035), FMA-LE (Z = 2.43, p = .019), and BBS (F = 4.76, p = .036) compared to the control group. The experimental group demonstrated a significant improvement in the co-contraction index (CCI) of the knee joint (F = 14.88, p < .001), a change not observed in the control group (F = 2.16, p = .151). However, neither group showed significant alterations in CCI of the ankle joint (F = 1.58, p = .218), step width (F = 0.24, p = .630), unaffected step length (F = 0.22, p = .641), or unaffected stride length (F = 2.99, p = .093). The combination of low-frequency rTMS and ARGAT demonstrated superior effects on motor function recovery compared to ARGAT alone in survivors of stroke.",Linjie Fang; Wanying Zhang; Jianing Wu; Hong Yu; Huihuang Zhang; Shishi Chen; Beisi Zheng; Manting Cao; Yujia Zhang; Lei Dai; Jianer Chen,Physiotherapy theory and practice,2025,Journal Article; Randomized Controlled Trial,eng,retrieved,UNCERTAIN_REQUIRES_SCREENING,TITLE_ABSTRACT_REVIEW_REQUIRED,,,,,,,,
3155,TA-13,39001083,10.3390/s24134303,Large-Scale Indoor Camera Positioning Using Fiducial Markers.,"Estimating the pose of a large set of fixed indoor cameras is a requirement for certain applications in augmented reality, autonomous navigation, video surveillance, and logistics. However, accurately mapping the positions of these cameras remains an unsolved problem. While providing partial solutions, existing alternatives are limited by their dependence on distinct environmental features, the requirement for large overlapping camera views, and specific conditions. This paper introduces a novel approach to estimating the pose of a large set of cameras using a small subset of fiducial markers printed on regular pieces of paper. By placing the markers in areas visible to multiple cameras, we can obtain an initial estimation of the pair-wise spatial relationship between them. The markers can be moved throughout the environment to obtain the relationship between all cameras, thus creating a graph connecting all cameras. In the final step, our method performs a full optimization, minimizing the reprojection errors of the observed markers and enforcing physical constraints, such as camera and marker coplanarity and control points. We validated our approach using novel artificial and real datasets with varying levels of complexity. Our experiments demonstrated superior performance over existing state-of-the-art techniques and increased effectiveness in real-world applications. Accompanying this paper, we provide the research community with access to our code, tutorials, and an application framework to support the deployment of our methodology.",Pablo García-Ruiz; Francisco J Romero-Ramirez; Rafael Muñoz-Salinas; Manuel J Marín-Jiménez; Rafael Medina-Carnicer,"Sensors (Basel, Switzerland)",2024,Journal Article,eng,retrieved,UNCERTAIN_REQUIRES_SCREENING,TITLE_ABSTRACT_REVIEW_REQUIRED,,,,,,,,
3156,TA-13,39001064,10.3390/s24134285,Improved Video-Based Point Cloud Compression via Segmentation.,"A point cloud is a representation of objects or scenes utilising unordered points comprising 3D positions and attributes. The ability of point clouds to mimic natural forms has gained significant attention from diverse applied fields, such as virtual reality and augmented reality. However, the point cloud, especially those representing dynamic scenes or objects in motion, must be compressed efficiently due to its huge data volume. The latest video-based point cloud compression (V-PCC) standard for dynamic point clouds divides the 3D point cloud into many patches using computationally expensive normal estimation, segmentation, and refinement. The patches are projected onto a 2D plane to apply existing video coding techniques. This process often results in losing proximity information and some original points. This loss induces artefacts that adversely affect user perception. The proposed method segments dynamic point clouds based on shape similarity and occlusion before patch generation. This segmentation strategy helps maintain the points' proximity and retain more original points by exploiting the density and occlusion of the points. The experimental results establish that the proposed method significantly outperforms the V-PCC standard and other relevant methods regarding rate-distortion performance and subjective quality testing for both geometric and texture data of several benchmark video sequences.",Faranak Tohidi; Manoranjan Paul; Anwaar Ulhaq; Subrata Chakraborty,"Sensors (Basel, Switzerland)",2024,Journal Article,eng,retrieved,UNCERTAIN_REQUIRES_SCREENING,TITLE_ABSTRACT_REVIEW_REQUIRED,,,,,,,,
3157,TA-13,38998801,10.3390/healthcare12131266,Unveiling the Evolution of Virtual Reality in Medicine: A Bibliometric Analysis of Research Hotspots and Trends over the Past 12 Years.,"Virtual reality (VR), widely used in the medical field, may affect future medical training and treatment. Therefore, this study examined VR's potential uses and research directions in medicine. Citation data were downloaded from the Web of Science Core Collection database (WoSCC) to evaluate VR in medicine in articles published between 1 January 2012 and 31 December 2023. These data were analyzed using CiteSpace 6.2. R2 software. Present limitations and future opportunities were summarized based on the data. A total of 2143 related publications from 86 countries and regions were analyzed. The country with the highest number of publications is the USA, with 461 articles. The University of London has the most publications among institutions, with 43 articles. The burst keywords represent the research frontier from 2020 to 2023, such as ""task analysis"", ""deep learning"", and ""machine learning"". The number of publications on VR applications in the medical field has been steadily increasing year by year. The USA is the leading country in this area, while the University of London stands out as the most published, and most influential institution. Currently, there is a strong focus on integrating VR and AI to address complex issues such as medical education and training, rehabilitation, and surgical navigation. Looking ahead, the future trend involves integrating VR, augmented reality (AR), and mixed reality (MR) with the Internet of Things (IoT), wireless sensor networks (WSNs), big data analysis (BDA), and cloud computing (CC) technologies to develop intelligent healthcare systems within hospitals or medical centers.",Guangxi Zuo; Ruoyu Wang; Cheng Wan; Zhe Zhang; Shaochong Zhang; Weihua Yang,"Healthcare (Basel, Switzerland)",2024,Journal Article,eng,retrieved,UNCERTAIN_REQUIRES_SCREENING,TITLE_ABSTRACT_REVIEW_REQUIRED,,,,,,,,
3158,TA-13,38995868,10.1089/tmj.2024.0229,Holo-Stroke: Assessing for Immersive Stroke Care Through Stroke Hologram Teleportation.,"Background: Augmented reality enables the wearer to see both their physical environment and virtual objects. Holograms could allow 3D video of providers to be transmitted to distant sites, allowing patients to interact with virtual providers as if they are in the same physical space. Our aim was to determine if Tele-Stroke augmented with Holo-Stroke, compared with Tele-Stroke alone, could improve satisfaction and perception of immersion for the patient. Methods: Kinect cameras positioned at 90-degree intervals around the hub practitioner were used. Cameras streamed real-time optical video to a unity point-cloud program where the data were stitched together in a 360-degree view. The resultant hologram was positioned in 3D space and was visible through the head-mounted display by the patient. Radiology images were shared in Tele-Stroke and via hologram. Likert satisfaction questions were administered. Wilcoxon signed-rank testing was used. Results: Each of the 30 neurology clinic participants scored both Tele-Stroke and Holo-Stroke. Out of these, 29 patients completed the assessments (1 failure owing to computer reboot). Average age was 52 years, with 53.3% of the patients being female, 70.0% being White, and 13.3% being Hispanic. Likert scale score median ""Overall"" was 32 Tele-Stroke versus 48 Holo-Stroke (p < 0.00001), ""Immersion"" was 5 versus 10 (p < 0.00001), ""Beneficial Technique"" was 6 versus 10 (p < 0.00001), and ""Ability to See Images"" was 5 versus 10 (p < 0.00001). Discussion: Holo-Stroke 3D holographic Tele-Stroke exams resulted in feasibility, satisfaction, and high perception of immersion for the patient. Patients were enthusiastic for the more immersive, personal discussion with their provider and a robust way to experience radiology images. Though further assessments are needed, Holo-Stroke can help the provider ""be there, not just see there!""",Nadir Weibel; Ben Alwood; Vishwajith Ramesh; Weichen Liu; Dawn M Meyer; Teri McQuaid; Emily St Germain; Brett C Meyer,Telemedicine journal and e-health : the official journal of the American Telemedicine Association,2024,"Journal Article; Research Support, N.I.H., Extramural",eng,retrieved,UNCERTAIN_REQUIRES_SCREENING,TITLE_ABSTRACT_REVIEW_REQUIRED,,,,,,,,
3159,TA-13,38987530,10.1038/s41467-024-50101-w,Stretchable glove for accurate and robust hand pose reconstruction based on comprehensive motion data.,"We propose a compact wearable glove capable of estimating both the finger bone lengths and the joint angles of the wearer with a simple stretch-based sensing mechanism. The soft sensing glove is designed to easily stretch and to be one-size-fits-all, both measuring the size of the hand and estimating the finger joint motions of the thumb, index, and middle fingers. The system was calibrated and evaluated using comprehensive hand motion data that reflect the extensive range of natural human hand motions and various anatomical structures. The data were collected with a custom motion-capture setup and transformed into the joint angles through our post-processing method. The glove system is capable of reconstructing arbitrary and even unconventional hand poses with accuracy and robustness, confirmed by evaluations on the estimation of bone lengths (mean error: 2.1 mm), joint angles (mean error: 4.16°), and fingertip positions (mean 3D error: 4.02 mm), and on overall hand pose reconstructions in various applications. The proposed glove allows us to take advantage of the dexterity of the human hand with potential applications, including but not limited to teleoperation of anthropomorphic robot hands or surgical robots, virtual and augmented reality, and collection of human motion data.",Myungsun Park; Taejun Park; Soah Park; Sohee John Yoon; Sumin Helen Koo; Yong-Lae Park,Nature communications,2024,"Journal Article; Research Support, Non-U.S. Gov't",eng,retrieved,UNCERTAIN_REQUIRES_SCREENING,TITLE_ABSTRACT_REVIEW_REQUIRED,,,,,,,,
3160,TA-13,38986364,10.1016/j.clineuro.2024.108412,Utility of catheter-shaping using mixed-reality devices in cerebral aneurysm coil embolization.,"Catheter shaping is vital in cerebral aneurysm coil embolization; however, understanding three-dimensional (3D) vascular structures on two-dimensional screens is challenging. Although 3D-printed vascular models are helpful, they demand time, effort, and sterility. This study explores whether mixed-reality (MR) devices displaying 3D computer graphics (3D-CG) can address these issues. This study focused on magnetic resonance imaging (MRI) of seven cases of cerebral aneurysms. Head-mounted display (HMD) and spatial reality display (SRD) MR devices were used, and applications for 3D-CG display at a 1:1 scale and a 3D-CG control panel were developed. Catheters shaped using a 3D printer, HMD, and SRD were inserted into hollow models to assess their accessibility and positioning. The concordance rate of the 3D printer and HMD groups in terms of accessibility to the aneurysm was 71.4 %, while that of the 3D printer and SRD group was 85.7 %, and that of the HMD and SRD group was 85.7 %. The concordance rates of positioning in the 3D printer and HMD groups, 3D printer and SRD groups, and HMD and SRD groups were 85.7 %, 85.7 %, and 100 %, respectively. MR devices facilitate catheter shaping in cerebral aneurysm coil embolization and offer a time-efficient, precise, and sterile alternative to traditional 3D printing methods.",Yuichi Mochizuki; Hiroaki Neki; Yoshinobu Kamio; Katsumasa Nakamura; Hiroki Kase; Toru Aoki; Kazuhiko Kurozumi,Clinical neurology and neurosurgery,2024,"Journal Article; Research Support, Non-U.S. Gov't",eng,retrieved,UNCERTAIN_REQUIRES_SCREENING,TITLE_ABSTRACT_REVIEW_REQUIRED,,,,,,,,
3161,TA-13,38986263,10.1016/j.ejmp.2024.103426,Task-based image quality assessment of an intraoperative CBCT for spine surgery compared with conventional CT.,"To analyze the image quality of a novel, state-of-the art platform for CBCT image-guided spine surgery, focusing particularly on the dose-effectiveness compared with conventional CT (the gold standard for postoperative assessment). The ClarifEye platform (Philips Healthcare) with integrated augmented-reality surgical navigation, has been compared with a GE Revolution CT (GE Healthcare). The 3D spatial resolution (TTF) and noise (NPS) were evaluated considering relevant feature contrasts (200-900 HU) and background noise for differently sized patients (200-300 mm water-equivalent diameter). These measures were used to determine the noise equivalent quanta (NEQ) and observer model detectability. The CBCT system exhibited a linear response with 50% TTF at 5.7 cycles/cm (10% TTF at 9.2 cycles/cm), and the axial noise power peaking at about 3.6 cycles/cm (average frequency of 4.1 cycles/cm). The noise magnitude and texture differed markedly compared to iteratively reconstructed CT images (GE ASiR-V). The CBCT system had 26% lower detectability for a high-frequency task (related to edge detection) compared with CT images reconstructed using the Bone kernel combined with ASiR-V 50%. Likewise, it had 18% lower detectability for low- and mid-frequency tasks compared with CT images reconstructed using the Standard kernel. This difference translates to 50%-80% higher CBCT imaging doses required to match the CT image quality. The ClarifEye platform demonstrates intraoperative CBCT-imaging capabilities that under certain circumstances are comparable with conventional CT. However, due to limited dose-effectiveness, a trade-off between timeliness and radiation exposure must be considered if end-of-procedure CBCT is to replace postoperative CT.",Robert Vorbau; Markus Hulthén; Artur Omar,Physica medica : PM : an international journal devoted to the applications of physics to medicine and biology : official journal of the Italian Association of Biomedical Physics (AIFB),2024,Journal Article; Comparative Study,eng,retrieved,UNCERTAIN_REQUIRES_SCREENING,TITLE_ABSTRACT_REVIEW_REQUIRED,,,,,,,,
3162,TA-13,38983218,10.7717/peerj-cs.2110,The real-time hand and object recognition for virtual interaction.,"Recognizing hand-object interactions presents a significant challenge in computer vision. It arises due to the varying nature of hand-object interactions. Moreover, estimating the 3D position of a hand from a single frame can be problematic, especially when the hand obstructs the view of the object from the observer's perspective. In this article, we present a novel approach to recognizing objects and facilitating virtual interactions, using a steering wheel as an illustrative example. We propose a real-time solution for identifying hand-object interactions in eXtended reality (XR) environments. Our approach relies on data captured by a single RGB camera during a manipulation scenario involving a steering wheel. Our model pipeline consists of three key components: (a) a hand landmark detector based on the MediaPipe cross-platform hand tracking solution; (b) a three-spoke steering wheel model tracker implemented using the faster region-based convolutional neural network (Faster R-CNN) architecture; and (c) a gesture recognition module designed to analyze interactions between the hand and the steering wheel. This approach not only offers a realistic experience of interacting with steering-based mechanisms but also contributes to reducing emissions in the real-world environment. Our experimental results demonstrate the natural interaction between physical objects in virtual environments, showcasing precision and stability in our system.",Madi Nuralin; Yevgeniya Daineko; Shadi Aljawarneh; Dana Tsoy; Madina Ipalakova,PeerJ. Computer science,2024,Journal Article,eng,retrieved,UNCERTAIN_REQUIRES_SCREENING,TITLE_ABSTRACT_REVIEW_REQUIRED,,,,,,,,
3163,TA-13,38982463,10.1186/s12912-024-02110-9,Integrating mixed reality preparation into acute coronary syndrome simulation for nursing students: a single-group pretest-posttest study.,"Timely and effective intervention within the 'golden hour'-the critical first 90 min after the symptom onset-is crucial for initiating life-saving treatment and reducing mortality in acute coronary syndrome (ACS). This highlights the need for nursing students to be proficient in ACS care, emphasizing the importance of preparatory training. This study enhanced traditional simulation methods by integrating a mixed reality (MR) preparation step, offering a more immersive learning experience. We aimed to evaluate the effectiveness of integrating MR preparation into ACS simulation education, focusing on enhancements in knowledge, self-confidence in learning, and self-efficacy in learning. Additionally, we examined performance, practice immersion, and satisfaction to comprehensively evaluate the MR application. One-group pretest-posttest design was implemented in a convenience sample of thirty-nine senior nursing students from a university in South Korea in August 2022. We developed a simulation program integrating MR preparation into ACS simulation (IMRP-ACSS), which was validated through expert review for content validity. The students participated in the simulation program over six hours across two days, including a 40-minute individual session of MR-based simulation preparation using head-mounted displays (the HoloLens 2). Individual changes in knowledge, self-confidence in learning, and self-efficacy in learning evaluated by the survey were analyzed using paired t-tests. Additionally, group performance assessed using the checklist was analyzed. Immersion and satisfaction were measured with a tool and a 10-point Likert scale, respectively. Individually, participants demonstrated significantly increased knowledge (t = 11.87, p < .001), self-confidence in learning (t = 7.17, p < .001), and self-efficacy in learning (t = 4.70, p < .001) post-education. Group performance yielded a mean score of 56.43/70 ± 7.45. Groups scored higher in electrocardiogram interpretation, patient safety, and heparin administration. Participants reported a practice immersion level of 37.82/50 ± 9.13 and expressed satisfaction with the program, achieving an average score of 8.85/10 ± 1.35. Integrating MR preparation into ACS simulation enhanced nursing students' knowledge, self-confidence in learning, and self-efficacy in ACS care, providing a replicable and immersive learning experience. This method is an effective addition to nursing education, preparing students through comprehensive, technology-enhanced training.",Sun-Hee Moon; Hyeonjin Jeong; Mi Jin Choi,BMC nursing,2024,Journal Article,eng,retrieved,UNCERTAIN_REQUIRES_SCREENING,TITLE_ABSTRACT_REVIEW_REQUIRED,,,,,,,,
3164,TA-13,38975288,10.1016/j.csbj.2024.06.001,Unveiling the impact of the SMARTCLAP project on habilitation.,"This report summarises the SMARTCLAP research project, which employs a user-centred design approach to develop a revolutionary smart product service system. The system offers personalised motivation to encourage children with cerebral palsy to actively participate more during their occupational therapy sessions, while providing paediatric occupational therapists with an optimal tool to monitor children's progress from one session to another. The product service system developed includes of a smart wearable device called DigiClap used to interact with a serious game in an Augmented Reality environment. The report highlights the research methodology used to advance the technology readiness level from 4 to 6, acknowledging the contribution of the consortium team and funding source. As part of the technology's maturity process, DigiClap and the respective serious game were evaluated with target users, to identify the system's impact in supporting the children's overall participation and hand function, and to gather feedback from occupational therapists and caregivers on this novel technology. The outcomes of this study are discussed, highlighting limitations and lessons learned. The report also outlines future work and further funding for the sustainability of the project and to reach other individuals who have upper limb limitations. Ultimately, the potential of DigiClap and the overall achievements of this project are discussed.",Matthew Bonello; Nathalie Buhagiar; Philip Farrugia; Joseph Mercieca,Computational and structural biotechnology journal,2024,Journal Article,eng,retrieved,UNCERTAIN_REQUIRES_SCREENING,TITLE_ABSTRACT_REVIEW_REQUIRED,,,,,,,,
3165,TA-13,38975124,10.1016/j.heliyon.2024.e32852,Indoor augmented reality (AR) pedestrian navigation for emergency evacuation based on BIM and GIS.,"Nowadays with the increase of high-rise buildings, emergency evacuation is an indispensable part of urban environment management. Due to various disaster incidents occurred in indoor environments, research has concentrated on ways to deal with the different difficulties of indoor emergency evacuation. Although global navigation satellite systems (GNSSs) such as global positioning system (GPS) come in handy in outdoor spaces, they are not of much use in enclosed places, where satellite signals cannot penetrate easily. Therefore, other approaches must be considered for pedestrian navigation to cope with the indoor positioning problem. Another problem in such environments is the information of the building indoor space. The majority of the studies has used prepared maps of the building, which limits their methodology to that specific study area. However, in this study we have proposed an end-to-end method that takes advantage of BIM model of the building, thereby applicable to every structure that has an equivalent building information model (BIM). Moreover, we have used a mixture of Wi-Fi fingerprinting and pedestrian dead reckoning (PDR) method with relatively higher accuracy compared to other similar methods for navigating the user to the exit point. For implementing PDR, we used the sensors in smartphones to calculate user steps and direction. In addition, the navigational information was superimposed on the smartphone screen using augmented reality (AR) technology, thus communicating the direction information in a user-friendly manner. Finally, the AR mobile emergency evacuation application developed was assessed with a sample audience. After an experience with the app, they filled out a questionnaire which was designed in the system usability scale test (SUS) format. The evaluation results showed that the app achieved an acceptable suitability for usage.",Mojtaba Valizadeh; Babak Ranjgar; Alessandro Niccolai; Hamid Hosseini; Soheil Rezaee; Farshad Hakimpour,Heliyon,2024,Journal Article,eng,retrieved,UNCERTAIN_REQUIRES_SCREENING,TITLE_ABSTRACT_REVIEW_REQUIRED,,,,,,,,
3166,TA-13,38968360,10.1126/sciadv.ado6793,Biomimetic bimodal haptic perception using triboelectric effect.,"Multimodal haptic perception is essential for enhancing perceptual experiences in augmented reality applications. To date, several artificial tactile interfaces have been developed to perceive pressure and precontact signals, while simultaneously detecting object type and softness with quantified modulus still remains challenging. Here, inspired by the campaniform sensilla on insect antennae, we proposed a hemispherical bimodal intelligent tactile sensor (BITS) array using the triboelectric effect. The system is capable of softness identification, modulus quantification, and material type recognition. In principle, due to the varied deformability of materials, the BITS generates unique triboelectric output fingerprints when in contact with the tested object. Furthermore, owing to the different electron affinities, the BITS array can accurately recognize material type (99.4% accuracy), facilitating softness recognition (100% accuracy) and modulus quantification. It is promising that the BITS based on the triboelectric effect has the potential to be miniaturized to provide real-time accurate haptic information as an artificial antenna toward applications of human-machine integration.",Shaoshuai He; Jinhong Dai; Dong Wan; Shengshu Sun; Xiya Yang; Xin Xia; Yunlong Zi,Science advances,2024,"Journal Article; Research Support, Non-U.S. Gov't",eng,retrieved,UNCERTAIN_REQUIRES_SCREENING,TITLE_ABSTRACT_REVIEW_REQUIRED,,,,,,,,
3167,TA-13,38968019,10.1109/TVCG.2024.3424206,Development and Evaluation of a Treadmill-Based Video-See-Through and Optical-See-Through Mixed Reality Systems for Obstacle Negotiation Training.,"Mixed reality (MR) technologies have a high potential to enhance obstacle negotiation training beyond the capabilities of existing physical systems. Despite such potential, the feasibility of using MR for obstacle negotiation on typical training treadmill systems and its effects on obstacle negotiation performance remains largely unknown. This research bridges this gap by developing an MR obstacle negotiation training system deployed on a treadmill, and implementing two MR systems with a video see-through (VST) and an optical see-through (OST) Head Mounted Displays (HMDs). We investigated the obstacle negotiation performance with virtual and real obstacles. The main outcomes show that the VST MR system significantly changed the parameters of the leading foot in cases of Box obstacle (approximately 22 cm to 30 cm for stepping over 7cm-box), which we believe was mainly attributed to the latency difference between the HMDs. In the condition of OST MR HMD, users tended to not lift their trailing foot for virtual obstacles (approximately 30 cm to 25 cm for stepping over 7cm-box). Our findings indicate that the low-latency visual contact with the world and the user's body is a critical factor for visuo-motor integration to elicit obstacle negotiation.",Tamon Miyake; Mohammed Al-Sada; Abdullah Iskandar; Shunya Itano; Mitsuhiro Kamezaki; Tatsuo Nakajima; Shigeki Sugano,IEEE transactions on visualization and computer graphics,2025,"Journal Article; Research Support, Non-U.S. Gov't",eng,retrieved,UNCERTAIN_REQUIRES_SCREENING,TITLE_ABSTRACT_REVIEW_REQUIRED,,,,,,,,
3168,TA-13,38968010,10.1109/MCG.2024.3424247,The Mixed Tangible Catalog: Toward Tangible and Sustainable B2B Metaverse Fashion Showrooms.,"The metaverse, driven by mixed reality (MR), is positioned as the future market, revolutionizing product exploration in virtual space. Existing literature on this subject mainly focuses on business-to-consumer perspectives, leaving a gap in understanding business-to-business (B2B) applications, particularly in the fashion industry. This article introduces a ""Mixed Tangible Catalog"" (MTC) for B2B that combines a physical, foldable cardboard booth with an MR application linked to a head-mounted display. Targeting the fashion sector's need for high standards in material evaluation, the MTC allows retailers and distributors to browse garments, customize material attributes, and receive visual and tangible feedback. Evaluation through a focus group of 10 industry experts revealed positive feedback. The MTC maintains the tangibility of traditional B2B showrooms and reduces the environmental impact by minimizing transportation, samples, and waste. This innovative approach offers an efficient and sustainable alternative to conventional physical showrooms, enhancing both economic and ecological aspects.",Fabio Vangi; Marina Ricci; Mine Dastan; Michele Fiorentino,IEEE computer graphics and applications,2024,Journal Article,eng,retrieved,UNCERTAIN_REQUIRES_SCREENING,TITLE_ABSTRACT_REVIEW_REQUIRED,,,,,,,,
3169,TA-13,38966773,10.1002/iju5.12735,Successful laparoscopic retroperitoneal tumor resection using mixed reality and guiding marker techniques.,"Small tumors may be difficult to identify visually and require preoperative effort to locate. Recent advancements in mixed reality technology have improved surgical accuracy in various departments. Here, we present the application of mixed reality-assisted surgery and a guiding marker in the case of small retroperitoneal metastasis of uterine cancer. A 67-year-old female with a history of uterine cancer had a retroperitoneal metastasis in the lateroconal fascia near the right diaphragm, measuring 2 cm and infiltrating the peritoneum. We performed precise surgical planning using the preoperative mixed reality software ""Holoeyes"" on a head-mounted display called HoloLens2. Novel techniques, including ultrasonography-guided placement of a guiding marker and strategic port-site placement facilitated by HoloLens2, ensured accurate tumor identification and laparoscopic resection with minimal blood loss and no intraoperative complications. The use of mixed reality-assisted surgery and a guiding marker effectively enhanced the precision of retroperitoneal tumor resection.",Yoichiro Tohi; Homare Okazoe; Katsuya Mitamura; Yu Osaki; Kenichi Tanaka; Yuki Matsuoka; Yoshihiro Nishiyama; Kenji Kanenishi; Mikio Sugimoto,IJU case reports,2024,Case Reports; Journal Article,eng,retrieved,UNCERTAIN_REQUIRES_SCREENING,TITLE_ABSTRACT_REVIEW_REQUIRED,,,,,,,,
3170,TA-13,38965779,10.1097/SLE.0000000000001307,Navigating the Future of 3D Laparoscopic Liver Surgeries: Visualization of Internal Anatomy on Laparoscopic Images With Augmented Reality.,"Liver tumor resection requires precise localization of tumors and blood vessels. Despite advancements in 3-dimensional (3D) visualization for laparoscopic surgeries, challenges persist. We developed and evaluated an augmented reality (AR) system that overlays preoperative 3D models onto laparoscopic images, offering crucial support for 3D visualization during laparoscopic liver surgeries. Anatomic liver structures from preoperative computed tomography scans were segmented using open-source software including 3D Slicer and Maya 2022 for 3D model editing. A registration system was created with 3D visualization software utilizing a stereo registration input system to overlay the virtual liver onto laparoscopic images during surgical procedures. A controller was customized using a modified keyboard to facilitate manual alignment of the virtual liver with the laparoscopic image. The AR system was evaluated by 3 experienced surgeons who performed manual registration for a total of 27 images from 7 clinical cases. The evaluation criteria included registration time; measured in minutes, and accuracy; measured using the Dice similarity coefficient. The overall mean registration time was 2.4±1.7 minutes (range: 0.3 to 9.5 min), and the overall mean registration accuracy was 93.8%±4.9% (range: 80.9% to 99.7%). Our validated AR system has the potential to effectively enable the prediction of internal hepatic anatomic structures during 3D laparoscopic liver resection, and may enhance 3D visualization for select laparoscopic liver surgeries.",Moon Young Oh; Kyung Chul Yoon; Seulgi Hyeon; Taesoo Jang; Yeonjin Choi; Junki Kim; Hyoun-Joong Kong; Young Jun Chai,"Surgical laparoscopy, endoscopy & percutaneous techniques",2024,Journal Article,eng,retrieved,UNCERTAIN_REQUIRES_SCREENING,TITLE_ABSTRACT_REVIEW_REQUIRED,,,,,,,,
3171,TA-13,38965266,10.1038/s41598-024-64957-x,Determination of rotation center and diameter of femoral heads using off-the-shelf augmented reality hardware for navigation.,"In total hip arthroplasty (THA), determining the center of rotation (COR) and diameter of the hip joint (acetabulum and femoral head) is essential to restore patient biomechanics. This study investigates on-the-fly determination of hip COR and size, using off-the-shelf augmented reality (AR) hardware. An AR head-mounted device (HMD) was configured with inside-out infrared tracking enabling the determination of surface coordinates using a handheld stylus. Two investigators examined 10 prosthetic femoral heads and cups, and 10 human femurs. The HMD calculated the diameter and COR through sphere fitting. Results were compared to data obtained from either verified prosthetic geometry or post-hoc CT analysis. Repeated single-observer measurements showed a mean diameter error of 0.63 mm ± 0.48 mm for the prosthetic heads and 0.54 mm ± 0.39 mm for the cups. Inter-observer comparison yielded mean diameter errors of 0.28 mm ± 0.71 mm and 1.82 mm ± 1.42 mm for the heads and cups, respectively. Cadaver testing found a mean COR error of 3.09 mm ± 1.18 mm and a diameter error of 1.10 mm ± 0.90 mm. Intra- and inter-observer reliability averaged below 2 mm. AR-based surface mapping using HMD proved accurate and reliable in determining the diameter of THA components with promise in identifying COR and diameter of osteoarthritic femoral heads.",Antoine Van Ravestyn; Taylor Frantz; Jef Vandemeulebroucke; Bart Jansen; Johnny Duerinck; Thierry Scheerlinck,Scientific reports,2024,Journal Article,eng,retrieved,UNCERTAIN_REQUIRES_SCREENING,TITLE_ABSTRACT_REVIEW_REQUIRED,,,,,,,,
3172,TA-13,38964558,10.1016/j.ijcard.2024.132330,Holographic mixed reality for planning transcatheter aortic valve replacement.,"Using three-dimensional (3D) modalities for optimal pre-procedure planning in transcatheter aortic valve replacement (TAVR) is critical for procedural success. However, current methods rely on visualizing images on a two-dimensional screen, using shading and colors to create the illusion of 3D, potentially impeding the accurate comprehension of the actual anatomy structures. In contrast, a new Mixed Reality (MxR) based software enables accurate 3D visualization, imaging manipulation, and quantification of measurements. The study aims to evaluate the feasibility, reproducibility, and accuracy of dimensions of the aortic valve complex as measured with a new holographic MxR software (ARTICOR®, Artiness srl, Milano, Italy) compared to a widely used software for pre-operative sizing and planning (3mensio Medical Imaging BV, Bilthoven, The Netherlands). This retrospective, observational, double-center study enrolled 100 patients with severe aortic stenosis who underwent cardiac computed tomography (CCT) before TAVR. The CCT datasets of volumetric aortic valve images were analyzed using 3Mensio and newly introduced MxR-based software. Ninety-eight percent of the CCT datasets were successfully converted into holographic models. A higher level of agreement between the two software systems was observed for linear metrics (short, long, and average diameter). In comparison, agreement was lower for area, perimeter, and annulus-to-coronary ostia distance measurements. Notably, the annulus area, annular perimeter, left ventricular outflow tract (LVOT) area, and LVOT perimeter were significantly and consistently smaller with the MxR-based software compared to the 3Mensio. Excellent interobserver reliability was demonstrated for most measurements, especially for direct linear measurements. Linear measurements of the aortic valve complex using MxR-based software are reproducible compared to the standard CCT dataset analyzed with 3Mensio. MxR-based software could represent an accurate tool for the pre-procedural planning of TAVR.",Michela Bonanni; Giulio Russo; Matteo De Siati; Flavia Tomao; Gianluca Massaro; Daniela Benedetto; Matteo Longoni; Andrea Matteucci; Valerio Maffi; Enrica Giuliana Mariano; Marco Di Luozzo; Gaetano Chiricolo; Francesco Maisano; Giuseppe Massimo Sangiorgi,International journal of cardiology,2024,Journal Article; Observational Study; Multicenter Study,eng,retrieved,UNCERTAIN_REQUIRES_SCREENING,TITLE_ABSTRACT_REVIEW_REQUIRED,,,,,,,,
3173,TA-13,38964218,10.1016/j.apergo.2024.104340,Physical loads on upper extremity muscles while interacting with virtual objects in an augmented reality context.,"Augmented reality (AR) environments are emerging as prominent user interfaces and gathering significant attention. However, the associated physical strain on the users presents a considerable challenge. Within this background, this study explores the impact of movement distance (MD) and target-to-user distance (TTU) on the physical load during drag-and-drop (DND) tasks in an AR environment. To address this objective, a user experiment was conducted utilizing a 5× 5 within-subject design with MD (16, 32, 48, 64, and 80 cm) and TTU (40, 80, 120, 160, and 200 cm) as the variables. Physical load was assessed using normalized electromyography (NEMG) (%MVC) indicators of the upper extremity muscles and the physical item of NASA-Task load index (TLX). The results revealed significant variations in the physical load based on MD and TTU. Specifically, both the NEMG and subjective physical workload values increased with increasing MD. Moreover, NEMG increased with decreasing TTU, whereas the subjective physical workload scores increased with increasing TTU. Interaction effects of MD and TTU on NEMG were also significantly observed. These findings suggest that considering the MD and TTU when developing content for interacting with AR objects in AR environments could potentially alleviate user load.",Chae Heon Lim; Min Chul Cha; Seul Chan Lee,Applied ergonomics,2024,Journal Article,eng,retrieved,UNCERTAIN_REQUIRES_SCREENING,TITLE_ABSTRACT_REVIEW_REQUIRED,,,,,,,,
3174,TA-13,38963331,10.1097/CIN.0000000000001166,Migrating Mobile Applications to the Web: Adult Crash Cart Training.,"Nurses and clinicians require knowledge and training of their facilities' code blue response cart to manage emergency scenarios. However, the nurses who access the carts change frequently through turnover and role changes. An augmented reality training solution was built for mobile devices, but encountered distribution and access challenges. This study evaluated the conversion of the mobile application to a desktop-based version deployed via a learning management system. Eight hundred fifty clinicians were assigned the interactive learning product, which collected anonymous usage data and an optional feedback survey within the module. Of 850 assigned users, 468 completed the module, and 338 completed the feedback survey. Respondents indicated a positive difference of 25.3% in retrospective pre/post confidence and an appreciation for the features of the product. Performance measured by decreasing total item search time appeared to level off after three plays. The format transition was successful, allowing the same widespread distribution as the mobile versions of [X]. Feedback gathered will drive improvements in the module.",Kyle T Formella; Edouard K Borissov; Karyn Cordes; Amy Wright; Ryan M Klute,"Computers, informatics, nursing : CIN",2024,Journal Article,eng,retrieved,UNCERTAIN_REQUIRES_SCREENING,TITLE_ABSTRACT_REVIEW_REQUIRED,,,,,,,,
3175,TA-13,38961095,10.1038/s41598-024-65204-z,Augmented reality navigation method based on image segmentation and sensor tracking registration technology.,"With the rapid development of modern science and technology, navigation technology provides great convenience for people's life, but the problem of inaccurate localization in complex environments has always been a challenge that navigation technology needs to be solved urgently. To address this challenge, this paper proposes an augmented reality navigation method that combines image segmentation and multi-sensor fusion tracking registration. The method optimizes the image processing process through the GA-OTSU-Canny algorithm and combines high-precision multi-sensor information in order to achieve accurate tracking of positioning and guidance in complex environments. Experimental results show that the GA-OTSU-Canny algorithm has a faster image edge segmentation rate, and the fastest start speed is only 1.8 s, and the fastest intersection selection time is 1.2 s. The navigation system combining the image segmentation and sensor tracking and registration techniques has a highly efficient performance in real-world navigation, and its building recognition rates are all above 99%. The augmented reality navigation system not only improves the navigation accuracy in high-rise and urban canyon environments, but also significantly outperforms traditional navigation solutions in terms of navigation startup time and target building recognition accuracy. In summary, this research not only provides a new framework for the theoretical integration of image processing and multi-sensor data, but also brings innovative technical solutions for the development and application of practical navigation systems.",Xiaoying Zhang; Yonggang Zhu; Lumin Chen; Peng Duan; Meijuan Zhou,Scientific reports,2024,Journal Article,eng,retrieved,UNCERTAIN_REQUIRES_SCREENING,TITLE_ABSTRACT_REVIEW_REQUIRED,,,,,,,,
3176,TA-13,38959990,10.1016/j.physbeh.2024.114623,Augmented-reality-based multi-person exercise has more beneficial effects on mood state and oxytocin secretion than standard solitary exercise.,"Exercise has positive effects on psychological well-being, with team sports often associated with superior mental health compared to individual sports. Augmented reality (AR) technology has the potential to convert solitary exercise into multi-person exercise. Given the role of oxytocin in mediating the psychological benefits of exercise and sports, this study aimed to investigate the impact of AR-based multi-person exercise on mood and salivary oxytocin levels. Fourteen participants underwent three distinct regimens: non-exercise (Rest), standard solitary cycling exercise (Ex), and AR-based multi-person cycling exercise (Ex+AR). In both Ex and Ex+AR conditions, participants engaged in cycling at a self-regulated pace to maintain a Rating of Perceived Exertion of 10. In the Ex+AR condition, participants' avatars were projected onto a tablet screen, allowing them to cycle alongside ten other virtual avatars in an AR environment. Mood states and saliva samples were collected before and immediately after each 10-minute regimen. Subsequently, salivary oxytocin levels were measured. Notably, only the Ex+AR condition significantly improved mood states associated with depression-dejection and exhibited a non-significant trend toward suppressing anger-hostility in participants. Moreover, the Ex+AR condition led to a significant elevation in salivary oxytocin levels, while the Ex condition showed a non-significant trend toward an increase. However, changes in salivary oxytocin did not show a significant correlation with changes in mood states. These findings suggest that Ex+AR enhances mood states and promotes oxytocin release. AR-based multi-person exercise may offer greater psychological benefits compared to standard solitary exercise, although the relationship between oxytocin and mood changes remains inconclusive.",Takeru Shima; Junpei Iijima; Hirotaka Sutoh; Chiho Terashima; Yuki Matsuura,Physiology & behavior,2024,"Journal Article; Research Support, Non-U.S. Gov't",eng,retrieved,UNCERTAIN_REQUIRES_SCREENING,TITLE_ABSTRACT_REVIEW_REQUIRED,,,,,,,,
3177,TA-13,42558102,10.1089/jmxr.2024.0012,Extended Reality for Neuraxial Procedures: A Scoping Review.,"Extended reality (XR) technology, encompassing augmented reality, mixed reality, and virtual reality, has the potential to enhance the teaching and performance of neuraxial procedures. The diverse applications of XR include immersive simulations and novel modes of procedural navigation. This scoping review aims to explore the varied applications of XR for neuraxial procedures while suggesting directions for future research. A systematic search was conducted across PubMed, Embase, Web of Science, Cochrane Central Register of Controlled Trials, and Google Scholar until December 2023. Additional sources were identified via citation searching of relevant articles. The findings are reported using the Preferred Reporting Items for Systematic Reviews and Meta-Analyses extension for Scoping Reviews (PRISMA-ScR). A total of 42 studies, including three pending clinical trials were included. Most included studies were published after 2015. XR technology was applied in diverse ways for simulation (n = 24), navigation (n = 17), and teleconsultation (n = 1), but only five of the completed studies described use in direct patient care. For the display of visuals, computer screens were most commonly used, followed by head-mounted devices, laser projectors, and semi-transparent mirrors. Interest in using XR technology for neuraxial procedures is growing. Preliminary work shows promise for this technology in both education and clinical practice, but achieving accurate image registration without disrupting existing workflows remains an ongoing barrier to clinical testing. Additional research is needed to assess the cost-effectiveness and reliability of this technology.",James S Cho; Devaunsh M Thaker; Rohan Jotwani; David Hao,Journal of medical extended reality,2024,Journal Article,eng,retrieved,UNCERTAIN_REQUIRES_SCREENING,TITLE_ABSTRACT_REVIEW_REQUIRED,,,,,,,,
3178,TA-13,38959139,10.1109/TVCG.2024.3422814,A Real-Time Method for Inserting Virtual Objects Into Neural Radiance Fields.,"We present the first real-time method for inserting a rigid virtual object into a neural radiance field (NeRF), which produces realistic lighting and shadowing effects, as well as allows interactive manipulation of the object. By exploiting the rich information about lighting and geometry in a NeRF, our method overcomes several challenges of object insertion in augmented reality. For lighting estimation, we produce accurate and robust incident lighting that combines the 3D spatially-varying lighting from NeRF and an environment lighting to account for sources not covered by the NeRF. For occlusion, we blend the rendered virtual object with the background scene using an opacity map integrated from the NeRF. For shadows, with a precomputed field of spherical signed distance fields, we query the visibility term for any point around the virtual object, and cast soft, detailed shadows onto 3D surfaces. Compared with state-of-the-art techniques, our approach can insert virtual objects into scenes with superior fidelity, and has great potential to be further applied to augmented reality systems.",Keyang Ye; Hongzhi Wu; Xin Tong; Kun Zhou,IEEE transactions on visualization and computer graphics,2025,Journal Article,eng,retrieved,UNCERTAIN_REQUIRES_SCREENING,TITLE_ABSTRACT_REVIEW_REQUIRED,,,,,,,,
3179,TA-13,38958405,10.1021/acsnano.4c05724,Multidimensional Encryption by Chip-Integrated Metasurfaces.,"Facing the challenge of information security in the current era of information technology, optical encryption based on metasurfaces presents a promising solution to this issue. However, most metasurface-based encryption techniques rely on limited decoding keys and struggle to achieve multidimensional complex encryption. It hinders the progress of optical storage capacity and puts encryption security at a disclosing risk. Here, we propose and experimentally demonstrate a multidimensional encryption system based on chip-integrated metasurfaces that successfully incorporates the simultaneous manipulation of three-dimensional optical parameters, including wavelength, direction, and polarization. Hence, up to eight-channel augmented reality (AR) holograms are concealed by near- and far-field fused encryption, which can only be extracted by correctly providing the three-dimensional decoding keys and then vividly exhibit to the authorizer with low crosstalk, high definition, and no zero-order speckle noise. We envision that the miniature chip-integrated metasurface strategy for multidimensional encryption functionalities promises a feasible route toward the encryption capacity and information security enhancement of the anticounterfeiting performance and optically cryptographic storage.",Shuai Wan; Kening Qu; Yangyang Shi; Zhe Li; Zejing Wang; Chenjie Dai; Jiao Tang; Zhongyang Li,ACS nano,2024,Journal Article,eng,retrieved,UNCERTAIN_REQUIRES_SCREENING,TITLE_ABSTRACT_REVIEW_REQUIRED,,,,,,,,
3180,TA-13,38957788,10.1016/j.isci.2024.110023,Color gamut characteristics of diffractive-light guides of near-eye augmented reality glasses.,"We delve into the distinctive color gamut characteristics resulting from color dispersion of surface relief grating (SRG) and wavelength degeneracy of volume holographic optical element (VHOE) in a diffractive light guide. While a laser-like spectrum achieves an impressive 194% sRGB color gamut for both cases, it proves unsuitable for VHOE light guides due to limitations in breaking the field of view (FOV) of the display. Conversely, a broad-band light source, such as LEDs, offers continuous FOV but reduces the common color gamut to 50% sRGB. We then present a newly designed VHOE light guide capable of achieving the common color gamut of 130% sRGB using two multiplexed holograms of each color, closely matching the 133% sRGB achieved by an SRG light guide. This article presents the first theoretical methodology to elucidate color performance of diffractive light guides utilizing VHOEs with holographic multiplexing, affirming their suitability for crafting high-quality near-eye display.",Ching-Cherng Sun; Wen-Kai Lin; Tsung-Hsun Yang; Zih-Fan Chen; Chi Sun; Wei-Chia Su; Shao-Kui Zhou; Yeh-Wei Yu; Tsung-Xian Lee; Chih-Yuan Cheng; Shiuan Huei Lin,iScience,2024,Journal Article,eng,retrieved,UNCERTAIN_REQUIRES_SCREENING,TITLE_ABSTRACT_REVIEW_REQUIRED,,,,,,,,
3181,TA-13,38957720,10.1097/GOX.0000000000005940,Leveraging the Apple Ecosystem: Easy Viewing and Sharing of Three-dimensional Perforator Visualizations via iPad/iPhone-based Augmented Reality.,"We introduce a novel technique using augmented reality (AR) on smartphones and tablets, making it possible for surgeons to review perforator anatomy in three dimensions on the go. Autologous breast reconstruction with abdominal flaps remains challenging due to the highly variable anatomy of the deep inferior epigastric artery. Computed tomography angiography has mitigated some but not all challenges. Previously, volume rendering and different headsets were used to enable better three-dimensional (3D) review for surgeons. However, surgeons have been dependent on others to provide 3D imaging data. Leveraging the ubiquity of Apple devices, our approach permits surgeons to review 3D models of deep inferior epigastric artery anatomy segmented from abdominal computed tomography angiography directly on their iPhone/iPad. Segmentation can be performed in common radiology software. The models are converted to the universal scene description zipped format, which allows immediate use on Apple devices without third-party software. They can be easily shared using secure, Health Insurance Portability and Accountability Act-compliant sharing services already provided by most hospitals. Surgeons can simply open the file on their mobile device to explore the images in 3D using ""object mode"" natively without additional applications or can switch to AR mode to pin the model in their real-world surroundings for intuitive exploration. We believe patient-specific 3D anatomy models are a powerful tool for intuitive understanding and communication of complex perforator anatomy and would be a valuable addition in routine clinical practice and education. Using this one-click solution on existing devices that is simple to implement, we hope to streamline the adoption of AR models by plastic surgeons.",Fabian N Necker; David J Cholok; Mohammed S Shaheen; Marc J Fischer; Kyle Gifford; Trishia El Chemaly; Christoph W Leuze; Michael Scholz; Bruce L Daniel; Arash Momeni,Plastic and reconstructive surgery. Global open,2024,Journal Article,eng,retrieved,UNCERTAIN_REQUIRES_SCREENING,TITLE_ABSTRACT_REVIEW_REQUIRED,,,,,,,,
3182,TA-13,38956852,10.5005/jp-journals-10024-3675,Scientometric Analysis of the World Scientific Production on Augmented and Virtual Reality in Dental Education.,"The aim of this study was to perform a comprehensive bibliometric analysis of virtual reality (VR) and augmented reality (AR) applications in dental education. A cross-sectional research was carried out using a bibliometric methodology. This process entailed the assessment of metadata from scientific publications that are catalogued in the Scopus database, covering the period from January 2018 to August 2023. A variety of indicators were utilized to scrutinize scientific production and dissemination within the academic community. These encompassed elements such as the author, the publication itself, the number of citations, institutional and collaborative affiliations, geographical location, journal quartile ranking, h-index, Source Normalized Impact per Paper (SNIP), Field-Weighted Citation Impact (FWCI), SCImago Journal Rank (SJR), and the CiteScore. Several institutions from different countries and their academic output were found. Beihang University stands out with 16 scholarly articles, followed by Stanford University with 16 articles and 170 citations. The Q1 quartile has experienced a steady increase, reaching 87 scientific articles. The top 10 authors in scientific production on augmented and VR in dentistry include Joe Amal Cecil, Avinash Gupta, and Miguel A Pirela-Cruz. In terms of co-authorship by country, the United States, Germany, and China are the most predominant in the clusters represented. However, other clusters also have a significant presence. By analyzing the explored trends and themes of keyword co-occurrence, four main clusters were identified. The yellow cluster contained the largest amount of research with the keyword ""virtual reality."" In addition, the blue cluster was found to be best related to the green ""simulation,"" purple ""virtual reality (VR),"" and light blue ""human-centered computing"" clusters. This study evidenced the availability and quality of the data used for the analysis. Future studies could consider the use of VR systems with integrated eye tracking and compare their effect in dentistry during dental procedures. The clinical importance of this study lies in its potential to improve dental education. The VR and AR can provide dental students with immersive, hands-on learning experiences, which can enhance their understanding and clinical skills. Furthermore, the translational value of this study extends beyond dental education. The insights gained from this research could be applicable to other fields of medical education where hands-on training is crucial. Thus, the findings of this study have the potential to influence the broader landscape of medical education, ultimately leading to improved healthcare outcomes. How to cite this article: Alvitez-Temoche D, Silva H, Aguila ED, et al. Scientometric Analysis of the World Scientific Production on Augmented and Virtual Reality in Dental Education. J Contemp Dent Pract 2024;25(4):358-364.",Daniel Alvitez-Temoche; Herbert Silva; Elca Del Aguila; Franco Mauricio; Fran Espinoza-Carhuancho; Frank Mayta-Tovalino,The journal of contemporary dental practice,2024,Journal Article,eng,retrieved,UNCERTAIN_REQUIRES_SCREENING,TITLE_ABSTRACT_REVIEW_REQUIRED,,,,,,,,
3183,TA-13,38955525,10.14245/ns.2448388.194,Artificial Intelligence in Spinal Imaging and Patient Care: A Review of Recent Advances.,"Artificial intelligence (AI) is transforming spinal imaging and patient care through automated analysis and enhanced decision-making. This review presents a clinical task-based evaluation, highlighting the specific impact of AI techniques on different aspects of spinal imaging and patient care. We first discuss how AI can potentially improve image quality through techniques like denoising or artifact reduction. We then explore how AI enables efficient quantification of anatomical measurements, spinal curvature parameters, vertebral segmentation, and disc grading. This facilitates objective, accurate interpretation and diagnosis. AI models now reliably detect key spinal pathologies, achieving expert-level performance in tasks like identifying fractures, stenosis, infections, and tumors. Beyond diagnosis, AI also assists surgical planning via synthetic computed tomography generation, augmented reality systems, and robotic guidance. Furthermore, AI image analysis combined with clinical data enables personalized predictions to guide treatment decisions, such as forecasting spine surgery outcomes. However, challenges still need to be addressed in implementing AI clinically, including model interpretability, generalizability, and data limitations. Multicenter collaboration using large, diverse datasets is critical to advance the field further. While adoption barriers persist, AI presents a transformative opportunity to revolutionize spinal imaging workflows, empowering clinicians to translate data into actionable insights for improved patient care.",Sungwon Lee; Joon-Yong Jung; Akaworn Mahatthanatrakul; Jin-Sung Kim,Neurospine,2024,Journal Article,eng,retrieved,UNCERTAIN_REQUIRES_SCREENING,TITLE_ABSTRACT_REVIEW_REQUIRED,,,,,,,,
3184,TA-13,38955520,10.14245/ns.2448090.045,The Utility and Feasibility of Smart Glasses in Spine Surgery: Minimizing Radiation Exposure During Percutaneous Pedicle Screw Insertion.,"Spine surgeons are often at risk of radiation exposure due to intraoperative fluoroscopy, leading to health concerns such as carcinogenesis. This is due to the increasing use of percutaneous pedicle screw (PPS) in spinal surgeries, resulting from the widespread adoption of minimally invasive spine stabilization. This study aimed to elucidate the effectiveness of smart glasses (SG) in PPS insertion under fluoroscopy. SG were used as an alternative screen for fluoroscopic images. Operators A (2-year experience in spine surgery) and B (9-year experience) inserted the PPS into the bilateral L1-5 pedicles of the lumbar model bone under fluoroscopic guidance, repeating this procedure twice with and without SG (groups SG and N-SG, respectively). Each vertebral body's insertion time, radiation dose, and radiation exposure time were measured, and the deviation in screw trajectories was evaluated. The groups SG and N-SG showed no significant difference in insertion time for the overall procedure and each operator. However, group SG had a significantly shorter radiation exposure time than group N-SG for the overall procedure (109.1 ± 43.5 seconds vs. 150.9 ± 38.7 seconds; p = 0.003) and operator A (100.0 ± 29.0 seconds vs. 157.9 ± 42.8 seconds; p = 0.003). The radiation dose was also significantly lower in group SG than in group N-SG for the overall procedure (1.3 ± 0.6 mGy vs. 1.7 ± 0.5 mGy; p = 0.023) and operator A (1.2 ± 0.4 mGy vs. 1.8 ± 0.5 mGy; p = 0.013). The 2 groups showed no significant difference in screw deviation. The application of SG in fluoroscopic imaging for PPS insertion holds potential as a useful method for reducing radiation exposure.",Yoshiaki Hiranaka; Yoshiki Takeoka; Takashi Yurube; Takeru Tsujimoto; Yutaro Kanda; Kunihiko Miyazaki; Hiroki Ohnishi; Tomoya Matsuo; Masao Ryu; Naotoshi Kumagai; Kohei Kuroshima; Ryosuke Kuroda; Kenichiro Kakutani,Neurospine,2024,Journal Article,eng,retrieved,UNCERTAIN_REQUIRES_SCREENING,TITLE_ABSTRACT_REVIEW_REQUIRED,,,,,,,,
3185,TA-13,38954097,10.1245/s10434-024-15733-8,ASO Author Reflections: Augmented Reality 3D Model in Retroperitoneal Sarcomas.,,Eyal Mor; Hayden Snow; David E Gyorki,Annals of surgical oncology,2024,Journal Article,eng,retrieved,UNCERTAIN_REQUIRES_SCREENING,TITLE_ABSTRACT_REVIEW_REQUIRED,,,,,,,,
3186,TA-13,38953629,10.1227/ons.0000000000001255,Awake Craniotomy for Astrocytoma in the Left Frontal Lobe Using Augmented Reality Superimposing Tumor and White Matter Tracts: 2-Dimensional Operative Video.,,Ryosuke Matsuda; Yudai Morisaki; Shigeto Soyama; Keiko Uemura; Hironobu Hayashi; Shohei Yokoyama; Riju Dahal; Ichiro Nakagawa,"Operative neurosurgery (Hagerstown, Md.)",2025,Journal Article,eng,retrieved,UNCERTAIN_REQUIRES_SCREENING,TITLE_ABSTRACT_REVIEW_REQUIRED,,,,,,,,
3187,TA-13,38948894,10.26599/1671-5411.2024.05.002,Cardiovascular computed tomography in cardiovascular disease: An overview of its applications from diagnosis to prediction.,"Cardiovascular computed tomography angiography (CTA) is a widely used imaging modality in the diagnosis of cardiovascular disease. Advancements in CT imaging technology have further advanced its applications from high diagnostic value to minimising radiation exposure to patients. In addition to the standard application of assessing vascular lumen changes, CTA-derived applications including 3D printed personalised models, 3D visualisations such as virtual endoscopy, virtual reality, augmented reality and mixed reality, as well as CT-derived hemodynamic flow analysis and fractional flow reserve (FFRCT) greatly enhance the diagnostic performance of CTA in cardiovascular disease. The widespread application of artificial intelligence in medicine also significantly contributes to the clinical value of CTA in cardiovascular disease. Clinical value of CTA has extended from the initial diagnosis to identification of vulnerable lesions, and prediction of disease extent, hence improving patient care and management. In this review article, as an active researcher in cardiovascular imaging for more than 20 years, I will provide an overview of cardiovascular CTA in cardiovascular disease. It is expected that this review will provide readers with an update of CTA applications, from the initial lumen assessment to recent developments utilising latest novel imaging and visualisation technologies. It will serve as a useful resource for researchers and clinicians to judiciously use the cardiovascular CT in clinical practice.",Zhong-Hua Sun,Journal of geriatric cardiology : JGC,2024,Journal Article,eng,retrieved,UNCERTAIN_REQUIRES_SCREENING,TITLE_ABSTRACT_REVIEW_REQUIRED,,,,,,,,
3188,TA-13,38946612,10.1089/fpsam.2024.0084,Use of an Augmented Reality Ear Template to Augment Auricular Reconstruction.,,David W Chou; Kristan Alfonso,Facial plastic surgery & aesthetic medicine,2024,Journal Article,eng,retrieved,UNCERTAIN_REQUIRES_SCREENING,TITLE_ABSTRACT_REVIEW_REQUIRED,,,,,,,,
3189,TA-13,38946418,10.2533/chimia.2024.439,From Plastic Models to Virtual Reality Headsets: Enhancing Molecular Structure Education for Undergraduate Students.,"The comprehension of molecular structure is pivotal in chemistry education. Over the past decade, Mahidol University International College has employed various teaching tools for the introductory chemistry laboratory class. This paper outlines our evolutionary shift from traditional tools, such as plastic and plasticine models, to the integration of computer software, and ultimately to augmented reality (AR) and virtual reality (VR) tools-specifically, MoleculARweb and MolecularWebXR developed by École Polytechnique Fédérale de Lausanne researchers. In this paper, we detail the implementation of these tools in our classes and present the outcomes of student surveys. Our instructional focus encompasses VSEPR, Atomic Orbitals, Molecular Orbitals, Skeletal Formula, and Enantiomers. This paper not only serves as a model for educators in general chemistry at secondary school or university levels to incorporate technology into their classrooms but also showcases a collaborative endeavor between Swiss and Thai researchers.",Chaleena Pimpasri; Taweetham Limpanuparb,Chimia,2024,Journal Article,eng,retrieved,UNCERTAIN_REQUIRES_SCREENING,TITLE_ABSTRACT_REVIEW_REQUIRED,,,,,,,,
3190,TA-13,38944904,10.1016/j.compbiomed.2024.108809,Unveiling surgical expertise through machine learning in a novel VR/AR spinal simulator: A multilayered approach using transfer learning and connection weights analysis.,"Virtual and augmented reality surgical simulators, integrated with machine learning, are becoming essential for training psychomotor skills, and analyzing surgical performance. Despite the promise of methods like the Connection Weights Algorithm, the small sample sizes (small number of participants (N)) typical of these trials challenge the generalizability and robustness of models. Approaches like data augmentation and transfer learning from models trained on similar surgical tasks address these limitations. To demonstrate the efficacy of artificial neural network and transfer learning algorithms in evaluating virtual surgical performances, applied to a simulated oblique lateral lumbar interbody fusion technique in an augmented and virtual reality simulator. The study developed and integrated artificial neural network algorithms within a novel simulator platform, using data from the simulated tasks to generate 276 performance metrics across motion, safety, and efficiency. Innovatively, it applies transfer learning from a pre-trained ANN model developed for a similar spinal simulator, enhancing the training process, and addressing the challenge of small datasets. Musculoskeletal Biomechanics Research Lab; Neurosurgical Simulation and Artificial Intelligence Learning Centre, McGill University, Montreal, Canada. Twenty-seven participants divided into 3 groups: 9 post-residents, 6 senior and 12 junior residents. Two models, a stand-alone model trained from scratch and another leveraging transfer learning, were trained on nine selected surgical metrics achieving 75 % and 87.5 % testing accuracy respectively. This study presents a novel blueprint for addressing limited datasets in surgical simulations through the strategic use of transfer learning and data augmentation. It also evaluates and reinforces the application of the Connection Weights Algorithm from our previous publication. Together, these methodologies not only enhance the precision of performance classification but also advance the validation of surgical training platforms.",Sami Alkadri; Rolando F Del Maestro; Mark Driscoll,Computers in biology and medicine,2024,"Journal Article; Research Support, Non-U.S. Gov't",eng,retrieved,UNCERTAIN_REQUIRES_SCREENING,TITLE_ABSTRACT_REVIEW_REQUIRED,,,,,,,,
3191,TA-13,38944264,10.1016/j.jdent.2024.105217,Evaluating the feasibility of using augmented reality for tooth preparation.,"Tooth preparation is complicated because it requires the preparation of an abutment while simultaneously predicting the ideal shape of the tooth. This study aimed to develop and evaluate a system using augmented reality (AR) head-mounted displays (HMDs) that provide dynamic navigation capabilities for tooth preparation. The proposed system utilizes optical see-through HMDs to overlay digital information onto the real world and enrich the user's environment. By integrating tracking algorithms and three-dimensional modeling, the system provides real-time visualization and navigation capabilities during tooth preparation by using two different visualization techniques. The experimental setup involved a comprehensive analysis of the distance to the surface and cross-sectional angles between the ideal and prepared teeth using three scenarios: traditional (without AR), overlay (AR-assisted visualization of the ideal prepared tooth), and cross-sectional (AR-assisted visualization with cross-sectional views and angular displays). A user study (N = 24) revealed that the cross-sectional approach was more effective for angle adjustment and reduced the occurrence of over-reduction. Additional questionnaires revealed that the AR-assisted approaches were perceived as less difficult, with the cross-sectional approach excelling in terms of performance. Visualization and navigation using cross-sectional approaches have the potential to support safer tooth preparation with less overreduction than traditional and overlay approaches do. The angular displays provided by the cross-sectional approach are considered helpful for tooth preparation. The AR navigation system can assist dentists during tooth preparation and has the potential to enhance the accuracy and safety of prosthodontic treatment.",Takuya Kihara; Andreas Keller; Takumi Ogawa; Mehran Armand; Alejandro Martin-Gomez,Journal of dentistry,2024,"Journal Article; Research Support, Non-U.S. Gov't",eng,retrieved,UNCERTAIN_REQUIRES_SCREENING,TITLE_ABSTRACT_REVIEW_REQUIRED,,,,,,,,
3192,TA-13,38942947,10.1007/s11548-024-03207-x,A usability analysis of augmented reality and haptics for surgical planning.,"Proper visualization and interaction with complex anatomical data can improve understanding, allowing for more intuitive surgical planning. The goal of our work was to study what the most intuitive yet practical platforms for interacting with 3D medical data are in the context of surgical planning. We compared planning using a monitor and mouse, a monitor with a haptic device, and an augmented reality (AR) head-mounted display which uses a gesture-based interaction. To determine the most intuitive system, two user studies, one with novices and one with experts, were conducted. The studies involved planning of three scenarios: (1) heart valve repair, (2) hip tumor resection, and (3) pedicle screw placement. Task completion time, NASA Task Load Index and system-specific questionnaires were used for the evaluation. Both novices and experts preferred the AR system for pedicle screw placement. Novices preferred the haptic system for hip tumor planning, while experts preferred the mouse and keyboard. In the case of heart valve planning, novices preferred the AR system but there was no clear preference for experts. Both groups reported that AR provides the best spatial depth perception. The results of the user studies suggest that different surgical cases may benefit from varying interaction and visualization methods. For example, for planning surgeries with implants and instrumentations, mixed reality could provide better 3D spatial perception, whereas using landmarks for delineating specific targets may be more effective using a traditional 2D interface.",Negar Kazemipour; Amir Hooshiar; Marta Kersten-Oertel,International journal of computer assisted radiology and surgery,2024,Journal Article,eng,retrieved,UNCERTAIN_REQUIRES_SCREENING,TITLE_ABSTRACT_REVIEW_REQUIRED,,,,,,,,
3193,TA-13,38942222,10.1016/j.jse.2024.05.006,"Navigated augmented reality through a head-mounted display leads to low deviation between planned, intra- and postoperative parameters during glenoid component placement of reverse shoulder arthroplasty: a proof-of-concept case series.","Navigated augmented reality (AR) through a head-mounted display (HMD) has led to accurate glenoid component placement in reverse shoulder arthroplasty (RSA) in an in-vitro setting. The purpose of this study is to evaluate the deviation between planned, intraoperative, and postoperative inclination, retroversion, entry point, and depth of the glenoid component placement during RSA, assisted by navigated AR through an HMD, in a surgical setting. A prospective, multicenter study was conducted. All consecutive patients undergoing RSA in 2 institutions, between August 2021 and January 2023, were considered potentially eligible for inclusion in the study. Inclusion criteria were as follows: age >18 years, surgery assisted by AR through an HMD, and postoperative computed tomography (CT) scans at 6 weeks. All participants agreed to participate in the study and informed consent was provided in all cases. Preoperative CT scans were undertaken for all cases and used for 3-dimensional (3D) planning. Intraoperatively, glenoid preparation and component placement were assisted by a navigated AR system through an HMD in all patients. Intraoperative parameters were recorded by the system. A postoperative CT scan was undertaken at 6 weeks, and 3D reconstruction was performed to obtain postoperative parameters. The deviation between planned, intraoperative, and postoperative inclination, retroversion, entry point, and depth of the glenoid component placement was calculated. Outliers were defined as >5° for inclination and retroversion and >5 mm for entry point. Seventeen patients (9 females, 12 right shoulders) with a mean age of 72.8 ± 9.1 years (range, 47.0-82.0) met inclusion criteria. The mean deviation between intra- and postoperative measurements was 1.5° ± 1.0° (range, 0.0°-3.0°) for inclination, 2.8° ± 1.5° (range, 1.0°-4.5°) for retroversion, 1.8 ± 1.0 mm (range, 0.7-3.0 mm) for entry point, and 1.9 ± 1.9 mm (range, 0.0-4.5 mm) for depth. The mean deviation between planned and postoperative values was 2.5° ± 3.2° (range, 0.0°-11.0°) for inclination, 3.4° ± 4.6° (range, 0.0°-18.0°) for retroversion, 2.0 ± 2.5 mm (range, 0.0°-9.7°) for entry point, and 1.3 ± 1.6 mm (range, 1.3-4.5 mm) for depth. There were no outliers between intra- and postoperative values and there were 3 outliers between planned and postoperative values. The mean time (minutes : seconds) for the tracker unit placement and the scapula registration was 03:02 (range, 01:48 to 04:26) and 08:16 (range, 02:09 to 17:58), respectively. The use of a navigated AR system through an HMD in RSA led to low deviations between planned, intraoperative, and postoperative parameters for glenoid component placement.",J Tomás Rojas; Jennifer Menzemer; Mustafa S Rashid; Annabel Hayoz; Alexandre Lädermann; Matthias A Zumstein,Journal of shoulder and elbow surgery,2025,Journal Article; Multicenter Study,eng,retrieved,UNCERTAIN_REQUIRES_SCREENING,TITLE_ABSTRACT_REVIEW_REQUIRED,,,,,,,,
3194,TA-13,38941048,10.1007/s10803-024-06436-w,A Randomized Trial Utilizing EEG Brain Computer Interface to Improve Facial Emotion Recognition in Autistic Adults.,"Many individuals with autism spectrum disorder (ASD) experience challenges with facial emotion recognition (FER), which may exacerbate social difficulties in ASD. Few studies have examined whether FER can be experimentally manipulated and improved for autistic people. This study utilized a randomized controlled trial design to examine acceptability and preliminary clinical impact of a novel mixed reality-based neurofeedback program, FER Assistant, using EEG brain computer interface (BCI)-assisted technology to improve FER for autistic adolescents and adults. Twenty-seven autistic male participants (M age: 21.12 years; M IQ: 105.78; 85% white) were randomized to the active condition to receive FER Assistant (n = 17) or waitlist control (n = 10). FER Assistant participants received ten sessions utilizing BCI-assisted neurofeedback training in FER. All participants, regardless of randomization, completed a computerized FER task at baseline and endpoint. Results partially indicated that FER Assistant was acceptable to participants. Regression analyses demonstrated that participation in FER Assistant led to group differences in FER at endpoint, compared to a waitlist control. However, analyses examining reliable change in FER indicated no reliable improvement or decline for FER Assistant participants, whereas two waitlist participants demonstrated reliable decline. Given the preliminary nature of this work, results collectively suggest that FER Assistant may be an acceptable intervention. Results also suggest that FER may be a potential mechanism that is amenable to intervention for autistic individuals, although additional trials using larger sample sizes are warranted.",Alexis M Brewe; Ligia Antezana; Corinne N Carlton; Denis Gracanin; John A Richey; Inyoung Kim; Susan W White,Journal of autism and developmental disorders,2025,Journal Article; Randomized Controlled Trial,eng,retrieved,UNCERTAIN_REQUIRES_SCREENING,TITLE_ABSTRACT_REVIEW_REQUIRED,,,,,,,,
3195,TA-13,38940681,10.1111/cid.13357,Artificial intelligence and mixed reality for dental implant planning: A technical note.,"The aim of this work is to present a new protocol for implant surgical planning which involves the combined use of artificial intelligence (AI) and mixed reality (MR). This protocol involves the acquisition of three-dimensional (3D) patient data through intraoral scanning (IOS) and cone beam computed tomography (CBCT). These data are loaded into AI software which automatically segments and aligns the patient's 3D models. These 3D models are loaded into MR software and used for planning implant surgery through holography. The files are then exported and used to design surgical guides via open-source software, which are 3D printed and used to prepare the implant sites through static computer-assisted implant surgery (s-CAIS). The case is finalized prosthetically through a fully digital protocol. The accuracy of implant positioning is verified by comparing the planned position with the actual position of the implants after surgery. As a proof of principle, the present protocol seems to be to be reliable and efficient when used for planning simple cases of s-CAIS in partially edentulous patients. The clinician can plan the implants in an authentic 3D environment without using any radiology-guided surgery software. The precision of implant placement seems clinically acceptable, with minor deviations. The present study suggests that AI and MR technologies can be successfully used in s-CAIS for an authentic 3D planning. Further clinical studies are needed to validate this protocol.",Francesco Guido Mangano; Kyung Ran Yang; Henriette Lerner; Oleg Admakin; Carlo Mangano,Clinical implant dentistry and related research,2024,Case Reports; Journal Article,eng,retrieved,UNCERTAIN_REQUIRES_SCREENING,TITLE_ABSTRACT_REVIEW_REQUIRED,,,,,,,,
3196,TA-13,38938839,10.1016/j.jacadv.2024.100839,First Experience With Augmented Reality Guidance for Cerebral Embolic Protection During TAVR.,"Augmented reality (AR) guidance holds potential to improve transcatheter interventions by enabling visualization of and interaction with patient-specific 3-dimensional virtual content. Positioning of cerebral embolic protection devices (CEP) during transcatheter aortic valve replacement (TAVR) increases patient exposure to radiation and iodinated contrast, and increases procedure time. AR may enhance procedural guidance and facilitate a safer intervention. The purpose of this study was to develop and test a novel AR guidance system with a custom user interface that displays virtual, patient-specific 3-dimensional anatomic models, and assess its intraprocedural impact during CEP placement in TAVR. Patients undergoing CEP during TAVR were prospectively enrolled and assigned to either AR guidance or control groups. Primary endpoints were contrast volume used prior to filter placement, times to filter placement, and fluoroscopy time. Postprocedure questionnaires were administered to assess intraprocedural physician experience with AR guidance. A total of 24 patients presenting for TAVR were enrolled in the study (12 with AR guidance and 12 controls). AR guidance eliminated the need for aortic arch angiograms prior to device placement thus reducing contrast volume (0 mL vs 15 mL, P < 0.0001). There was no significant difference in the time required for filter placement or fluoroscopy time. Postprocedure questionnaires indicated that AR guidance increased confidence in wiring of the aortic arch and facilitated easier device placement. We developed a novel AR guidance system that eliminated the need for additional intraprocedural angiograms prior to device placement without any significant difference in time to intervention and offered a subjective improvement in performance of the intervention.",Shirin Sadri; Gabrielle J Loeb; Alon Grinshpoon; Carmine Elvezio; Shawn H Sun; Vivian G Ng; Omar Khalique; Jeffrey W Moses; Andrew J Einstein; Amisha J Patel; Isaac George; Rebecca T Hahn; Tamim M Nazif; Martin B Leon; Ajay J Kirtane; Susheel K Kodali; Steven K Feiner; Torsten P Vahl,JACC. Advances,2024,Journal Article,eng,retrieved,UNCERTAIN_REQUIRES_SCREENING,TITLE_ABSTRACT_REVIEW_REQUIRED,,,,,,,,
3197,TA-13,38937764,10.1186/s12909-024-05591-z,The feasibility and usability of mixed reality teaching in a hospital setting based on self-reported perceptions of medical students.,"Clinical teaching during encounters with real patients lies at the heart of medical education. Mixed reality (MR) using a Microsoft HoloLens 2 (HL2) offers the potential to address several challenges: including enabling remote learning; decreasing infection control risks; facilitating greater access to medical specialties; and enhancing learning by vertical integration of basic principles to clinical application. We aimed to assess the feasibility and usability of MR using the HL2 for teaching in a busy, tertiary referral university hospital. This prospective observational study examined the use of the HL2 to facilitate a live two-way broadcast of a clinician-patient encounter, to remotely situated third and fourth year medical students. System Usability Scale (SUS) Scores were elicited from participating medical students, clinician, and technician. Feedback was also elicited from participating patients. A modified Evaluation of Technology-Enhanced Learning Materials: Learner Perceptions Questionnaire (mETELM) was completed by medical students and patients. This was a mixed methods prospective, observational study, undertaken in the Day of Surgery Assessment Unit. Forty-seven medical students participated. The mean SUS score for medical students was 71.4 (SD 15.4), clinician (SUS = 75) and technician (SUS = 70) indicating good usability. The mETELM Questionnaire using a 7-point Likert Scale demonstrated MR was perceived to be more beneficial than a PowerPoint presentation (Median = 7, Range 6-7). Opinion amongst the student cohort was divided as to whether the MR tutorial was as beneficial for learning as a live patient encounter would have been (Median = 5, Range 3-6). Students were positive about the prospect of incorporating of MR in future tutorials (Median = 7, Range 5-7). The patients' mETELM results indicate the HL2 did not affect communication with the clinician (Median = 7, Range 7-7). The MR tutorial was preferred to a format based on small group teaching at the bedside (Median = 6, Range 4-7). Our study findings indicate that MR teaching using the HL2 demonstrates good usability characteristics for providing education to medical students at least in a clinical setting and under conditions similar to those of our study. Also, it is feasible to deliver to remotely located students, although certain practical constraints apply including Wi-Fi and audio quality.",Michael Johnston; Megan O'Mahony; Niall O'Brien; Murray Connolly; Gabriella Iohom; Mohsin Kamal; Ahmed Shehata; George Shorten,BMC medical education,2024,Journal Article; Observational Study,eng,retrieved,UNCERTAIN_REQUIRES_SCREENING,TITLE_ABSTRACT_REVIEW_REQUIRED,,,,,,,,
3198,TA-13,38931714,10.3390/s24123930,Enlarged Eye-Box Accommodation-Capable Augmented Reality with Hologram Replicas.,"Augmented reality (AR) technology has been widely applied across a variety of fields, with head-up displays (HUDs) being one of its prominent uses, offering immersive three-dimensional (3D) experiences and interaction with digital content and the real world. AR-HUDs face challenges such as limited field of view (FOV), small eye-box, bulky form factor, and absence of accommodation cue, often compromising trade-offs between these factors. Recently, optical waveguide based on pupil replication process has attracted increasing attention as an optical element for its compact form factor and exit-pupil expansion. Despite these advantages, current waveguide displays struggle to integrate visual information with real scenes because they do not produce accommodation-capable virtual content. In this paper, we introduce a lensless accommodation-capable holographic system based on a waveguide. Our system aims to expand the eye-box at the optimal viewing distance that provides the maximum FOV. We devised a formalized CGH algorithm based on bold assumption and two constraints and successfully performed numerical observation simulation. In optical experiments, accommodation-capable images with a maximum horizontal FOV of 7.0 degrees were successfully observed within an expanded eye-box of 9.18 mm at an optimal observation distance of 112 mm.",Woonchan Moon; Joonku Hahn,"Sensors (Basel, Switzerland)",2024,Journal Article,eng,retrieved,UNCERTAIN_REQUIRES_SCREENING,TITLE_ABSTRACT_REVIEW_REQUIRED,,,,,,,,
3199,TA-13,38931701,10.3390/s24123916,Experimental Setup for Evaluating Depth Sensors in Augmented Reality Technologies Used in Medical Devices.,"This paper presents a fully automated experimental setup tailored for evaluating the effectiveness of augmented and virtual reality technologies in healthcare settings for regulatory purposes, with a focus on the characterization of depth sensors. The setup is constructed as a modular benchtop platform that enables quantitative analysis of depth cameras essential for extended reality technologies in a controlled environment. We detail a design concept and considerations for an experimental configuration aimed at simulating realistic scenarios for head-mounted displays. The system includes an observation platform equipped with a three-degree-of-freedom motorized system and a test object stage. To accurately replicate real-world scenarios, we utilized an array of sensors, including commonly available range-sensing cameras and commercial augmented reality headsets, notably the Intel RealSense L515 LiDAR camera, integrated into the motion control system. The paper elaborates on the system architecture and the automated data collection process. We discuss several evaluation studies performed with this setup, examining factors such as spatial resolution, Z-accuracy, and pixel-to-pixel correlation. These studies provide valuable insights into the precision and reliability of these technologies in simulated healthcare environments.",Valentyn Stadnytskyi; Bahaa Ghammraoui,"Sensors (Basel, Switzerland)",2024,Journal Article,eng,retrieved,UNCERTAIN_REQUIRES_SCREENING,TITLE_ABSTRACT_REVIEW_REQUIRED,,,,,,,,
3200,TA-13,38931606,10.3390/s24123823,Human Joint Angle Estimation Using Deep Learning-Based Three-Dimensional Human Pose Estimation for Application in a Real Environment.,"Human pose estimation (HPE) is a technique used in computer vision and artificial intelligence to detect and track human body parts and poses using images or videos. Widely used in augmented reality, animation, fitness applications, and surveillance, HPE methods that employ monocular cameras are highly versatile and applicable to standard videos and CCTV footage. These methods have evolved from two-dimensional (2D) to three-dimensional (3D) pose estimation. However, in real-world environments, current 3D HPE methods trained on laboratory-based motion capture data encounter challenges, such as limited training data, depth ambiguity, left/right switching, and issues with occlusions. In this study, four 3D HPE methods were compared based on their strengths and weaknesses using real-world videos. Joint position correction techniques were proposed to eliminate and correct anomalies such as left/right inversion and false detections of joint positions in daily life motions. Joint angle trajectories were obtained for intuitive and informative human activity recognition using an optimization method based on a 3D humanoid simulator, with the joint position corrected by the proposed technique as the input. The efficacy of the proposed method was verified by applying it to three types of freehand gymnastic exercises and comparing the joint angle trajectories during motion.",Jin-Young Choi; Eunju Ha; Minji Son; Jean-Hong Jeon; Jong-Wook Kim,"Sensors (Basel, Switzerland)",2024,Journal Article,eng,retrieved,UNCERTAIN_REQUIRES_SCREENING,TITLE_ABSTRACT_REVIEW_REQUIRED,,,,,,,,
3201,TA-13,38929549,10.3390/medicina60060932,Single-Center Experience in Microsurgical Resection of Acoustic Neurinomas and the Benefit of Microscope-Based Augmented Reality.,"Background and Objectives: Microsurgical resection with intraoperative neuromonitoring is the gold standard for acoustic neurinomas (ANs) which are classified as T3 or T4 tumors according to the Hannover Classification. Microscope-based augmented reality (AR) can be beneficial in cerebellopontine angle and lateral skull base surgery, since these are small areas packed with anatomical structures and the use of this technology enables automatic 3D building of a model without the need for a surgeon to mentally perform this task of transferring 2D images seen on the microscope into imaginary 3D images, which then reduces the possibility of error and provides better orientation in the operative field. Materials and Methods: All patients who underwent surgery for resection of ANs in our department were included in this study. Clinical outcomes in terms of postoperative neurological deficits and complications were evaluated, as well as neuroradiological outcomes for tumor remnants and recurrence. Results: A total of 43 consecutive patients (25 female, median age 60.5 ± 16 years) who underwent resection of ANs via retrosigmoid osteoclastic craniotomy with the use of intraoperative neuromonitoring (22 right-sided, 14 giant tumors, 10 cystic, 7 with hydrocephalus) by a single surgeon were included in this study, with a median follow up of 41.2 ± 32.2 months. A total of 18 patients underwent subtotal resection, 1 patient partial resection and 24 patients gross total resection. A total of 27 patients underwent resection in sitting position and the rest in semi-sitting position. Out of 37 patients who had no facial nerve deficit prior to surgery, 19 patients were intact following surgery, 7 patients had House Brackmann (HB) Grade II paresis, 3 patients HB III, 7 patients HB IV and 1 patient HB V. Wound healing deficit with cerebrospinal fluid (CSF) leak occurred in 8 patients (18.6%). Operative time was 317.3 ± 99 min. One patient which had recurrence and one further patient with partial resection underwent radiotherapy following surgery. A total of 16 patients (37.2%) underwent resection using fiducial-based navigation and microscope-based AR, all in sitting position. Segmented objects of interest in AR were the sigmoid and transverse sinus, tumor outline, cranial nerves (CN) VII, VIII and V, petrous vein, cochlea and semicircular canals and brain stem. Operative time and clinical outcome did not differ between the AR and the non-AR group. However, use of AR improved orientation in the operative field for craniotomy planning and microsurgical resection by identification of important neurovascular structures. Conclusions: The single-center experience of resection of ANs showed a high rate of gross total (GTR) and subtotal resection (STR) with low recurrence. Use of AR improves intraoperative orientation and facilitates craniotomy planning and AN resection through early improved identification of important anatomical relations to structures of the inner auditory canal, venous sinuses, petrous vein, brain stem and the course of cranial nerves.",Mirza Pojskić; Miriam H A Bopp; Benjamin Saß; Christopher Nimsky,"Medicina (Kaunas, Lithuania)",2024,Journal Article,eng,retrieved,UNCERTAIN_REQUIRES_SCREENING,TITLE_ABSTRACT_REVIEW_REQUIRED,,,,,,,,
3202,TA-13,38929504,10.3390/medicina60060887,Surgical Treatment of Calcified Thoracic Herniated Disc Disease via the Transthoracic Approach with the Use of Intraoperative Computed Tomography (iCT) and Microscope-Based Augmented Reality (AR).,"Background and Objectives: The aim of this study is to present our experience in the surgical treatment of calcified thoracic herniated disc disease via a transthoracic approach in the lateral position with the use of intraoperative computed tomography (iCT) and augmented reality (AR). Materials and Methods: All patients who underwent surgery for calcified thoracic herniated disc via a transthoracic transpleural approach at our Department using iCT and microscope-based AR were included in the study. Results: Six consecutive patients (five female, median age 53.2 ± 6.4 years) with calcified herniated thoracic discs (two patients Th 10-11 level, two patients Th 7-8, one patient Th 9-10, one patient Th 11-12) were included in this case series. Indication for surgery included evidence of a calcified thoracic disc on magnet resonance imaging (MRI) and CT with spinal canal stenosis of >50% of diameter, intractable pain, and neurological deficits, as well as MRI-signs of myelopathy. Five patients had paraparesis and ataxia, and one patient had no deficit. All surgeries were performed in the lateral position via a transthoracic transpleural approach (Five from left side). CT for automatic registration was performed following the placement of the reference array, with a high registration accuracy. Microscope-based AR was used, with segmented structures of interest such as vertebral bodies, disc space, herniated disc, and dural sac. Mean operative time was 277.5 ± 156 min. The use of AR improved orientation in the operative field for identification, and tailored the resection of the herniated disc and the identification of the course of dural sac. A control-iCT scan confirmed the complete resection in five patients and incomplete resection of the herniated disc in one patient. In one patient, complications occurred, such as postoperative hematoma, and wound healing deficit occurred. Mean follow-up was 22.9 ± 16.5 months. Five patients improved following surgery, and one patient who had no deficits remained unchanged. Conclusions: Optimal surgical therapy in patients with calcified thoracic disc disease with compression of dural sac and myelopathy was resectioned via a transthoracic transpleural approach. The use of iCT-based registration and microscope-based AR significantly improved orientation in the operative field and facilitated safe resection of these lesions.",Mirza Pojskić; Miriam H A Bopp; Christopher Nimsky; Benjamin Saß,"Medicina (Kaunas, Lithuania)",2024,Journal Article,eng,retrieved,UNCERTAIN_REQUIRES_SCREENING,TITLE_ABSTRACT_REVIEW_REQUIRED,,,,,,,,
3203,TA-13,38929491,10.3390/medicina60060874,Augmented Reality in Spine Surgery: A Case Study of Atlantoaxial Instrumentation in Os Odontoideum.,"Despite advancement in surgical innovation, C1-C2 fixation remains challenging due to risks of screw malposition and vertebral artery (VA) injuries. Traditional image-based navigation, while useful, often demands that surgeons frequently shift their attention to external monitors, potentially causing distractions. In this article, we introduce a microscope-based augmented reality (AR) navigation system that projects both anatomical information and real-time navigation images directly onto the surgical field. In the present case report, we discuss a 37-year-old female who suffered from os odontoideum with C1-C2 subluxation. Employing AR-assisted navigation, the patient underwent the successful posterior instrumentation of C1-C2. The integrated AR system offers direct visualization, potentially minimizing surgical distractions. In our opinion, as AR technology advances, its adoption in surgical practices and education is anticipated to expand.",Chi-Ruei Li; Yu-Jui Chang; Mao-Shih Lin; Hsi-Kai Tsou,"Medicina (Kaunas, Lithuania)",2024,Case Reports; Journal Article,eng,retrieved,UNCERTAIN_REQUIRES_SCREENING,TITLE_ABSTRACT_REVIEW_REQUIRED,,,,,,,,
3204,TA-13,38927861,10.3390/bioengineering11060625,Augmented Reality-Guided Extraction of Fully Impacted Lower Third Molars Based on Maxillofacial CBCT Scans.,"(1) Background: This study aimed to integrate an augmented reality (AR) image-guided surgery (IGS) system, based on preoperative cone beam computed tomography (CBCT) scans, into clinical practice. (2) Methods: In preclinical and clinical surgical setups, an AR-guided visualization system based on Microsoft's HoloLens 2 was assessed for complex lower third molar (LTM) extractions. In this study, the system's potential intraoperative feasibility and usability is described first. Preparation and operating times for each procedure were measured, as well as the system's usability, using the System Usability Scale (SUS). (3) Results: A total of six LTMs (n = 6) were analyzed, two extracted from human cadaver head specimens (n = 2) and four from clinical patients (n = 4). The average preparation time was 166 ± 44 s, while the operation time averaged 21 ± 5.9 min. The overall mean SUS score was 79.1 ± 9.3. When analyzed separately, the usability score categorized the AR-guidance system as ""good"" in clinical patients and ""best imaginable"" in human cadaver head procedures. (4) Conclusions: This translational study analyzed the first successful and functionally stable application of the HoloLens technology for complex LTM extraction in clinical patients. Further research is needed to refine the technology's integration into clinical practice to improve patient outcomes.",Marcus Rieder; Bernhard Remschmidt; Christina Gsaxner; Jan Gaessler; Michael Payer; Wolfgang Zemann; Juergen Wallner,"Bioengineering (Basel, Switzerland)",2024,Journal Article,eng,retrieved,UNCERTAIN_REQUIRES_SCREENING,TITLE_ABSTRACT_REVIEW_REQUIRED,,,,,,,,
3205,TA-13,38925030,10.1016/j.neunet.2024.106469,Towards safer robot-assisted surgery: A markerless augmented reality framework.,"Robot-assisted surgery is rapidly developing in the medical field, and the integration of augmented reality shows the potential to improve the operation performance of surgeons by providing more visual information. In this paper, we proposed a markerless augmented reality framework to enhance safety by avoiding intra-operative bleeding, which is a high risk caused by collision between surgical instruments and delicate blood vessels (arteries or veins). Advanced stereo reconstruction and segmentation networks are compared to find the best combination to reconstruct the intra-operative blood vessel in 3D space for registration with the pre-operative model, and the minimum distance detection between the instruments and the blood vessel is implemented. A robot-assisted lymphadenectomy is emulated on the da Vinci Research Kit in a dry lab, and ten human subjects perform this operation to explore the usability of the proposed framework. The result shows that the augmented reality framework can help the users to avoid the dangerous collision between the instruments and the delicate blood vessel while not introducing an extra load. It provides a flexible framework that integrates augmented reality into the medical robotic platform to enhance safety during surgery.",Ziyang Chen; Laura Cruciani; Ke Fan; Matteo Fontana; Elena Lievore; Ottavio De Cobelli; Gennaro Musi; Giancarlo Ferrigno; Elena De Momi,Neural networks : the official journal of the International Neural Network Society,2024,Journal Article,eng,retrieved,UNCERTAIN_REQUIRES_SCREENING,TITLE_ABSTRACT_REVIEW_REQUIRED,,,,,,,,
3206,TA-13,38924127,10.1002/lary.31602,Augmented and Virtual Reality Applications in Rhinology: A Scoping Review.,"Virtual reality (VR) and augmented reality (AR) are innovative technologies that have a wide range of potential applications in the health care industry. The aim of this study was to investigate the body of research on AR and VR applications in rhinology by performing a scoping review. PubMed, Scopus, and Embase. According to PRISM-ScR guidelines, a scoping review of literature on the application of AR and/or VR in the context of Rhinology was conducted using PubMed, Scopus, and Embase. Forty-nine articles from 1996 to 2023 met the criteria for review. Five broad types of AR and/or VR applications were found: preoperative, intraoperative, training/education, feasibility, and technical. The subsequent clinical domains were recognized: craniovertebral surgery, nasal endoscopy, transsphenoidal surgery, skull base surgery, endoscopic sinus surgery, and sinonasal malignancies. AR and VR have comprehensive applications in Rhinology. AR for surgical navigation may have the most emerging potential in skull base surgery and endoscopic sinus surgery. VR can be utilized as an engaging training tool for surgeons and residents and as a distraction analgesia for patients undergoing office-based procedures. Additional research is essential to further understand the tangible effects of these technologies on measurable clinical results. Laryngoscope, 134:4433-4440, 2024.",Shaun Edalati; Jacqueline Slobin; Ariel Harsinay; Vikram Vasan; Mohamed A Taha; Anthony Del Signore; Satish Govindaraj; Alfred Marc Iloreta,The Laryngoscope,2024,Journal Article; Scoping Review,eng,retrieved,UNCERTAIN_REQUIRES_SCREENING,TITLE_ABSTRACT_REVIEW_REQUIRED,,,,,,,,
3207,TA-13,38921605,10.3390/jimaging10060128,Integrated Building Modelling Using Geomatics and GPR Techniques for Cultural Heritage Preservation: A Case Study of the Charles V Pavilion in Seville (Spain).,"This paper highlights the fundamental role of integrating different geomatics and geophysical imaging technologies in understanding and preserving cultural heritage, with a focus on the Pavilion of Charles V in Seville (Spain). Using a terrestrial laser scanner, global navigation satellite system, and ground-penetrating radar, we constructed a building information modelling (BIM) system to derive comprehensive decision-making models to preserve this historical asset. These models enable the generation of virtual reconstructions, encompassing not only the building but also its subsurface, distributable as augmented reality or virtual reality online. By leveraging these technologies, the research investigates complex details of the pavilion, capturing its current structure and revealing insights into past soil compositions and potential subsurface structures. This detailed analysis empowers stakeholders to make informed decisions about conservation and management. Furthermore, transparent data sharing fosters collaboration, advancing collective understanding and practices in heritage preservation.",María Zaragoza; Vicente Bayarri; Francisco García,Journal of imaging,2024,Journal Article,eng,retrieved,UNCERTAIN_REQUIRES_SCREENING,TITLE_ABSTRACT_REVIEW_REQUIRED,,,,,,,,
3208,TA-13,38920159,10.47102/annals-acadmedsg.20238,An augmented reality mobile application for weight estimation in paediatric patients: A prospective single-blinded cross-sectional study.,"Determining the exact weight of children is a challenging task during emergency situations. Current guidelines recommend the use of length-based weight-estimating tapes. However, healthcare providers must either always carry the tapes or take time to locate them. Moreover, they may not know how to use them. To address these issues, we developed an augmented reality smartphone application for length-based weight estimation called the Paediatric Augmented Reality Scale (PARS). We evaluated its performance and compared it to that of the Broselow tape (BT) and Paediatric Advanced Weight Prediction in the Emergency Room extra-long and extra-large (PAWPER-XL) tape methods. A prospective, single-blinded cross-sectional study was conducted with children aged 1 month to 12 years who visited the emergency department of the tertiary university hospital in Bucheon, South Korea between July 2021 and February 2022. This study aimed to evaluate the measurement agreement and performance of 3 methods: BT, PAWPER-XL and PARS. In all, 1090 participants were enrolled, and 639 (58.6%) were male. The mean age of the participants was 4.1 ± 2.8 years, with a mean height of 102.7 ± 21.7 cm and mean weight of 18.8 ± 9.5 kg. Compared to BT and PAWPER-XL, PARS exhibited lower mean absolute percentage error (9.60%) and root mean square percentage error (3.02%). PARS achieved a higher proportion of weights estimated within 10% of the actual weight (63.21%), outperform-ing BT (57.25%) and PAWPER-XL (62.47%). The intraclass correlation coefficients for the actual and estimated weights of BT, PAWPER-XL and PARS were 0.952, 0.969 and 0.973, respectively (P<0.001). PARS exhibited a modestly better performance than BT and PAWPER-XL in estimating body weight. PARS-estimated body weights correlated fairly accurately with the actual body weights. PARS holds potential utility in paediatric emergencies.",Sangun Nah; Sungwoo Choi; Nayeon Kang; Kyung Yoon Bae; Ye Rim Kim; Minsol Kim; Ji Eun Moon; Sangsoo Han,"Annals of the Academy of Medicine, Singapore",2023,Journal Article,eng,retrieved,UNCERTAIN_REQUIRES_SCREENING,TITLE_ABSTRACT_REVIEW_REQUIRED,,,,,,,,
3209,TA-13,38919516,10.1097/GOX.0000000000005933,Suture Packaging as a Marker for Intraoperative Image Alignment in Augmented Reality on Mobile Devices.,"Preoperative vascular imaging has become standard practice in the planning of microsurgical breast reconstruction. Currently, translating perforator locations from radiological findings to a patient's abdomen is often not easy or intuitive. Techniques using three-dimensional printing or patient-specific guides have been introduced to superimpose anatomy onto the abdomen for reference. Augmented and mixed reality is currently actively investigated for perforator mapping by superimposing virtual models directly onto the patient. Most techniques have found only limited adoption due to complexity and price. Additionally, a critical step is aligning virtual models to patients. We propose repurposing suture packaging as an image tracking marker. Tracking markers allow quick and easy alignment of virtual models to the individual patient's anatomy. Current techniques are often complicated or expensive and limit intraoperative use of augmented reality models. Suture packs are sterile, readily available, and can be used to align abdominal models on the patients. Using an iPad, the augmented reality models automatically align in the correct position by using a suture pack as a tracking marker. Given the ubiquity of iPads, the combination of these devices with readily available suture packs will predictably lower the barrier to entry and utilization of this technology. Here, our workflow is presented along with its intraoperative utilization. Additionally, we investigated the accuracy of this technology.",Fabian N Necker; David J Cholok; Mohammed S Shaheen; Marc J Fischer; Kyle Gifford; Chris Le Castillo; Michael Scholz; Christoph W Leuze; Bruce L Daniel; Arash Momeni,Plastic and reconstructive surgery. Global open,2024,Journal Article,eng,retrieved,UNCERTAIN_REQUIRES_SCREENING,TITLE_ABSTRACT_REVIEW_REQUIRED,,,,,,,,
3210,TA-13,38917978,10.1055/a-2335-6642,Intraprocedural hologram support with mixed-reality technique in endoscopic ultrasound-guided biliary drainage.,,Kazumasa Nagai; Maki Sugimoto; Takasyoshi Tsuchiya; Ryosuke Tonozuka; Shuntaro Mukai; Kenjiro Yamamoto; Takao Itoi,Endoscopy,2024,Journal Article; Case Reports; Video-Audio Media,eng,retrieved,UNCERTAIN_REQUIRES_SCREENING,TITLE_ABSTRACT_REVIEW_REQUIRED,,,,,,,,
3211,TA-13,38913787,10.2106/JBJS.CC.24.00128,Mixed Reality Navigation in Hip Fusion Conversion: A Novel Utilization of Advanced Technology: A Case Report.,"A 32-year-old woman with a history of hip fusion presented with significant lower back, hip, and knee pain as well as severely limited hip mobility and function. Single-stage fusion takedown and conversion to total hip arthroplasty (THA) was performed using augmented reality navigation. At 1 year, the patient was pain free with improved function. This study is the first to report the technique and outcomes of surgical fusion conversion to THA, using mixed reality navigation. Mixed reality navigation in complex conversion THA can be useful for identifying the patient's true acetabulum and for patient-specific acetabular component placement to maximize outcomes.",Justin Leal; Mark M Cullen; Michael P Bolognesi; Samuel S Wellman; Sean P Ryan,JBJS case connector,2024,Case Reports; Journal Article,eng,retrieved,UNCERTAIN_REQUIRES_SCREENING,TITLE_ABSTRACT_REVIEW_REQUIRED,,,,,,,,
3212,TA-13,38912100,10.1177/15691861231222074,Unlocking the potential: Exploring the opportunities for occupational therapists in cyberpsychology.,"It has long been established that occupational therapists (OTs) play an important role in assisting clients suffering from a variety of physical and mental health conditions. Cyberpsychology is a relatively new field in medicine that pertains to how technology influences people's mental health and behavior. It covers the effects of social media, online gaming, virtual-augmented reality, artificial intelligence, and other forms of technology on individuals. Among the known psychological phenomena arising from individuals' interactions with digital technologies are cyberbullying and technology addiction. This commentary explores how OTs in the cyberpsychology field can develop personalized interventions to enhance digital well-being and promote healthy technology use.",Haitham Jahrami,Hong Kong journal of occupational therapy : HKJOT,2024,Journal Article,eng,retrieved,UNCERTAIN_REQUIRES_SCREENING,TITLE_ABSTRACT_REVIEW_REQUIRED,,,,,,,,
3213,TA-13,38908464,10.1016/j.jse.2024.04.030,An in vitro comparison of mixed-reality navigation to traditional freehand and patient-specific instrumentation techniques for glenoid guide pin insertion during shoulder arthroplasty.,"Accurate insertion of the glenoid guide pin in shoulder arthroplasty (RSA) is important for obtaining optimized glenoid component position and orientation. The objective of this study was to evaluate and compare the accuracy of 3 glenoid guide pin insertion techniques: (1) traditional software planning using freehand guide pin insertion (freehand), (2) guide pin insertion utilizing patient-specific instrumentation (PSI), and (3) using a mixed-reality navigation (MR-NAV) system. Twenty (20) computed tomography (CT) scans were obtained from patients exhibiting glenoid erosion patterns according to the Walch and Favard classifications. Cases were planned using validated 3-dimensional (3D) preoperative planning software. The CT data were then used to 3D print triplicate plastic models of each glenoid to evaluate the 3 guide pin insertion techniques. The first technique employed traditional software planning with freehand guide pin insertion. The second method used preoperatively planned PSI guides, whereas the third used an MR-NAV system, which provided real-time holographic guidance during guide pin insertion. Once all guide pins had been inserted into the models, an independent optical tracking system and custom digitization device was used to quantify the position and orientation of each guide pin relative to the glenoid. The outcomes for this study included the absolute mean error in guide pin inclination, version, and entry point relative to the preoperative plan. The absolute Total Global Error was also assessed, which was defined as the sum of the absolute guide pin orientation and position error relative to the preoperative plan. No statistically significant differences between MR-NAV and PSI were found for the inclination error (2° ± 1° vs. 2° ± 1°; P = .056), version error (1° ± 1° vs. 1° ± 1°; P > .99), and Total Global Error (5 ± 1 [mm + deg] vs. 5 ± 1 [mm + deg], P > .99), respectively. The freehand technique produced significantly greater error than MR-NAV and PSI for inclination (5° ± 3°, P ≤ .017), version (4° ± 3°, P ≤ .032), and Total Global Error (8 ± 3 [mm + deg], P < .001). No statistically significant differences in the entry point error were observed between all guide pin insertion methods (P ≥ .058). These results demonstrate that the precision and accuracy of MR-NAV is comparable to PSI and superior to a freehand technique for glenoid guide pin insertion in vitro. Further study is needed to compare the accuracy of these techniques intraoperatively, in addition to assessing a potential learning curve between surgeons of varying experience with the MR-NAV system.",Cole T Fleet; Ryan Gao; James A Johnson; George S Athwal,Journal of shoulder and elbow surgery,2024,Journal Article; Comparative Study,eng,retrieved,UNCERTAIN_REQUIRES_SCREENING,TITLE_ABSTRACT_REVIEW_REQUIRED,,,,,,,,
3214,TA-13,38906470,10.1016/j.wneu.2024.06.085,Development and Evaluation of a Mixed Reality Model for Training the Retrosigmoid Approach.,"The use of simulation has the potential to accelerate the learning curves and increase the efficiency of surgeons. However, there is currently a scarcity in models dedicated to skull base surgical approaches. Thus, the objective of this study was to develop a cost-effective mixed reality system consisting of an ultrarealistic physical model and augmented reality and evaluate its use in training surgeons on the retrosigmoid approach. The virtual models were developed from images of patients with vestibular schwannoma. The tumor was mirrored to allow bilateral approaches and the model has drawers for repositioning structures, allowing reuse of the material and cost reduction. Pre and posttest assessments were applied to 10 residents and young neurosurgeons, divided into control and test groups. Only the control group was exposed to the model. The difference in scores obtained by participants before and after exposure to the models was considered for analysis and participants in the control group answered self-satisfaction questionnaires. The mean differences were 4.80 in the control group (95% credibility intervals=1.08-9.79) and 5.43 in the test group (95% credibility intervals=1.67-8.20). The average score of the self-satisfaction questionnaires was 24.0 (23-25). The ultrarealistic model efficiently allowed retromastoid access to the cerebellopontine angle. A tendency toward greater gains in performance in the group exposed to the model was verified. Scores from the self-satisfaction questionnaires demonstrated that participants considered the model relevant for neurosurgical training and increased confidence among surgeons.",Rodrigo Inacio Pongeluppi; Giselle Coelho; Matheus Fernando Manzolli Ballestero; Davi Casale Aragon; Benedicto Oscar Colli; Ricardo Santos de Oliveira,World neurosurgery,2024,Journal Article,eng,retrieved,UNCERTAIN_REQUIRES_SCREENING,TITLE_ABSTRACT_REVIEW_REQUIRED,,,,,,,,
3215,TA-13,38905862,10.1016/j.midw.2024.104064,"Augmented reality simulation-based training for midwifery students and its impact on perceived knowledge, confidence and skills for managing critical incidents.","Emergency obstetric management is essential in midwifery training to prevent fetal and maternal morbidity. Repeating this management in practice is often not possible. Sustainable confidence in these procedures is usually achieved in the first few years of practice. Simulation training complements hands-on learning and improves practical skills, benefiting both students and patients. Research on obstetric emergency simulation training have demonstrated this, but the use of digital simulation approaches, such as augmented reality (AR), is under-researched. To investigate whether AR simulation training influences midwifery students' subjective perceptions of knowledge, confidence and practical skills in emergency situations. A descriptive exploratory study was conducted using a pre-post design. AR scenarios were developed on the topics of 'preparing emergency tocolysis', 'preparing a pregnant woman for caesarean section' and 'resuscitation of newborns'. The AR simulation was conducted in the fourth to fifth semester of the midwifery programme. A questionnaire was developed for students (N = 133) to self-assess their competence in the categories of knowledge, confidence and practical skills. Students rated their competence significantly better in the post-survey than in the pre-survey (p=<0.05). Simulation has an impact on self-assessment of professional knowledge, confidence and practical skills in emergency situations. It enhances students' procedural knowledge and practical skills in complex contexts, complements subject knowledge and builds confidence. The results provide initial evidence that AR simulation is an effective learning strategy for emergency management preparedness. Future studies should validate the effect with control cohorts and measure competence through practical examinations.",Kristina Vogel; Annette Bernloehr; Tabea Willmeroth; Jonas Blattgerste; Claudia Hellmers; Nicola H Bauer,Midwifery,2024,"Journal Article; Research Support, Non-U.S. Gov't",eng,retrieved,UNCERTAIN_REQUIRES_SCREENING,TITLE_ABSTRACT_REVIEW_REQUIRED,,,,,,,,
3216,TA-13,38905568,10.1177/15533506241262946,The Reconstructive Metaverse - Collaboration in Real-Time Shared Mixed Reality Environments for Microsurgical Reconstruction.,"Plastic surgeons routinely use 3D-models in their clinical practice, from 3D-photography and surface imaging to 3D-segmentations from radiological scans. However, these models continue to be viewed on flattened 2D screens that do not enable an intuitive understanding of 3D-relationships and cause challenges regarding collaboration with colleagues. The Metaverse has been proposed as a new age of applications building on modern Mixed Reality headset technology that allows remote collaboration on virtual 3D-models in a shared physical-virtual space in real-time. We demonstrate the first use of the Metaverse in the context of reconstructive surgery, focusing on preoperative planning discussions and trainee education. Using a HoloLens headset with the Microsoft Mesh application, we performed planning sessions for 4 DIEP-flaps in our reconstructive metaverse on virtual patient-models segmented from routine CT angiography. In these sessions, surgeons discuss perforator anatomy and perforator selection strategies whilst comprehensively assessing the respective models. We demonstrate the workflow for a one-on-one interaction between an attending surgeon and a trainee in a video featuring both viewpoints as seen through the headset. We believe the Metaverse will provide novel opportunities to use the 3D-models that are already created in everyday plastic surgery practice in a more collaborative, immersive, accessible, and educational manner.",Fabian N Necker; David J Cholok; Mohammed S Shaheen; Marc J Fischer; Kyle Gifford; Trishia El Chemaly; Christoph W Leuze; Michael Scholz; Bruce L Daniel; Arash Momeni,Surgical innovation,2024,Journal Article,eng,retrieved,UNCERTAIN_REQUIRES_SCREENING,TITLE_ABSTRACT_REVIEW_REQUIRED,,,,,,,,
3217,TA-13,38905026,10.1109/MCG.2024.3367422,Is Native Naïve? Comparing Native Game Engines and WebXR as Immersive Analytics Development Platforms.,"Native game engines have long been the 3-D development platform of choice for research in mixed and augmented reality. For this reason, they have also been adopted in many immersive visualization and immersive analytics systems and toolkits. However, with the rapid improvements of WebXR and related open technologies, this choice may not always be optimal for future visualization research. In this article, we investigate common assumptions about native game engines versus WebXR and find that while native engines still have an advantage in many areas, WebXR is rapidly catching up and is superior for many immersive analytics applications.",Peter W S Butcher; Andrea Batch; David Saffo; Blair MacIntyre; Niklas Elmqvist; Panagiotis D Ritsos; Theresa-Marie Rhyne,IEEE computer graphics and applications,2024,Journal Article,eng,retrieved,UNCERTAIN_REQUIRES_SCREENING,TITLE_ABSTRACT_REVIEW_REQUIRED,,,,,,,,
3218,TA-13,38905024,10.1109/MCG.2024.3384728,@theSource: Welcome.,"This inaugural article sets the stage and scope for a new department in IEEE Computer Graphics and Applications: @theSource. In this department, we set out to address the questions, ""How have open source projects and open Standards driven graphics innovations and applications?"" and ""What can we learn from them?"" Thus, we are broadly concerned with how open communities and ecosystems have (and are) impacting computer graphics. The intent is to highlight: open source software (such as architectures, engines, frameworks, libraries, services); open Standards and open source data and models; and applications as well as the impacts of open graphics technologies. We also consider historical and summative reviews on the cultural and economic aspects of open source and open Standards graphics ecosystems, such as visualization and mixed reality.",Nicholas F Polys; Nicholas Polys,IEEE computer graphics and applications,2024,Journal Article,eng,retrieved,UNCERTAIN_REQUIRES_SCREENING,TITLE_ABSTRACT_REVIEW_REQUIRED,,,,,,,,
3219,TA-13,38904995,10.1021/acsnano.4c03554,Neuromorphic Computing-Assisted Triboelectric Capacitive-Coupled Tactile Sensor Array for Wireless Mixed Reality Interaction.,"Flexible tactile sensors show promise for artificial intelligence applications due to their biological adaptability and rapid signal perception. Triboelectric sensors enable active dynamic tactile sensing, while integrating static pressure sensing and real-time multichannel signal transmission is key for further development. Here, we propose an integrated structure combining a capacitive sensor for static spatiotemporal mapping and a triboelectric sensor for dynamic tactile recognition. A liquid metal-based flexible dual-mode triboelectric-capacitive-coupled tactile sensor (TCTS) array of 4 × 4 pixels achieves a spatial resolution of 7 mm, exhibiting a pressure detection limit of 0.8 Pa and a fast response of 6 ms. Furthermore, neuromorphic computing using the MXene-based synaptic transistor achieves 100% recognition accuracy of handwritten numbers/letters within 90 epochs based on dynamic triboelectric signals collected by the TCTS array, and cross-spatial information communication from the perceived multichannel tactile data is realized in the mixed reality space. The results illuminate considerable application possibilities of dual-mode tactile sensing technology in human-machine interfaces and advanced robotics.",Xinkai Xie; Qinan Wang; Chun Zhao; Qilei Sun; Haicheng Gu; Junyan Li; Xin Tu; Baoqing Nie; Xuhui Sun; Yina Liu; Eng Gee Lim; Zhen Wen; Zhong Lin Wang,ACS nano,2024,Journal Article,eng,retrieved,UNCERTAIN_REQUIRES_SCREENING,TITLE_ABSTRACT_REVIEW_REQUIRED,,,,,,,,
3220,TA-13,38898325,10.1245/s10434-024-15634-w,3D-SARC: A Pilot Study Testing the Use of a 3D Augmented-Reality Model with Conventional Imaging as a Preoperative Assessment Tool for Surgical Resection of Retroperitoneal Sarcoma.,"Retroperitoneal sarcomas (RPSs) present a surgical challenge, with complex anatomic relationships to organs and vascular structures. This pilot study investigated the role of three-dimensional (3D) augmented reality (3DAR) compared with standard imaging in preoperative planning and resection strategies. For the study, 13 patients who underwent surgical resection of their RPS were selected based on the location of their tumor (right, left, pelvis). From the patients' preoperative computed tomography (CT) scans, 3DAR models were created using a D2P program and projected by an augmented-reality (AR) glass (Hololens). The 3DAR models were evaluated by three experienced sarcoma surgeons and compared with the baseline two-dimensional (2D) contrast-enhanced CT scans. Three members of the surgical team evaluated 13 models of retroperitoneal sarcomas, resulting in a total of 26 responses. When the surgical team was asked to evaluate whether the 3DAR better prepared the surgeon for planned surgical resection, 10 responses favored the 3DAR, 5 favored the 2D CT scans and 11 showed no difference (p = 0.074). According to 15 (57.6 %) of the 26 responses, the 3DAR offered additional value over standard imaging in the preoperative planning (median score of 4; range, 1-5). The median stated likelihood that the surgeons would consult the 3DAR was 5 (range, 2-5) for the preoperative setting and 3 (range, 1-5) for the intraoperative setting. This pilot study suggests that the use of 3DAR may provide additional value over current standard imaging in the preoperative planning for surgical resection of RPS, and the technology merits further study.",Eyal Mor; Shai Tejman-Yarden; Danielle Mor-Hadar; Dan Assaf; Michal Eifer; Netanel Nagar; Oliana Vazhgovsky; Jaime Duffield; Michael A Henderson; David Speakman; Hayden Snow; David E Gyorki,Annals of surgical oncology,2024,Journal Article,eng,retrieved,UNCERTAIN_REQUIRES_SCREENING,TITLE_ABSTRACT_REVIEW_REQUIRED,,,,,,,,
3221,TA-13,38896514,10.1109/TNNLS.2024.3409446,AMFL: Resource-Efficient Adaptive Metaverse-Based Federated Learning for the Human-Centric Augmented Reality Applications.,"The emergence of 5G technology has enabled the development of Metaverse applications that provide users with immersive experiences through augmented reality (AR) devices, and the integration of federated learning (FL) with the Metaverse AR (MAR) systems can enable many edge intelligence services in 5G. However, the presence of nonindependent and identically distributed (Non-IID) data across all AR users' devices, coupled with limited edge communication resources, makes it challenging to achieve human-centric Metaverse-related applications such as target detection or image classification that combine virtual content with real-world. To address these challenges, we propose a novel adaptive resource-efficient Metaverse-based FL (AMFL) algorithm for AR applications that mitigates the negative effect of Non-IID data and reduces resource costs as well as improves the quality of experience (QoE). We first analyze the impact of wireless communication factors such as CPU frequency, bandwidth, and transmission power on FL training performance by a toy example in the MAR systems. Based on this analysis, furthermore, we establish a Non-IID degree, model accuracy, and resource consumption-related QoE maximization problem under given resource budgets, which is a stochastic optimization problem with strongly coupled variables, including bandwidth, CPU frequency, and transmission power. Guided by the theoretical analysis, to solve this issue, AMFL employs a deep reinforcement learning (DRL)-based method to adaptively allocate resources. Numerical results demonstrate that AMFL can significantly improve the QoE by up to 30.28%, and reduce communication round and energy costs by up to 81.08% and 72.20%, respectively, even under the worst Non-IID case, compared to benchmarks.",Dewen Qiao; Liangxin Qian; Songtao Guo; Jun Zhao; Pengzhan Zhou,IEEE transactions on neural networks and learning systems,2025,Journal Article,eng,retrieved,UNCERTAIN_REQUIRES_SCREENING,TITLE_ABSTRACT_REVIEW_REQUIRED,,,,,,,,
3222,TA-13,38894509,10.1002/pchj.784,How people with brain injury run and evaluate a SLAM-based smartphone augmented reality application to assess object-location memory.,"Augmented reality (AR) technology allows virtual objects to be superimposed on the real-world environment, offering significant potential for improving cognitive assessments and rehabilitation processes in the field of visuospatial learning. This study examines how patients with acquired brain injury (ABI) evaluate the functions and usability of a SLAM-based smartphone AR app to assess object-location skills. Ten ABI patients performed a task for the spatial recall of four objects using an AR app. The data collected from 10 healthy participants provided reference values for the best performance. Their perceptions of the AR app/technology and its usability were investigated. The results indicate lower effectiveness in solving the task in the patient group, as the time they needed to complete it was related to their level of impairment. The patients showed lower, yet positive, scores in factors related to app usability and acceptance (e.g., mental effort and satisfaction, respectively). There were more patients reported on entertainment as a positive aspect of the app. Patients' perceived enjoyment was related to concentration and calm, whereas usability was associated with perceived competence, expertise, and a lower level of physical effort. For patients, the sensory aspects of the objects were related to their presence, while for healthy participants, they were related to enjoyment and required effort. The results show that AR seems to be a promising tool to assess spatial orientation in the target patient population.",Magdalena Mendez-Lopez; M-Carmen Juan; Teresa Burgos; Marta Mendez; Camino Fidalgo,PsyCh journal,2024,Journal Article,eng,retrieved,UNCERTAIN_REQUIRES_SCREENING,TITLE_ABSTRACT_REVIEW_REQUIRED,,,,,,,,
3223,TA-13,38894475,10.3390/s24113685,Computer Vision and Augmented Reality for Human-Centered Fatigue Crack Inspection.,"A significant percentage of bridges in the United States are serving beyond their 50-year design life, and many of them are in poor condition, making them vulnerable to fatigue cracks that can result in catastrophic failure. However, current fatigue crack inspection practice based on human vision is time-consuming, labor intensive, and prone to error. We present a novel human-centered bridge inspection methodology to enhance the efficiency and accuracy of fatigue crack detection by employing advanced technologies including computer vision and augmented reality (AR). In particular, a computer vision-based algorithm is developed to enable near-real-time fatigue crack detection by analyzing structural surface motion in a short video recorded by a moving camera of the AR headset. The approach monitors structural surfaces by tracking feature points and measuring variations in distances between feature point pairs to recognize the motion pattern associated with the crack opening and closing. Measuring distance changes between feature points, as opposed to their displacement changes before this improvement, eliminates the need of camera motion compensation and enables reliable and computationally efficient fatigue crack detection using the nonstationary AR headset. In addition, an AR environment is created and integrated with the computer vision algorithm. The crack detection results are transmitted to the AR headset worn by the bridge inspector, where they are converted into holograms and anchored on the bridge surface in the 3D real-world environment. The AR environment also provides virtual menus to support human-in-the-loop decision-making to determine optimal crack detection parameters. This human-centered approach with improved visualization and human-machine collaboration aids the inspector in making well-informed decisions in the field in a near-real-time fashion. The proposed crack detection method is comprehensively assessed using two laboratory test setups for both in-plane and out-of-plane fatigue cracks. Finally, using the integrated AR environment, a human-centered bridge inspection is conducted to demonstrate the efficacy and potential of the proposed methodology.",Rushil Mojidra; Jian Li; Ali Mohammadkhorasani; Fernando Moreu; Caroline Bennett; William Collins,"Sensors (Basel, Switzerland)",2024,Journal Article,eng,retrieved,UNCERTAIN_REQUIRES_SCREENING,TITLE_ABSTRACT_REVIEW_REQUIRED,,,,,,,,
3224,TA-13,38894120,10.3390/s24113329,Silver Nanowire-Based Flexible Strain Sensor for Human Motion Detection.,"Accurately capturing human movements is a crucial element of health status monitoring and a necessary precondition for realizing future virtual reality/augmented reality applications. Flexible motion sensors with exceptional sensitivity are capable of detecting physical activities by converting them into resistance fluctuations. Silver nanowires (AgNWs) have become a preferred choice for the development of various types of sensors due to their outstanding electrical conductivity, transparency, and flexibility within polymer composites. Herein, we present the design and fabrication of a flexible strain sensor based on silver nanowires. Suitable substrate materials were selected, and the sensor's sensitivity and fatigue properties were characterized and tested, with the sensor maintaining reliability after 5000 deformation cycles. Different sensors were prepared by controlling the concentration of silver nanowires to achieve the collection of motion signals from various parts of the human body. Additionally, we explored potential applications of these sensors in fields such as health monitoring and virtual reality. In summary, this work integrated the acquisition of different human motion signals, demonstrating great potential for future multifunctional wearable electronic devices.",Abduweli Mijit; Shuo Li; Qiang Wang; Mingzhou Li; Yanlong Tai,"Sensors (Basel, Switzerland)",2024,Journal Article,eng,retrieved,UNCERTAIN_REQUIRES_SCREENING,TITLE_ABSTRACT_REVIEW_REQUIRED,,,,,,,,
3225,TA-13,38893634,10.3390/diagnostics14111108,Complex Craniofacial Cases through Augmented Reality Guidance in Surgical Oncology: A Technical Report.,"Augmented reality (AR) is a promising technology to enhance image guided surgery and represents the perfect bridge to combine precise virtual planning with computer-aided execution of surgical maneuvers in the operating room. In craniofacial surgical oncology, AR brings to the surgeon's sight a digital, three-dimensional representation of the anatomy and helps to identify tumor boundaries and optimal surgical paths. Intraoperatively, real-time AR guidance provides surgeons with accurate spatial information, ensuring accurate tumor resection and preservation of critical structures. In this paper, the authors review current evidence of AR applications in craniofacial surgery, focusing on real surgical applications, and compare existing literature with their experience during an AR and navigation guided craniofacial resection, to subsequently analyze which technological trajectories will represent the future of AR and define new perspectives of application for this revolutionizing technology.",Alessandro Tel; Luca Raccampo; Shankeeth Vinayahalingam; Stefania Troise; Vincenzo Abbate; Giovanni Dell'Aversana Orabona; Salvatore Sembronio; Massimo Robiony,"Diagnostics (Basel, Switzerland)",2024,Journal Article,eng,retrieved,UNCERTAIN_REQUIRES_SCREENING,TITLE_ABSTRACT_REVIEW_REQUIRED,,,,,,,,
3226,TA-13,38893106,10.3390/cancers16111985,Enabling Navigation and Augmented Reality in the Sitting Position in Posterior Fossa Surgery Using Intraoperative Ultrasound.,"Despite its broad use in cranial and spinal surgery, navigation support and microscope-based augmented reality (AR) have not yet found their way into posterior fossa surgery in the sitting position. While this position offers surgical benefits, navigation accuracy and thereof the use of navigation itself seems limited. Intraoperative ultrasound (iUS) can be applied at any time during surgery, delivering real-time images that can be used for accuracy verification and navigation updates. Within this study, its applicability in the sitting position was assessed. Data from 15 patients with lesions within the posterior fossa who underwent magnetic resonance imaging (MRI)-based navigation-supported surgery in the sitting position were retrospectively analyzed using the standard reference array and new rigid image-based MRI-iUS co-registration. The navigation accuracy was evaluated based on the spatial overlap of the outlined lesions and the distance between the corresponding landmarks in both data sets, respectively. Image-based co-registration significantly improved (p < 0.001) the spatial overlap of the outlined lesion (0.42 ± 0.30 vs. 0.65 ± 0.23) and significantly reduced (p < 0.001) the distance between the corresponding landmarks (8.69 ± 6.23 mm vs. 3.19 ± 2.73 mm), allowing for the sufficient use of navigation and AR support. Navigated iUS can therefore serve as an easy-to-use tool to enable navigation support for posterior fossa surgery in the sitting position.",Miriam H A Bopp; Alexander Grote; Marko Gjorgjevski; Mirza Pojskic; Benjamin Saß; Christopher Nimsky,Cancers,2024,Journal Article,eng,retrieved,UNCERTAIN_REQUIRES_SCREENING,TITLE_ABSTRACT_REVIEW_REQUIRED,,,,,,,,
3227,TA-13,38892770,10.3390/jcm13113059,The Novel Impact of Augmented Reality and 3D Printing in the Diagnosis of Complex Acetabular Fractures: A Comparative Randomized Study in Orthopedic Residents.,"Augmented reality (AR) and 3D printing (3DP) are novel technologies in the orthopedic field. Over the past decade, enthusiasm for these new digital applications has driven new perspectives in improving diagnostic accuracy and sensitivity in the field of traumatology. Currently, however, it is still difficult to quantify their value and impact in the medical-scientific field, especially in the improvement of diagnostics in complex fractures. Acetabular fractures have always been a challenge in orthopedics, due to their volumetric complexity and low diagnostic reliability. Background/Objectives: The goal of this study was to determine whether these methods could improve the learning aspect and diagnostic accuracy of complex acetabular fractures compared to gold-standard CT (computed tomography). Methods: Orthopedic residents of our department were selected and divided into Junior (JUN) and Senior (SEN) groups. Associated fractures of acetabulum were included in the study, and details of these were provided as CT scans, 3DP models, and AR models displayed on a tablet screen. In a double-blind questionnaire, each resident classified every fracture. Diagnostic accuracy (DA), response time (RT), agreement (R), and confidence (C) were measured. Results: Twenty residents (JUN = 10, SEN = 10) classified five fractures. Overall DA was 26% (CT), 18% (3DP), and 29% (AR). AR-DA was superior to 3DP-DA (p = 0.048). DA means (JUN vs. SEN, respectively): CT-DA was 20% vs. 32% (p < 0.05), 3DP-DA was 12% vs. 24% (p = 0.08), and AR-DA was 28% vs. 30% (p = 0.80). Overall RT was 61.2 s (±24.6) for CT, 35.8 s (±20.1) for 3DP, and 46.7 s (±20.8) for AR. R was fairly poor between methods and groups. Overall, 3DPs had superior C (65%). Conclusions: AR had the same overall DA as CT, independent of experience, 3DP had minor differences in DA and R, but it was the fastest method and the one in which there was the most confidence. Intra- and inter-observer R between methods remained very poor in residents.",Marco Montemagno; Gianluca Testa; Flora Maria Chiara Panvini; Gianluca Puglisi; Giacomo Papotto; Emanuele Marchese; Vito Pavone,Journal of clinical medicine,2024,Journal Article,eng,retrieved,UNCERTAIN_REQUIRES_SCREENING,TITLE_ABSTRACT_REVIEW_REQUIRED,,,,,,,,
3228,TA-13,38890503,10.1038/s42003-024-06433-w,Androgen-responsive FOXP4 is a target for endometrial carcinoma.,"Although low estrogen is considered to suppress uterine endometrial carcinoma, the most cases occur in the postmenopausal stage. After menopause, the production of androgen level also declines. Therefore, to resolve the above enigma, we hypothesize that the postmenopausal decline of androgen is a trigger of its progression. In the present study, to validate this hypothesis, we examine the pathological roles of androgen/AR by analyzing clinical data, culturing endometrioid cancer cell lines, and using murine models. Clinical data show that androgen receptor (AR) expression and serum dihydrotestosterone (DHT) are associated with lower disease-free survival (DFS). DHT suppresses malignant behaviors in AR-transfected human endometrial cancer cells (ECC). In ovariectomized Ptenff/PRcre/+ mice, DHT decreases the proliferation of spontaneously developed murine ECC. In AR-transfected human ECC and Ptenff/PRcre/+ mice, DHT suppresses FOXP4 expression. FOXP4-overexpressed human ECC increases, while FOXP4-knocked-down ECC shows decreased malignant behaviors. DHT/AR-mediated ECC suppression is restored by FOXP4 overexpression. The high FOXP4 expression is significantly correlated with low postoperative DFS. These findings indicate that the androgen/AR system suppresses the malignant activity of endometrial carcinoma and that downstream FOXP4 is another target molecule. These findings will also impact developments in clinical approaches to elderly health.",Kayo Kayahashi; Mahadi Hasan; Anowara Khatun; Susumu Kohno; Jumpei Terakawa; Shin-Ichi Horike; Natsumi Toyoda; Ayumi Matsuoka; Takashi Iizuka; Takeshi Obata; Masanori Ono; Yasunari Mizumoto; Chiaki Takahashi; Hiroshi Fujiwara; Takiko Daikoku,Communications biology,2024,"Journal Article; Research Support, Non-U.S. Gov't",eng,retrieved,UNCERTAIN_REQUIRES_SCREENING,TITLE_ABSTRACT_REVIEW_REQUIRED,,,,,,,,
3229,TA-13,38888463,10.1097/CIN.0000000000001162,Effect of Infection Control Simulation Based on a Negative Pressure Isolation Room Using Mixed Reality.,"This study aimed to examine the effectiveness of an infection control simulation using mixed reality, comparing simulation fidelity with a high-fidelity mannequin (MN) group and problem-based learning with written cases group. This study used a three-group pretest-posttest quasi-experimental design. Two universities with similar curricula were conveniently selected, and a total of 72 nursing students were recruited. Participants were randomly assigned to three groups of 24 each. In the final analysis, there were 22 participants in the mixed reality groups, 21 in the mannequin groups, and 23 in the problem-based learning with written cases groups. Data were analyzed using descriptive statistics and the χ 2 , Kruskal-Wallis, and Wilcoxon signed rank tests. The mixed reality groups had a significantly positive effect on clinical reasoning ability and clinical competence than the problem-based learning with written cases groups, whereas the mannequin groups had a significantly positive effect on clinical competence than the problem-based learning with written cases groups. Mixed reality simulation is an appropriate simulation method that enhances learning immersion, satisfaction, and self-confidence in simulation. Additionally, it can substitute for mannequin simulation in terms of clinical reasoning ability and clinical competence. This study suggests that it is important to the various approaches in simulation fidelity to diversely enhance the competency of nursing students in simulation outcomes.",Kyeng-Jin Kim; Joonyoung Lee; Moon-Ji Choi,"Computers, informatics, nursing : CIN",2024,Journal Article,eng,retrieved,UNCERTAIN_REQUIRES_SCREENING,TITLE_ABSTRACT_REVIEW_REQUIRED,,,,,,,,
3230,TA-13,38882985,10.7759/cureus.60479,Development of Augmented Reality Vision for Osteosynthesis Using a 3D Camera.,"We developed a 3D camera system to track motion in a surgical field. This system has the potential to introduce augmented reality (AR) systems non-invasively, eliminating the need for the invasive AR markers conventionally required. The present study was performed to verify the real-time tracking accuracy of this system, assess the feasibility of integrating this system into the surgical workflow, and establish its potential to enhance the accuracy and efficiency of orthopedic procedures. To evaluate the accuracy of AR technology using a 3D camera, a forearm bone model was created. The forearm model was depicted using a 3D camera, and its accuracy was verified in terms of the positional relationship with a 3D bone model created from previously imaged CT data. Images of the surgical field (capturing the actual forearm) were taken and saved in nine poses by rotating the forearm from pronation to supination. The alignment of the reference points was computed at the three points of CT versus the three points of the 3D camera, yielding a 3D rotation matrix representing the positional relationship. In the original system, a stereo vision-based 3D camera, with a depth image resolution of 1280×720 pixels, 30 frames per second, and a lens field of view of 64 specifications, with a baseline of 3 cm, capable of optimally acquiring real-time 3D data at a distance of 40-60 cm from the subject was used. In the modified system, the following modifications were made to improve tracking performance: (1) color filter processing was changed from HSV to RGB, (2) positional detection accuracy was modified with supporting marker sizes of 8 mm in diameter, and (3) the detection of marker positions was stabilized by calculating the marker position for each frame. Tracking accuracy was examined with the original system and modified system for the following parameters: differences in the rotation matrix, maximum and minimum inter-reference point errors between CT-based and camera-based 3D data, and the average error for the three reference points. In the original system, the average difference in rotation matrices was 5.51±2.68 mm. Average minimum and maximum errors were 1.10±0.61 and 15.53±12.51 mm, respectively. The average error of reference points was 6.26±4.49 mm. In the modified system, the average difference in rotation matrices was 4.22±1.73 mm. Average minimum and maximum errors were 0.79±0.49 and 1.94±0.87 mm, respectively. The average error of reference points was 1.41±0.58 mm. In the original system, once tracking failed, it was difficult to recover tracking accuracy. This resulted in a large maximum error in supination positions. These issues were resolved by the modified system. Significant improvements were achieved in maximum errors and average errors using the modified system (P<0.05). AR technology using a 3D camera was developed. This system allows direct comparisons of 3D data from preoperative CT scans with 3D data acquired from the surgical field using a 3D camera. This method has the advantage of introducing AR into the surgical field without invasive markers.",Junichiro Morita; Akira Ikumi; Takushi Nakatani; Hiroshi Noguchi; Hajime Mishima; Tomoo Ishii; Yuichi Yoshii,Cureus,2024,Journal Article,eng,retrieved,UNCERTAIN_REQUIRES_SCREENING,TITLE_ABSTRACT_REVIEW_REQUIRED,,,,,,,,
3231,TA-13,38882269,10.1016/j.heliyon.2024.e31916,Assessing web 2D user interface experiences in mixed reality.,"Mixed Reality (MR) technologies have the potential to revolutionize how we interact with various fields, such as medicine, education, and communication. However, existing studies have not comprehensively investigated the overall performance of 2D user interfaces (UIs) in 3D spaces. There are gaps and questions that have not been properly addressed in the transition from 2D to 3D UIs. To investigate this, we design an experiment with 80 participants to evaluate the 2D UI user experience on MR platforms. Our study reveals that compared with desktop devices, the website user experience on MR platforms leads to poorer learning performance. One-to-one interviews with participants reveal issues with both the hardware field of view and color definition, as well as the UI. Based on these findings, we propose that a generalized and optimized 3D UI would reduce control difficulties and improve the learning experience provided by MR platforms. Our study provides critical data that can be used to enhance 3D UIs on MR platforms.",Yongkang Xing; Conor Fahy; Jethro Shell,Heliyon,2024,Journal Article,eng,retrieved,UNCERTAIN_REQUIRES_SCREENING,TITLE_ABSTRACT_REVIEW_REQUIRED,,,,,,,,
3232,TA-13,38881600,10.1016/j.xops.2024.100510,Prosthetic Visual Acuity with the PRIMA Subretinal Microchip in Patients with Atrophic Age-Related Macular Degeneration at 4 Years Follow-up.,"To assess the efficacy and safety of the PRIMA neurostimulation system with a subretinal microchip for improving visual acuity (VA) in patients with geographic atrophy (GA) due to age-related macular degeneration (AMD) at 48-months postimplantation. Feasibility clinical trial of the PRIMA subretinal prosthesis in patients with atrophic AMD, measuring best-corrected ETDRS VA (Clinicaltrials.govNCT03333954). Five patients with GA, no foveal light perception, and VA of logarithm of the minimum angle of resolution (logMAR) 1.3 to 1.7 (20/400-20/1000) in their worse-seeing ""study"" eye. In patients subretinally implanted with a photovoltaic neurostimulation array containing 378 pixels of 100 μm in size, the VA was measured with and without the PRIMA system using ETDRS charts at 1 m. The system's external components, augmented reality glasses, and pocket computer provide image processing capabilities, including zoom. Visual acuity using ETDRS charts with and without the system, as well as light sensitivity in the central visual field, measured by Octopus perimetry. Anatomical outcomes demonstrated by fundus photography and OCT up to 48 months postimplantation. All 5 subjects met the primary end point of light perception elicited by the implant in the scotoma area. In 1 patient, the implant was incorrectly inserted into the choroid. One subject died 18 months postimplantation due to study-unrelated reasons. ETDRS VA results for the remaining 3 subjects are reported here. Without zoom, VA closely matched the pixel size of the implant: 1.17 ± 0.13 pixels, corresponding to a mean logMAR of 1.39, or Snellen of 20/500, ranging from 20/438 to 20/565. Using zoom at 48 months, subjects improved their VA by 32 ETDRS letters versus baseline (standard error 5.1) 95% confidence intervals (13.4, 49.9; P < 0.0001). Natural peripheral visual function in the treated eye did not decline after surgery or during the 48-month follow-up period (P = 0.08). Subretinal implantation of PRIMA in subjects with GA experiencing profound vision loss due to AMD is feasible and well tolerated, with no reduction of natural peripheral vision up to 48 months. Prosthetic central vision provided by photovoltaic neurostimulation enabled patients to reliably recognize letters and sequences of letters, and with zoom, it improved VA of up to 8 ETDRS lines. Proprietary or commercial disclosure may be found in the Footnotes and Disclosures at the end of this article.",Mahiul Muhammed Khan Muqit; Yannick Le Mer; Lisa Olmos de Koo; Frank G Holz; Jose A Sahel; Daniel Palanker,Ophthalmology science,2024,Journal Article,eng,retrieved,UNCERTAIN_REQUIRES_SCREENING,TITLE_ABSTRACT_REVIEW_REQUIRED,,,,,,,,
3233,TA-13,38875735,10.1016/j.cortex.2024.05.013,Keeping up with ourselves: Multimodal processes underlying body ownership across the lifespan.,"The sense of a bodily self is thought to depend on adaptive weighting and integration of bodily afferents and prior beliefs. While the physical body changes in shape, size, and functionality across the lifespan, the sense of body ownership remains relatively stable. Yet, little is known about how multimodal integration underlying such sense of ownership is altered in ontogenetic periods of substantial physical changes. We aimed to study this link for the motor and the tactile domain in a mixed-realty paradigm where participants ranging from 7 to 80 years old saw their own body with temporally mismatching multimodal signals. Participants were either stroked on their hand or moved it, while they saw it in multiple trials with different visual delays. For each trial, they judged the visuo-motor/tactile synchrony and rated the sense of ownership for the seen hand. Visual dependence and proprioceptive acuity were additionally assessed. The results show that across the lifespan body ownership decreases with increasing temporal multisensory mismatch, both in the tactile and the motor domain. We found an increased sense of ownership with increasing age independent of delay and modality. Delay sensitivity during multisensory conflicts was not consistently related to age. No effects of age were found on visual dependence or proprioceptive accuracy. The results are at least partly in line with an enhanced weighting of top-down and a reduced weighting of bottom-up signals for the momentary sense of bodily self with increasing age.",Marieke L Weijs; Marte Roel Lesur; Moritz M Daum; Bigna Lenggenhager,Cortex; a journal devoted to the study of the nervous system and behavior,2024,"Journal Article; Research Support, Non-U.S. Gov't",eng,retrieved,UNCERTAIN_REQUIRES_SCREENING,TITLE_ABSTRACT_REVIEW_REQUIRED,,,,,,,,
3234,TA-13,38874102,10.1063/5.0212823,Vibrational energy relaxation in shock-heated CO/N2/Ar mixtures.,"Experimental and numerical studies were performed on the vibrational energy relaxation in shock-heated CO/N2/Ar mixtures. A laser absorption technique was applied to the time-dependent rovibrational temperature time-history measurements. The vibrational relaxation data of reflected-shock-heated CO were summarized at 1720-3230 K. In shock-tube experiments, the rotational temperature of CO quickly reached equilibrium, whereas a relaxation process was found in the time-dependent vibrational temperature. For the mixture with 1.0% CO and 10.0% N2, the vibrational excitation caused a decrease in the macroscopic thermodynamic temperature of the test gas. In the simulations, the state-to-state (StS) approach was employed, where the vibrational energy levels of CO and N2 are treated as pseudo-species. The vibrational state-specific inelastic rate coefficients of N2-Ar collisions were calculated using the mixed quantum-classical method based on a newly developed three-dimensional potential energy surface. The StS predictions agreed well with the measurements, whereas deviations were found between the Schwartz-Slawsky-Herzfeld formula predictions and the measurements. The Millikan-White vibrational relaxation data of the N2-Ar system were found to have the most significant impact on the model predictions via sensitivity analysis. The vibrational relaxation data of the N2-Ar system were then modified according to the experimental data and StS results, providing an indirect way to optimize the vibrational relaxation data of a specific system. Moreover, the vibrational distribution functions of CO and N2 and the effects of the vibration-vibration-translation energy transfer path on the thermal nonequilibrium behaviors were highlighted.",Dong He; Qizhen Hong; Fernando Pirani; Renjie Li; Fei Li; Quanhua Sun; Ting Si; Xisheng Luo,The Journal of chemical physics,2024,Journal Article,eng,retrieved,UNCERTAIN_REQUIRES_SCREENING,TITLE_ABSTRACT_REVIEW_REQUIRED,,,,,,,,
3235,TA-13,38872812,10.3389/fneur.2024.1373740,"Remotely prescribed, monitored, and tailored home-based gait-and-balance exergaming using augmented reality glasses: a clinical feasibility study in people with Parkinson's disease.","Exergaming has the potential to increase adherence to exercise through play, individually tailored training, and (online) remote monitoring. Reality Digital Therapeutics (Reality DTx®) is a digital therapeutic software platform for augmented reality (AR) glasses that enables a home-based gait-and-balance exergaming intervention specifically designed for people with Parkinson's disease (pwPD). The primary objective was to evaluate the feasibility and potential efficacy of Reality DTx® AR exergaming intervention for improving gait, balance, and walking-adaptability fall-risk indicators. The secondary objective was to evaluate the potential superiority of AR glasses [Magic Leap 2 (ML2) vs. HoloLens 2 (HL2)]. This waitlist-controlled clinical feasibility study comprised three laboratory visits (baseline; pre-intervention; and post-intervention), a home visit, and a 6-week AR exergaming intervention. Five complementary gait-and-balance exergames were remotely prescribed (default five sessions/week of 30 active minutes/session), monitored, and tailored. Feasibility was assessed in terms of safety, adherence, and user experience. During laboratory visits, gait-and-balance capacity was assessed using standard clinical gait-and-balance tests and advanced walking-adaptability fall-risk assessments. In total, 24 pwPD participated. No falls and four near falls were reported. Session adherence was 104%. The User Experience Questionnaire scores for Reality DTx® ranged from above average to excellent, with superior scores for HL2 over ML2 for Perspicuity and Dependability. Intervention effects were observed for the Timed Up and Go test (albeit small), the Five Times Sit to Stand test, and walking speed. Walking-adaptability fall-risk indicators all improved post-intervention. Reality DTx® is a safe, adherable, usable, well-accepted, and potentially effective intervention in pwPD. These promising results warrant future randomized controlled trials on the (cost-)effectiveness of home-based AR exergaming interventions for improving gait, balance, and fall risk. ClinicalTrials.gov, identifier NCT05605249.",Lotte E S Hardeman; Daphne J Geerse; Eva M Hoogendoorn; Jorik Nonnekes; Melvyn Roerdink,Frontiers in neurology,2024,Journal Article,eng,retrieved,UNCERTAIN_REQUIRES_SCREENING,TITLE_ABSTRACT_REVIEW_REQUIRED,,,,,,,,
3236,TA-13,38872565,10.3934/mbe.2024262,A prostate seed implantation robot system based on human-computer interactions: Augmented reality and voice control.,"The technology of robot-assisted prostate seed implantation has developed rapidly. However, during the process, there are some problems to be solved, such as non-intuitive visualization effects and complicated robot control. To improve the intelligence and visualization of the operation process, a voice control technology of prostate seed implantation robot in augmented reality environment was proposed. Initially, the MRI image of the prostate was denoised and segmented. The three-dimensional model of prostate and its surrounding tissues was reconstructed by surface rendering technology. Combined with holographic application program, the augmented reality system of prostate seed implantation was built. An improved singular value decomposition three-dimensional registration algorithm based on iterative closest point was proposed, and the results of three-dimensional registration experiments verified that the algorithm could effectively improve the three-dimensional registration accuracy. A fusion algorithm based on spectral subtraction and BP neural network was proposed. The experimental results showed that the average delay of the fusion algorithm was 1.314 s, and the overall response time of the integrated system was 1.5 s. The fusion algorithm could effectively improve the reliability of the voice control system, and the integrated system could meet the responsiveness requirements of prostate seed implantation.",Xinran Zhang; Yongde Zhang; Jianzhi Yang; Haiyan Du,Mathematical biosciences and engineering : MBE,2024,Journal Article,eng,retrieved,UNCERTAIN_REQUIRES_SCREENING,TITLE_ABSTRACT_REVIEW_REQUIRED,,,,,,,,
3237,TA-13,38868618,10.1097/GOX.0000000000005896,Mixed Reality in the Operating Room: An Initial Use in Frontal Sinus Setback in Gender-affirming Facial Surgery.,"Demand for gender-affirming facial surgery is growing rapidly. Frontal sinus setback, one of the key procedures used in gender-affirming facial surgery, has a particularly high impact on gender perception. Mixed reality (MR) allows a user to view and virtually overlay three-dimensional imaging on the patient and interact with it in real time. We used the Medivis's SurgicalAR system in conjunction with the Microsoft HoloLens Lucille2 (Microsoft). Computed tomography imaging was uploaded to SurgicalAR, and a three-dimensional (3D) hologram was projected onto the display of the HoloLens. The hologram was registered and matched to the patient, allowing the surgeon to view bony anatomy and underlying structures in real time on the patient. The surgeon was able to outline the patient's frontal sinuses using the hologram as guidance. A 3D printed cutting guide was used for comparison. Negligible difference between the mixed reality-based outline and 3D-printed outline was seen. The process of loading the hologram and marking the frontal sinus outline lasted less than 10 minutes. The workflow and usage described here demonstrate significant promise for the use of mixed reality as imaging and surgical guidance technology in gender-affirming facial surgery.",Nicolás M Kass; Lucille G Cheng; Zhazira Irgebay; Elizabeth Moroni; Lucas Dvoracek; Stephen P Canton; Nikhil Sharma; Fritz Steuer; Edward G Andrews; Jesse A Goldstein,Plastic and reconstructive surgery. Global open,2024,Journal Article,eng,retrieved,UNCERTAIN_REQUIRES_SCREENING,TITLE_ABSTRACT_REVIEW_REQUIRED,,,,,,,,
3238,TA-13,38866827,10.1038/s41598-024-63731-3,Virtual/augmented reality-based human-machine interface and interaction modes in airport control towers.,"The concept of an innovative human-machine interface and interaction modes based on virtual and augmented reality technologies for airport control towers has been developed with the aim of increasing the human performances and situational awareness of air traffic control operators. By presenting digital information through see-through head-mounted displays superimposed over the out-of-the-tower view, the proposed interface should stimulate controllers to operate in a head-up position and, therefore, reduce the number of switches between a head-up and a head-down position even in low visibility conditions. This paper introduces the developed interface and describes the exercises conducted to validate the technical solutions developed, focusing on the simulation platform and exploited technologies, to demonstrate how virtual and augmented reality, along with additional features such as adaptive human-machine interface, multimodal interaction and attention guidance, enable a more natural and effective interaction in the control tower. The results of the human-in-the-loop real-time validation exercises show that the prototype concept is feasible from both an operational and technical perspective, the solution proves to support the air traffic controllers in working in a head-up position more than head-down even with low-visibility operational scenarios, and to lower the time to react in critical or alerting situations with a positive impact on the human performances of the user. While showcasing promising results, this study also identifies certain limitations and opportunities for refinement, aimed at further optimising the efficacy and usability of the proposed interface.",Sara Bagassi; Marzia Corsi; Francesca De Crescenzio; Ramona Santarelli; Aurora Simonetti; Laura Moens; Michela Terenzi,Scientific reports,2024,Journal Article,eng,retrieved,UNCERTAIN_REQUIRES_SCREENING,TITLE_ABSTRACT_REVIEW_REQUIRED,,,,,,,,
3239,TA-13,38865223,10.1109/TVCG.2024.3413594,Effects of Focal Distance on Near-Field Depth Perception and Accommodative Response in a Vari-Focal Optical See-Through Augmented Reality Display.,"Through a human-subject experiment, we investigated the effects of focal distance on depth perception and accommodative response in an optical see-through augmented reality (AR) display. The display was able to provide focus cues and was rigorously calibrated. The near-field distances ranging between 3 diopters and 1 diopter were considered as target distance. In the experiment, it was found that the perceived depth of a virtual object was significantly biased along with the focal distance of virtual image plane of the display. In addition, the experimental results implied that the perceived depth of a virtual object would be potentially more accurate in the condition where the focal distance of virtual image plane was consistent with the target distance than in the conditions where it could deviate from the target distance. Regarding accommodative response, it was found that the response to a virtual object changed along with the focal distance of virtual image plane as well as the target distance. However, the changing rate depending on target distance was less steep in the conditions where the focal distance could be mismatched with the target distance than in the condition where it was consistent with the target distance. In the consistent condition, the changing rate of accommodative responses to virtual objects were similar to that for their physical counterparts.",Sangyoon Lee; Hong Hua,IEEE transactions on visualization and computer graphics,2025,Journal Article,eng,retrieved,UNCERTAIN_REQUIRES_SCREENING,TITLE_ABSTRACT_REVIEW_REQUIRED,,,,,,,,
3240,TA-13,38865220,10.1109/TMI.2024.3413537,Video-Based Soft Tissue Deformation Tracking for Laparoscopic Augmented Reality-Based Navigation in Kidney Surgery.,"Minimally invasive surgery (MIS) remains technically demanding due to the difficulty of tracking hidden critical structures within the moving anatomy of the patient. In this study, we propose a soft tissue deformation tracking augmented reality (AR) navigation pipeline for laparoscopic surgery of the kidneys. The proposed navigation pipeline addresses two main sub-problems: the initial registration and deformation tracking. Our method utilizes preoperative MR or CT data and binocular laparoscopes without any additional interventional hardware. The initial registration is resolved through a probabilistic rigid registration algorithm and elastic compensation based on dense point cloud reconstruction. For deformation tracking, the sparse feature point displacement vector field continuously provides temporal boundary conditions for the biomechanical model. To enhance the accuracy of the displacement vector field, a novel feature points selection strategy based on deep learning is proposed. Moreover, an ex-vivo experimental method for internal structures error assessment is presented. The ex-vivo experiments indicate an external surface reprojection error of 4.07 ± 2.17 mm and a maximum mean absolutely error for internal structures of 2.98 mm. In-vivo experiments indicate mean absolutely error of 3.28 ± 0.40 mm and 1.90 ± 0.24 mm, respectively. The combined qualitative and quantitative findings indicated the potential of our AR-assisted navigation system in improving the clinical application of laparoscopic kidney surgery.",Enpeng Wang; Yueang Liu; Puxun Tu; Zeike A Taylor; Xiaojun Chen,IEEE transactions on medical imaging,2024,"Journal Article; Research Support, Non-U.S. Gov't",eng,retrieved,UNCERTAIN_REQUIRES_SCREENING,TITLE_ABSTRACT_REVIEW_REQUIRED,,,,,,,,
3241,TA-13,38863891,10.16910/jemr.17.3.3,Quantifying Dwell Time With Location-based Augmented Reality: Dynamic AOI Analysis on Mobile Eye Tracking Data With Vision Transformer.,"Mobile eye tracking captures egocentric vision and is well-suited for naturalistic studies. However, its data is noisy, especially when acquired outdoor with multiple participants over several sessions. Area of interest analysis on moving targets is difficult because A) camera and objects move nonlinearly and may disappear/reappear from the scene; and B) off-the-shelf analysis tools are limited to linearly moving objects. As a result, researchers resort to time-consuming manual annotation, which limits the use of mobile eye tracking in naturalistic studies. We introduce a method based on a fine-tuned Vision Transformer (ViT) model for classifying frames with overlaying gaze markers. After fine-tuning a model on a manually labelled training set made of 1.98% (=7845 frames) of our entire data for three epochs, our model reached 99.34% accuracy as evaluated on hold-out data. We used the method to quantify participants' dwell time on a tablet during the outdoor user test of a mobile augmented reality application for biodiversity education. We discuss the benefits and limitations of our approach and its potential to be applied to other contexts.",Julien Mercier; Olivier Ertz; Erwan Bocher,Journal of eye movement research,2024,Journal Article,eng,retrieved,UNCERTAIN_REQUIRES_SCREENING,TITLE_ABSTRACT_REVIEW_REQUIRED,,,,,,,,
3242,TA-13,38863654,10.1117/12.3007671,Development of an augmented reality system for tracheal intubation guidance of airway management.,"Tracheal intubation is a crucial procedure performed in airway management to sustain life during various procedures. However, difficult airways can make intubation challenging, which is associated with increased mortality and morbidity. This is particularly important for children who undergo intubation where the situation is difficult. Improved airway management will decrease incidences of repeated attempts, decrease hypoxic injuries in patients, and decrease hospital stays, resulting in better clinical outcomes and reduced costs. Currently, 3D printed models based on CT scans and ultrasound-guided intubation are being used or tested for device fitting and procedure guidance to increase the success rate of intubation, but both have limitations. Maintaining a 3D printing facility can be logistically inconvenient, and it can be time consuming and expensive. Ultrasound-guided intubation can be hindered by operator dependence, limited two-dimensional visualization, and potential artifacts. In this study, we developed an augmented reality (AR) system that allows the overlay of intubation tools and internal airways, providing real-time guidance during the procedure. A child manikin was used to develop and test the AR system. Three-dimensional CT images were acquired from the manikin. Different tissues were segmented to generate the 3D models that were imported into Unity to build the holograms. Phantom experiments demonstrated the AR-guided system for potential applications in tracheal intubation guidance.",Grace T Fei; Aimee W Guo; Timothy Booth; Edgar Kiss; Rami R Hallac; Andrew Anderson; Zhiyue J Wang,Proceedings of SPIE--the International Society for Optical Engineering,2024,Journal Article,eng,retrieved,UNCERTAIN_REQUIRES_SCREENING,TITLE_ABSTRACT_REVIEW_REQUIRED,,,,,,,,
3243,TA-13,38862851,10.1007/s10278-024-01094-x,Multisensory Extended Reality Applications Offer Benefits for Volumetric Biomedical Image Analysis in Research and Medicine.,"3D data from high-resolution volumetric imaging is a central resource for diagnosis and treatment in modern medicine. While the fast development of AI enhances imaging and analysis, commonly used visualization methods lag far behind. Recent research used extended reality (XR) for perceiving 3D images with visual depth perception and touch but used restrictive haptic devices. While unrestricted touch benefits volumetric data examination, implementing natural haptic interaction with XR is challenging. The research question is whether a multisensory XR application with intuitive haptic interaction adds value and should be pursued. In a study, 24 experts for biomedical images in research and medicine explored 3D medical shapes with 3 applications: a multisensory virtual reality (VR) prototype using haptic gloves, a simple VR prototype using controllers, and a standard PC application. Results of standardized questionnaires showed no significant differences between all application types regarding usability and no significant difference between both VR applications regarding presence. Participants agreed to statements that VR visualizations provide better depth information, using the hands instead of controllers simplifies data exploration, the multisensory VR prototype allows intuitive data exploration, and it is beneficial over traditional data examination methods. While most participants mentioned manual interaction as the best aspect, they also found it the most improvable. We conclude that a multisensory XR application with improved manual interaction adds value for volumetric biomedical data examination. We will proceed with our open-source research project ISH3DE (Intuitive Stereoptic Haptic 3D Data Exploration) to serve medical education, therapeutic decisions, surgery preparations, or research data analysis.",Kathrin Krieger; Jan Egger; Jens Kleesiek; Matthias Gunzer; Jianxu Chen,Journal of imaging informatics in medicine,2025,Journal Article,eng,retrieved,UNCERTAIN_REQUIRES_SCREENING,TITLE_ABSTRACT_REVIEW_REQUIRED,,,,,,,,
3244,TA-13,38862559,10.1038/s41598-024-64054-z,Cortical processes of multisensory plausibility modulation of vibrotactile perception in virtual environments in middled-aged and older adults.,"Digital technologies, such as virtual or augmented reality, can potentially support neurocognitive functions of the aging populations worldwide and complement existing intervention methods. However, aging-related declines in the frontal-parietal network and dopaminergic modulation which progress gradually across the later periods of the adult lifespan may affect the processing of multisensory congruence and expectancy based contextual plausibility. We assessed hemodynamic brain responses while middle-aged and old adults experienced car-riding virtual-reality scenarios where the plausibility of vibrotactile stimulations was manipulated by delivering stimulus intensities that were either congruent or incongruent with the digitalized audio-visual contexts of the respective scenarios. Relative to previous findings observed in young adults, although highly plausible vibrotactile stimulations confirming with contextual expectations also elicited higher brain hemodynamic responses in middle-aged and old adults, this effect was limited to virtual scenarios with extreme expectancy violations. Moreover, individual differences in plausibility-related frontal activity did not correlate with plausibility violation costs in the sensorimotor cortex, indicating less systematic frontal context-based sensory filtering in older ages. These findings have practical implications for advancing digital technologies to support aging societies.",Kathleen Y L Kang; Robert Rosenkranz; Mehmet Ercan Altinsoy; Shu-Chen Li,Scientific reports,2024,Journal Article,eng,retrieved,UNCERTAIN_REQUIRES_SCREENING,TITLE_ABSTRACT_REVIEW_REQUIRED,,,,,,,,
3245,TA-13,38861443,10.1109/TVCG.2024.3412190,Pose2Gaze: Eye-Body Coordination During Daily Activities for Gaze Prediction From Full-Body Poses.,"Human eye gaze plays a significant role in many virtual and augmented reality (VR/AR) applications, such as gaze-contingent rendering, gaze-based interaction, or eye-based activity recognition. However, prior works on gaze analysis and prediction have only explored eye-head coordination and were limited to human-object interactions. We first report a comprehensive analysis of eye-body coordination in various human-object and human-human interaction activities based on four public datasets collected in real-world (MoGaze), VR (ADT), as well as AR (GIMO and EgoBody) environments. We show that in human-object interactions, e.g., pick and place, eye gaze exhibits strong correlations with full-body motion while in human-human interactions, e.g., chat and teach, a person's gaze direction is correlated with the body orientation towards the interaction partner. Informed by these analyses we then present Pose2Gaze - a novel eye-body coordination model that uses a convolutional neural network and a spatio-temporal graph convolutional neural network to extract features from head direction and full-body poses, respectively, and then uses a convolutional neural network to predict eye gaze. We compare our method with state-of-the-art methods that predict eye gaze only from head movements and show that Pose2Gaze outperforms these baselines with an average improvement of 24.0% on MoGaze, 10.1% on ADT, 21.3% on GIMO, and 28.6% on EgoBody in mean angular error, respectively. We also show that our method significantly outperforms prior methods in the sample downstream task of eye-based activity recognition. These results underline the significant information content available in eye-body coordination during daily activities and open up a new direction for gaze prediction.",Zhiming Hu; Jiahui Xu; Syn Schmitt; Andreas Bulling,IEEE transactions on visualization and computer graphics,2025,"Journal Article; Research Support, Non-U.S. Gov't",eng,retrieved,UNCERTAIN_REQUIRES_SCREENING,TITLE_ABSTRACT_REVIEW_REQUIRED,,,,,,,,
3246,TA-13,38859483,10.1364/OE.525709,Simulation of gradient period polarization volume gratings for augmented reality displays.,"Augmented reality (AR) displays are gaining attention as next-generation intelligent display technologies. Diffractive waveguide technologies are progressively becoming the AR display industry's preferred option. Gradient period polarization volume holographic gratings (PVGs), which are considered to have the potential to expand the field of view (FOV) of waveguide display systems due to their wide bandwidth diffraction characteristics, have been proposed as coupling elements for diffraction waveguide systems in recent years. Here, what we believe to be a novel modeling method for gradient period PVGs is proposed by incorporating grating stacking and scattering analysis utilizing rigorous coupled-wave analysis (RCWA) theory. The diffraction efficiency and polarization response were extensively explored using this simulation model. In addition, a dual-layer full-color diffractive waveguide imaging simulation using proposed gradient period PVGs is accomplished in Zemax software using a self-compiled dynamic link library (DLL), achieving a 53° diagonal FOV at a 16:9 aspect ratio. This work furthers the development of PVGs by providing unique ideas for the field of view design of AR display.",Canran Yang; Ran Wei; Wenchang Yang; Yishi Weng; Yuchen Gu; Chuang Wang; Zhongwen Shen; Baoping Wang; Yuning Zhang,Optics express,2024,Journal Article,eng,retrieved,UNCERTAIN_REQUIRES_SCREENING,TITLE_ABSTRACT_REVIEW_REQUIRED,,,,,,,,
3247,TA-13,38859272,10.1364/OE.521975,Design of AR system tracking registration method using dynamic target light-field.,"In the process of tracking registration for an augmented reality (AR) system, it's essential first to obtain the system's initial state, as its accuracy significantly influences the precision of subsequent three-dimensional tracking registration. At this point, minor movements of the target can directly lead to calibration errors. Current methods fail to address the challenge of capturing the initial state of dynamic deformation in optically transparent AR systems effectively. To tackle this issue, the concept of a static light-field is expanded to a four-dimensional dynamic light-field, and a tracking registration method for an optical see-through AR system based on the four-dimensional dynamic light-field is introduced. This method begins by analyzing the relationship between the components of the optical see-through AR system and studying the impact of a dynamic target on the initial state model. Leveraging the fundamental principle of light-field correlation, the theory and model for four-dimensional dynamic light-field tracking registration are developed. A lot of experiments have confirmed the algorithm's accuracy, enhanced its stability, and demonstrated the superior performance of the three-dimensional tracking registration algorithm.",Zhe An; Yang Liu; Mingyu Xue,Optics express,2024,Journal Article,eng,retrieved,UNCERTAIN_REQUIRES_SCREENING,TITLE_ABSTRACT_REVIEW_REQUIRED,,,,,,,,
3248,TA-13,38859247,10.1364/OE.519057,Chiral quasi bound states in the continuum for augmented reality.,"Augmented Reality technology enables users to interact with virtual imagines and the real world. The emergence of AR has propelled the development of the next generation of optical devices towards miniaturization, lightweight design, and enhanced light field manipulation capabilities. However, current AR glass still suffer from shortcomings of low efficiency. This work proposes a near-eye display device based on bilayer chiral quasi-BIC (Bound States in the continuum) nonlocal metasurfaces which can reflect narrow bandwidth RGB light with high efficiency while being able to see the natural environment clearly. At the same time, the geometric phase is introduced to realize oblique emission and reflective focusing. Due to its ability to manipulate narrowband light fields, it can reduce the interaction of metasurfaces and environment light, and has potential applications in the fields of imaging and near-eye display.",Qianhui Bi; Run Chen; Xiaofei Ye; Yujuan Peng; Shuming Wang; Zhenlin Wang,Optics express,2024,Journal Article,eng,retrieved,UNCERTAIN_REQUIRES_SCREENING,TITLE_ABSTRACT_REVIEW_REQUIRED,,,,,,,,
3249,TA-13,38859019,10.1364/OE.524983,Tomographic waveguide-based augmented reality display.,"A tomographic waveguide-based augmented reality display technique is proposed for near-eye three-dimensional (3D) display with accurate depth reconstructions. A pair of tunable lenses with complementary focuses is utilized to project tomographic virtual 3D images while maintaining the correct perception of the real scene. This approach reconstructs virtual 3D images with physical depth cues, thereby addressing the vergence-accommodation conflict inherent in waveguide augmented reality systems. A prototype has been constructed and optical experiments have been conducted, demonstrating the system's capability in delivering high-quality 3D scenes for waveguide-based augmented reality display.",Naiqin Zhao; Jiasheng Xiao; Peixin Weng; Hao Zhang,Optics express,2024,Journal Article,eng,retrieved,UNCERTAIN_REQUIRES_SCREENING,TITLE_ABSTRACT_REVIEW_REQUIRED,,,,,,,,
3250,TA-13,38858968,10.1364/OE.523821,Compensated DOE in a VHG-based waveguide display to improve uniformity.,"Augmented reality head-mounted displays (AR-HMDs) utilizing diffractive waveguides have emerged as a popular research focus. However, the illuminance uniformity over the fields of view (FOV) is often unsatisfactory in volume holographic grating (VHG) based waveguide displays. This paper proposes a high uniformity AR waveguide display system. Firstly, the angular uniformity of the VHG-based waveguide displays is analyzed. Subsequently, diffractive optical elements (DOEs) are seamlessly integrated onto the outer coupling surface of the waveguide substrate to improve the angular uniformity through phase compensation. To design the DOE phase, the multi-objective stochastic gradient descent (MO-SGD) algorithm is proposed. A single DOE is used to compensating various images form the image source. A hybrid loss, which includes the learned perceptual image patch similarity (LPIPS) metric, is applied to enhance the algorithm performance. Simulation results show that the proposed method effectively suppresses illumination degradation at the edge FOV in exit pupil images of the waveguide display system. In the results, the peak signal-to-noise ratio (PSNR) is improved by 5.54 dB. Optical experiments validate the effectiveness of the proposed method. The measured nonuniformity (NU) against FOVs is improved by 53.05% from 0.3749 to 0.1760.",Min Guo; Yusong Guo; Jiahao Cai; Zi Wang; Guoqiang Lv; Qibin Feng,Optics express,2024,Journal Article,eng,retrieved,UNCERTAIN_REQUIRES_SCREENING,TITLE_ABSTRACT_REVIEW_REQUIRED,,,,,,,,
