screening_ordinal,batch_id,pmid,doi,title,abstract,authors,journal,year,publication_types,language,metadata_status,prescreen_decision,prescreen_reason,ta_decision,ta_reason_code,ta_screener,ta_timestamp,ta_evidence_note,decision_version,second_verification_state,adjudication_state
6751,TA-28,30813452,10.3390/s19040953,Solving Monocular Visual Odometry Scale Factor with Adaptive Step Length Estimates for Pedestrians Using Handheld Devices.,"The urban environments represent challenging areas for handheld device pose estimation (i.e., 3D position and 3D orientation) in large displacements. It is even more challenging with low-cost sensors and computational resources that are available in pedestrian mobile devices (i.e., monocular camera and Inertial Measurement Unit). To address these challenges, we propose a continuous pose estimation based on monocular Visual Odometry. To solve the scale ambiguity and suppress the scale drift, an adaptive pedestrian step lengths estimation is used for the displacements on the horizontal plane. To complete the estimation, a handheld equipment height model, with respect to the Digital Terrain Model contained in Geographical Information Systems, is used for the displacement on the vertical axis. In addition, an accurate pose estimation based on the recognition of known objects is punctually used to correct the pose estimate and reset the monocular Visual Odometry. To validate the benefit of our framework, experimental data have been collected on a 0.7 km pedestrian path in an urban environment for various people. Thus, the proposed solution allows to achieve a positioning error of 1.6⁻7.5% of the walked distance, and confirms the benefit of the use of an adaptive step length compared to the use of a fixed-step length.",Nicolas Antigny; Hideaki Uchiyama; Myriam Servières; Valérie Renaudin; Diego Thomas; Rin-Ichiro Taniguchi,"Sensors (Basel, Switzerland)",2019,Journal Article,eng,retrieved,UNCERTAIN_REQUIRES_SCREENING,TITLE_ABSTRACT_REVIEW_REQUIRED,,,,,,,,
6752,TA-28,30813372,10.3390/s19040939,Estimating Visibility of Annotations for View Management in Spatial Augmented Reality Based on Machine-Learning Techniques.,"Augmented Reality (AR) is a class of ""mediated reality"" that artificially modifies the human perception by superimposing virtual objects on the real world, which is expected to supplement reality. In visual-based augmentation, text and graphics, i.e., label, are often associated with a physical object or a place to describe it. View management in AR is to maintain the visibility of the associated information and plays an important role on communicating the information. Various view management techniques have been investigated so far; however, most of them have been designed for two dimensional see-through displays, and few have been investigated for projector-based AR called spatial AR. In this article, we propose a view management method for spatial AR, VisLP, that places labels and linkage lines based on the estimation of the visibility. Since the information is directly projected on objects, the nature of optics such as reflection and refraction constrains the visibility in addition to the spatial relationship between the information, the objects, and the user. VisLP employs machine-learning techniques to estimate the visibility that reflects human's subjective mental workload in reading information and objective measures of reading correctness in various projection conditions. Four classes are defined for a label, while the visibility of a linkage line has three classes. After 88 and 28 classification features for label and linkage line visibility estimators are designed, respectively, subsets of features with 15 and 14 features are chosen to improve the processing speed of feature calculation up to 170%, with slight degradation of classification performance. An online experiment with new users and objects showed that 76.0% of the system's judgments were matched with the users' evaluations, while 73% of the linkage line visibility estimations were matched.",Keita Ichihashi; Kaori Fujinami,"Sensors (Basel, Switzerland)",2019,Journal Article,eng,retrieved,UNCERTAIN_REQUIRES_SCREENING,TITLE_ABSTRACT_REVIEW_REQUIRED,,,,,,,,
6753,TA-28,30808627,10.1136/bmjspcare-2018-001720,Virtual reality videos used in undergraduate palliative and oncology medical teaching: results of a pilot study.,"Virtual reality (VR) immersive environments have been shown to be effective in medical teaching. Our university hospital received funding from our deanery, Health Education in Wales, to film teaching videos with a 360-degree camera. To evaluate whether VR is an effective and acceptable teaching environment. VR headsets were set up for medical students who rotated through Velindre Cancer Hospital's Palliative Care department. Students were asked to put on a VR headset and experience a pre-recorded 27 min presentation on nausea and vomiting in palliative care settings. They subsequently viewed a radiotherapy treatment experience from a patient's point of view. Of the 72 medical students who participated, 70 found the experience comfortable, with two students stating they felt the experience uncomfortable (1=headset too tight; 1=blurry visuals). Numerical scoring on ability to concentrate in VR from 0 to 10 (0=worst, 10=best) scored an average of 8.44 (range, 7-10). Asked whether this format suited their learning style, average score was 8.31 (range 6-10). 97.2 % (n=70) students stated that they would recommend this form of learning to a colleague, with one student saying he/she would not recommend and another stating he/she was unsure. Students left anonymous free-text feedback comments which helped frame future needs in this emerging area. This study suggests that there is room for exploring new ways of delivering teaching and expanding it more widely in palliative care and oncology, but also provides feedback on areas that need further careful attention. Comments from students included: ""Might have been the novelty factor but I learnt more from this 20 min VR thing than I have from many lectures"". The project has proved sufficiently popular in medical student feedback, that the VR experience is now available on YouTube and has been permanently introduced into routine teaching. Further 360-degree teaching environments have been filmed. Of note is that our 360-degree videos have been viewed in Africa, so this format of teaching could prove valuable due to its global reach.",Mark Taubert; Lucie Webber; Timothy Hamilton; Madeleine Carr; Mark Harvey,BMJ supportive & palliative care,2019,Journal Article,eng,retrieved,UNCERTAIN_REQUIRES_SCREENING,TITLE_ABSTRACT_REVIEW_REQUIRED,,,,,,,,
6754,TA-28,30800322,10.1049/htl.2018.5065,ARssist: augmented reality on a head-mounted display for the first assistant in robotic surgery.,"In robot-assisted laparoscopic surgery, the first assistant (FA) is responsible for tasks such as robot docking, passing necessary materials, manipulating hand-held instruments, and helping with trocar planning and placement. The performance of the FA is critical for the outcome of the surgery. The authors introduce ARssist, an augmented reality application based on an optical see-through head-mounted display, to help the FA perform these tasks. ARssist offers (i) real-time three-dimensional rendering of the robotic instruments, hand-held instruments, and endoscope based on a hybrid tracking scheme and (ii) real-time stereo endoscopy that is configurable to suit the FA's hand-eye coordination when operating based on endoscopy feedback. ARssist has the potential to help the FA perform his/her task more efficiently, and hence improve the outcome of robot-assisted laparoscopic surgeries.",Long Qian; Anton Deguet; Peter Kazanzides,Healthcare technology letters,2018,Journal Article,eng,retrieved,UNCERTAIN_REQUIRES_SCREENING,TITLE_ABSTRACT_REVIEW_REQUIRED,,,,,,,,
6755,TA-28,30800321,10.1049/htl.2018.5064,Virtual interaction and visualisation of 3D medical imaging data with VTK and Unity.,"The authors present a method to interconnect the Visualisation Toolkit (VTK) and Unity. This integration enables them to exploit the visualisation capabilities of VTK with Unity's widespread support of virtual, augmented, and mixed reality displays, and interaction and manipulation devices, for the development of medical image applications for virtual environments. The proposed method utilises OpenGL context sharing between Unity and VTK to render VTK objects into the Unity scene via a Unity native plugin. The proposed method is demonstrated in a simple Unity application that performs VTK volume rendering to display thoracic computed tomography and cardiac magnetic resonance images. Quantitative measurements of the achieved frame rates show that this approach provides over 90 fps using standard hardware, which is suitable for current augmented reality/virtual reality display devices.",Gavin Wheeler; Shujie Deng; Nicolas Toussaint; Kuberan Pushparajah; Julia A Schnabel; John M Simpson; Alberto Gomez,Healthcare technology letters,2018,Journal Article,eng,retrieved,UNCERTAIN_REQUIRES_SCREENING,TITLE_ABSTRACT_REVIEW_REQUIRED,,,,,,,,
6756,TA-28,30800320,10.1049/htl.2018.5063,Gesture-based registration correction using a mobile augmented reality image-guided neurosurgery system.,"In image-guided neurosurgery, a registration between the patient and their pre-operative images and the tracking of surgical tools enables GPS-like guidance to the surgeon. However, factors such as brainshift, image distortion, and registration error cause the patient-to-image alignment accuracy to degrade throughout the surgical procedure no longer providing accurate guidance. The authors present a gesture-based method for manual registration correction to extend the usage of augmented reality (AR) neuronavigation systems. The authors' method, which makes use of the touchscreen capabilities of a tablet on which the AR navigation view is presented, enables surgeons to compensate for the effects of brainshift, misregistration, or tracking errors. They tested their system in a laboratory user study with ten subjects and found that they were able to achieve a median registration RMS error of 3.51 mm on landmarks around the craniotomy of interest. This is comparable to the level of accuracy attainable with previously proposed methods and currently available commercial systems while being simpler and quicker to use. The method could enable surgeons to quickly and easily compensate for most of the observed shift. Further advantages of their method include its ease of use, its small impact on the surgical workflow and its small-time requirement.",Étienne Léger; Jonatan Reyes; Simon Drouin; D Louis Collins; Tiberiu Popa; Marta Kersten-Oertel,Healthcare technology letters,2018,Journal Article,eng,retrieved,UNCERTAIN_REQUIRES_SCREENING,TITLE_ABSTRACT_REVIEW_REQUIRED,,,,,,,,
6757,TA-28,30796287,10.1038/s41598-019-39311-1,Assumptions about the positioning of virtual stimuli affect gaze direction estimates during Augmented Reality based interactions.,"We investigated gaze direction determination in dyadic interactions mediated by an Augmented Reality (AR) head-mounted-display. With AR, virtual content is overlaid on top of the real-world scene, offering unique data visualization and interaction opportunities. A drawback of AR however is related to uncertainty regarding the AR user's focus of attention in social-collaborative settings: an AR user looking in our direction might either be paying attention to us or to augmentations positioned somewhere in between. In two psychophysical experiments, we assessed what impact assumptions concerning the positioning of virtual content attended by an AR user have on other people's sensitivity to their gaze direction. In the first experiment we found that gaze discrimination was better when the participant was aware that the AR user was focusing on stimuli positioned on their depth plane as opposed to being positioned halfway between the AR user and the participant. In the second experiment, we found that this modulatory effect was explained by participants' assumptions concerning which plane the AR user was focusing on, irrespective of these being correct. We discuss the significance of AR reduced gaze determination in social-collaborative settings as well as theoretical implications regarding the impact of this technology on social behaviour.",Nicola Binetti; Tianchang Cheng; Isabelle Mareschal; Duncan Brumby; Simon Julier; Nadia Bianchi-Berthouze,Scientific reports,2019,"Clinical Trial; Journal Article; Research Support, Non-U.S. Gov't",eng,retrieved,UNCERTAIN_REQUIRES_SCREENING,TITLE_ABSTRACT_REVIEW_REQUIRED,,,,,,,,
6758,TA-28,30794209,10.1007/s11999.0000000000000233,Can Augmented Reality Be Helpful in Pelvic Bone Cancer Surgery? An In Vitro Study.,"Application of surgical navigation for pelvic bone cancer surgery may prove useful, but in addition to the fact that research supporting its adoption remains relatively preliminary, the actual navigation devices are physically large, occupying considerable space in already crowded operating rooms. To address this issue, we developed and tested a navigation system for pelvic bone cancer surgery assimilating augmented reality (AR) technology to simplify the system by embedding the navigation software into a tablet personal computer (PC). Using simulated tumors and resections in a pig pelvic model, we asked: Can AR-assisted resection reduce errors in terms of planned bone cuts and improve ability to achieve the planned margin around a tumor in pelvic bone cancer surgery? We developed an AR-based navigation system for pelvic bone tumor surgery, which could be operated on a tablet PC. We created 36 bone tumor models for simulation of tumor resection in pig pelves and assigned 18 each to the AR-assisted resection group and conventional resection group. To simulate a bone tumor, bone cement was inserted into the acetabular dome of the pig pelvis. Tumor resection was simulated in two scenarios. The first was AR-assisted resection by an orthopaedic resident and the second was resection using conventional methods by an orthopaedic oncologist. For both groups, resection was planned with a 1-cm safety margin around the bone cement. Resection margins were evaluated by an independent orthopaedic surgeon who was blinded as to the type of resection. All specimens were sectioned twice: first through a plane parallel to the medial wall of the acetabulum and second through a plane perpendicular to the first. The distance from the resection margin to the bone cement was measured at four different locations for each plane. The largest of the four errors on a plane was adopted for evaluation. Therefore, each specimen had two values of error, which were collected from two perpendicular planes. The resection errors were classified into four grades: ≤ 3 mm; 3 to 6 mm; 6 to 9 mm; and > 9 mm or any tumor violation. Student's t-test was used for statistical comparison of the mean resection errors of the two groups. The mean of 36 resection errors of 18 pelves in the AR-assisted resection group was 1.59 mm (SD, 4.13 mm; 95% confidence interval [CI], 0.24-2.94 mm) and the mean error of the conventional resection group was 4.55 mm (SD, 9.7 mm; 95% CI, 1.38-7.72 mm; p < 0.001). All specimens in the AR-assisted resection group had errors < 6 mm, whereas 78% (28 of 36) of errors in the conventional group were < 6 mm. In this in vitro simulated tumor model, we demonstrated that AR assistance could help to achieve the planned margin. Our model was designed as a proof of concept; although our findings do not justify a clinical trial in humans, they do support continued investigation of this system in a live animal model, which will be our next experiment. The AR-based navigation system provides additional information of the tumor extent and may help surgeons during pelvic bone cancer surgery without the need for more complex and cumbersome conventional navigation systems.",Hwan Seong Cho; Min Suk Park; Sanjay Gupta; Ilkyu Han; Han-Soo Kim; Hyunseok Choi; Jaesung Hong,Clinical orthopaedics and related research,2018,Journal Article,eng,retrieved,UNCERTAIN_REQUIRES_SCREENING,TITLE_ABSTRACT_REVIEW_REQUIRED,,,,,,,,
6759,TA-28,30794179,10.1109/TVCG.2019.2898781,Manufacturing Application-Driven Foveated Near-Eye Displays.,"Traditional optical manufacturing poses a great challenge to near-eye display designers due to large lead times in the order of multiple weeks, limiting the abilities of optical designers to iterate fast and explore beyond conventional designs. We present a complete near-eye display manufacturing pipeline with a day lead time using commodity hardware. Our novel manufacturing pipeline consists of several innovations including a rapid production technique to improve surface of a 3D printed component to optical quality suitable for near-eye display application, a computational design methodology using machine learning and ray tracing to create freeform static projection screen surfaces for near-eye displays that can represent arbitrary focal surfaces, and a custom projection lens design that distributes pixels non-uniformly for a foveated near-eye display hardware design candidate. We have demonstrated untethered augmented reality near-eye display prototypes to assess success of our technique, and show that a ski-goggles form factor, a large monocular field of view (30o×55o), and a resolution of 12 cycles per degree can be achieved.",Kaan Aksit; Praneeth Chakravarthula; Kishore Rathinavel; Youngmo Jeong; Rachel Albert; Henry Fuchs; David Luebke,IEEE transactions on visualization and computer graphics,2019,Journal Article,eng,retrieved,UNCERTAIN_REQUIRES_SCREENING,TITLE_ABSTRACT_REVIEW_REQUIRED,,,,,,,,
6760,TA-28,30788243,10.21037/qims.2018.09.08,Augmented reality and three-dimensional printing in percutaneous interventions on pulmonary arteries.,"Percutaneous pulmonary interventions require extensive and accurate navigation planning and guidance, especially in regard to the three-dimensional (3D) relationships between anatomical structures. In this study, we are demonstrating the feasibility of novel visualization techniques: 3D printing (3DP) and augmented reality (AR) in planning transcatheter pulmonary interventions. Two patients were qualified for balloon pulmonary angioplasty (BPA) for treatment of chronic thromboembolic pulmonary hypertension (CTEPH) and stent implantation for pulmonary artery stenosis, respectively. Computed tomography images of both patients were processed with segmentation algorithms and subsequently submitted to 3D modelling software. Microsoft HoloLens® AR headsets with dedicated CarnaLife Holo® software were utilized to display surface and volume rendering of pulmonary vessels as holograms. Personalized life-sized models of the same structures were additionally 3D-printed for preoperative planning. Holograms were shown to physicians throughout the procedure and were used as a guidance and navigation tool. Operative team was able to manipulate the hologram and multiple users of the AR system could share the same image in real time. Clinicians expressed their satisfaction with the quality of imaging and potential clinical benefits. This study reports the potential value of AR in pulmonary interventions, however, prospective trials need to be conducted to decide on whether novel 3D visualization techniques affect perioperative treatment and outcomes.",Jan Witowski; Szymon Darocha; Łukasz Kownacki; Arkadiusz Pietrasik; Radosław Pietura; Marta Banaszkiewicz; Jakub Kamiński; Andrzej Biederman; Adam Torbicki; Marcin Kurzyna,Quantitative imaging in medicine and surgery,2019,Journal Article,eng,retrieved,UNCERTAIN_REQUIRES_SCREENING,TITLE_ABSTRACT_REVIEW_REQUIRED,,,,,,,,
6761,TA-28,30783869,10.1186/s41205-019-0041-3,Patient-specific 3D printed and augmented reality kidney and prostate cancer models: impact on patient education.,"Patient-specific 3D models are being used increasingly in medicine for many applications including surgical planning, procedure rehearsal, trainee education, and patient education. To date, experiences on the use of 3D models to facilitate patient understanding of their disease and surgical plan are limited. The purpose of this study was to investigate in the context of renal and prostate cancer the impact of using 3D printed and augmented reality models for patient education. Patients with MRI-visible prostate cancer undergoing either robotic assisted radical prostatectomy or focal ablative therapy or patients with renal masses undergoing partial nephrectomy were prospectively enrolled in this IRB approved study (n = 200). Patients underwent routine clinical imaging protocols and were randomized to receive pre-operative planning with imaging alone or imaging plus a patient-specific 3D model which was either 3D printed, visualized in AR, or viewed in 3D on a 2D computer monitor. 3D uro-oncologic models were created from the medical imaging data. A 5-point Likert scale survey was administered to patients prior to the surgical procedure to determine understanding of the cancer and treatment plan. If randomized to receive a pre-operative 3D model, the survey was completed twice, before and after viewing the 3D model. In addition, the cohort that received 3D models completed additional questions to compare usefulness of the different forms of visualization of the 3D models. Survey responses for each of the 3D model groups were compared using the Mann-Whitney and Wilcoxan rank-sum tests. All 200 patients completed the survey after reviewing their cases with their surgeons using imaging only. 127 patients completed the 5-point Likert scale survey regarding understanding of disease and surgical procedure twice, once with imaging and again after reviewing imaging plus a 3D model. Patients had a greater understanding using 3D printed models versus imaging for all measures including comprehension of disease, cancer size, cancer location, treatment plan, and the comfort level regarding the treatment plan (range 4.60-4.78/5 vs. 4.06-4.49/5, p < 0.05). All types of patient-specific 3D models were reported to be valuable for patient education. Out of the three advanced imaging methods, the 3D printed models helped patients to have the greatest understanding of their anatomy, disease, tumor characteristics, and surgical procedure.",Nicole Wake; Andrew B Rosenkrantz; Richard Huang; Katalina U Park; James S Wysock; Samir S Taneja; William C Huang; Daniel K Sodickson; Hersh Chandarana,3D printing in medicine,2019,Journal Article,eng,retrieved,UNCERTAIN_REQUIRES_SCREENING,TITLE_ABSTRACT_REVIEW_REQUIRED,,,,,,,,
6762,TA-28,30783566,10.7717/peerj.6333,X-ray vision: the accuracy and repeatability of a technology that allows clinicians to see spinal X-rays superimposed on a person's back.,"Since the discovery of ionizing radiation, clinicians have evaluated X-ray images separately from the patient. The objective of this study was to investigate the accuracy and repeatability of a new technology which seeks to resolve this historic limitation by projecting anatomically correct X-ray images on to a person's skin. A total of 13 participants enrolled in the study, each having a pre-existing anteroposterior lumbar X-ray. Each participant's image was uploaded into the Hololens Mixed reality system which when worn, allowed a single examiner to view a participant's own X-ray superimposed on the participant's back. The projected image was topographically corrected using depth information obtained by the Hololens system then aligned via existing anatomic landmarks. Using this superimposed image, vertebral levels were identified and validated against spinous process locations obtained by ultrasound. This process was repeated 1-5 days later. The projection of each vertebra was deemed to be ""on-target"" if it fell within the known morphological dimensions of the spinous process for that specific vertebral level. The projection system created on-target projections with respect to individual vertebral levels 73% of the time with no significant difference seen between testing sessions. The average repeatability for all vertebral levels between testing sessions was 77%. These accuracy and repeatability data suggest that the accuracy and repeatability of projecting X-rays directly on to the skin is feasible for identifying underlying anatomy and as such, has potential to place radiological evaluation within the patient context. Future opportunities to improve this procedure will focus on mitigating potential sources of error.",Jacob Aaskov; Gregory N Kawchuk; Kenton D Hamaluik; Pierre Boulanger; Jan Hartvigsen,PeerJ,2019,Journal Article,eng,retrieved,UNCERTAIN_REQUIRES_SCREENING,TITLE_ABSTRACT_REVIEW_REQUIRED,,,,,,,,
6763,TA-28,30781408,10.3390/s19040796,Cross-Device Computation Coordination for Mobile Collocated Interactions with Wearables.,"Mobile devices, wearables and Internet-of-Things are crammed into smaller form factors and batteries, yet they encounter demanding applications such as big data analysis, data mining, machine learning, augmented reality and virtual reality. To meet such high demands in the multi-device ecology, multiple devices should communicate collectively to share computation burdens and stay energy-efficient. In this paper, we present a cross-device computation coordination method for scenarios of mobile collocated interactions with wearables. We formally define a cross-device computation coordination problem and propose a method for solving this problem. Lastly, we demonstrate the feasibility of our approach through experiments and exemplar cases using 12 commercial Android devices with varying computation capabilities.",Hyoseok Yoon; Choonsung Shin,"Sensors (Basel, Switzerland)",2019,Journal Article,eng,retrieved,UNCERTAIN_REQUIRES_SCREENING,TITLE_ABSTRACT_REVIEW_REQUIRED,,,,,,,,
6764,TA-28,30779614,10.1089/cyber.2019.29140.mdw,Augmented Reality: Poised for Impact.,"Though augmented reality (AR) has existed for decades, the technology's full impact is just beginning to become apparent. Since its inception, AR has shown significant promise for use in a wide variety of fields, including education, entertainment, art, and the sciences. This special issue focuses specifically on the impact of this unique technology on healthcare, particularly the areas of clinical training, patient education and treatment, and its use as a robust assessment tool. Now that technology is catching up with imagination, researchers are able to investigate these applications in earnest.",Mark D Wiederhold,"Cyberpsychology, behavior and social networking",2019,Journal Article,eng,retrieved,UNCERTAIN_REQUIRES_SCREENING,TITLE_ABSTRACT_REVIEW_REQUIRED,,,,,,,,
6765,TA-28,30765233,10.1016/j.jviscsurg.2019.01.009,Augmented reality guidance in laparoscopic hepatectomy with deformable semi-automatic computed tomography alignment (with video).,,B Le Roy; E Ozgur; B Koo; E Buc; A Bartoli,Journal of visceral surgery,2019,Journal Article; Technical Report; Video-Audio Media,eng,retrieved,UNCERTAIN_REQUIRES_SCREENING,TITLE_ABSTRACT_REVIEW_REQUIRED,,,,,,,,
6766,TA-28,30763743,10.1016/j.wneu.2019.01.202,Augmented Reality in Transsphenoidal Surgery.,"We investigated how augmented reality (AR) can be applied to support transsphenoidal surgery. AR was established using the head-up displays integrated into operating microscopes. Navigation registration was performed with either fiducial-based or automatic registration using intraoperative computed tomography (iCT). Correct microscope calibration was ensured by checking the geometric overlap between the AR representation of the reference array and the 3-dimensional reality while focusing on the reference array. From a consecutive single-surgeon series of 288 transsphenoidal procedures, 47 patients (16.3%) had undergone microscope-based AR to visualize the target and risk structures. AR was smoothly integrated into the surgical workflow. AR accuracy depended on navigation accuracy and microscope calibration. The target registration error in patients with fiducial-based registration was 2.33 ± 1.30 mm. Automatic, user-independent iCT-based registration significantly (P < 0.001) increased AR accuracy (target registration error, 0.83 ± 0.44 mm). Applying low-dose iCT protocols reduced the effective dose caused by iCT registration scanning to within the range of a single chest radiograph (0.041 mSv). No vascular injuries and no aggravation of neurological deficits occurred in the present series. AR greatly facilitated orientation in the reoperations and the patients with anatomical variants, thereby increasing surgeon comfort. Enhanced AR visualizations improved the 3-dimensional perception compared with the standard display of dashed lines by the head-up display of the operating microscope. Microscope-based AR is a reliable tool to increase patient safety in complicated transsphenoidal procedures. Intraoperative imaging-based automatic patient registration is recommended.",Barbara Carl; Miriam Bopp; Benjamin Voellger; Benjamin Saß; Christopher Nimsky,World neurosurgery,2019,Journal Article,eng,retrieved,UNCERTAIN_REQUIRES_SCREENING,TITLE_ABSTRACT_REVIEW_REQUIRED,,,,,,,,
6767,TA-28,30763399,10.1371/journal.pone.0212319,Affordable gait analysis using augmented reality markers.,"A typical optical based gait analysis laboratory uses expensive stereophotogrammetric motion capture systems. The study aims to propose and validate an affordable gait analysis method using augmented reality (AR) markers with a single action camera. Image processing software calculates the position and orientation of the AR markers. Anatomical landmark calibration is applied on the subject to calibrate each of the anatomical points with respect to their corresponding AR markers. This way, anatomical points are tracked through AR markers using homogeneous coordinate transformations, and the further processing of gait analysis is identical with conventional solutions. The proposed system was validated on nine participants of varying age using a conventional motion capture system on simultaneously measured treadmill gait trials on 2, 3 and 4.5 km/h walking speeds. Coordinates of the virtual anatomical points were compared using the Bland-Altman analysis. Spatial-temporal gait parameters (step length, stride length, walking base, cadence, pelvis range of motion) and angular gait parameters (range of motion of knee, hip and pelvis angles) were compared between measurement systems by RMS error and Bland-Altman analysis. The proposed method shows some differences in the raw coordinates of virtually tracked anatomical landmarks and gait parameters compared to the reference system. RMS errors of spatial parameters were below 23 mm, while the angular range of motion RMS errors varies from 2.55° to 6.73°. Some of these differences (e.g. knee angle range of motion) is comparable to previously reported differences between commercial motion capture systems and gait variability. The proposed method can be a very cheap gait analysis solution, but precision is not guaranteed for every aspect of gait analysis using the currently exemplified implementation of the AR marker tracking approach.",Gergely Nagymáté; Rita M Kiss,PloS one,2019,"Journal Article; Research Support, Non-U.S. Gov't",eng,retrieved,UNCERTAIN_REQUIRES_SCREENING,TITLE_ABSTRACT_REVIEW_REQUIRED,,,,,,,,
6768,TA-28,30745346,10.21815/JDE.019.050,Effectiveness of Augmented Reality Mobile Simulator in Teaching Local Anesthesia of Inferior Alveolar Nerve Block.,"The aim of this study was to evaluate the effectiveness of a mobile augmented reality simulator for local anesthesia training with dental students who are administering inferior alveolar nerve block (IANB) for the first time. Participants in this prospective study conducted in 2016 were 41 fourth- and fifth-year students randomly divided into two groups: a control group with 19 students and an experimental group with 22 students. In addition to theoretical instruction and exercises, students in the experimental group used the mobile augmented reality simulator in a dental office 2h weekly for four weeks. The Sony SmartBand-2 was used to measure all students' heart rate five minutes before and during anesthesia administration. After anesthesia, students in both groups completed a post-clinical questionnaire evaluating their knowledge and skills. The experimental group had a higher average score and/or a more limited range of responses on each item of the questionnaire than the control group. The average time for performing IANB in the experimental group was 50.0±14.3 seconds, while the control group's average was 68.4±25.5 seconds. In addition, the group that used the augmented reality simulator had an anesthesia success rate of 90.9% compared to 73.7% for the control group. Students in both groups had a statistically significant increase in heart rate while performing anesthesia. Overall, the students who used the mobile simulator in addition to their education in augmented reality carried out anesthetic procedures for IANB in a shorter period of time and had greater success than the students who used only the conventional educational methods.",Rasa Mladenovic; L A P Pereira; Kristina Mladenovic; Nebojsa Videnovic; Zoran Bukumiric; Jovan Mladenovic,Journal of dental education,2019,Journal Article,eng,retrieved,UNCERTAIN_REQUIRES_SCREENING,TITLE_ABSTRACT_REVIEW_REQUIRED,,,,,,,,
6769,TA-28,30742074,10.1038/s41586-019-0939-3,Recalibration of path integration in hippocampal place cells.,"Hippocampal place cells are spatially tuned neurons that serve as elements of a 'cognitive map' in the mammalian brain1. To detect the animal's location, place cells are thought to rely upon two interacting mechanisms: sensing the position of the animal relative to familiar landmarks2,3 and measuring the distance and direction that the animal has travelled from previously occupied locations4-7. The latter mechanism-known as path integration-requires a finely tuned gain factor that relates the animal's self-movement to the updating of position on the internal cognitive map, as well as external landmarks to correct the positional error that accumulates8,9. Models of hippocampal place cells and entorhinal grid cells based on path integration treat the path-integration gain as a constant9-14, but behavioural evidence in humans suggests that the gain is modifiable15. Here we show, using physiological evidence from rat hippocampal place cells, that the path-integration gain is a highly plastic variable that can be altered by persistent conflict between self-motion cues and feedback from external landmarks. In an augmented-reality system, visual landmarks were moved in proportion to the movement of a rat on a circular track, creating continuous conflict with path integration. Sustained exposure to this cue conflict resulted in predictable and prolonged recalibration of the path-integration gain, as estimated from the place cells after the landmarks were turned off. We propose that this rapid plasticity keeps the positional update in register with the movement of the rat in the external world over behavioural timescales. These results also demonstrate that visual landmarks not only provide a signal to correct cumulative error in the path-integration system4,8,16-19, but also rapidly fine-tune the integration computation itself.",Ravikrishnan P Jayakumar; Manu S Madhav; Francesco Savelli; Hugh T Blair; Noah J Cowan; James J Knierim,Nature,2019,"Journal Article; Research Support, N.I.H., Extramural; Research Support, Non-U.S. Gov't",eng,retrieved,UNCERTAIN_REQUIRES_SCREENING,TITLE_ABSTRACT_REVIEW_REQUIRED,,,,,,,,
6770,TA-28,30741190,,The Use of Head-Worn Augmented Reality Displays in Health Communications.,"The health industry is always seeking innovative ways to use technology to create or improve the experiences of their professionals. Such improvements are seen in a variety of areas including the analysis of relevant health data and the establishment of new ways of communicating medical education and training. Advancements in head-worn augmented reality displays (HWDs), such as the Microsoft Hololens, present a unique opportunity to leverage technology in the ongoing challenge of creating meaningful and novel educational experiences. This paper will review contemporary HWD technologies, how these technologies are being used to enhance the work-training environment, and how these technologies might enhance the communication of health professionals.",Kenny Hong; Yumiko Sakamoto; Pourang Irani,Studies in health technology and informatics,2019,Journal Article,eng,retrieved,UNCERTAIN_REQUIRES_SCREENING,TITLE_ABSTRACT_REVIEW_REQUIRED,,,,,,,,
6771,TA-28,30740078,10.3389/fpsyg.2019.00058,CROCUFID: A Cross-Cultural Food Image Database for Research on Food Elicited Affective Responses.,"We present CROCUFID: a CROss-CUltural Food Image Database that currently contains 840 images, including 479 food images with detailed metadata and 165 images of non-food items. The database includes images of sweet, savory, natural, and processed food from Western and Asian cuisines. To create sufficient variability in valence and arousal we included images of food with different degrees of appetitiveness (fresh, unfamiliar, molded or rotten, spoiled, and partly consumed). We used a standardized photographing protocol, resulting in high resolution images depicting all food items on a standard background (a white plate), seen from a fixed viewing (45°) angle. CROCUFID is freely available under the CC-By Attribution 4.0 International license and hosted on the OSF repository. The advantages of the CROCUFID database over other databases are its (1) free availability, (2) full coverage of the valence - arousal space, (3) use of standardized recording methods, (4) inclusion of multiple cuisines and unfamiliar foods, (5) availability of normative and demographic data, (6) high image quality and (7) capability to support future (e.g., virtual and augmented reality) applications. Individuals from the United Kingdom (N = 266), North-America (N = 275), and Japan (N = 264) provided normative ratings of valence, arousal, perceived healthiness, and desire-to-eat using visual analog scales (VAS). In addition, for each image we computed 17 characteristics that are known to influence affective observer responses (e.g., texture, regularity, complexity, and colorfulness). Significant differences between groups and significant correlations between image characteristics and normative ratings were in accordance with previous research, indicating the validity of CROCUFID. We expect that CROCUFID will facilitate comparability across studies and advance experimental research on the determinants of food-elicited emotions. We plan to extend CROCUFID in the future with images of food from a wide range of different cuisines and with non-food images (for applications in for instance neuro-physiological studies). We invite researchers from all parts of the world to contribute to this effort by creating similar image sets that can be linked to this collection, so that CROCUFID will grow into a truly multicultural food database.",Alexander Toet; Daisuke Kaneko; Inge de Kruijf; Shota Ushiama; Martin G van Schaik; Anne-Marie Brouwer; Victor Kallen; Jan B F van Erp,Frontiers in psychology,2019,Journal Article,eng,retrieved,UNCERTAIN_REQUIRES_SCREENING,TITLE_ABSTRACT_REVIEW_REQUIRED,,,,,,,,
6772,TA-28,30736921,10.1016/j.foodres.2018.02.051,Where would you like to eat? A formative evaluation of mixed-reality solitary meals in virtual environments for older adults with mobility impairments who live alone.,"This paper reports the results from a formative evaluation of a mixed-reality (MR) eating prototype developed in collaboration with a restaurant for older adults in Holstebro, Denmark. The prototype is used to demonstrate to the older adults the idea of MR eating in two virtual environments. We use qualitative techniques to address the question: What virtual environment do mobility-restricted older Danish adults perceive as engaging and suitable for pleasurable, MR solitary meals? The participants repeatedly used the label ""coziness"" to describe their desired atmosphere for an eating environment. They critiqued the realism, color scheme and cleanliness of the presented virtual environments. Results from a card-sorting task where participants matched their preferred environments with specific meals, showed that their classifications were based on safety, realism, practicality, social acceptability, time, palatability, and indoor-outdoor considerations.",Dannie Korsgaard; Thomas Bjøner; Niels Christian Nilsson,"Food research international (Ottawa, Ont.)",2019,"Journal Article; Research Support, Non-U.S. Gov't",eng,retrieved,UNCERTAIN_REQUIRES_SCREENING,TITLE_ABSTRACT_REVIEW_REQUIRED,,,,,,,,
6773,TA-28,30735987,10.1109/MCG.2019.2897927,Augmented Reality Graph Visualizations.,"Three-dimensional node-link diagrams are an important class of visualization for immersive analysis. Yet, there is little knowledge on how to visualize edges to support efficient analysis. We present an exploration of the design space for edge styles and discuss the results of a user study comparing six different edge variants.",Wolfgang Buschel; Stefan Vogt; Raimund Dachselt,IEEE computer graphics and applications,2019,"Journal Article; Research Support, Non-U.S. Gov't",eng,retrieved,UNCERTAIN_REQUIRES_SCREENING,TITLE_ABSTRACT_REVIEW_REQUIRED,,,,,,,,
6774,TA-28,30735155,10.3791/58611,A Vibrotactile Feedback Device for Seated Balance Assessment and Training.,"Postural perturbations, motion tracking, and sensory feedback are modern techniques used to challenge, assess, and train upright sitting, respectively. The goal of the developed protocol is to construct and operate a sitting platform that can be passively destabilized while an inertial measurement unit quantifies its motion and vibrating elements deliver tactile feedback to the user. Interchangeable seat attachments alter the stability level of the device to safely challenge sitting balance. A built-in microcontroller allows fine-tuning of the feedback parameters to augment sensory function. Posturographic measures, typical of balance assessment protocols, summarize the motion signals acquired during timed balance trials. No dynamic sitting protocol to date provides variable challenge, quantification, and sensory feedback free of laboratory constraints. Our results demonstrate that non-disabled users of the device exhibit significant changes in posturographic measures when balance difficulty is altered or vibrational feedback provided. The portable, versatile device has potential applications in rehabilitation (following skeletal, muscular, or neurological injury), training (for sports or spatial awareness), entertainment (via virtual or augmented reality), and research (of sitting-related disorders).",Andrew D Williams; Albert H Vette,Journal of visualized experiments : JoVE,2019,"Journal Article; Research Support, Non-U.S. Gov't; Video-Audio Media",eng,retrieved,UNCERTAIN_REQUIRES_SCREENING,TITLE_ABSTRACT_REVIEW_REQUIRED,,,,,,,,
6775,TA-28,33501022,10.3389/frobt.2019.00005,The Effects of Sharing Awareness Cues in Collaborative Mixed Reality.,"Augmented and Virtual Reality provide unique capabilities for Mixed Reality collaboration. This paper explores how different combinations of virtual awareness cues can provide users with valuable information about their collaborator's attention and actions. In a user study (n = 32, 16 pairs), we compared different combinations of three cues: Field-of-View (FoV) frustum, Eye-gaze ray, and Head-gaze ray against a baseline condition showing only virtual representations of each collaborator's head and hands. Through a collaborative object finding and placing task, the results showed that awareness cues significantly improved user performance, usability, and subjective preferences, with the combination of the FoV frustum and the Head-gaze ray being best. This work establishes the feasibility of room-scale MR collaboration and the utility of providing virtual awareness cues.",Thammathip Piumsomboon; Arindam Dey; Barrett Ens; Gun Lee; Mark Billinghurst,Frontiers in robotics and AI,2019,Journal Article,eng,retrieved,UNCERTAIN_REQUIRES_SCREENING,TITLE_ABSTRACT_REVIEW_REQUIRED,,,,,,,,
6776,TA-28,30723539,10.1155/2019/6813719,"Towards Virtual VATS, Face, and Construct Evaluation for Peg Transfer Training of Box, VR, AR, and MR Trainer.","The aim of this study is to develop and assess the peg transfer training module face, content and construct validation use of the box, virtual reality (VR), cognitive virtual reality (CVR), augmented reality (AR), and mixed reality (MR) trainer, thereby to compare advantages and disadvantages of these simulators. Training system (VatsSim-XR) design includes customized haptic-enabled thoracoscopic instruments, virtual reality helmet set, endoscope kit with navigation, and the patient-specific corresponding training environment. A cohort of 32 trainees comprising 24 novices and 8 experts underwent the real and virtual simulators that were conducted in the department of thoracic surgery of Yunnan First People's Hospital. Both subjective and objective evaluations have been developed to explore the visual and haptic potential promotions in peg transfer education. Experiments and evaluation results conducted by both professional and novice thoracic surgeons show that the surgery skills from experts are better than novices overall, AR trainer is able to provide a more balanced training environments on visuohaptic fidelity and accuracy, box trainer and MR trainer demonstrated the best realism 3D perception and surgical immersive performance, respectively, and CVR trainer shows a better clinic effect that the traditional VR trainer. Combining these in a systematic approach, tuned with specific fidelity requirements, medical simulation systems would be able to provide a more immersive and effective training environment.",Zhibao Qin; Yonghang Tai; Chengqi Xia; Jun Peng; Xiaoqiao Huang; Zaiqing Chen; Qiong Li; Junsheng Shi,Journal of healthcare engineering,2019,"Comparative Study; Evaluation Study; Journal Article; Research Support, Non-U.S. Gov't; Validation Study",eng,retrieved,UNCERTAIN_REQUIRES_SCREENING,TITLE_ABSTRACT_REVIEW_REQUIRED,,,,,,,,
6777,TA-28,30720438,10.2196/10724,"Step Counts of Middle-Aged and Elderly Adults for 10 Months Before and After the Release of Pokémon GO in Yokohama, Japan.","Smartphones have been integrated into our society and are expected to serve as tools to improve health outcomes. In the summer of 2016, Pokémon GO, a location-based augmented reality game for smartphones was released; it attracted attention from the perspective of health, especially with its potential to increase physical activity (PA). A few studies have compared objectively measured step counts before and after the release of the game; however, they were conducted over a short study period and evaluated only young people. The objective of this study was to confirm whether there was a difference in step counts between middle-aged and elderly players and nonplayers before and after the release of Pokémon GO. A total of 46 players and 184 nonplayers aged ≥40 years were matched for sex, age group, and PA level; they were respondents to a questionnaire randomly sent to citizens who were given free pedometers by Yokohama city. Their play status was identified through the questionnaire. To investigate the change in step counts before and after the release of Pokémon GO according to play status, a 2-way repeated-measures analysis of variance was performed. Step counts 1 month before the release of the game were compared with those 8 months after the release. In addition, subgroup analyses according to sex, age group, PA level, and subjective health status were performed. The mean ages of players and nonplayers were 56.5 (SD 9.9) years and 57.3 (SD 9.6) years, respectively, and the mean baseline step counts of players and nonplayers were 7641.8 (SD 2754.5) and 7903.3 (SD 2674.7), respectively. There was no significant difference in the age and baseline step counts according to a t test (2-tailed). In the analysis of all samples, the interaction between play status and time effect was significant for 3 of 8 months after release. In the subgroup analyses, the interaction was significant for 3 months in men, 7 months in the 55-64-year-old group, 2 months in workers, 4 months in the active group in PA level, and 2 months in participants with subjectively good health. The interaction was significant for only 1 month, at most, in other subgroups. The present study confirmed a difference in step counts between players and nonplayers before and after the release of Pokémon GO. According to our analysis, step counts were higher until 7 months after the release. The player group maintained their step counts in winter, despite the decrease in step counts of nonplayers. In subgroup analyses, players were more likely to be men, aged <55 years, workers, active, and subjectively in good health.",Kimihiro Hino; Yasushi Asami; Jung Su Lee,Journal of medical Internet research,2019,"Journal Article; Research Support, Non-U.S. Gov't",eng,retrieved,UNCERTAIN_REQUIRES_SCREENING,TITLE_ABSTRACT_REVIEW_REQUIRED,,,,,,,,
6778,TA-28,30719506,10.1177/2473974X18804492,"Augmented Reality, Surgical Navigation, and 3D Printing for Transcanal Endoscopic Approach to the Petrous Apex.","Otolaryngologists increasingly use patient-specific 3-dimensional (3D)-printed anatomic physical models for preoperative planning. However, few reports describe concomitant use with virtual models. Herein, we aim to (1) use a 3D-printed patient-specific physical model with lateral skull base navigation for preoperative planning, (2) review anatomy virtually via augmented reality (AR), and (3) compare physical and virtual models to intraoperative findings in a challenging case of a symptomatic petrous apex cyst. Computed tomography (CT) imaging was manually segmented to generate 3D models. AR facilitated virtual surgical planning. Navigation was then coupled to 3D-printed anatomy to simulate surgery using an endoscopic approach. Intraoperative findings were comparable to simulation. Virtual and physical models adequately addressed details of endoscopic surgery, including avoidance of critical structures. Complex lateral skull base cases may be optimized by surgical planning via 3D-printed simulation with navigation. Future studies will address whether simulation can improve patient outcomes.",Samuel R Barber; Kevin Wong; Vivek Kanumuri; Ruwan Kiringoda; Judith Kempfle; Aaron K Remenschneider; Elliott D Kozin; Daniel J Lee,OTO open,2018,Journal Article,eng,retrieved,UNCERTAIN_REQUIRES_SCREENING,TITLE_ABSTRACT_REVIEW_REQUIRED,,,,,,,,
6779,TA-28,30718542,10.1038/s41598-018-37237-8,Autofluorescence lifetime augmented reality as a means for real-time robotic surgery guidance in human patients.,"Due to loss of tactile feedback the assessment of tumor margins during robotic surgery is based only on visual inspection, which is neither significantly sensitive nor specific. Here we demonstrate time-resolved fluorescence spectroscopy (TRFS) as a novel technique to complement the visual inspection of oral cancers during transoral robotic surgery (TORS) in real-time and without the need for exogenous contrast agents. TRFS enables identification of cancerous tissue by its distinct autofluorescence signature that is associated with the alteration of tissue structure and biochemical profile. A prototype TRFS instrument was integrated synergistically with the da Vinci Surgical robot and the combined system was validated in swine and human patients. Label-free and real-time assessment and visualization of tissue biochemical features during robotic surgery procedure, as demonstrated here, not only has the potential to improve the intraoperative decision making during TORS but also other robotic procedures without modification of conventional clinical protocols.",D Gorpas; J Phipps; J Bec; D Ma; S Dochow; D Yankelevich; J Sorger; J Popp; A Bewley; R Gandour-Edwards; L Marcu; D G Farwell,Scientific reports,2019,"Journal Article; Research Support, N.I.H., Extramural",eng,retrieved,UNCERTAIN_REQUIRES_SCREENING,TITLE_ABSTRACT_REVIEW_REQUIRED,,,,,,,,
6780,TA-28,30709691,10.1016/j.ultrasmedbio.2018.11.014,GPS Laparoscopic Ultrasound: Embedding an Electromagnetic Sensor in a Laparoscopic Ultrasound Transducer.,"Tracking the location and orientation of a laparoscopic ultrasound (LUS) transducer is a prerequisite in many surgical visualization and navigation applications. Electromagnetic (EM) tracking is a preferred method to track an LUS transducer with an articulating imaging tip. The conventional approach to integrating EM tracking with LUS is to attach an EM sensor on the outer surface of the imaging tip (external setup), which is not ideal for routine clinical use. In this work, we embedded an EM sensor inside a standard LUS transducer. We found that ultrasound image quality and the four-way articulation function of the transducer were not affected by this sensor integration. Furthermore, we found that the tracking accuracy of our integrated transducer was comparable to that of the external setup. An animal study conducted using the developed transducer suggests that an internally embedded EM sensor is a clinically more viable approach, and may be the future of tracking an articulating LUS transducer.",Xinyang Liu; Timothy D Kane; Raj Shekhar,Ultrasound in medicine & biology,2019,Journal Article,eng,retrieved,UNCERTAIN_REQUIRES_SCREENING,TITLE_ABSTRACT_REVIEW_REQUIRED,,,,,,,,
6781,TA-28,30707984,10.1016/j.joms.2018.12.032,Tracking Accuracy of a Stereo Camera-Based Augmented Reality Navigation System for Orthognathic Surgery.,"Tracking accuracy is critical to successful augmented reality (AR) in the diagnosis and surgical correction of maxillofacial deformities. The present study investigated the tracking accuracy of an AR navigation system combined with a stereo camera during repositioning of the maxilla after a Le Fort I osteotomy using a 3-dimensional skull model and compared the tracking accuracy with that of an existing infrared (IR)-based optical tracking system (OTS). Five maxillary surgery plans were designed using a 6 degrees-of-freedom articulator that allowed maxillary movement to be set up quantitatively (target distance, 5 mm). To evaluate the accuracy of the stereo camera AR navigation system, it was compared with a commercially available and commonly used IR-based OTS. The mean error was 0.0584 mm in the IR-based OTS and 0.0596 mm in the AR navigation system. The mean accuracy was 98.83% in the IR-based OTS and 98.81% in the AR navigation system. In this study, the stereo camera-based AR navigation system fabricated and analyzed by the authors was designed for accuracy. The experiments showed its reliability and accuracy. The hardware developed for this AR navigation system displayed accuracy similar to that of existing high-cost imported devices at a substantially lower cost. In addition to surgery, potential applications of the AR navigation system include patient communication and training for novice clinicians.",Jaemyung Ahn; Hyunseok Choi; Jaesung Hong; Jongrak Hong,Journal of oral and maxillofacial surgery : official journal of the American Association of Oral and Maxillofacial Surgeons,2019,Journal Article,eng,retrieved,UNCERTAIN_REQUIRES_SCREENING,TITLE_ABSTRACT_REVIEW_REQUIRED,,,,,,,,
6782,TA-28,30707649,10.1080/10790268.2019.1575554,Virtual reality for the treatment of neuropathic pain in people with spinal cord injuries: A scoping review.,"Context: Virtual and augmented imagery are emerging technologies with potential to reduce the severity and impact of neuropathic pain in people with spinal cord injury (SCI).Objective: We aimed to identify and discuss studies using virtual and augmented reality applications for the management of neuropathic pain in people with spinal cord injury.Methods (data sources, data extraction): A systematic literature search was conducted using PRISMA scoping review guidelines. Articles were searched in PubMed, Embase and Web of Science databases using search terms relating to SCI, virtual and augmented reality and neuropathic pain. With no strong evidence for visual imagery in the treatment of pain in SCI patients, we selected exploratory, feasibility and more rigorous methodologies such as randomized controlled trials and case-control studies. We only selected studies evaluating the effects of visual imagery on neuropathic pain at or below the spinal cord injury level.Results: Of 60 articles located, we included nine articles involving 207 participants. All studies were exploratory using head-mounted devices or 3D and 2D screens with virtual walking or limb movement imagery. Outcomes included pain sensitivity, motor function and body ownership. Eight of the nine studies reported significant reductions in neuropathic pain intensity. However, given small sample sizes in all studies, results may be unreliable.Conclusion: Although the number of studies and individual sample sizes are small, these initial findings are promising. Given the limited options available for the effective treatment of neuropathic SCI pain and early evidence of efficacy, they provide valuable incentive for further research.",Philip D Austin; Philip J Siddall,The journal of spinal cord medicine,2021,Journal Article; Scoping Review,eng,retrieved,UNCERTAIN_REQUIRES_SCREENING,TITLE_ABSTRACT_REVIEW_REQUIRED,,,,,,,,
6783,TA-28,30697948,10.1002/ase.1864,The Benefits of an Augmented Reality Magic Mirror System for Integrated Radiology Teaching in Gross Anatomy.,"Early exposure to radiological cross-section images during introductory anatomy and dissection courses increases students' understanding of both anatomy and radiology. Novel technologies such as augmented reality (AR) offer unique advantages for an interactive and hands-on integration with the student at the center of the learning experience. In this article, the benefits of a previously proposed AR Magic Mirror system are compared to the Anatomage, a virtual dissection table as a system for combined anatomy and radiology teaching during a two-semester gross anatomy course with 749 first-year medical students, as well as a follow-up elective course with 72 students. During the former, students worked with both systems in dedicated tutorial sessions which accompanied the anatomy lectures and provided survey-based feedback. In the elective course, participants were assigned to three groups and underwent a self-directed learning session using either Anatomage, Magic Mirror, or traditional radiology atlases. A pre- and posttest design with multiple choice questions revealed significant improvements in test scores between the two tests for both the Magic Mirror and the group using radiology atlases, while no significant differences in test scores were recorded for the Anatomage group. Furthermore, especially students with low mental rotation test (MRT) scores benefited from the Magic Mirror and Anatomage and achieved significantly higher posttest scores compared to students with a low MRT score in the theory group. Overall, the results provide supporting evidence that the Magic Mirror system achieves comparable results in terms of learning outcome to established anatomy learning tools such as Anatomage and radiology atlases.",Felix Bork; Leonard Stratmann; Stefan Enssle; Ulrich Eck; Nassir Navab; Jens Waschke; Daniela Kugelmann,Anatomical sciences education,2019,Comparative Study; Journal Article,eng,retrieved,UNCERTAIN_REQUIRES_SCREENING,TITLE_ABSTRACT_REVIEW_REQUIRED,,,,,,,,
6784,TA-28,30696230,10.1364/OE.27.001683,On-axis near-eye display system based on directional scattering holographic waveguide and curved goggle.,"The contradiction between the field of view (FOV), luminance uniformity (LU) and weight has always restricted the development of augmented reality display systems. An on-axis near-eye display (NED) system based on directional scattering holographic waveguide (DSHW) and curved goggle is proposed in order to realize a large FOV with high LU, light weight, and conformal design capability. The DSHW which consists of a linear volume holographic grating and holographic diffuser is used to deliver the virtual image and construct a transparent directional emission display screen with high LU. The curved goggle is used to project the image on the display screen into human eye and form a large FOV, with a suitable exit pupil diameter (EPD) and eye relief distance (ERF) and while keeping the external scene visible. Our proposed NED achieved an FOV of 44° horizontal (H) × 12° vertical (V) easily, which is almost consistent with the theoretical design. The EPD is 6 mm, ERF is 18.6 mm, and LU is about 88.09% at full viewing angle. The system is lightweight and flexible, which can be further applied in the next-generation, integrated protection-display helmet system through conformal optical design.",Jiasheng Xiao; Juan Liu; Zhenlv Lv; Xueliang Shi; Jian Han,Optics express,2019,Journal Article,eng,retrieved,UNCERTAIN_REQUIRES_SCREENING,TITLE_ABSTRACT_REVIEW_REQUIRED,,,,,,,,
6785,TA-28,30694084,10.1177/0018720818824464,Augmented Reality Improves Procedural Work on an International Space Station Science Instrument.,"The purpose of the current study was to determine whether an augmented reality instruction method would result in faster task completion times, lower mental workload, and fewer errors for simple tasks in an operational setting. Prior research on procedural work that directly compared augmented reality instructions to traditional instruction methods (e.g., paper) showed that augmented reality instructions can enhance procedural work, but this was not true for simple tasks in an operational setting. Participants completed simple procedural tasks on spaceflight hardware using an augmented reality instruction method and a paper instruction method. Our results showed that the augmented reality instruction method resulted in faster task completion times and lower levels of mental and temporal demand compared with paper instructions. When participants used the augmented reality instruction method before the paper instruction method, there was a transfer of training that improved a subsequent procedure using the paper instruction method. An off-the-shelf augmented reality head-mounted display (HoloLens) can enhance procedural work for simple tasks in an operational setting. The ability of augmented reality to enhance procedural work for simple tasks in an operational setting can help in reducing costs and mitigating risks that could ultimately lead to accidents and critical failures.",Adam M Braly; Benjamin Nuernberger; So Young Kim,Human factors,2019,"Journal Article; Research Support, Non-U.S. Gov't",eng,retrieved,UNCERTAIN_REQUIRES_SCREENING,TITLE_ABSTRACT_REVIEW_REQUIRED,,,,,,,,
6786,TA-28,30692030,10.1016/j.ijom.2018.12.011,Augmented reality for temporomandibular joint arthrocentesis: a cadaver study.,"Temporomandibular joint (TMJ) arthroscopic procedures require the identification of a skin puncture point. The puncture point is conventionally estimated using the surface anatomy of the canthal-tragus line. However, the conventional puncture technique has been reported to fail at the first attempt in 18% of cases. We propose an augmented reality (AR) system-based method to identify the puncture point on the skin. A three-dimensional virtual model was reconstructed from computed tomography images of a cadaver head, and its rendered image was superimposed on the cadaver head before skin puncture. The skin puncture point was marked on the skin under the guidance of the AR system. The TMJ was punctured through the mark and the endoscope was introduced through the puncture point. The outcome of the procedure was classified as successful or unsuccessful based on the visualization of the TMJ. The system was applied on the left and right sides of three cadaver heads. Puncture with the AR method was successful in all six cases. This study presents a system to provide AR visualization during TMJ arthrocentesis to increase the precision of skin puncture. However, a comparative study of the AR method with the conventional method is required to evaluate its advantages.",Y-Y Wang; H-P Liu; F-L Hsiao; A Kumar,International journal of oral and maxillofacial surgery,2019,Journal Article,eng,retrieved,UNCERTAIN_REQUIRES_SCREENING,TITLE_ABSTRACT_REVIEW_REQUIRED,,,,,,,,
6787,TA-28,30688914,10.1097/PRS.0000000000005215,Effective Application of Mixed Reality Device HoloLens: Simple Manual Alignment of Surgical Field and Holograms.,"The technology used to add information to a real visual field is defined as augmented reality technology. Augmented reality technology that can interactively manipulate displayed information is called mixed reality technology. HoloLens from Microsoft, which is a head-mounted mixed reality device released in 2016, can display a precise three-dimensional model stably on the real visual field as hologram. If it is possible to accurately superimpose the position/direction of the hologram in the surgical field, surgical navigation-like use can be expected. However, in HoloLens, there was no such function. The authors devised a method that can align the surgical field and holograms precisely within a short time using a simple manual operation. The mechanism is to match the three points on the hologram to the corresponding marking points of the body surface. By making it possible to arbitrarily select any of the three points as a pivot/axis of the rotational movement of the hologram, alignment by manual operation becomes very easy. The alignment between the surgical field and the hologram was good and thus contributed to intraoperative objective judgment. By using the method of this study, the clinical usefulness of the mixed reality device HoloLens will be expanded.",Daisuke Mitsuno; Koichi Ueda; Yuka Hirota; Mariko Ogino,Plastic and reconstructive surgery,2019,Journal Article; Video-Audio Media,eng,retrieved,UNCERTAIN_REQUIRES_SCREENING,TITLE_ABSTRACT_REVIEW_REQUIRED,,,,,,,,
6788,TA-28,30681034,10.2217/pmt-2018-0066,Mirror therapy versus augmented/virtual reality applications: towards a tailored mechanism-based treatment for phantom limb pain.,"Phantom limb pain (PLP) is a clinically relevant consequence of limb amputation and its treatment is still challenging. Mirror therapy, in other words, observing and engaging in the intact limb's mirrored movements, offers a promising, mechanism-based treatment for PLP. However, intervention and patient characteristics, such as the realism of mirrored exercises and perceptions related to the phantom limb, might influence treatment effectiveness. Novel approaches using augmented and virtual reality setups represent an alternative to traditional mirror therapy. In this paper, based on recent studies in the field, we compare both approaches and discuss their unique advantages and disadvantages. We argue for the necessity of a tailored treatment for PLP that is personalized to the patients' characteristics, preferences and psychological needs.",Andreas Rothgangel; Robin Bekrater-Bodmann,Pain management,2019,Journal Article,eng,retrieved,UNCERTAIN_REQUIRES_SCREENING,TITLE_ABSTRACT_REVIEW_REQUIRED,,,,,,,,
6789,TA-28,30679507,10.1038/s41598-018-36457-2,Precision of a Novel Craniofacial Surgical Navigation System Based on Augmented Reality Using an Occlusal Splint as a Registration Strategy.,"The authors have developed a novel augmented reality (AR)-based navigation system (NS) for craniofacial surgery. In this study, the authors aimed to measure the precision of the system and further analyze the primary influencing factors of the precision. The drilling of holes into the mandibles of ten beagle dogs was performed under the AR-based NS, and the precision was analyzed by comparing the deviation between the preoperational plan and the surgical outcome. The AR-based NS was successfully applied to quickly and precisely drill holes in the mandibles. The mean positional deviation between the preoperative design and intraoperative navigation was 1.29 ± 0.70 mm for the entry points and 2.47 ± 0.66 mm for the end points, and the angular deviation was 1.32° ± 1.17°. The precision linearly decreased with the distance from the marker. In conclusion, the precision of this system could satisfy clinical requirements, and this system may serve as a helpful tool for improving the precision in craniofacial surgery.",Taoran Jiang; Ming Zhu; Gang Chai; Qingfeng Li,Scientific reports,2019,"Journal Article; Research Support, Non-U.S. Gov't",eng,retrieved,UNCERTAIN_REQUIRES_SCREENING,TITLE_ABSTRACT_REVIEW_REQUIRED,,,,,,,,
6790,TA-28,30671668,10.1007/s00464-018-06652-3,"Construct, content and face validity of the eoSim laparoscopic simulator on advanced suturing tasks.","The purpose of this study was to validate the eoSim, an affordable and mobile inanimate laparoscopic simulator with instrument tracking capabilities, regarding face, content and construct validity on complex suturing tasks. Participants recruited for this study were novices (no laparoscopic experience), target group for this training (surgical/gynaecologic/urologic residents, > 10 basic and < 20 advanced laparoscopic procedures) and experts (> 20 advanced laparoscopic procedures). Each participant performed the intracorporeal suturing exercise (Task 1), an upside down needle transfer (Task 2, developed for this study) and an anastomosis needle transfer (Task 3). Following, the participants completed a questionnaire regarding their demographics and opinion on the eoSim in terms of realism, didactic value and usability. Measured outcome parameters were time, distance, percentage of instrument tip off-screen, working area, speed, acceleration and smoothness. In total, 104 participants completed the study, of which 60 novices, 31 residents and 13 experts. Face and content validity results showed a mean positive opinion on realism (3.9 Task 1, 3.6 Task 2 and 3.7 Task 3), didactic value (4.0, 3.4 and 3.7, respectively) and usability (4.2. 3.7 and 4.0, respectively). There were no significant differences in these outcomes between the specified expertise groups. Construct validity results showed significant differences between experts, target group or novices for Task 1 in terms of time (means 339, 607 and 1224 s, respectively, p < 0.001) and distance (means 8.1, 15.6 and 21.7 m, respectively, p < 0.001). Task 2 showed significant differences between groups regarding time (p < 0.001), distance (p 0.003), off-screen (p < 0.001) and working area (p < 0.001). Task 3 showed significant differences between groups, after subanalyses, on total number of stitches (p < 0.001), time per stitch (p < 0.001) and distance per stitch (p < 0.001). The results of this study indicate that the eoSim is a potential meaningful and valuable simulator in the training of suturing tasks.",Erik Leijte; Elke Arts; Bart Witteman; Jack Jakimowicz; Ivo De Blaauw; Sanne Botden,Surgical endoscopy,2019,Journal Article; Multicenter Study,eng,retrieved,UNCERTAIN_REQUIRES_SCREENING,TITLE_ABSTRACT_REVIEW_REQUIRED,,,,,,,,
6791,TA-28,30668138,10.1089/cyber.2018.0028,Augmented Reality in the Health Domain: Projecting Spatial Augmented Reality Visualizations on a Perceiver's Body for Health Communication Effects.,"An experiment is reported that studied the effects of spatial embodiment in augmented reality on medical attitudes about the self. College students (N = 90) viewed public service announcements (PSAs) with overlaid virtual fetuses and X-rayed images of lungs on various interfaces representing embodiment-a two-dimensional screen, a three-dimensional (3D) mannequin, and the participants' bodies (3D). Results indicated that PSA messages with richer embodied interfaces increase the sense of ""being there,"" also known as spatial presence (SP), in sequential order; this leads to increased negative emotion regarding smoking cigarettes and an increased willingness to engage with a cigarette cessation campaign. When the SP mediates the dual model process, only affective attitudes increase the behavioral intention to engage with the campaign.",Soyoung Jung; Jiyoung Lee; Frank Biocca; Ji Won Kim,"Cyberpsychology, behavior and social networking",2019,Journal Article,eng,retrieved,UNCERTAIN_REQUIRES_SCREENING,TITLE_ABSTRACT_REVIEW_REQUIRED,,,,,,,,
6792,TA-28,30664753,10.1038/s41565-018-0347-0,Achromatic metalens array for full-colour light-field imaging.,"A light-field camera captures both the intensity and the direction of incoming light1-5. This enables a user to refocus pictures and afterwards reconstruct information on the depth of field. Research on light-field imaging can be divided into two components: acquisition and rendering. Microlens arrays have been used for acquisition, but obtaining broadband achromatic images with no spherical aberration remains challenging. Here, we describe a metalens array made of gallium nitride (GaN) nanoantennas6 that can be used to capture light-field information and demonstrate a full-colour light-field camera devoid of chromatic aberration. The metalens array contains an array of 60 × 60 metalenses with diameters of 21.65 μm. The camera has a diffraction-limited resolution of 1.95 μm under white light illumination. The depth of every object in the scene can be reconstructed slice by slice from a series of rendered images with different depths of focus. Full-colour, achromatic light-field cameras could find applications in a variety of fields such as robotic vision, self-driving vehicles and virtual and augmented reality.",Ren Jie Lin; Vin-Cent Su; Shuming Wang; Mu Ku Chen; Tsung Lin Chung; Yu Han Chen; Hsin Yu Kuo; Jia-Wern Chen; Ji Chen; Yi-Teng Huang; Jung-Hsi Wang; Cheng Hung Chu; Pin Chieh Wu; Tao Li; Zhenlin Wang; Shining Zhu; Din Ping Tsai,Nature nanotechnology,2019,"Journal Article; Research Support, Non-U.S. Gov't",eng,retrieved,UNCERTAIN_REQUIRES_SCREENING,TITLE_ABSTRACT_REVIEW_REQUIRED,,,,,,,,
6793,TA-28,30664662,10.1038/s41467-019-08305-y,A broadband achromatic polarization-insensitive metalens consisting of anisotropic nanostructures.,"Metasurfaces have attracted widespread attention due to an increasing demand of compact and wearable optical devices. For many applications, polarization-insensitive metasurfaces are highly desirable, and appear to limit the choice of their constituent elements to isotropic nanostructures. This greatly restricts the number of geometric parameters available in design. Here, we demonstrate a polarization-insensitive metalens using otherwise anisotropic nanofins which offer additional control over the dispersion and phase of the output light. As a result, we can render a metalens achromatic and polarization-insensitive across nearly the entire visible spectrum from wavelength λ = 460 nm to 700 nm, while maintaining diffraction-limited performance. The metalens is comprised of just a single layer of TiO2 nanofins and has a numerical aperture of 0.2 with a diameter of 26.4 µm. The generality of our polarization-insensitive design allows it to be implemented in a plethora of other metasurface devices with applications ranging from imaging to virtual/augmented reality.",Wei Ting Chen; Alexander Y Zhu; Jared Sisler; Zameer Bharwani; Federico Capasso,Nature communications,2019,"Journal Article; Research Support, Non-U.S. Gov't; Research Support, U.S. Gov't, Non-P.H.S.",eng,retrieved,UNCERTAIN_REQUIRES_SCREENING,TITLE_ABSTRACT_REVIEW_REQUIRED,,,,,,,,
6794,TA-28,30657334,10.1089/cyber.2018.0150,Augmented Versus Virtual Reality in Education: An Exploratory Study Examining Science Knowledge Retention When Using Augmented Reality/Virtual Reality Mobile Applications.,"The propagation of augmented reality (AR) and virtual reality (VR) applications that leverage smartphone technology has increased along with the ubiquity of smartphone adoption. Although AR and VR technologies have been widely utilized in the educational domain, there remains a dearth of empirical research examining the differences in educational impact across AR and VR technologies. The purpose of our exploratory study was to address this gap in the literature by comparing AR and VR technologies with regard to their impact on learning outcomes, such as retention of science information. Specifically, we use a two-condition (AR vs. VR) between-subjects' design to test college students' science-knowledge retention in response to both auditory and visual information presented on a Samsung S4 smartphone app. Our results (N = 109) suggest that VR is more immersive and engaging through the mechanism of spatial presence. However, AR seems to be a more effective medium for conveying auditory information through the pathway of spatial presence, possibly because of increased cognitive demands associated with immersive experiences. Thus, an important implication for design is that educational content should be integrated into visual modalities when the experience will be consumed in VR, but into auditory modalities when it will be consumed in AR.",Kuo-Ting Huang; Christopher Ball; Jessica Francis; Rabindra Ratan; Josephine Boumis; Joseph Fordham,"Cyberpsychology, behavior and social networking",2019,Journal Article; Randomized Controlled Trial,eng,retrieved,UNCERTAIN_REQUIRES_SCREENING,TITLE_ABSTRACT_REVIEW_REQUIRED,,,,,,,,
6795,TA-28,30657331,10.1089/cyber.2018.0027,Physiological Monitoring During Augmented Reality Exercise Confirms Advantages to Health and Well-Being.,"Augmented reality (AR) is a versatile tool that is changing the way we interact with the world. One way is through exergaming, integrating AR, and gaming with traditional exercise programs. This study aimed to test three different AR systems to determine their ability to elicit physiological responses similar to those experienced while exercising or performing rehabilitation exercises. The systems tested included a head-mounted display experience (Teapots), a Sony EyeToy game (Slap Stream), and a prototype of a PC-camera-based system (Drums). Physiological recordings show that Slap Stream and Drums produced significant increases (p < 0.05) in heart rate (HR) and skin conductance, and all three games produced nonsignificant increase in respiratory rate. Of the three games, Slap Stream produced the highest rates of low- (∼28 percent), moderate- (17 percent), and high-intensity (∼22 percent) HRs. This study successfully showed that inexpensive easy-to-use AR systems can effectively contribute to exercise programs. Future game design recommendations, including feedback, mixed reality, and stress tracking, are discussed.",Mark D Wiederhold; Megan Crisci; Vrajeshri Patel; Makoto Nonaka; Brenda K Wiederhold,"Cyberpsychology, behavior and social networking",2019,Journal Article,eng,retrieved,UNCERTAIN_REQUIRES_SCREENING,TITLE_ABSTRACT_REVIEW_REQUIRED,,,,,,,,
6796,TA-28,30656579,10.1007/s10151-018-1914-y,Robotic-assisted stereotactic real-time navigation: initial clinical experience and feasibility for rectal cancer surgery.,"Real-time stereotactic navigation for transanal total mesorectal excision has been demonstrated to be feasible in small pilot series using laparoscopic techniques. The possibility of real-time stereotactic navigation coupled with robotics has not been previously explored in a clinical setting. After pre-clinical assessment, and configuration of a robotic-assisted navigational system, two patients with locally advanced rectal cancer were selected for enrollment into a pilot study designed to assess the feasibility of navigation coupled with the robotic da Vinci Xi platform via TilePro interface. In one case, fluorescence-guided surgery was also used as an adjunct for structure localization, with local administration of indocyanine green into the ureters and at the tumor site. Each operation was successfully completed with a robotic-assisted approach; image-guided navigation provided computed accuracy of ± 4.5 to 4.6 mm. The principle limitation encountered was navigation signal dropout due to temporary loss of direct line-of-sight with the navigational system's infrared camera. Subjectively, the aid of navigation assisted the operating surgeon in identifying critical anatomical planes. The combination of fluorescence with image-guided surgery further augmented the surgeon's perception of the operative field. The combination of stereotactic navigation and robotic surgery is feasible, although some limitations and technical challenges were observed. For complex surgery, the addition of navigation to robotics can improve surgical precision. This will likely represent the next step in the evolution of robotics and in the development of digital surgery.",S Atallah; E Parra-Davila; A G F Melani; L G Romagnolo; S W Larach; J Marescaux,Techniques in coloproctology,2019,Case Reports; Journal Article,eng,retrieved,UNCERTAIN_REQUIRES_SCREENING,TITLE_ABSTRACT_REVIEW_REQUIRED,,,,,,,,
6797,TA-28,30650159,10.1371/journal.pone.0210630,An augmented reality sign-reading assistant for users with reduced vision.,"People typically rely heavily on visual information when finding their way to unfamiliar locations. For individuals with reduced vision, there are a variety of navigational tools available to assist with this task if needed. However, for wayfinding in unfamiliar indoor environments the applicability of existing tools is limited. One potential approach to assist with this task is to enhance visual information about the location and content of existing signage in the environment. With this aim, we developed a prototype software application, which runs on a consumer head-mounted augmented reality (AR) device, to assist visually impaired users with sign-reading. The sign-reading assistant identifies real-world text (e.g., signs and room numbers) on command, highlights the text location, converts it to high contrast AR lettering, and optionally reads the content aloud via text-to-speech. We assessed the usability of this application in a behavioral experiment. Participants with simulated visual impairment were asked to locate a particular office within a hallway, either with or without AR assistance (referred to as the AR group and control group, respectively). Subjective assessments indicated that participants in the AR group found the application helpful for this task, and an analysis of walking paths indicated that these participants took more direct routes compared to the control group. However, participants in the AR group also walked more slowly and took more time to complete the task than the control group. The results point to several specific future goals for usability and system performance in AR-based assistive tools.",Jonathan Huang; Max Kinateder; Matt J Dunn; Wojciech Jarosz; Xing-Dong Yang; Emily A Cooper,PloS one,2019,"Journal Article; Research Support, Non-U.S. Gov't",eng,retrieved,UNCERTAIN_REQUIRES_SCREENING,TITLE_ABSTRACT_REVIEW_REQUIRED,,,,,,,,
6798,TA-28,30648818,10.1002/ase.1858,Enhancement of Anatomical Education Using Augmented Reality: An Empirical Study of Body Painting.,"Students in undergraduate premedical anatomy courses may experience suboptimal and superficial learning experiences due to large class sizes, passive lecture styles, and difficult-to-master concepts. This study introduces an innovative, hands-on activity for human musculoskeletal system education with the aim of improving students' level of engagement and knowledge retention. In this study, a collaborative learning intervention using the REFLECT (augmented reality for learning clinical anatomy) system is presented. The system uses the augmented reality magic mirror paradigm to superimpose anatomical visualizations over the user's body in a large display, creating the impression that she sees the relevant anatomic illustrations inside her own body. The efficacy of this proposed system was evaluated in a large-scale controlled study, using a team-based muscle painting activity among undergraduate premedical students (n = 288) at the Johns Hopkins University. The baseline knowledge and post-intervention knowledge of the students were measured before and after the painting activity according to their assigned groups in the study. The results from knowledge tests and additional collected data demonstrate that the proposed interactive system enhanced learning of the musculoskeletal system with improved knowledge retention (F(10,133)  = 3.14, P < 0.001), increased time on task (F(1,275)  = 5.70, P < 0.01), and a high level of engagement (F(9,273)  = 8.28, P < 0.0001). The proposed REFLECT system will be of benefit as a complementary anatomy learning tool for students.",Roghayeh Barmaki; Kevin Yu; Rebecca Pearlman; Richard Shingles; Felix Bork; Greg M Osgood; Nassir Navab,Anatomical sciences education,2019,Journal Article,eng,retrieved,UNCERTAIN_REQUIRES_SCREENING,TITLE_ABSTRACT_REVIEW_REQUIRED,,,,,,,,
6799,TA-28,30645442,10.1364/OE.26.032802,Integrated holographic waveguide display system with a common optical path for visible and infrared light.,We propose an integrated holographic waveguide display system. An infrared volume holographic grating (IVHG) and a visible light grating are recorded on the same waveguide to achieve the purpose of a common light path for system miniaturization. Simulated and experimental results verify the feasibility of this method. The coupling efficiencies of the infrared module for eye tracking and the visible light module for augmented reality (AR) display are 40% and 45%. The holographic waveguide has a weight of only 4.3 grams. It is believed that this technique is a good way to achieve a light and thin eye tracking near-eye display.,Zhenlv Lv; Juan Liu; Jiasheng Xiao; Ying Kuang,Optics express,2018,Journal Article,eng,retrieved,UNCERTAIN_REQUIRES_SCREENING,TITLE_ABSTRACT_REVIEW_REQUIRED,,,,,,,,
6800,TA-28,30640838,10.1097/DCR.0000000000001282,Head-Mounted Mixed-Reality Technology During Robotic-Assisted Transanal Total Mesorectal Excision.,"Head-mounted mixed-reality technologies may enable advanced intraoperative visualization during visceral surgery. In this technical note, we describe an innovative use of real-time mixed reality during robotic-assisted transanal total mesorectal excision. Video signals from the robotic console and video endoscopic transanal approach were displayed on a virtual monitor using a head-up display. The surgeon, assistant, and a surgical trainee used this technique during abdominal and transanal robotic-assisted total mesorectal excision. We evaluated the feasibility and usability of this approach with the use of validated scales. The technical feasibility of the real-time visualization provided by the current setup was demonstrated for both the robotic and transanal parts of the surgery. The surgeon, assistant, and trainee each used the mixed-reality device for 15, 55, and 35 minutes. All participants handled the device intuitively and reported a high level of comfort during the surgery. The task load was easily manageable (task load index: <4/21), although the surgeon and assistant both noted a short delay in the real-time video. The implementation of head-mounted mixed-reality technology during robotic-assisted transanal total mesorectal excision can benefit the operating surgeon, assistant, and surgical trainee. Further improvements in display quality, connectivity, and systems integration are necessary.",Tobias Huber; Edin Hadzijusufovic; Christian Hansen; Markus Paschold; Hauke Lang; Werner Kneist,Diseases of the colon and rectum,2019,Case Reports; Journal Article; Video-Audio Media,eng,retrieved,UNCERTAIN_REQUIRES_SCREENING,TITLE_ABSTRACT_REVIEW_REQUIRED,,,,,,,,
6801,TA-28,30640614,10.1109/TVCG.2019.2892415,MARVisT: Authoring Glyph-Based Visualization in Mobile Augmented Reality.,"Recent advances in mobile augmented reality (AR) techniques have shed new light on personal visualization for their advantages of fitting visualization within personal routines, situating visualization in a real-world context, and arousing users' interests. However, enabling non-experts to create data visualization in mobile AR environments is challenging given the lack of tools that allow in-situ design while supporting the binding of data to AR content. Most existing AR authoring tools require working on personal computers or manually creating each virtual object and modifying its visual attributes. We systematically study this issue by identifying the specificity of AR glyph-based visualization authoring tool and distill four design considerations. Following these design considerations, we design and implement MARVisT, a mobile authoring tool that leverages information from reality to assist non-experts in addressing relationships between data and virtual glyphs, real objects and virtual glyphs, and real objects and data. With MARVisT, users without visualization expertise can bind data to real-world objects to create expressive AR glyph-based visualizations rapidly and effortlessly, reshaping the representation of the real world with data. We use several examples to demonstrate the expressiveness of MARVisT. A user study with non-experts is also conducted to evaluate the authoring experience of MARVisT.",Zhutian Chen; Yijia Su; Yifang Wang; Qianwen Wang; Huamin Qu; Yingcai Wu,IEEE transactions on visualization and computer graphics,2020,Journal Article,eng,retrieved,UNCERTAIN_REQUIRES_SCREENING,TITLE_ABSTRACT_REVIEW_REQUIRED,,,,,,,,
6802,TA-28,30634653,10.3390/s19020250,A Multi-Camera Rig with Non-Overlapping Views for Dynamic Six-Degree-of-Freedom Measurement.,"Large-scale measurement plays an increasingly important role in intelligent manufacturing. However, existing instruments have problems with immersive experiences. In this paper, an immersive positioning and measuring method based on augmented reality is introduced. An inside-out vision measurement approach using a multi-camera rig with non-overlapping views is presented for dynamic six-degree-of-freedom measurement. By using active LED markers, a flexible and robust solution is delivered to deal with complex manufacturing sites. The space resection adjustment principle is addressed and measurement errors are simulated. The improved Nearest Neighbor method is employed for feature correspondence. The proposed tracking method is verified by experiments and results with good performance are obtained.",Zhiyuan Niu; Yongjie Ren; Linghui Yang; Jiarui Lin; Jigui Zhu,"Sensors (Basel, Switzerland)",2019,Journal Article,eng,retrieved,UNCERTAIN_REQUIRES_SCREENING,TITLE_ABSTRACT_REVIEW_REQUIRED,,,,,,,,
6803,TA-28,30621340,10.3390/s19010178,Incremental 3D Cuboid Modeling with Drift Compensation.,"This paper presents a framework of incremental 3D cuboid modeling by using the mapping results of an RGB-D camera based simultaneous localization and mapping (SLAM) system. This framework is useful in accurately creating cuboid CAD models from a point cloud in an online manner. While performing the RGB-D SLAM, planes are incrementally reconstructed from a point cloud in each frame to create a plane map. Then, cuboids are detected in the plane map by analyzing the positional relationships between the planes, such as orthogonality, convexity, and proximity. Finally, the position, pose, and size of a cuboid are determined by computing the intersection of three perpendicular planes. To suppress the false detection of the cuboids, the cuboid shapes are incrementally updated with sequential measurements to check the uncertainty of the cuboids. In addition, the drift error of the SLAM is compensated by the registration of the cuboids. As an application of our framework, an augmented reality-based interactive cuboid modeling system was developed. In the evaluation at cluttered environments, the precision and recall of the cuboid detection were investigated, compared with a batch-based cuboid detection method, so that the advantages of our proposed method were clarified.",Masashi Mishima; Hideaki Uchiyama; Diego Thomas; Rin-Ichiro Taniguchi; Rafael Roberto; João Paulo Lima; Veronica Teichrieb,"Sensors (Basel, Switzerland)",2019,Journal Article,eng,retrieved,UNCERTAIN_REQUIRES_SCREENING,TITLE_ABSTRACT_REVIEW_REQUIRED,,,,,,,,
6804,TA-28,30614734,10.1089/cyber.2018.0035,"Emergency, Pictogram-Based Augmented Reality Medical Communicator Prototype Using Precise Eye-Tracking Technology.","This article details the process involved in the development of a new and revolutionary solution for medical communication. Our solution precisely tracks head and eye movement and allows the user to interact with an intuitive, pictogram-based interface. Around the world, many people rely on written instruction and verbal or nonverbal communication to accompany medication or provide additional information on a patient's symptoms. However, poor language skills and a host of health problems, psychological disorders, and trauma can limit a person's ability to speak or move. Our solution could drastically improve the quality of life of patients suffering from brain injury, hearing loss, and many other communication disorders and disabilities. They can begin to communicate with greater ease and fluency, feel connected to the world, and experience better and more accurate medical care. The potential applications have many incredible advantages, ranging from improved communication with family to emergency medical uses that can save the life of an affected individual. The use of augmented reality in our solution, as well as the secondary camera to improve accuracy in eye tracking, makes this solution for more accuracy, whereas the inclusion of a pictogram-based interface makes it a practical solution that cuts down on the error margins of traditional accessibility devices and makes it equally accessible to children and speakers of foreign languages. According to the data gathered, we confirm that the solution we propose has many possible practical applications in improving the health, safety, and quality of life of the user.",Krzysztof Wołk,"Cyberpsychology, behavior and social networking",2019,Journal Article,eng,retrieved,UNCERTAIN_REQUIRES_SCREENING,TITLE_ABSTRACT_REVIEW_REQUIRED,,,,,,,,
6805,TA-28,30611677,10.1016/j.bjps.2018.12.023,Augmented Reality Microsurgical Planning with a Smartphone (ARM-PS): A dissection route map in your pocket.,"Perioperative microsurgical planning increases the likelihood of successful results. Augmented reality (AR) is the addition of artificial information to allow the user to perform tasks more efficiently. The aim of our study is to report the use of AR for microsurgical planning with a smartphone (ARM-PS) as a dissection route map. AR was used for superficial circumflex iliac artery perforator (SCIP) flap planning. Three-dimensional (3D) reconstruction images of the inguinal and lower abdomen vascular anatomy were obtained by computed tomography angiography. These 3D images were imported to a smartphone and an AR app was used to superimpose them with the camera. The drawings performed with ARM-PS were correlated with handheld Doppler and intraoperative findings. The correlation of ARM-PS drawings with handheld Doppler results was 100% for superficial inferior epigastric artery (SIEA) and superficial and deep branches of SCIP in 60 inguinal areas studied. Intraoperative findings matched perfectly in all 30 cases with ARM-PS drawings for the location of the mentioned vessels and lymph nodes. Flap harvest time decreased in 20% compared with our traditional timing. ARM-PS is an easy, noninvasive, and accurate method that provides a dissection route map, thereby standardizing flap harvesting, and shows a perfect correlation with intraoperative findings. It reduces operating time and may improve operative results, thus decreasing donor site morbidity.",Nicolás Pereira; Matías Kufeke; Leonardo Parada; Ekaterina Troncoso; Jorge Bahamondes; Luis Sanchez; Ricardo Roa,"Journal of plastic, reconstructive & aesthetic surgery : JPRAS",2019,Journal Article; Video-Audio Media,eng,retrieved,UNCERTAIN_REQUIRES_SCREENING,TITLE_ABSTRACT_REVIEW_REQUIRED,,,,,,,,
6806,TA-28,30609988,10.2196/11939,Technical Support by Smart Glasses During a Mass Casualty Incident: A Randomized Controlled Simulation Trial on Technically Assisted Triage and Telemedical App Use in Disaster Medicine.,"To treat many patients despite lacking personnel resources, triage is important in disaster medicine. Various triage algorithms help but often are used incorrectly or not at all. One potential problem-solving approach is to support triage with Smart Glasses. In this study, augmented reality was used to display a triage algorithm and telemedicine assistance was enabled to compare the duration and quality of triage with a conventional one. A specific Android app was designed for use with Smart Glasses, which added information in terms of augmented reality with two different methods-through the display of a triage algorithm in data glasses and a telemedical connection to a senior emergency physician realized by the integrated camera. A scenario was created (ie, randomized simulation study) in which 31 paramedics carried out a triage of 12 patients in 3 groups as follows: without technical support (control group), with a triage algorithm display, and with telemedical contact. A total of 362 assessments were performed. The accuracy in the control group was only 58%, but the assessments were quicker (on average 16.6 seconds). In contrast, an accuracy of 92% (P=.04) was achieved when using technical support by displaying the triage algorithm. This triaging took an average of 37.0 seconds. The triage group wearing data glasses and being telemedically connected achieved 90% accuracy (P=.01) in 35.0 seconds. Triage with data glasses required markedly more time. While only a tally was recorded in the control group, Smart Glasses led to digital capture of the triage results, which have many tactical advantages. We expect a high potential in the application of Smart Glasses in disaster scenarios when using telemedicine and augmented reality features to improve the quality of triage.",Andreas Follmann; Marian Ohligs; Nadine Hochhausen; Stefan K Beckers; Rolf Rossaint; Michael Czaplik,Journal of medical Internet research,2019,"Journal Article; Randomized Controlled Trial; Research Support, Non-U.S. Gov't",eng,retrieved,UNCERTAIN_REQUIRES_SCREENING,TITLE_ABSTRACT_REVIEW_REQUIRED,,,,,,,,
6807,TA-28,30605474,10.1371/journal.pone.0207191,Distinctive accuracy measurement of binary descriptors in mobile augmented reality.,"Mobile Augmented Reality (MAR) requires a descriptor that is robust to changes in viewing conditions in real time application. Many different descriptors had been proposed in the literature for example floating-point descriptors (SIFT and SURF) and binary descriptors (BRIEF, ORB, BRISK and FREAK). According to literature, floating-point descriptors are not suitable for real-time application because its operating speed does not satisfy real-time constraints. Binary descriptors have been developed with compact sizes and lower computation requirements. However, it is unclear which binary descriptors are more appropriate for MAR. Hence, a distinctive and efficient accuracy measurement of four state-of-the-art binary descriptors, namely, BRIEF, ORB, BRISK and FREAK were performed using the Mikolajczyk dataset and ALOI dataset to identify the most appropriate descriptor for MAR in terms of computation time and robustness to brightness, scale and rotation changes. The obtained results showed that FREAK is the most appropriate descriptor for MAR application as it able to produce an application that are efficient (shortest computation time) and robust towards scale, rotation and brightness changes.",Siok Yee Tan; Haslina Arshad; Azizi Abdullah,PloS one,2019,"Journal Article; Research Support, Non-U.S. Gov't",eng,retrieved,UNCERTAIN_REQUIRES_SCREENING,TITLE_ABSTRACT_REVIEW_REQUIRED,,,,,,,,
6808,TA-28,32801481,10.1093/iwc/iwz011,A Virtual Reality Platform for Analyzing Remote Archaeological Sites.,"This paper describes a Virtual Reality (VR) prototype developed to help archaeologists and other stakeholders explore and analyse archaeological data in a more immersive context. We describe a VR reconstruction of Pleito Cave, a fragile world class rock-art site with accessibility limitation. Key stakeholders are identified and a prototype is described that provides a VR platform for visualizing and interacting with complex archaeological data (gathered from techniques such as decorrelation stretch and X-ray fluorescence) virtually 'in situ' , in a way that would not be possible at the real site. The prototype allows multiple remote users to interact with the cave together remotely providing opportunities for collaborative interpretation and analysis of archaeological data. We also present a survey-based evaluation in which both archaeologists and Native American stakeholders indicate positive responses for measures of both engagement and value.",Brendan Cassidy; Gavin Sim; David Wayne Robinson; Devlin Gandy,Interacting with computers,2019,Journal Article,eng,retrieved,UNCERTAIN_REQUIRES_SCREENING,TITLE_ABSTRACT_REVIEW_REQUIRED,,,,,,,,
6809,TA-28,30596530,10.1089/cyber.2018.0261,Three-Dimensional Augmented Reality System for Balance and Mobility Rehabilitation in the Elderly: A Randomized Controlled Trial.,"We attempted to evaluate the clinical efficiency of a novel three-dimensional interactive augmented reality system (3D-ARS) for balance and mobility rehabilitation. This system enables participant training with a realistic 3D interactive balance exercise and assessing movement parameters and joint angles by using a kinetic sensor system. We performed a randomized controlled trial in a general hospital. Thirty-six participants (age, 56-76 years) who could independently walk and stand on one leg were recruited. The participants were randomly assigned to either group. The control group (n = 18) underwent a conventional physical fitness program such as lower-extremity strengthening and balance training thrice per week for 1 month. The experimental group (n = 18) experienced 3D-ARS training thrice per week (1 session = 30 minutes) for 4 weeks. Training comprised a balloon game for hip exercise, cave game for knee exercise, and rhythm game for one-leg balance exercise. Lower-extremity clinical scale scores, fall index, and automatic balance score were measured by using Tetrax® posturography before, during, and after training. Significant group (3D-ARS vs. control) × time (before and after exercise) interaction effect was observed for Berg balance scale (BBS) scores (p = 0.04) and timed-up-and-go (TUG; p < 0.001). Overall improvements occurred in stability index, weight distribution index, fall risk index, and Fourier transformations index of posturography for both groups. However, score changes were significantly greater in the 3D-ARS group. Significant group × time interaction effect was observed for the fall risk index. This demonstrates that the 3D-ARS system can improve balance in the elderly more effectively.",Jeonghun Ku; Yeun Joon Kim; Sangwoo Cho; Teo Lim; Hye Sun Lee; Youn Joo Kang,"Cyberpsychology, behavior and social networking",2019,Journal Article; Randomized Controlled Trial,eng,retrieved,UNCERTAIN_REQUIRES_SCREENING,TITLE_ABSTRACT_REVIEW_REQUIRED,,,,,,,,
6810,TA-28,30595830,10.1155/2018/6357351,The Effect of Augmented Reality and Virtual Reality on Inducing Anxiety for Exposure Therapy: A Comparison Using Heart Rate Variability.,"Claustrophobia is an anxiety disorder characterized by the fear of enclosed spaces. Although medication treatment can effectively control symptoms, the effects quickly disappear once medication is discontinued. Many studies have shown that combining psychotherapy and medication is more efficacious than solely using medication. However, the weaknesses of the traditional psychotherapy are that it is time-consuming and expensive. Alternatively, vivo exposure therapy is proposed in which anxiety is gradually triggered with stimuli. Targeting claustrophobia is diagnosed using the traditional method, and this study established virtual reality (VR) and augmented reality (AR) environments consistent with claustrophobic characteristics, comparing the two using an experimental process to examine whether VR and AR environments are equally capable of triggering anxiety in participants. This study further analysed the efficacies of VR and AR by measuring changes in participant's heart rates variability (HRV) and examining data from survey questionnaires. HRV results indicated that the proposed VR system and AR system were both able to trigger anxiety. Furthermore, the AR environment produced a stronger experience for the participants and caused physiological reactions more evident than those caused by the VR environment. Regarding the anxiety questionnaire, the participants suggested that their anxiety was significantly higher in the VR environment than in the AR environment.",Chai-Fen Tsai; Shih-Ching Yeh; Yanyan Huang; Zhengyu Wu; Jianjun Cui; Lirong Zheng,Journal of healthcare engineering,2018,"Comparative Study; Journal Article; Research Support, Non-U.S. Gov't",eng,retrieved,UNCERTAIN_REQUIRES_SCREENING,TITLE_ABSTRACT_REVIEW_REQUIRED,,,,,,,,
6811,TA-28,30595750,10.1186/s41039-018-0088-6,Learning on mobile augmented reality trails of integrity and ethics.,"At the heart of university education, there must be an emphasis on students developing academic integrity and ethics (AIE), which is essential for their personal development and future professional careers. This paper reports on a project which employs an augmented reality (AR) interface accessed on mobile devices to bring AIE scenarios alive for students in everyday campus contexts. Mobile learning paths called 'Trails of Integrity and Ethics' (TIEs) have been created on Hong Kong university campuses, with students walking through study locations where ethical dilemmas might arise, and using an AR app to learn about, consider and respond to a range of problematic scenarios. In addition, subject-specific TIEs have been developed in which students face ethical dilemmas specific to their disciplines, and are tasked with responding according to professional norms and standards. After the first 2 years of this 4-year funded project, more than 1000 students have participated in the TIEs. Analysis of data from their mobile device clickstreams, pre- and post-trail reflective texts and user experience surveys has led to encouraging initial findings. There is some early evidence suggesting that the mobile AR trails have helped students to become more active and engaged in their learning of abstract conceptual knowledge about AIE, and that their perspectives on AIE have changed as they have begun to link ethical dilemmas on the TIEs with their everyday realities.",Eva Y W Wong; Theresa Kwong; Mark Pegrum,Research and practice in technology enhanced learning,2018,Journal Article,eng,retrieved,UNCERTAIN_REQUIRES_SCREENING,TITLE_ABSTRACT_REVIEW_REQUIRED,,,,,,,,
6812,TA-28,30594020,10.1016/j.jhazmat.2018.12.057,A novel way of using pyrolytic gas derived from waste rubber: Pyrometallurgical reduction of NiO.,"In the present study, a novel way of using pyrolytic gas generated by the pyrolysis of waste rubber was introduced. The method involves reduction of metal oxides by pyrolytic gas. The pyrometallurgical reduction behavior of NiO was studied to demonstrate the feasibility of the process. The rubber pyrolysis and the NiO reduction experiments were carried out in a horizontal tube at 1000 K using Ar as carrier gas. It was determined that the waste rubber was completely pyrolyzed in Ar flow. The extent of NiO reduction was investigated as a function of mass ratio of rubber to NiO (0-7.345). X-ray diffraction and mass measurements revealed that single-phase Ni was obtained at the ratio of 0.734. Complete reduction of NiO to Ni was predicted at the lower mass ratios by thermodynamics. The quantitative discrepancy between the thermodynamics and the experiments was discussed. Thermodynamic analysis of the Ni-O-C-H-Ar system indicated that NiO was reduced to Ni by the gaseous species (essentially H2, CH4, C6H6) at 1000 K. The novel route presented here may be extended to the reduction of other materials using waste rubber.",M Cumbul Altay; S Eroglu,Journal of hazardous materials,2019,Journal Article,eng,retrieved,UNCERTAIN_REQUIRES_SCREENING,TITLE_ABSTRACT_REVIEW_REQUIRED,,,,,,,,
6813,TA-28,30576686,10.1016/j.neuropsychologia.2018.12.014,Experimentally induced limb-disownership in mixed reality.,"The seemingly stable construct of our bodily self depends on the continued, successful integration of multisensory feedback about our body, rather than its purely physical composition. Accordingly, pathological disruption of such neural processing is linked to striking alterations of the bodily self, ranging from limb misidentification to disownership, and even the desire to amputate a healthy limb. While previous embodiment research has relied on experimental setups using supernumerary limbs in variants of the Rubber Hand Illusion, we here used Mixed Reality to directly manipulate the feeling of ownership for one's own, biological limb. Using a Head-Mounted Display, participants received visual feedback about their own arm, from an embodied first-person perspective. In a series of three studies, in independent cohorts, we altered embodiment by providing visuotactile feedback that could be synchronous (control condition) or asynchronous (400 ms delay, Real Hand Illusion). During the illusion, participants reported a significant decrease in ownership of their own limb, along with a lowered sense of agency. Supporting the right-parietal body network, we found an increased illusion strength for the left upper limb as well as a modulation of the feeling of ownership during anodal transcranial direct current stimulation. Extending previous research, these findings demonstrate that a controlled, visuotactile conflict about one's own limb can be used to directly and systematically modulate ownership - without a proxy. This not only corroborates the malleability of body representation but questions its permanence. These findings warrant further exploration of combined VR and neuromodulation therapies for disorders of the bodily self.",Oliver A Kannape; Ethan J T Smith; Peter Moseley; Mark P Roy; Bigna Lenggenhager,Neuropsychologia,2019,"Journal Article; Research Support, Non-U.S. Gov't",eng,retrieved,UNCERTAIN_REQUIRES_SCREENING,TITLE_ABSTRACT_REVIEW_REQUIRED,,,,,,,,
6814,TA-28,30522851,10.1016/j.otsr.2018.08.021,Views on a new surgical assistance method for implanting the glenoid component during total shoulder arthroplasty. Part 2: From three-dimensional reconstruction to augmented reality: Feasibility study.,"The main goal of this study was to propose a new method of surgical assistance for the implantation of a total shoulder prosthesis, with the use of augmented reality (AR). The advantage of this approach is that it supplements information, on the one hand pre-existing or disappeared due to a pathological process, such as the premorbid glenoid, and on the other hand already existing but not accessible to the surgeon during the procedure, such as the so-called ""hidden"" face of the scapula. Several information preparation steps were needed. The first consisted in the three-dimensional (3D) rendering of the pathological glenoid, from a point cloud corresponding to the premorbid glenoid based on previously developed regression equations. A library of ""healthy"" generic glenoids was then created by hierarchical bottom-up analysis. From this database, a so-called adequate normal generic glenoid was fused and matched to the pathological glenoid reconstructed using a morphing technique. An experimental AR application was constructed. Smart glasses were used to display the prepared 3D information. A pathological 3D glenoid was reconstructed and used for the AR application. A complete display of the scene, reconstructed glenoid and full scapula was obtained. However, an offset from reality was observed. The main limitations were technical, related to the connected tool itself and the operating software. This was a feasibility study of the different steps required to apply AR, from information preparation to its visualization. A new parameter crossing experiment is needed to optimize each step of this process. IV, Basic science study.",Julien Berhouet; Mohamed Slimane; Maxime Facomprez; Min Jiang; Luc Favard,"Orthopaedics & traumatology, surgery & research : OTSR",2019,Journal Article,eng,retrieved,UNCERTAIN_REQUIRES_SCREENING,TITLE_ABSTRACT_REVIEW_REQUIRED,,,,,,,,
6815,TA-28,30534951,10.1093/ehjci/jey184,Mixed reality holograms for heart surgery planning: first user experience in congenital heart disease.,"Proof of concept and feasibility study for preoperative diagnostic use of mixed reality (MR) holograms of individual 3D heart models from standard cardiac computed tomography angiograms (CTA) images. Optimal repair for complex congenital heart disease poses high demands on 3D anatomical imagination. Three-dimensional printed heart models are increasingly used for improved morphological understanding during surgical and interventional planning. Holograms are a dynamic and interactive alternative, probably with wider applications. A 3D heart model was segmented from CTA images in a patient with double outlet right ventricle and transposition of the great arteries (DORV-TGA). The hologram was visualized in the wearable MR platform HoloLens® for 36 paediatric heart team members who filled out a diagnostic and quality rating questionnaire. Morphological and diagnostic output from the hologram was assessed and the 3D experience was evaluated. Locally developed app tools such as hologram rotation, scaling, and cutting were rated. Anatomy identification and diagnostic output was high as well as rating of 3D experience. Younger and female users rated the app tools higher. This preliminary study demonstrates that MR holograms as surgical planning tool for congenital heart disease may have a high diagnostic value and contribute to understanding complex morphology. The first users experience of the hologram presentation was found to be very positive, with a preference among the female and the younger users. There is potential for improvement of the hologram manipulation tools.",H Brun; R A B Bugge; L K R Suther; S Birkeland; R Kumar; E Pelanis; O J Elle,European heart journal. Cardiovascular Imaging,2019,Case Reports; Journal Article,eng,retrieved,UNCERTAIN_REQUIRES_SCREENING,TITLE_ABSTRACT_REVIEW_REQUIRED,,,,,,,,
6816,TA-28,30531268,10.1097/DCR.0000000000001259,Stereotactic Pelvic Navigation With Augmented Reality for Transanal Total Mesorectal Excision.,"Technical difficulty and unfamiliar surgical anatomy are the main challenges in transanal total mesorectal excision. Precise 3-dimensional real-time image guidance may facilitate the safety, accuracy, and efficiency of transanal total mesorectal excision. A preoperative CT was obtained with 10 skin fiducials and further processed to emphasize the border of the anatomical structure by 3-dimensional modeling and pelvic organ segmentation. A forced sacral tilt by placing a 10-degree wedge under the patient's sacrum was induced to minimize pelvic organ movement caused by lithotomy position. An optical navigation system with cranial software was used. Preoperative CT images were loaded into the navigation system, and patient tracker was mounted onto the iliac bone. Once the patient-to-image paired point registration using skin fiducials was completed, the laparoscopic instrument mounted with instrument tracker was calibrated for instrument tracking. After validating the experimental setup and process of registration by navigating laparoscopic anterior resection, stereotactic navigation for transanal total mesorectal excision was performed in the low rectal neuroendocrine tumor. The fiducial registration error was 1.7 mm. The accuracy of target positioning was sufficient at less than 3 mm (1.8 ± 0.9 mm). Qualitative assessment using a Likert scale was well matched between the 2 observers. Of the 20 scores, 19 were judged as 4 (very good) or 5 (excellent). There was no statistical difference between mean Likert scales of the abdominal or transanal landmarks (4.4 ± 0.5 vs 4.3 ± 1.0, p = 0.965). Application of an existing navigation system to transanal total mesorectal excision for a low rectal tumor is feasible. The acceptable accuracy of target positioning justifies its clinical use. Further research is needed to prove the clinical need for the procedure and its impact on clinical outcomes.",Jung-Myun Kwak; Luis Romagnolo; Arthur Wijsmuller; Cristians Gonzalez; Vincent Agnus; Fabiano R Lucchesi; Armando Melani; Jacques Marescaux; Bernard Dallemagne,Diseases of the colon and rectum,2019,Case Reports; Journal Article,eng,retrieved,UNCERTAIN_REQUIRES_SCREENING,TITLE_ABSTRACT_REVIEW_REQUIRED,,,,,,,,
6817,TA-28,30530379,10.1109/JBHI.2018.2885378,Moving-Tolerant Augmented Reality Surgical Navigation System Using Autostereoscopic Three-Dimensional Image Overlay.,"Augmented reality (AR) surgical navigation systems based on image overlay have been used in minimally invasive surgery. However, conventional systems still suffer from a limited viewing zone, a shortage of intuitive three-dimensional (3D) image guidance and cannot be moved freely. To fuse the 3-D overlay image with the patient in situ, it is essential to track the overlay device while it is moving. A direct line-of-sight should be maintained between the optical markers and the tracker camera. In this study, we propose a moving-tolerant AR surgical navigation system using autostereoscopic image overlay, which can avoid the use of the optical tracking system during the intraoperative period. The system captures binocular image sequences of environmental change in the operation room to locate the overlay device, rather than tracking the device directly. Therefore, it is no longer required to maintain a direct line-of-sight between the tracker and the tracked devices. The movable range of the system is also not limited by the scope of the tracker camera. Computer simulation experiments demonstrate the reliability of the proposed moving-tolerant AR surgical navigation system. We also fabricate a computer-generated integral photography-based 3-D overlay AR system to validate the feasibility of the proposed moving-tolerant approach. Qualitative and quantitative experiments demonstrate that the proposed system can always fuse the 3-D image with the patient, thus, increasing the feasibility and reliability of traditional 3-D overlay image AR surgical navigation systems.",Cong Ma; Guowen Chen; Xinran Zhang; Guochen Ning; Hongen Liao,IEEE journal of biomedical and health informatics,2019,"Journal Article; Research Support, Non-U.S. Gov't",eng,retrieved,UNCERTAIN_REQUIRES_SCREENING,TITLE_ABSTRACT_REVIEW_REQUIRED,,,,,,,,
6818,TA-28,30507832,10.1097/CORR.0000000000000542,Can an Augmented Reality Headset Improve Accuracy of Acetabular Cup Orientation in Simulated THA? A Randomized Trial.,"Accurate implant orientation reduces wear and increases stability in arthroplasty but is a technically demanding skill. Augmented reality (AR) headsets overlay digital information on top of the real world. We have developed an enhanced AR headset capable of tracking bony anatomy in relation to an implant, but it has not yet been assessed for its suitability as a training tool for implant orientation. (1) In the setting of simulated THA performed by novices, does an AR headset improve the accuracy of acetabular component positioning compared with hands-on training by an expert surgeon? (2) What are trainees' perceptions of the AR headset in terms of realism of the task, acceptability of the technology, and its potential role for surgical training? Twenty-four study participants (medical students in their final year of school, who were applying to surgery residency programs, and who had no prior arthroplasty experience) participated in a randomized simulation trial using an AR headset and a simulated THA. Participants were randomized to two groups completing four once-weekly sessions of baseline assessment, training, and reassessment. One group trained using AR (with live holographic orientation feedback) and the other received one-on-one training from a hip arthroplasty surgeon. Demographics and baseline performance in orienting an acetabular implant to six patient-specific values on the phantom pelvis were collected before training and were comparable. The orientation error in degrees between the planned and achieved orientations was measured and was not different between groups with the numbers available (surgeon group mean error ± SD 16° ± 7° versus AR 14° ± 7°; p = 0.22). Participants trained by AR also completed a validated posttraining questionnaire evaluating their experiences. During the four training sessions, participants using AR-guidance had smaller mean (± SD) errors in orientation than those receiving guidance from the surgeon: 1° ± 1° versus AR 6° ± 4°, p < 0.001. In the fourth session's assessment, participants in both groups had improved (surgeon group mean improvement 6°, 95% CI, 4-8°; p < 0.001 versus AR group 9°, 95% CI 7-10°; p < 0.001). There was no difference between participants in the surgeon-trained and AR-trained group: mean difference 1.2°, 95% CI, -1.8 to 4.2°; p = 0.281. In posttraining evaluation, 11 of 12 participants would use the AR platform as a training tool for developing visuospatial skills and 10 of 12 for procedure-specific rehearsals. Most participants (11 of 12) stated that a combination of an expert trainer for learning and AR for unsupervised training would be preferred. A novel head-mounted AR platform tracked an implant in relation to bony anatomy to a clinically relevant level of accuracy during simulated THA. Learners were equally accurate, whether trained by AR or a surgeon. The platform enabled the use of real instruments and gave live feedback; AR was thus considered a feasible and valuable training tool as an adjunct to expert guidance in the operating room. Although there were no differences in accuracy between the groups trained using AR and those trained by an expert surgeon, we believe the tool may be useful in education because it demonstrates that some motor skills for arthroplasty may be learned in an unsupervised setting. Future studies will evaluate AR-training for arthroplasty skills other than cup orientation and its transfer validity to real surgery. Level I, therapeutic study.",Kartik Logishetty; Luke Western; Ruairidh Morgan; Farhad Iranpour; Justin P Cobb; Edouard Auvinet,Clinical orthopaedics and related research,2019,Journal Article; Randomized Controlled Trial,eng,retrieved,UNCERTAIN_REQUIRES_SCREENING,TITLE_ABSTRACT_REVIEW_REQUIRED,,,,,,,,
6819,TA-28,30507490,10.1109/TBME.2018.2883816,Augmented Reality to Improve Surgical Simulation. Lessons Learned Towards the Design of a Hybrid Laparoscopic Simulator for Cholecystectomy.,"Hybrid surgical simulators based on Augmented Reality (AR) solutions benefit from the advantages of both the box trainers and the Virtual Reality simulators. This paper reports on the results of a long development stage of a hybrid simulator for laparoscopic cholecystectomy that integrates real and the virtual components. We first outline the specifications of the AR simulator and then we explain the strategy adopted for implementing it based on a careful selection of its simulated anatomical components, and characterized by a real-time tracking of both a target anatomy and of the laparoscope. The former is tracked by means of an electromagnetic field generator, while the latter requires an additional camera for video tracking. The new system was evaluated in terms of AR visualization accuracy, realism and hardware robustness. Obtained results show that the accuracy of AR visualization is adequate for training purposes. The qualitative evaluation confirms the robustness and the realism of the simulator. The AR simulator satisfies all the initial specifications in terms of anatomical appearance, modularity, reusability, minimization of spare parts cost, and ability to record surgical errors and to track in real-time the Calot's triangle and the laparoscope. The proposed system could be an effective training tool for learning the task of identification and isolation of Calot's triangle in laparoscopic cholecystectomy. Moreover, the presented strategy could be applied to simulate other surgical procedures involving the task of identification and isolation of generic tubular structures, such as blood vessels, biliary tree and nerves, which are not directly visible.",Rosanna Viglialoro; Nicola Esposito; Sara Condino; Fabrizio Cutolo; Simone Guadagni; Marco Gesi; Mauro Ferrari; Vincenzo Ferrari,IEEE transactions on bio-medical engineering,2018,Journal Article,eng,retrieved,UNCERTAIN_REQUIRES_SCREENING,TITLE_ABSTRACT_REVIEW_REQUIRED,,,,,,,,
6820,TA-28,30505820,10.4174/astr.2018.95.6.297,Preliminary study on application of augmented reality visualization in robotic thyroid surgery.,"Increased robotic surgery is attended by increased reports of complications, largely due to limited operative view and lack of tactile sense. These kinds of obstacles, which seldom occur in open surgery, are challenging for beginner surgeons. To enhance robotic surgery safety, we created an augmented reality (AR) model of the organs around the thyroid glands, and tested the AR model applicability in robotic thyroidectomy. We created AR images of the thyroid gland, common carotid arteries, trachea, and esophagus using preoperative CT images of a thyroid carcinoma patient. For a preliminary test, we overlaid the AR images on a 3-dimensional printed model at five different angles and evaluated its accuracy using Dice similarity coefficient. We then overlaid the AR images on the real-time operative images during robotic thyroidectomy. The Dice similarity coefficients ranged from 0.984 to 0.9908, and the mean of the five different angles was 0.987. During the entire process of robotic thyroidectomy, the AR images were successfully overlaid on the real-time operative images using manual registration. We successfully demonstrated the use of AR on the operative field during robotic thyroidectomy. Although there are currently limitations, the use of AR in robotic surgery will become more practical as the technology advances and may contribute to the enhancement of surgical safety.",Dongheon Lee; Hyoun-Joong Kong; Donguk Kim; Jin Wook Yi; Young Jun Chai; Kyu Eun Lee; Hee Chan Kim,Annals of surgical treatment and research,2018,Journal Article,eng,retrieved,UNCERTAIN_REQUIRES_SCREENING,TITLE_ABSTRACT_REVIEW_REQUIRED,,,,,,,,
6821,TA-28,30503617,10.1016/j.cub.2018.11.002,Closed-Loop Control of Active Sensing Movements Regulates Sensory Slip.,"Active sensing involves the production of motor signals for the purpose of acquiring sensory information [1-3]. The most common form of active sensing, found across animal taxa and behaviors, involves the generation of movements-e.g., whisking [4-6], touching [7, 8], sniffing [9, 10], and eye movements [11]. Active sensing movements profoundly affect the information carried by sensory feedback pathways [12-15] and are modulated by both top-down goals (e.g., measuring weight versus texture [1, 16]) and bottom-up stimuli (e.g., lights on or off [12]), but it remains unclear whether and how these movements are controlled in relation to the ongoing feedback they generate. To investigate the control of movements for active sensing, we created an experimental apparatus for freely swimming weakly electric fish, Eigenmannia virescens, that modulates the gain of reafferent feedback by adjusting the position of a refuge based on real-time videographic measurements of fish position. We discovered that fish robustly regulate sensory slip via closed-loop control of active sensing movements. Specifically, as fish performed the task of maintaining position inside the refuge [17-22], they dramatically up- or downregulated fore-aft active sensing movements in relation to a 4-fold change of experimentally modulated reafferent gain. These changes in swimming movements served to maintain a constant magnitude of sensory slip. The magnitude of sensory slip depended on the presence or absence of visual cues. These results indicate that fish use two controllers: one that controls the acquisition of information by regulating feedback from active sensing movements and another that maintains position in the refuge, a control structure that may be ubiquitous in animals [23, 24].",Debojyoti Biswas; Luke A Arend; Sarah A Stamper; Balázs P Vágvölgyi; Eric S Fortune; Noah J Cowan,Current biology : CB,2018,"Journal Article; Research Support, Non-U.S. Gov't",eng,retrieved,UNCERTAIN_REQUIRES_SCREENING,TITLE_ABSTRACT_REVIEW_REQUIRED,,,,,,,,
6822,TA-28,30515284,10.1155/2018/5435097,How to Build a Patient-Specific Hybrid Simulator for Orthopaedic Open Surgery: Benefits and Limits of Mixed-Reality Using the Microsoft HoloLens.,"Orthopaedic simulators are popular in innovative surgical training programs, where trainees gain procedural experience in a safe and controlled environment. Recent studies suggest that an ideal simulator should combine haptic, visual, and audio technology to create an immersive training environment. This article explores the potentialities of mixed-reality using the HoloLens to develop a hybrid training system for orthopaedic open surgery. Hip arthroplasty, one of the most common orthopaedic procedures, was chosen as a benchmark to evaluate the proposed system. Patient-specific anatomical 3D models were extracted from a patient computed tomography to implement the virtual content and to fabricate the physical components of the simulator. Rapid prototyping was used to create synthetic bones. The Vuforia SDK was utilized to register virtual and physical contents. The Unity3D game engine was employed to develop the software allowing interactions with the virtual content using head movements, gestures, and voice commands. Quantitative tests were performed to estimate the accuracy of the system by evaluating the perceived position of augmented reality targets. Mean and maximum errors matched the requirements of the target application. Qualitative tests were carried out to evaluate workload and usability of the HoloLens for our orthopaedic simulator, considering visual and audio perception and interaction and ergonomics issues. The perceived overall workload was low, and the self-assessed performance was considered satisfactory. Visual and audio perception and gesture and voice interactions obtained a positive feedback. Postural discomfort and visual fatigue obtained a nonnegative evaluation for a simulation session of 40 minutes. These results encourage using mixed-reality to implement a hybrid simulator for orthopaedic open surgery. An optimal design of the simulation tasks and equipment setup is required to minimize the user discomfort. Future works will include Face Validity, Content Validity, and Construct Validity to complete the assessment of the hip arthroplasty simulator.",Sara Condino; Giuseppe Turini; Paolo D Parchi; Rosanna M Viglialoro; Nicola Piolanti; Marco Gesi; Mauro Ferrari; Vincenzo Ferrari,Journal of healthcare engineering,2018,"Journal Article; Research Support, Non-U.S. Gov't",eng,retrieved,UNCERTAIN_REQUIRES_SCREENING,TITLE_ABSTRACT_REVIEW_REQUIRED,,,,,,,,
6823,TA-28,30511205,10.1007/s11517-018-1929-6,Augmented visualization with depth perception cues to improve the surgeon's performance in minimally invasive surgery.,"Minimally invasive techniques, such as laparoscopy and radiofrequency ablation of tumors, bring important advantages in surgery: by minimizing incisions on the patient's body, they can reduce the hospitalization period and the risk of postoperative complications. Unfortunately, they come with drawbacks for surgeons, who have a restricted vision of the operation area through an indirect access and 2D images provided by a camera inserted in the body. Augmented reality provides an ""X-ray vision"" of the patient anatomy thanks to the visualization of the internal organs of the patient. In this way, surgeons are free from the task of mentally associating the content from CT images to the operative scene. We present a navigation system that supports surgeons in preoperative and intraoperative phases and an augmented reality system that superimposes virtual organs on the patient's body together with depth and distance information. We implemented a combination of visual and audio cues allowing the surgeon to improve the intervention precision and avoid the risk of damaging anatomical structures. The test scenarios proved the good efficacy and accuracy of the system. Moreover, tests in the operating room suggested some modifications to the tracking system to make it more robust with respect to occlusions. Graphical Abstract Augmented visualization in minimally invasive surgery.",Lucio Tommaso De Paolis; Valerio De Luca,Medical & biological engineering & computing,2019,Journal Article,eng,retrieved,UNCERTAIN_REQUIRES_SCREENING,TITLE_ABSTRACT_REVIEW_REQUIRED,,,,,,,,
6824,TA-28,30498489,10.3389/fmicb.2018.02869,The Glutaminase-Dependent Acid Resistance System: Qualitative and Quantitative Assays and Analysis of Its Distribution in Enteric Bacteria.,"Neutralophilic bacteria have developed several strategies to overcome the deleterious effects of acid stress. In particular, the amino acid-dependent systems are widespread, with their activities overlapping, covering a rather large pH range, from 6 to <2. Recent reports showed that an acid resistance (AR) system relying on the amino acid glutamine (AR2_Q), the most readily available amino acid in the free form, is operative in Escherichia coli, Lactobacillus reuteri, and some Brucella species. This system requires a glutaminase active at acidic pH and the antiporter GadC to import L-glutamine and export either glutamate (the glutamine deamination product) or GABA. The latter occurs when the deamination of glutamine to glutamate, via acid-glutaminase (YbaS/GlsA), is coupled to the decarboxylation of glutamate to GABA, via glutamate decarboxylase (GadB), a structural component of the glutamate-dependent AR (AR2) system, together with GadC. Taking into account that AR2_Q could be widespread in bacteria and that until now assays based on ammonium ion detection were typically employed, this work was undertaken with the aim to develop assays that allow a straightforward identification of the acid-glutaminase activity in permeabilized bacterial cells (qualitative assay) as well as a sensitive method (quantitative assay) to monitor in the pH range 2.5-4.0 the transport of the relevant amino acids in vivo. The qualitative assay is colorimetric, rapid and reliable and provides several additional information, such as co-occurrence of AR2 and AR2_Q in the same bacterial species and assessment of the growth conditions that support maximal expression of glutaminase at acidic pH. The quantitative assay is HPLC-based and allows to concomitantly measure the uptake of glutamine and the export of glutamate and/or GABA via GadC in vivo and depending on the external pH. Finally, an extensive bioinformatic genome analysis shows that the gene encoding the glutaminase involved in AR2_Q is often nearby or in operon arrangement with the genes coding for GadC and GadB. Overall, our results indicate that AR2_Q is likely to be of prominent importance in the AR of enteric bacteria and that it modulates the enzymatic as well as antiport activities depending on the imposed acidic stress.",Eugenia Pennacchietti; Chiara D'Alonzo; Luca Freddi; Alessandra Occhialini; Daniela De Biase,Frontiers in microbiology,2018,Journal Article,eng,retrieved,UNCERTAIN_REQUIRES_SCREENING,TITLE_ABSTRACT_REVIEW_REQUIRED,,,,,,,,
6825,TA-28,30487099,10.1016/j.apergo.2018.08.026,Influences of augmented reality head-worn display type and user interface design on performance and usability in simulated warehouse order picking.,"Limited information is available regarding the effective use of workplace head-worn displays (HWD), especially the choices of HWD types and user interface (UI) designs. We explored how different HWD types and UI designs affect perceived workload, usability, visual discomfort, and job performance during a simulated warehouse job involving order picking and part assembly. Sixteen gender-balanced participants completed the simulated job in all combinations of two HWD types (binocular vs. monocular) and four UIs, the latter of which manipulated information mode (text-vs. graphic-based) and information availability (always-on vs. on-demand); a baseline condition was also completed (paper pick list). Job performance, workload, and usability were more affected by UI designs than HWD type. For example, the graphic-based UI reduced job completion time and number of errors by ∼13% and ∼59%, respectively. Participants had no strong preference for either of the HWD types, suggesting that the physical HWD designs tested are suboptimal.",Sunwook Kim; Maury A Nussbaum; Joseph L Gabbard,Applied ergonomics,2019,Journal Article,eng,retrieved,UNCERTAIN_REQUIRES_SCREENING,TITLE_ABSTRACT_REVIEW_REQUIRED,,,,,,,,
6826,TA-28,30485464,10.1111/aor.13396,Real world usability analysis of two augmented reality headsets in visceral surgery.,"Recent developments in the field of augmented reality (AR) have enabled new use cases in surgery. Initial set-up of an appropriate infrastructure for maintaining an AR surgical workflow requires investment in appropriate hardware. We compared the usability of the Microsoft HoloLens and Meta 2 head mounted displays (HMDs). Fifteen medicine students tested each device and were questioned with a variant of the System Usability Scale (SUS). Two surgeons independently tested the devices in an intraoperative setting. In our adapted SUS, ergonomics, ease of use, and visual clarity of the display did not differ significantly between HMD groups. The field of view (FOV) was smaller in the Microsoft HoloLens than the Meta 2 and significantly more study subjects (80% vs. 13.3%; P < 0.001) felt limited through the FOV. Intraoperatively, decreased mobility due to the necessity of an AC adapter and additional computing device for the Meta 2 proved to be limiting. Object stability was rated superior in the Microsoft HoloLens than the Meta 2 by our surgeons and lead to increased use. In summary, after examination of the Meta 2 and the Microsoft HoloLens, we found key advantages in the Microsoft HoloLens which provided palpable benefits in a surgical setting.",Simon Moosburner; Christopher Remde; Peter Tang; Moritz Queisner; Nils Haep; Johann Pratschke; Igor M Sauer,Artificial organs,2019,Journal Article,eng,retrieved,UNCERTAIN_REQUIRES_SCREENING,TITLE_ABSTRACT_REVIEW_REQUIRED,,,,,,,,
6827,TA-28,30485188,10.3171/2018.4.JNS18124,A wearable mixed-reality holographic computer for guiding external ventricular drain insertion at the bedside.,"The goal of this study was to explore the feasibility and accuracy of using a wearable mixed-reality holographic computer to guide external ventricular drain (EVD) insertion and thus improve on the accuracy of the classic freehand insertion method for EVD insertion. The authors also sought to provide a clinically applicable workflow demonstration. Pre- and postoperative CT scanning were performed routinely by the authors for every patient who needed EVD insertion. Hologram-guided EVD placement was prospectively applied in 15 patients between August and November 2017. During surgical planning, model reconstruction and trajectory calculation for each patient were completed using preoperative CT. By wearing a Microsoft HoloLens, the neurosurgeon was able to visualize the preoperative CT-generated holograms of the surgical plan and perform EVD placement by keeping the catheter aligned with the holographic trajectory. Fifteen patients who had undergone classic freehand EVD insertion were retrospectively included as controls. The feasibility and accuracy of the hologram-guided technique were evaluated by comparing the time required, number of passes, and target deviation for hologram-guided EVD placement with those for classic freehand EVD insertion. Surgical planning and hologram visualization were performed in all 15 cases in which EVD insertion involved holographic guidance. No adverse events related to the hologram-guided procedures were observed. The mean ± SD additional time before the surgical part of the procedure began was 40.20 ± 10.74 minutes. The average number of passes was 1.07 ± 0.258 in the holographic guidance group, compared with 2.33 ± 0.98 in the control group (p < 0.01). The mean target deviation was 4.34 ± 1.63 mm in the holographic guidance group and 11.26 ± 4.83 mm in the control group (p < 0.01). This study demonstrates the use of a head-mounted mixed-reality holographic computer to successfully perform hologram-assisted bedside EVD insertion. A full set of clinically applicable workflow images is presented to show how medical imaging data can be used by the neurosurgeon to visualize patient-specific holograms that can intuitively guide hands-on operation. The authors also provide preliminary confirmation of the feasibility and accuracy of this hologram-guided EVD insertion technique.",Ye Li; Xiaolei Chen; Ning Wang; Wenyao Zhang; Dawei Li; Lei Zhang; Xin Qu; Weitao Cheng; Yueqiao Xu; Wenjin Chen; Qiumei Yang,Journal of neurosurgery,2019,Journal Article,eng,retrieved,UNCERTAIN_REQUIRES_SCREENING,TITLE_ABSTRACT_REVIEW_REQUIRED,,,,,,,,
6828,TA-28,30479606,,New Solutions for the Sample Transport and Results Delivery: A Digital Lab.,"The consolidation of laboratories, the evolution to integrated care network as well as an environment of consumerization are disrupting laboratory services and operations. The switch to SMART (Speed Metrics Automation Remote Technologies) digital laboratories based health ecosystems depends on several prerequisites for successes. Intelligent processes, integration of big data and real-time data management, automation, blockchain, Internet of things and enhancement of user experiences are key element of the smart digital laboratory. Safety, security and cost-effectiveness are pillars for the credibility and transferability of such smart digital laboratory environment. This transforming ecosystem will also trigger novel human - machine interfaces and we will be the gatekeepers for this new ""click to brick"" ecosystem.",Damien Gruson,EJIFCC,2018,Journal Article,eng,retrieved,UNCERTAIN_REQUIRES_SCREENING,TITLE_ABSTRACT_REVIEW_REQUIRED,,,,,,,,
6829,TA-28,30479360,10.1038/s41598-018-35563-5,Clinical Utility of Intraoperative Tympanomastoidectomy Assessment Using a Surgical Microscope Integrated with an Optical Coherence Tomography.,"Significant technical and optical advances are required for intraoperative optical coherence tomography (OCT) to be utilized during otological surgeries. Integrating OCT with surgical microscopy makes it possible to evaluate soft tissue in real-time and at a high resolution. Herein, we describe an augmented-reality, intraoperative OCT/microscope system with an extended working distance of 280 mm, providing more space for surgical manipulation than conventional techniques. We initially performed ex vivo experiments to evaluate system performance. In addition, we validated the system by performing preliminary clinical assessments of tympanomastoidectomy outcomes in six patients with chronic otitis media. The system evaluated residual inflammation in the region-of-interest of the mastoid bone. Most importantly, the system intraoperatively revealed the connection between the graft and the remnant tympanic membrane. The extended working distance allows otological surgeons to evaluate the status of both the mastoid bone and tympanic membrane during manipulation, affording full intraoperative imaging.",Jaeyul Lee; Ruchire Eranga Wijesinghe; Deokmin Jeon; Pilun Kim; Yun-Hoon Choung; Jeong Hun Jang; Mansik Jeon; Jeehyun Kim,Scientific reports,2018,"Evaluation Study; Journal Article; Research Support, Non-U.S. Gov't",eng,retrieved,UNCERTAIN_REQUIRES_SCREENING,TITLE_ABSTRACT_REVIEW_REQUIRED,,,,,,,,
6830,TA-28,30479270,10.7554/eLife.37841,Augmented reality powers a cognitive assistant for the blind.,"To restore vision for the blind, several prosthetic approaches have been explored that convey raw images to the brain. So far, these schemes all suffer from a lack of bandwidth. An alternate approach would restore vision at the cognitive level, bypassing the need to convey sensory data. A wearable computer captures video and other data, extracts important scene knowledge, and conveys that to the user in compact form. Here, we implement an intuitive user interface for such a device using augmented reality: each object in the environment has a voice and communicates with the user on command. With minimal training, this system supports many aspects of visual cognition: obstacle avoidance, scene understanding, formation and recall of spatial memories, navigation. Blind subjects can traverse an unfamiliar multi-story building on their first attempt. To spur further development in this domain, we developed an open-source environment for standardized benchmarking of visual assistive devices.",Yang Liu; Noelle Rb Stiles; Markus Meister,eLife,2018,"Journal Article; Research Support, Non-U.S. Gov't",eng,retrieved,UNCERTAIN_REQUIRES_SCREENING,TITLE_ABSTRACT_REVIEW_REQUIRED,,,,,,,,
6831,TA-28,30475432,10.1002/bmb.21188,A practical guide to developing virtual and augmented reality exercises for teaching structural biology.,"Although virtual and augmented reality (VR and AR) techniques have been used extensively in specialized laboratories, only recently did they become affordable, reaching wider consumer markets. With increased availability, it is timely to examine the roles that VR and AR may play in teaching structural biology and in experiencing complex data sets such as macromolecular structures. This guide is suitable for those teachers of structural biology who do not have a deep knowledge of information technologies. This study focuses on three questions: 1) How can teachers of structural biology produce and disseminate VR/AR-ready educational material with established and user-friendly software tools?; 2) What are the positive and negative experiences reported by test participants when performing identical learning tasks in the VR and AR environments?; and 3) How do the test participants perceive prerecorded narration during VR/AR exploration? © 2018 International Union of Biochemistry and Molecular Biology, 47(1):16-24, 2018.",Maria-Jose Garcia-Bonete; Maja Jensen; Gergely Katona,Biochemistry and molecular biology education : a bimonthly publication of the International Union of Biochemistry and Molecular Biology,2019,"Journal Article; Research Support, Non-U.S. Gov't",eng,retrieved,UNCERTAIN_REQUIRES_SCREENING,TITLE_ABSTRACT_REVIEW_REQUIRED,,,,,,,,
6832,TA-28,30474783,10.1007/s11255-018-2037-0,Feasibility of a novel technique using 3-dimensional modeling and augmented reality for access during percutaneous nephrolithotomy in two different ex-vivo models.,"We describe a novel technique that uses mathematical calculation software, 3-dimensional (3D) modeling and augmented reality (AR) technology for access during percutaneous nephrolithotomy (PCNL) and report our first preliminary results in two different ex-vivo models. Novel software was created in order to calculate access point and angle by using pre-operative computed tomography (CT) obtained in 50 patients. Two scans, 27 s and 10 min after injection of contrast agent, were taken in prone PCNL position. By using DICOM objects, mathematical and software functions were developed to measure distance of stone from reference electrodes. Vectoral 3D modeling was performed to calculate the access point, direction angle and access angle. With specific programs and AR, 3D modeling was placed virtually onto real object, and the calculated access point and an access needle according to the calculated direction angle and access angle were displayed virtually on the object on the screen of tablet. The system was tested on two different models-a stone placed in a gel cushion, and a stone inserted in a bovine kidney that was placed in a chicken-for twice, and correct access point and angle were achieved at every time. Accuracy of insertion of needle was checked by feeling crepitation on stone surface and observing tip of needle touching stone in a control CT scan. This novel device, which uses software-based mathematical calculation, 3D modeling and AR, seems to ensure a correct access point and angle for PCNL. Further research is required to test its accuracy and safety in humans.",Murat Akand; Levent Civcik; Ahmet Buyukaslan; Emre Altintas; Erdinc Kocer; Mustafa Koplay; Tibet Erdogru,International urology and nephrology,2019,Journal Article,eng,retrieved,UNCERTAIN_REQUIRES_SCREENING,TITLE_ABSTRACT_REVIEW_REQUIRED,,,,,,,,
6833,TA-28,30469637,10.1364/OE.26.025347,Design method of nonsymmetric imaging systems consisting of multiple flat phase elements.,"Imaging systems consisting of flat phase elements can realize the same functions and applications of conventional geometric optical systems, as well as the ones using aspherical or freeform optics, but can achieve more compactness, lighter-weight and easier-alignment. In addition, it is easy to integrate multiple phase elements into a single flat element. Here we propose a novel design method and realize the design of off-axis nonsymmetric imaging systems consisting of multiple flat phase elements. Compared with other traditional design methods of phase elements, the whole design process starts from an initial system using simple true geometric planes. The phase profiles or functions are generated point-by-point directly based on the given system specifications and configuration. In comparison with other direct or point-by-point design methods of flat phase elements, the rays of multiple fields and pupil positions are employed in the design framework. Closed-form phase functions of multiple flat elements are designed quickly and effectively by connecting and integrating the real three-dimensional space and the phase function space. This method can be taken as a fast phase retrieval method to some degree. To demonstrate the feasibility of the proposed design method, we present a high-performance compact system as design example. The design method and framework depicted in this paper can be applied in many areas, such as virtual reality (VR) and augmented reality (AR), miniature cameras, high-performance telescopy, microscopy, and illumination design.",Tong Yang; Dewen Cheng; Yongtian Wang,Optics express,2018,Journal Article,eng,retrieved,UNCERTAIN_REQUIRES_SCREENING,TITLE_ABSTRACT_REVIEW_REQUIRED,,,,,,,,
6834,TA-28,30468543,10.1002/adma.201805555,Mitigating Chromatic Dispersion with Hybrid Optical Metasurfaces.,"Metasurfaces control various properties of light via scattering across a large number of subwavelength-spaced nanostructures. Although metasurfaces appear to be ideal photonic platforms for realizing and designing miniaturized devices, their chromatic aberrations have hindered the large-scale deployment of this technology in numerous applications. Wavelength-dependent diffraction and resonant scattering effects usually limit their working operation wavelengths. In refractive optics, chromatic dispersion is a significant problem and is generally treated by cascading multiple lenses into achromatic doublets, triplets, and so on. Recently, broadband achromatic metalenses in the visible have been proposed to circumvent chromatic aberration but their throughput efficiency is still limited. Here, the dispersion of refractive components is corrected by leveraging the inherent dispersion of metasurfaces. Hybrid refractive-metasurface devices, with nondispersive refraction in the visible, are experimentally demonstrated. The dispersion of this hybrid component, characterized by using a Fourier plane imaging microscopy setup, is essentially achromatic over about 150 nm in the visible. Broadband focusing with composite plano-convex metasurface lenses is also proposed. These devices could find applications in numerous consumer optics, augmented reality components, and all applications including imaging for which monochromatic performance is not sufficient.",Rajath Sawant; Purva Bhumkar; Alexander Y Zhu; Peinan Ni; Federico Capasso; Patrice Genevet,"Advanced materials (Deerfield Beach, Fla.)",2019,Journal Article,eng,retrieved,UNCERTAIN_REQUIRES_SCREENING,TITLE_ABSTRACT_REVIEW_REQUIRED,,,,,,,,
6835,TA-28,30464849,10.1049/htl.2018.5076,Concepts for augmented reality visualisation to support needle guidance inside the MRI.,"During MRI-guided interventions, navigation support is often separated from the operating field on displays, which impedes the interpretation of positions and orientations of instruments inside the patient's body as well as hand-eye coordination. To overcome these issues projector-based augmented reality can be used to support needle guidance inside the MRI bore directly in the operating field. The authors present two visualisation concepts for needle navigation aids which were compared in an accuracy and usability study with eight participants, four of whom were experienced radiologists. The results show that both concepts are equally accurate ( 2.0 ± 0.6 and 1.7 ± 0.5  mm  ), useful and easy to use, with clear visual feedback about the state and success of the needle puncture. For easier clinical applicability, a dynamic projection on moving surfaces and organ movement tracking are needed. For now, tests with patients with respiratory arrest are feasible.",André Mewes; Florian Heinrich; Bennet Hensen; Frank Wacker; Kai Lawonn; Christian Hansen,Healthcare technology letters,2018,Journal Article,eng,retrieved,UNCERTAIN_REQUIRES_SCREENING,TITLE_ABSTRACT_REVIEW_REQUIRED,,,,,,,,
6836,TA-28,30464847,10.1049/htl.2018.5072,Augmented reality in computer-assisted interventions based on patient-specific 3D printed reference.,"Augmented reality (AR) can be an interesting technology for clinical scenarios as an alternative to conventional surgical navigation. However, the registration between augmented data and real-world spaces is a limiting factor. In this study, the authors propose a method based on desktop three-dimensional (3D) printing to create patient-specific tools containing a visual pattern that enables automatic registration. This specific tool fits on the patient only in the location it was designed for, avoiding placement errors. This solution has been developed as a software application running on Microsoft HoloLens. The workflow was validated on a 3D printed phantom replicating the anatomy of a patient presenting an extraosseous Ewing's sarcoma, and then tested during the actual surgical intervention. The application allowed physicians to visualise the skin, bone and tumour location overlaid on the phantom and patient. This workflow could be extended to many clinical applications in the surgical field and also for training and simulation, in cases where hard body structures are involved. Although the authors have tested their workflow on AR head mounted display, they believe that a similar approach can be applied to other devices such as tablets or smartphones.",Rafael Moreta-Martinez; David García-Mato; Mónica García-Sevilla; Rubén Pérez-Mañanes; José Calvo-Haro; Javier Pascau,Healthcare technology letters,2018,Journal Article,eng,retrieved,UNCERTAIN_REQUIRES_SCREENING,TITLE_ABSTRACT_REVIEW_REQUIRED,,,,,,,,
6837,TA-28,30464846,10.1049/htl.2018.5069,Augmented reality guidance in cerebrovascular surgery using microscopic video enhancement.,"Cerebrovascular surgery treats vessel abnormalities in the brain and spinal cord, including arteriovenous malformations (AVMs) and aneurysms. These procedures often involve clipping the vessels feeding blood to these abnormalities, making accurate classification of blood vessel types (feeding versus draining) important during surgery. Previous work to guide the intraoperative identification of the vessels included augmented reality (AR) using pre-operative images, injected dyes, and Doppler ultrasound, but each with their drawbacks. The authors propose and demonstrate a novel technique to help differentiate vessels by enhancing short videos of a few seconds from the surgical microscope using motion magnification and spectral analysis, and constructing AR views that fuse the analysis results as intuitive colourmaps and the surgical microscopic view. They demonstrated the proposed technique retrospectively with two real cerebrovascular surgical cases: one AVM and one aneurysm. The results showed that the proposed technique can help characterise different vessel types (feeding and draining the abnormality), which agree with those identified by the operating surgeon.",Reid Vassallo; Hidetoshi Kasuya; Benjamin W Y Lo; Terry Peters; Yiming Xiao,Healthcare technology letters,2018,Journal Article,eng,retrieved,UNCERTAIN_REQUIRES_SCREENING,TITLE_ABSTRACT_REVIEW_REQUIRED,,,,,,,,
6838,TA-28,30464844,10.1049/htl.2018.5066,Augmented reality-based feedback for technician-in-the-loop C-arm repositioning.,"Interventional C-arm imaging is crucial to percutaneous orthopedic procedures as it enables the surgeon to monitor the progress of surgery on the anatomy level. Minimally invasive interventions require repeated acquisition of X-ray images from different anatomical views to verify tool placement. Achieving and reproducing these views often comes at the cost of increased surgical time and radiation. We propose a marker-free 'technician-in-the-loop' Augmented Reality (AR) solution for C-arm repositioning. The X-ray technician operating the C-arm interventionally is equipped with a head-mounted display system capable of recording desired C-arm poses in 3D via an integrated infrared sensor. For C-arm repositioning to a target view, the recorded pose is restored as a virtual object and visualized in an AR environment, serving as a perceptual reference for the technician. Our proof-of-principle findings from a simulated trauma surgery indicate that the proposed system can decrease the 2.76 X-ray images required for re-aligning the scanner with an intra-operatively recorded C-arm view down to zero, suggesting substantial reductions of radiation dose. The proposed AR solution is a first step towards facilitating communication between the surgeon and the surgical staff, improving the quality of surgical image acquisition, and enabling context-aware guidance for surgery rooms of the future.",Mathias Unberath; Javad Fotouhi; Jonas Hajek; Andreas Maier; Greg Osgood; Russell Taylor; Mehran Armand; Nassir Navab,Healthcare technology letters,2018,Journal Article,eng,retrieved,UNCERTAIN_REQUIRES_SCREENING,TITLE_ABSTRACT_REVIEW_REQUIRED,,,,,,,,
6839,TA-28,30461916,10.1364/AO.57.008508,Real-time layer-based computer-generated hologram calculation for the Fourier transform optical system.,"With the growing interest for augmented reality devices, holography is often considered as a promising technology to overcome the focus issues of conventional stereoscopic displays. To enlarge the field of view of holographic head-mounted displays, a Fourier transform optical system (FTOS) has been proposed. However, since the scene geometry is distorted by the FTOS, it is necessary to compensate the position of each scene point during the hologram computation, resulting in long calculation times. In this paper, we propose a real-time computer-generated hologram calculation method for the FTOS. Whereas previously proposed methods used a ray-tracing approach to compensate the distortion induced by the FTOS, our proposed method relies on a layer-based approach. Experimental results show that our method is able to compute holograms of resolution (3840×2160) in real time at 24 frames per second, enabling its use in augmented reality applications.",Antonin Gilles; Patrick Gioia,Applied optics,2018,Journal Article,eng,retrieved,UNCERTAIN_REQUIRES_SCREENING,TITLE_ABSTRACT_REVIEW_REQUIRED,,,,,,,,
6840,TA-28,30461746,10.1364/AO.57.009625,Research of the three-dimensional tracking and registration method based on multiobjective constraints in an AR system.,"To match the virtual image and actual environment in an augmented reality (AR) system, it is necessary to complete the task of three-dimensional (3D) tracking registration. This paper proposes a new method for 3D tracking registration. Previous methods extract feature points in images to realize tracking registration. In this paper, the objects are extracted from the deep convolution neural network in the scene, and the camera pose is estimated by establishing the constraint relation of the objects. Then, 3D tracking and registration of the virtual object are realized. We design an improved single-shot multibox detector semantic segmentation network to identify and segment the scene and extract the pixel classification results of the objects in the scene. The effect of classification with this method is better. The depth of the extracted object is estimated based on the data from the left and right cameras, and the 2D image is converted into a 3D point cloud. A camera pose estimation method, combined with multiobjective information, is proposed. The camera transformation matrix is directly estimated by establishing a mathematical model. This method avoids the effect on the accuracy of the camera pose estimation when the feature points are not sufficient. Moreover, by assigning different weights to the point clouds of different objects, errors caused by the model can be reduced. The experimental results showed that the 3D registration method proposed in this paper is less than 2.5 pixels in the application scene of an augmented reality head-up display. This method had a better effect compared with that of existing methods and also improved driving safety.",Zhe An; Xiping Xu; Jinhua Yang; Yang Liu; Yuxuan Yan,Applied optics,2018,Journal Article,eng,retrieved,UNCERTAIN_REQUIRES_SCREENING,TITLE_ABSTRACT_REVIEW_REQUIRED,,,,,,,,
6841,TA-28,30460123,10.1364/BOE.9.005205,Perception enhancement using importance-driven hybrid rendering for augmented reality based endoscopic surgical navigation.,"Misleading depth perception may greatly affect the correct identification of complex structures in image-guided surgery. In this study, we propose a novel importance-driven hybrid rendering method to enhance perception for navigated endoscopic surgery. First, the volume structures are enhanced using gradient-based shading to reduce the color information in low-priority regions and improve the distinctions between complicated structures. Second, an importance sorting method based on the order-independent transparency rendering is introduced to intensify the perception of multiple surfaces. Third, volume data are adaptively truncated and emphasized with respect to the perspective orientation and the illustration of critical information for viewing range extension. Various experimental results prove that with the combination of volume and surface rendering, our method can effectively improve the depth distinction of multiple objects both in simulated and clinical scenes. Our importance-driven surface rendering method demonstrates improved average performance and statistical significance as rated by 15 participants (five clinicians and ten non-clinicians) on a five-point Likert scale. Further, the average frame rate of hybrid rendering with thin-layer sectioning reaches 42 fps. Given that the process of the hybrid rendering is fully automatic, it can be utilized in real-time surgical navigation to improve the rendering efficiency and information validity.",Yakui Chu; Xu Li; Xilin Yang; Danni Ai; Yong Huang; Hong Song; Yurong Jiang; Yongtian Wang; Xiaohong Chen; Jian Yang,Biomedical optics express,2018,Journal Article,eng,retrieved,UNCERTAIN_REQUIRES_SCREENING,TITLE_ABSTRACT_REVIEW_REQUIRED,,,,,,,,
6842,TA-28,30459681,10.3389/fpsyg.2018.02086,"The Past, Present, and Future of Virtual and Augmented Reality Research: A Network and Cluster Analysis of the Literature.","The recent appearance of low cost virtual reality (VR) technologies - like the Oculus Rift, the HTC Vive and the Sony PlayStation VR - and Mixed Reality Interfaces (MRITF) - like the Hololens - is attracting the attention of users and researchers suggesting it may be the next largest stepping stone in technological innovation. However, the history of VR technology is longer than it may seem: the concept of VR was formulated in the 1960s and the first commercial VR tools appeared in the late 1980s. For this reason, during the last 20 years, 100s of researchers explored the processes, effects, and applications of this technology producing 1000s of scientific papers. What is the outcome of this significant research work? This paper wants to provide an answer to this question by exploring, using advanced scientometric techniques, the existing research corpus in the field. We collected all the existent articles about VR in the Web of Science Core Collection scientific database, and the resultant dataset contained 21,667 records for VR and 9,944 for augmented reality (AR). The bibliographic record contained various fields, such as author, title, abstract, country, and all the references (needed for the citation analysis). The network and cluster analysis of the literature showed a composite panorama characterized by changes and evolutions over the time. Indeed, whether until 5 years ago, the main publication media on VR concerned both conference proceeding and journals, more recently journals constitute the main medium of communication. Similarly, if at first computer science was the leading research field, nowadays clinical areas have increased, as well as the number of countries involved in VR research. The present work discusses the evolution and changes over the time of the use of VR in the main areas of application with an emphasis on the future expected VR's capacities, increases and challenges. We conclude considering the disruptive contribution that VR/AR/MRITF will be able to get in scientific fields, as well in human communication and interaction, as already happened with the advent of mobile phones by increasing the use and the development of scientific applications (e.g., in clinical areas) and by modifying the social communication and interaction among people.",Pietro Cipresso; Irene Alice Chicchi Giglioli; Mariano Alcañiz Raya; Giuseppe Riva,Frontiers in psychology,2018,Journal Article,eng,retrieved,UNCERTAIN_REQUIRES_SCREENING,TITLE_ABSTRACT_REVIEW_REQUIRED,,,,,,,,
6843,TA-28,30452787,10.1002/ase.1822,The Use of Augmented Reality Technology in Medical Specimen Museum Tours.,"Human anatomical specimen museums are commonly used by medical, nursing, and paramedical students. Through dissection and prosection, the specimens housed in these museums allow students to appreciate the complex relationships of organs and structures in more detail than textbooks could provide. However, it may be difficult for students, particularly novices, to identify the various parts of these anatomical structures without additional explanations from a docent or supplemental illustrations. Recently, augmented reality (AR) has been used in many museum exhibits to display virtual objects in videos captured from the real world. This technology can significantly enhance the learning experience. In this study, three AR-based support systems for tours in medical specimen museums were developed, and their usability and effectiveness for learning were examined. The first system was constructed using an AR marker. This system could display virtual label information for specimens by capturing AR markers using a tablet camera. Individual AR markers were required for all specimens, but their presence in and on the prosected specimens could also be obtrusive. The second system was developed to set the specimen image itself as an image marker, as most specimens were displayed in cross section. Visitors could then obtain the label information presented by AR without any markers intruding on the display or anatomical specimens. The third system was comprised of a head-mounted display combined with a natural click interface. The system could provide visitors with an environment for the natural manipulation of virtual objects with future scalability.",Atsushi Sugiura; Toshihiro Kitama; Masahiro Toyoura; Xiaoyang Mao,Anatomical sciences education,2019,Evaluation Study; Journal Article,eng,retrieved,UNCERTAIN_REQUIRES_SCREENING,TITLE_ABSTRACT_REVIEW_REQUIRED,,,,,,,,
6844,TA-28,30447128,10.1002/rcs.1969,A hand-eye calibration method for augmented reality applied to computer-assisted orthopedic surgery.,"Augmented reality (AR) allows the surgeon to represent holographic patient-specific anatomical information and surgical instruments in the physical world. To correctly superimpose virtual and physical objects, a hand-eye (HE) calibration method for mapping the virtual and physical spaces was proposed. Mathematical relationships between the virtual camera and the physical space were derived. Finally, the accuracy and robustness of the proposed HE calibration method were qualitatively and quantitatively evaluated. The proposed calibration method allows us to determine an optimal invariant spatiotemporal mapping between the virtual camera and the physical space. Qualitatively and quantitatively reliable and accurate estimates for the physical-virtual mapping transformation were verified. Consequently, imaging data and surgical instruments holograms can be precisely represented in the physical space.",Marcelo E de Oliveira; Henrique G Debarba; Alexandre Lädermann; Sylvain Chagué; Caecilia Charbonnier,The international journal of medical robotics + computer assisted surgery : MRCAS,2019,Journal Article,eng,retrieved,UNCERTAIN_REQUIRES_SCREENING,TITLE_ABSTRACT_REVIEW_REQUIRED,,,,,,,,
6845,TA-28,30443429,10.4258/hir.2018.24.4.394,Augmented Reality to Localize Individual Organ in Surgical Procedure.,"Augmented reality (AR) technology has become rapidly available and is suitable for various medical applications since it can provide effective visualization of intricate anatomical structures inside the human body. This paper describes the procedure to develop an AR app with Unity3D and Vuforia software development kit and publish it to a smartphone for the localization of critical tissues or organs that cannot be seen easily by the naked eye during surgery. In this study, Vuforia version 6.5 integrated with the Unity Editor was installed on a desktop computer and configured to develop the Android AR app for the visualization of internal organs. Three-dimensional segmented human organs were extracted from a computerized tomography file using Seg3D software, and overlaid on a target body surface through the developed app with an artificial marker. To aid beginners in using the AR technology for medical applications, a 3D model of the thyroid and surrounding structures was created from a thyroid cancer patient's DICOM file, and was visualized on the neck of a medical training mannequin through the developed AR app. The individual organs, including the thyroid, trachea, carotid artery, jugular vein, and esophagus were localized by the surgeon's Android smartphone. Vuforia software can help even researchers, students, or surgeons who do not possess computer vision expertise to easily develop an AR app in a user-friendly manner and use it to visualize and localize critical internal organs without incision. It could allow AR technology to be extensively utilized for various medical applications.",Dongheon Lee; Jin Wook Yi; Jeeyoung Hong; Young Jun Chai; Hee Chan Kim; Hyoun-Joong Kong,Healthcare informatics research,2018,Journal Article,eng,retrieved,UNCERTAIN_REQUIRES_SCREENING,TITLE_ABSTRACT_REVIEW_REQUIRED,,,,,,,,
6846,TA-28,30442057,10.1080/13645706.2018.1544568,Intraarterial indocyanine green (ICG) fluorescence augmentation by marking embryonal resection areas in colorectal surgery: a feasibility study in a porcine model.,"Aim: In this pilot animal study we examined whether it is possible to visualize the embryonal resection layers by using intraarterial indocyanine green (ICG) staining when performing total mesorectal excision (TME) for carcinoma of the rectum. Material and methods: We injected ICG into the inferior mesenteric artery (AMI) of four swines to see whether the watershed area of the arterial supply zone can be sufficiently visualized by fluorescence imaging in order to mark the right dissection area along the fascia parietalis before and during resection. Results: We observed a fluorescence signal in all the supplied areas of AMI but not in other parts of the abdominal cavity or other organs. Additionally, the mesorectum also showed a sharp border between colored and non-colored tissue. Conclusion: In this study we present that resection borders may be determined before resection based on ICG-perfusion and we showed that intraoperative exclusive coloring of the rectum including the mesorectum is possible. Visualizing resection borders based on ICG-perfusion before settling the first cut may be a new approach in oncological surgery.",Christian Heiliger; Jerzy Piecuch; Alexander Frank; Dorian Andrade; Viktor Von Ehrlich-Treuenstätt; Tobias Schiergens; Markus Rentsch; Jens Werner; Konrad Karcz,Minimally invasive therapy & allied technologies : MITAT : official journal of the Society for Minimally Invasive Therapy,2019,Journal Article,eng,retrieved,UNCERTAIN_REQUIRES_SCREENING,TITLE_ABSTRACT_REVIEW_REQUIRED,,,,,,,,
6847,TA-28,30441288,10.1109/EMBC.2018.8513357,HOLOBALANCE: An Augmented Reality virtual trainer solution forbalance training and fall prevention.,"Balance disorders affect a large number of older people, leading to falls. To promote independence, self-care and the quality of living of the long-lived population, an innovative solution is devoped to act as a virtual trainer for people that suffer from vestibular dysfunction related balance disorders. Our solution offers a virtual balance therapy, supported by Information and Communication Technology devices, to monitor user's activity during the day and provide real time feedback for the correct execution of physiotherapy exercises. Wearable sensors are utilized to monitor user activity, while during the execution of exercises, cameras are used to track the body of the user. An Augmented Reality headset is used to project the virtual trainer's 3D avatar in front of the user, providing real time guidance for the correct execution of the exercises.",I Kouris; M Sarafidis; T Androutsou; D Koutsouris,Annual International Conference of the IEEE Engineering in Medicine and Biology Society. IEEE Engineering in Medicine and Biology Society. Annual International Conference,2018,"Journal Article; Research Support, Non-U.S. Gov't",eng,retrieved,UNCERTAIN_REQUIRES_SCREENING,TITLE_ABSTRACT_REVIEW_REQUIRED,,,,,,,,
6848,TA-28,30441249,10.1109/EMBC.2018.8513387,Can Mixed-Reality Improve the Training of Medical Procedures?,"One cause of preventable death is a lack of proper skills for providing critical care. The conventional course taught to non-medical individuals involves instructions of advanced emergency procedures routinely limited to a verbal block of instructions in a standardized presentation (for example, an instructional video).In the present study, we evaluate the benefits of using an OST-HMD for training of caregivers in an emergency medical environment. A rich user interface was implemented that provides 3D visual aids including images, text and tracked 3D overlays corresponding to each task that needs to be performed. A user study with 20 participants is conducted which involves training of two tasks where each subject performs one task with the HMD and the other with standard training. Two evaluations were performed, with the first immediately after the training followed by a second one three weeks later. Our results indicate that using a mixed reality HMD is more engaging, improves the time-on-task, and increases the confidence level of users in providing emergency and critical care.",Ehsan Azimi; Alexander Winkler; Emerson Tucker; Long Qian; Jayfus Doswell; Nassir Navab; Peter Kazanzides,Annual International Conference of the IEEE Engineering in Medicine and Biology Society. IEEE Engineering in Medicine and Biology Society. Annual International Conference,2018,"Journal Article; Research Support, U.S. Gov't, Non-P.H.S.",eng,retrieved,UNCERTAIN_REQUIRES_SCREENING,TITLE_ABSTRACT_REVIEW_REQUIRED,,,,,,,,
6849,TA-28,30440831,10.1109/EMBC.2018.8512668,The Helping Hand: An Assistive Manipulation Framework Using Augmented Reality and Tongue-Drive Interfaces.,A human-in-the-loop system is proposed to enable collaborative manipulation tasks for person with physical disabilities. Studies show that the cognitive burden of subject reduces with increased autonomy of assistive system. Our framework obtains high-level intent from the user to specify manipulation tasks. The system processes sensor input to interpret the user's environment. Augmented reality glasses provide ego-centric visual feedback of the interpretation and summarize robot affordances on a menu. A tongue drive system serves as the input modality for triggering a robotic arm to execute the tasks. Assistance experiments compare the system to Cartesian control and to state-of-the-art approaches. Our system achieves competitive results with faster completion time by simplifying manipulation tasks.,Fu-Jen Chu; Ruinian Xu; Zhenxuan Zhang; Patricio A Vela; Maysam Ghovanloo,Annual International Conference of the IEEE Engineering in Medicine and Biology Society. IEEE Engineering in Medicine and Biology Society. Annual International Conference,2018,"Journal Article; Research Support, U.S. Gov't, Non-P.H.S.",eng,retrieved,UNCERTAIN_REQUIRES_SCREENING,TITLE_ABSTRACT_REVIEW_REQUIRED,,,,,,,,
6850,TA-28,30440543,10.1109/EMBC.2018.8512332,"Instrumentation of Surgical Tools To Measure Load and Position During Incision, Tissue Retraction, and Suturing.","The characterization of soft tissue interaction with surgical tools is critical for authentic surgical simulations and accurate robotic-assisted surgery. Virtual and augmented reality are often used to simulate surgical procedures with haptic feedback to increase the sense of reality. Haptic simulations require models with parameters based on real tissue data. The accuracy of haptic feedback can be increased when the mechanics of the interaction between tool and tissue is better understood. Several foundational surgical tools were instrumented to acquire such data for a variety of applications. Presented here are a set of modular tools and software built to expand the scope of surgical procedures for which comprehensive training data for surgical simulators are desired. In a demonstration, the system measured loads in 6 degrees-of-freedom and position and orientation in relation to a cadaver leg. Additionally, the tools were designed with modularity to accommodate adaptation for additional tools not used in this study.",Tyler Schimmoeller; Ki-Hyun Cho; Robb Colbrunn; Tara Nagle; Erica Neumann; Ahmet Erdemir,Annual International Conference of the IEEE Engineering in Medicine and Biology Society. IEEE Engineering in Medicine and Biology Society. Annual International Conference,2018,"Journal Article; Research Support, U.S. Gov't, Non-P.H.S.",eng,retrieved,UNCERTAIN_REQUIRES_SCREENING,TITLE_ABSTRACT_REVIEW_REQUIRED,,,,,,,,
6851,TA-28,30439735,10.1097/SCS.0000000000004899,"Telementoring Demonstration in Craniofacial Surgery With HoloLens, Skype, and Three-Layer Facial Models.","Telementoring is the technology for providing surgical instruction from a remote place via a network. To demonstrate the use of telementoring in craniofacial surgery, Skype and a mixed reality device HoloLens were adopted, and 3-layer facial models had been developed. A resident in hospital A used the model surgery under remote guidance by a mentor surgeon in hospital B 4 times on different dates. The straight-line between hospitals A and B is 250 km. The mentor gave the resident guidance via Skype and HoloLens, communicating by voice, and video of the surgical field, and providing reference data. There was no delay in voice communication and a delay of <0.5 seconds in the video. The resident was able to confirm the main landmarks of the surgical field and to grasp the situation without problems. The mentor could send appropriate instructions by voice, could point out a specific part by telestration function, and could draw lines on the 2-dimentional images pasted on the operator's field of vision. With the use of HoloLens, Skype, and the 3-layer models, it was possible to demonstrate telementoring. The risk of personal information leakage due to data interception seems to be very low because its data communication is encrypted with advanced encryption standard. This telementoring system has various advantages and many improvable aspects in the field of craniofacial surgery.",Daisuke Mitsuno; Yuka Hirota; Jun Akamatsu; Hiromi Kino; Toyoko Okamoto; Koichi Ueda,The Journal of craniofacial surgery,2019,Journal Article,eng,retrieved,UNCERTAIN_REQUIRES_SCREENING,TITLE_ABSTRACT_REVIEW_REQUIRED,,,,,,,,
6852,TA-28,30430349,10.3758/s13428-018-1162-0,"""Real-life"" continuous flash suppression (CFS)-CFS with real-world objects using augmented reality goggles.","Continuous flash suppression (CFS) is a popular method for suppressing visual stimuli from awareness for relatively long periods. Thus far, this method has only been used for suppressing two-dimensional images presented on screen. We present a novel variant of CFS, termed ""real-life"" CFS, in which a portion of the actual immediate surroundings of an observer-including three-dimensional, real-life objects-can be rendered unconscious. Our method uses augmented reality goggles to present subjects with CFS masks to the dominant eye, leaving the nondominant eye exposed to the real world. In three experiments we demonstrated that real objects can indeed be suppressed from awareness for several seconds, on average, and that the suppression duration is comparable to that obtained using classic, on-screen CFS. As supplementary information, we further provide an example of experimental code that can be modified for future studies. This technique opens the way to new questions in the study of consciousness and its functions.",Uri Korisky; Rony Hirschhorn; Liad Mudrik,Behavior research methods,2019,"Journal Article; Research Support, Non-U.S. Gov't",eng,retrieved,UNCERTAIN_REQUIRES_SCREENING,TITLE_ABSTRACT_REVIEW_REQUIRED,,,,,,,,
6853,TA-28,30428866,10.1186/s12913-018-3657-x,Understanding how to improve physicians' paradigms for prescribing antibiotics by using a conceptual design framework: a qualitative study.,"Antimicrobial resistance (AMR) is a growing public health threat. Primary care physicians are important inducers of the overuse of antimicrobials and inappropriate prescribing. Augmented reality (AR) might provide a potential educational tool in health care. The aim of this study was to identify the need for education and expectations for AR-based education in the context of improving the rational use of antibiotics by primary care physicians in China. The study used a qualitative approach based on face-to-face interviews with eleven physicians from three community health service centers and stations in China. We used a hybrid thematic analysis approach to analyze the interview data. A conceptual design framework, mobile augmented reality education (MARE), guided the work. The physicians' personal prescription paradigms included problems regarding the way they diagnosed and chose treatments and prescriptions. Although the physicians mentioned that they should not treat patients with antibiotics without proof of a bacterial infection, in practice, they often did not wait for necessary test results before they prescribed antibiotics. It was also revealed that they often experienced difficulties when trying to convince patients to follow non-antibiotic treatments. Physicians' prescription of antibiotics was based on three different paths: if they thought there was a bacterial infection, if they thought preventing additional possible infections for the patient to be necessary; and if the patients requested antibiotics. The physicians expressed various learning needs for the rational use of antibiotics, and their expectations of an AR-based educational intervention included suggestions for contents, learning assets, learning environments and learning activities. The results showed that the physicians were not only unfamiliar with national guidelines on the use of antibiotics and local AMR patterns but also had personal paradigm issues related to the physicians' decision making. Moreover, the physicians provided meaningful insights into and expectations for possible AR-based education on AMR. In this article, we demonstrate how to apply the MARE framework to analyze the needs of educational interventions for rational use of antibiotics.",Egui Zhu; Uno Fors; Åsa Smedberg,BMC health services research,2018,Journal Article,eng,retrieved,UNCERTAIN_REQUIRES_SCREENING,TITLE_ABSTRACT_REVIEW_REQUIRED,,,,,,,,
6854,TA-28,30427952,10.11607/jomi.6638,Evaluation of the 3D Augmented Reality-Guided Intraoperative Positioning of Dental Implants in Edentulous Mandibular Models.,"This research aimed to propose a three-dimensional (3D) augmented reality navigation method with point cloud-based image-patient registration that could merge virtual images in the real environment for dental implants using a 3D image overlay and to evaluate its feasibility. A total of 12 rapid prototyping mandibular models were fabricated using a 3D printing method and were divided into two groups: 3D augmented reality-guided group and traditional two-dimensional (2D) image-guided group. A point cloud-based preoperative image-to-patient registration method was introduced to replace the traditional point-to-point registration. After the registration, dental implant surgery was performed in the two model groups using an augmented reality-guided navigation method and a traditional two-dimensional image-guided navigation method. The planned and actual postoperative implant positions were compared for measuring positional implantation errors. The surgery time was also recorded and compared between the two groups. In the model experiment, the root-mean-square deviation of registration was 0.54 mm, and the implant surgery results showed < 1.5-mm mean linear deviation and < 5.5-degree angular deviation. The augmented reality-guided implantation showed smaller horizontal, vertical, and angular errors in the apical areas of the central incisor and the canine region. The surgery time using the augmented reality-guided navigation method was significantly shorter than that using the two-dimensional (2D) image-guided navigation method (P < .05). Moreover, the volunteer experiment demonstrated that the preoperative 3D models in situ accurately overlaid onto the surgical site. The proposed point cloud-based registration method can achieve excellent registration accuracy. Dental implant placement guided by the proposed 3D augmented reality navigation method showed better accuracy and applicability, as well as higher efficiency, than the traditional 2D image navigation method.",Weipeng Jiang; Longfei Ma; Boyu Zhang; Yingwei Fan; Xiaofeng Qu; Xinran Zhang; Hongen Liao,The International journal of oral & maxillofacial implants,2018,Journal Article,eng,retrieved,UNCERTAIN_REQUIRES_SCREENING,TITLE_ABSTRACT_REVIEW_REQUIRED,,,,,,,,
6855,TA-28,30416883,10.7717/peerj.5847,Effects of mixed reality head-mounted glasses during 90 minutes of mental and manual tasks on cognitive and physiological functions.,"We evaluated the effects of a mixed reality (MR) head-mounted deviceon some cognitiveand physiological functions during 90 min tasks in an attempt to determine their safety for workers. A total of 12 volunteers performed 90-min intellectual and manual tasks with and without MR glasses. Balance, Stroop, and memory tests were conducted before, during and after these tasks. Heart rate and electromyographic activity of some muscles were recorded. A survey was used to determine subjective fatigue, pain, or discomfort. Balance, heart rate, rate of perceived exertion, memory, and attention were unaffected by wearing MR glasses. Electromyographic activity increased with MR glasses for deltoid, biceps brachii, and soleus muscles. Few subjects reported discomfort, pain, or visual fatigue with MR glasses. Some participants reported they lost the notion of time and reality. Accordingly, we concluded that the MR glasses under investigation (Hololens) can be used safely. An appropriate setup and familiarization are needed to optimize use.",Carole Cometti; Christos Païzis; Audrey Casteleira; Guillaume Pons; Nicolas Babault,PeerJ,2018,Journal Article,eng,retrieved,UNCERTAIN_REQUIRES_SCREENING,TITLE_ABSTRACT_REVIEW_REQUIRED,,,,,,,,
6856,TA-28,30409711,10.1016/j.ultsonch.2018.10.033,Mechanism of improving the rate of sono-oxidation of a KI solution by introduction of CO2 into an Ar atmosphere.,"The rate of sono-oxidation of KI increased in a CO2-Ar system compared to Ar alone. Higher values were obtained at 200 kHz with a maximum ratio of about forty. To determine the role of additional CO2 in the system, the effect of the pH of the reactant solution, the additional effect of NaHCO3, sonoluminescence, and an analysis of products were examined. It appeared that the pH was not a significant contributor to the acceleration of sono-oxidation activity although the rate depended on the pH. On the other hand, in spite of the alkaline solution, the reaction rate in NaHCO3-KI solution was higher than that in the solution without NaHCO3. This behavior was similar to the case of introduction of CO2, implying the possible evolution of CO2 from NaHCO3. Our data suggested that CO2 reacted with H radicals, which were produced together with OH radicals during sonication and a considerable amount of OH radicals remained. Because OH radicals have strong oxidative power, the level of sono-oxidation activity increases.",Yuki Ono; Kiyoaki Shinashi; Hisashi Tanaka; Hisashi Harada,Ultrasonics sonochemistry,2019,Journal Article,eng,retrieved,UNCERTAIN_REQUIRES_SCREENING,TITLE_ABSTRACT_REVIEW_REQUIRED,,,,,,,,
6857,TA-28,30403632,10.1109/TVCG.2018.2879672,Scientific Visualization as a Microservice.,"In this paper, we propose using a decoupled architecture to create a microservice that can deliver scientific visualization remotely with efficiency, scalability, and superior availability, affordability and accessibility. Through our effort, we have created an open source platform, Tapestry, which can be deployed on Amazon AWS as a production use microservice. The applications we use to demonstrate the efficacy of the Tapestry microservice in this work are: (1) embedding interactive visualizations into lightweight web pages, (2) creating scientific visualization movies that are fully controllable by the viewers, (3) serving as a rendering engine for high-end displays such as power-walls, and (4) embedding data-intensive visualizations into augmented reality devices efficiently. In addition, we show results of an extensive performance study, and suggest how applications can make optimal use of microservices such as Tapestry.",Mohammad Raji; Alok Hota; Tanner Hobson; Jian Huang,IEEE transactions on visualization and computer graphics,2020,Journal Article,eng,retrieved,UNCERTAIN_REQUIRES_SCREENING,TITLE_ABSTRACT_REVIEW_REQUIRED,,,,,,,,
6858,TA-28,30400206,10.3390/s18113739,An Augmented Reality Geo-Registration Method for Ground Target Localization from a Low-Cost UAV Platform.,"This paper presents an augmented reality-based method for geo-registering videos from low-cost multi-rotor Unmanned Aerial Vehicles (UAVs). The goal of the proposed method is to conduct an accurate geo-registration and target localization on a UAV video stream. The geo-registration of video stream requires accurate attitude data. However, the Inertial Measurement Unit (IMU) sensors on most low-cost UAVs are not capable of being directly used for geo-registering the video. The magnetic compasses on UAVs are more vulnerable to the interferences in the working environment than the accelerometers. Thus the camera yaw error is the main sources of the registration error. In this research, to enhance the low accuracy attitude data from the onboard IMU, an extended Kalman Filter (EKF) model is used to merge Real Time Kinematic Global Positioning System (RTK GPS) data with the IMU data. In the merge process, the high accuracy RTK GPS data can be used to promote the accuracy and stability of the 3-axis body attitude data. A method of target localization based on the geo-registration model is proposed to determine the coordinates of the ground targets in the video. The proposed method uses a modified extended Kalman Filter to combine the data from RTK GPS and the IMU to improve the accuracy of the geo-registration and the localization result of the ground targets. The localization results are compared to the reference point coordinates from satellite image. The comparison indicates that the proposed method can provide practical geo-registration and target localization results.",Xiang Ren; Min Sun; Cheng Jiang; Lei Liu; Wei Huang,"Sensors (Basel, Switzerland)",2018,Journal Article,eng,retrieved,UNCERTAIN_REQUIRES_SCREENING,TITLE_ABSTRACT_REVIEW_REQUIRED,,,,,,,,
6859,TA-28,30395078,10.1097/SIH.0000000000000334,Augmented Reality Future Step Visualization for Robust Surgical Telementoring.,"Surgical telementoring connects expert mentors with trainees performing urgent care in austere environments. However, such environments impose unreliable network quality, with significant latency and low bandwidth. We have developed an augmented reality telementoring system that includes future step visualization of the medical procedure. Pregenerated video instructions of the procedure are dynamically overlaid onto the trainee's view of the operating field when the network connection with a mentor is unreliable. Our future step visualization uses a tablet suspended above the patient's body, through which the trainee views the operating field. Before trainee use, an expert records a ""future library"" of step-by-step video footage of the operation. Videos are displayed to the trainee as semitransparent graphical overlays. We conducted a study where participants completed a cricothyroidotomy under telementored guidance. Participants used one of two telementoring conditions: conventional telestrator or our system with future step visualization. During the operation, the connection between trainee and mentor was bandwidth throttled. Recorded metrics were idle time ratio, recall error, and task performance. Participants in the future step visualization condition had 48% smaller idle time ratio (14.5% vs. 27.9%, P < 0.001), 26% less recall error (119 vs. 161, P = 0.042), and 10% higher task performance scores (rater 1 = 90.83 vs. 81.88, P = 0.008; rater 2 = 88.54 vs. 79.17, P = 0.042) than participants in the telestrator condition. Future step visualization in surgical telementoring is an important fallback mechanism when trainee/mentor network connection is poor, and it is a key step towards semiautonomous and then completely mentor-free medical assistance systems.",Daniel S Andersen; Maria E Cabrera; Edgar J Rojas-Muñoz; Voicu S Popescu; Glebys T Gonzalez; Brian Mullis; Sherri Marley; Ben L Zarzaur; Juan P Wachs,Simulation in healthcare : journal of the Society for Simulation in Healthcare,2019,Journal Article,eng,retrieved,UNCERTAIN_REQUIRES_SCREENING,TITLE_ABSTRACT_REVIEW_REQUIRED,,,,,,,,
6860,TA-28,30387715,10.1109/TVCG.2018.2868594,Superman vs Giant: A Study on Spatial Perception for a Multi-Scale Mixed Reality Flying Telepresence Interface.,"The advancements in Mixed Reality (MR), Unmanned Aerial Vehicle, and multi-scale collaborative virtual environments have led to new interface opportunities for remote collaboration. This paper explores a novel concept of flying telepresence for multi-scale mixed reality remote collaboration. This work could enable remote collaboration at a larger scale such as building construction. We conducted a user study with three experiments. The first experiment compared two interfaces, static and dynamic IPD, on simulator sickness and body size perception. The second experiment tested the user perception of a virtual object size under three levels of IPD and movement gain manipulation with a fixed eye height in a virtual environment having reduced or rich visual cues. Our last experiment investigated the participant's body size perception for two levels of manipulation of the IPDs and heights using stereo video footage to simulate a flying telepresence experience. The studies found that manipulating IPDs and eye height influenced the user's size perception. We present our findings and share the recommendations for designing a multi-scale MR flying telepresence interface.",Thammathip Piumsomboon; Gun A Lee; Barrett Ens; Bruce H Thomas; Mark Billinghurst,IEEE transactions on visualization and computer graphics,2018,"Journal Article; Research Support, Non-U.S. Gov't",eng,retrieved,UNCERTAIN_REQUIRES_SCREENING,TITLE_ABSTRACT_REVIEW_REQUIRED,,,,,,,,
6861,TA-28,30385830,10.1038/s41467-018-07011-5,Metasurface eyepiece for augmented reality.,"Recently, metasurfaces composed of artificially fabricated subwavelength structures have shown remarkable potential for the manipulation of light with unprecedented functionality. Here, we first demonstrate a metasurface application to realize a compact near-eye display system for augmented reality with a wide field of view. A key component is a see-through metalens with an anisotropic response, a high numerical aperture with a large aperture, and broadband characteristics. By virtue of these high-performance features, the metalens can overcome the existing bottleneck imposed by the narrow field of view and bulkiness of current systems, which hinders their usability and further development. Experimental demonstrations with a nanoimprinted large-area see-through metalens are reported, showing full-color imaging with a wide field of view and feasibility of mass production. This work on novel metasurface applications shows great potential for the development of optical display systems for future consumer electronics and computer vision applications.",Gun-Yeal Lee; Jong-Young Hong; SoonHyoung Hwang; Seokil Moon; Hyeokjung Kang; Sohee Jeon; Hwi Kim; Jun-Ho Jeong; Byoungho Lee,Nature communications,2018,"Journal Article; Research Support, Non-U.S. Gov't",eng,retrieved,UNCERTAIN_REQUIRES_SCREENING,TITLE_ABSTRACT_REVIEW_REQUIRED,,,,,,,,
6862,TA-28,30374695,10.1007/s10916-018-1100-9,Patient-Tailored Augmented Reality Games for Assessing Upper Extremity Motor Impairments in Parkinson's Disease and Stroke.,"In clinical practice, upper extremity motor impairments are commonly assessed with disease-specific, subjectively scored and low-resolution rating scales that often do not consider the variations in tasks and environment that are essential aspects of daily life. Augmented reality (AR) systems with contactless tracking of the hand and upper body offer opportunities for objective quantification of motor (dys)function in a challenging, engaging and patient-tailored environment. In this study, we explore the potential of AR for evaluating 1) speed and goal-directedness of movements within the individually determined interaction space, 2) adaptation of hand opening to objects of different sizes, and 3) obstacle avoidance in healthy individuals (N = 10) and two highly prevalent neurological conditions (N = 10 patients with Parkinson's Disease and N = 10 stroke patients). We successfully implemented three AR games to evaluate these key aspects of motor function. As expected, PD patients moved slower than controls and needed more time for task completion. No differences were observed between stroke patients and controls, perhaps because motor impairments in this patient group were relatively mild. Importantly, usability of our AR system was good and considerably improved compared to our previous study due to more natural and patient-tailored interaction. Although our findings testify to the potential of AR for assessing motor impairments in patients with neurological conditions and provide starting points for further improvement, there are still many steps to be taken towards application in clinical practice.",Paulina J M Bank; Marina A Cidota; P Elma W Ouwehand; Stephan G Lukosch,Journal of medical systems,2018,Journal Article,eng,retrieved,UNCERTAIN_REQUIRES_SCREENING,TITLE_ABSTRACT_REVIEW_REQUIRED,,,,,,,,
6863,TA-28,30350756,10.1080/17453674.2018.1506974,Surgery guided by mixed reality: presentation of a proof of concept.,,Thomas M Gregory; Jules Gregory; John Sledge; Romain Allard; Olivier Mir,Acta orthopaedica,2018,Case Reports; Journal Article,eng,retrieved,UNCERTAIN_REQUIRES_SCREENING,TITLE_ABSTRACT_REVIEW_REQUIRED,,,,,,,,
6864,TA-28,30346804,10.1089/cyber.2017.0534,Test-Retest Reliability and Clinical Feasibility of a Motion-Controlled Game to Enhance the Literacy and Numeracy Skills of Young Individuals with Intellectual Disability.,"Games using motion capture from web cameras have become increasingly popular. However, there are no games specifically designed to teach literacy to individuals with intellectual disabilities (ID). The aim of this study was to investigate the feasibility of introducing young individuals with ID to a new augmented reality game, the MoviLetrando, and establish its test-retest reliability to determine its usefulness in teaching the alphabet and motor control skills. The performance of a sample of 88 ID participants (52 males, 36 females, mean ± standard deviation age, 11.2 ± 2.6 years) was measured on two different testing sessions. Five dependent variables (total points, number of correct vowels/numbers, number of mistakes, number of omissions, and average time to reach symbols) were used for data analysis. The intraclass correlation coefficient (ICC), standard error of measurement (SEM), Cronbach's alpha, and Bland-Altman plots were used to estimate the test-retest reliability and measurement precision. Feasibility was assessed by examining recruitment, adherence, and acceptability in both phases of the game. The dependent variables identified in the MoviLetrando demonstrated an ICC of 0.44 to 0.82, suggesting acceptable/good test-retest reliability, respectively. The internal consistency was satisfactory. The small SEM, as well as the narrow width of the 95 percent limits of agreement in the Bland-Altman plots, implied that measurements of these dependent variables were precise and accurate on both the occasions. Excellent test-retest reliability for performance measurement was demonstrated in the ID participants, indicating that the MoviLetrando could be used as an outcome measure for this population.",Regiani Guarnieri; Tânia Brusque Crocetta; Thaís Massetti; Renata Thaís de Almeida Barbosa; Jennifer Yohanna Ferreira de Lima Antão; Thaiany Pedrozo Campos Antunes; Marcelo da Silva Hounsell; Carlos Bandeira de Mello Monteiro; Acary Souza Bulle Oliveira; Luiz Carlos de Abreu,"Cyberpsychology, behavior and social networking",2019,Journal Article,eng,retrieved,UNCERTAIN_REQUIRES_SCREENING,TITLE_ABSTRACT_REVIEW_REQUIRED,,,,,,,,
6865,TA-28,30334797,10.1109/TVCG.2018.2868587,A Comparison of Predictive Spatial Augmented Reality Cues for Procedural Tasks.,"Previous research has demonstrated that Augmented Reality can reduce a user's task response time and mental effort when completing a procedural task. This paper investigates techniques to improve user performance and reduce mental effort by providing projector-based Spatial Augmented Reality predictive cues for future responses. The objective of the two experiments conducted in this study was to isolate the performance and mental effort differences from several different annotation cueing techniques for simple (Experiment 1) and complex (Experiment 2) button-pressing tasks. Comporting with existing cognitive neuroscience literature on prediction, attentional orienting, and interference, we hypothesized that for both simple procedural tasks and complex search-based tasks, having a visual cue guiding to the next task's location would positively impact performance relative to a baseline, no-cue condition. Additionally, we predicted that direction-based cues would provide a more significant positive impact than target-based cues. The results indicated that providing a line to the next task was the most effective technique for improving the users' task time and mental effort in both the simple and complex tasks.",Benjamin Volmer; James Baumeister; Stewart Von Itzstein; Ina Bornkessel-Schlesewsky; Matthias Schlesewsky; Mark Billinghurst; Bruce H Thomas,IEEE transactions on visualization and computer graphics,2018,"Journal Article; Research Support, Non-U.S. Gov't",eng,retrieved,UNCERTAIN_REQUIRES_SCREENING,TITLE_ABSTRACT_REVIEW_REQUIRED,,,,,,,,
6866,TA-28,30322154,10.3390/s18103442,MARINS: A Mobile Smartphone AR System for Pathfinding in a Dark Environment.,"Traditional egress routes are normally indicated on floor plans and function as designed, assuming that people can identify their relative location and orientation. However, the evacuation process can easily become complicated in a dark or hazardous environment with potential blockage of unexpected obstacles. This study developed the mobile AR indoor navigation system (MARINS) using a smartphone as a device to guide users to exits in a 0-lux setting with the path only illuminated by the phone camera's LED. The system is developed using Apple ARKit SDK with the associated simultaneous localization and mapping (SLAM) function on a Unity platform in four modules. A maze scenario is planned in an environment built by carton walls. Time and distance traveled by the experimental group and the control group are measured. The results of statistical analysis demonstrate that the MARINS system can reduce travel time in known space and in total summation compared to the application of a traditional map. The system also reduces travel distance and misjudgments with higher system usability than the application of a traditional map.",Pei-Huang Diao; Naai-Jung Shih,"Sensors (Basel, Switzerland)",2018,Journal Article,eng,retrieved,UNCERTAIN_REQUIRES_SCREENING,TITLE_ABSTRACT_REVIEW_REQUIRED,,,,,,,,
6867,TA-28,30307085,10.1111/jopr.12987,Digital Learning Resources for Prosthodontic Education: The Perspectives of a Long-Term Dental Educator Regarding 4 Key Factors.,"Technological advances have led to the introduction of 3D education programs specifically designed for dentistry, leading to the author's use of these programs in the education of dental students. Based on this usage, this paper proposes there are 4 key factors that can enhance student education (spatial ability, interactivity, critical thinking, and clinical correlations with integration of multiple dental disciplines). These key factors can be incorporated into student learning through the use of 3D education programs in class. Lessons learned from using these programs include the importance of regular use in class as well as testing students both visually and textually on the content present in such programs. In this way, students will use the program and thereby enhance their 3D visualization skills while learning the required didactic information. Simply providing students with access to such programs without regular use in class and without testing the students on the content leads to these programs' lack of use. As a result, the students miss an opportunity to enhance their ability to visualize structures three dimensionally and manipulate them in their minds, a process known as spatial ability that is linked to success in the sciences.",Charles J Goodacre,Journal of prosthodontics : official journal of the American College of Prosthodontists,2018,Journal Article,eng,retrieved,UNCERTAIN_REQUIRES_SCREENING,TITLE_ABSTRACT_REVIEW_REQUIRED,,,,,,,,
6868,TA-28,30306945,,Mixed Reality Supporting Modern Medical Education.,"The paper presents new learning support for medical students exemplifying with several 3D applications for training on specific topics in medicine and investigates the impact on medical students. The applications were built using new concepts: Virtual Reality, Augmented Reality, as environments agreed by young people, and gamification to make learning easy and fun. Leap Motion and the VR headset are the devices to control the applications and provide a better human-computer/mobile phone interaction as compared to the current ones. The concepts and the new technologies to display/visualize the applications are the core of the Mixed Reality concept resulting from combining the 4 applications implemented for medical education.",Stelian Nicola; Lacramioara Stoicu-Tivadar,Studies in health technology and informatics,2018,Journal Article,eng,retrieved,UNCERTAIN_REQUIRES_SCREENING,TITLE_ABSTRACT_REVIEW_REQUIRED,,,,,,,,
6869,TA-28,30298732,10.1021/acsami.8b11854,Boosting Modulation of Oxide Semiconductors via Voltage-Based Ambi-Ionic Migration.,"In recent years, high-performance amorphous oxide semiconductor thin-film transistor (AOS TFT) technology is required to meet the increasing demand for novel displays, such as rollable, transparent, or augmented reality head-up displays. It has been demonstrated that voltage-based modulation techniques for AOS-based active layers can achieve high-performance AOS TFTs. The voltage-based modulation technique allows specific ions to migrate into the active layer depending on the polarity of the applied voltage, thus easily modulating the active layer. Additionally, potassium superoxide (KO2) solution is employed in AOS TFTs as a source of potassium (K+) and highly reactive superoxide radical (O2•-) ions. The K+ and O2•- ions in the KO2 solution are controlled by an applied voltage bias and rapidly migrate into the active layer, directly changing its chemical composition and electrical properties. AOS TFTs that use this technique exhibit better electrical performance than conventional AOS TFTs: the field-effect mobility improved from 10.05 to 15.31 cm2/V·s; the subthreshold swing decreased from 0.44 to 0.33 V/dec; the Ion/off ratio increased from 1.24 × 107 to 3.17 × 108; and the threshold voltage shift decreased from 5.2 to 3.4 V under a positive bias stress test conducted over 10 000 s. Ultimately, this approach to modulating the internal ion distribution in oxide semiconductors could provide opportunities for various AOS devices to attain desirable electrical characteristics.",Heesoo Lee; Tae Soo Jung; Jeong Woo Park; Hyun Jae Kim,ACS applied materials & interfaces,2018,Journal Article,eng,retrieved,UNCERTAIN_REQUIRES_SCREENING,TITLE_ABSTRACT_REVIEW_REQUIRED,,,,,,,,
6870,TA-28,30296291,10.1371/journal.pone.0205188,Three-dimensional holographic visualization of high-resolution myocardial scar on HoloLens.,"Visualization of the complex 3D architecture of myocardial scar could improve guidance of radio-frequency ablation in the treatment of ventricular tachycardia (VT). In this study, we sought to develop a framework for 3D holographic visualization of myocardial scar, imaged using late gadolinium enhancement (LGE), on the augmented reality HoloLens. 3D holographic LGE model was built using the high-resolution 3D LGE image. Smooth endo/epicardial surface meshes were generated using Poisson surface reconstruction. For voxel-wise 3D scar model, every scarred voxel was rendered into a cube which carries the actual resolution of the LGE sequence. For surface scar model, scar information was projected on the endocardial surface mesh. Rendered layers were blended with different transparency and color, and visualized on HoloLens. A pilot animal study was performed where 3D holographic visualization of the scar was performed in 5 swines who underwent controlled infarction and electroanatomic mapping to identify VT substrate. 3D holographic visualization enabled assessment of the complex 3D scar architecture with touchless interaction in a sterile environment. Endoscopic view allowed visualization of scar from the ventricular chambers. Upon completion of the animal study, operator and mapping specialist independently completed the perceived usefulness questionnaire in the six-item usefulness scale. Operator and mapping specialist found it useful (usefulness rating: operator, 5.8; mapping specialist, 5.5; 1-7 scale) to have scar information during the intervention. HoloLens 3D LGE provides a true 3D perception of the complex scar architecture with immersive experience to visualize scar in an interactive and interpretable 3D approach, which may facilitate MR-guided VT ablation.",Jihye Jang; Cory M Tschabrunn; Michael Barkagan; Elad Anter; Bjoern Menze; Reza Nezafat,PloS one,2018,"Journal Article; Research Support, N.I.H., Extramural; Research Support, Non-U.S. Gov't; Video-Audio Media",eng,retrieved,UNCERTAIN_REQUIRES_SCREENING,TITLE_ABSTRACT_REVIEW_REQUIRED,,,,,,,,
6871,TA-28,30295623,10.1109/TVCG.2018.2873737,"Towards BCI-Based Interfaces for Augmented Reality: Feasibility, Design and Evaluation.","Brain-Computer Interfaces (BCIs) enable users to interact with computers without any dedicated movement, bringing new hands-free interaction paradigms. In this paper we study the combination of BCI and Augmented Reality (AR). We first tested the feasibility of using BCI in AR settings based on Optical See-Through Head-Mounted Displays (OST-HMDs). Experimental results showed that a BCI and an OST-HMD equipment (EEG headset and Hololens in our case) are well compatible and that small movements of the head can be tolerated when using the BCI. Second, we introduced a design space for command display strategies based on BCI in AR, when exploiting a famous brain pattern called Steady-State Visually Evoked Potential (SSVEP). Our design space relies on five dimensions concerning the visual layout of the BCI menu; namely: orientation, frame-of-reference, anchorage, size and explicitness. We implemented various BCI-based display strategies and tested them within the context of mobile robot control in AR. Our findings were finally integrated within an operational prototype based on a real mobile robot that is controlled in AR using a BCI and a HoloLens headset. Taken together our results (4 user studies) and our methodology could pave the way to future interaction schemes in Augmented Reality exploiting 3D User Interfaces based on brain activity and BCIs.",Hakim Si-Mohammed; Jimmy Petit; Camille Jeunet; Ferran Argelaguet; Fabien Spindler; Andeol Evain; Nicolas Roussel; Gery Casiez; Anatole Lecuyer,IEEE transactions on visualization and computer graphics,2020,"Journal Article; Research Support, Non-U.S. Gov't",eng,retrieved,UNCERTAIN_REQUIRES_SCREENING,TITLE_ABSTRACT_REVIEW_REQUIRED,,,,,,,,
6872,TA-28,30295622,10.1109/TVCG.2018.2873724,3D Objects Clouds: Viewing Virtual Objects in Interactive Clouds.,"Given the expanding use of 3D Objects in a variety of fields such as animation, gaming, virtual worlds, commerce, augmented reality and 3D printing, we present a novel system for object browsing and searching. Specifically, the system packs objects into an interactive 3D cloud for browsing and searching. It was designed with the aim of increasing search efficiency in a variety of active environments, while providing a visually engaging layout, and we evaluated this by conducting a comparative user study. We show that our system can significantly decrease search times compared to the classic grid-based layout, and it has been suggested by subjects that cloud-based searching is more interesting and visually-engaging.",Xiaoting Hong; Stephen Brooks,IEEE transactions on visualization and computer graphics,2020,Journal Article,eng,retrieved,UNCERTAIN_REQUIRES_SCREENING,TITLE_ABSTRACT_REVIEW_REQUIRED,,,,,,,,
6873,TA-28,30279980,10.1007/s13755-018-0053-1,Computer assisted system for precise lung surgery based on medical image computing and mixed reality.,"The key of a surgical treatment for the lung cancer is to remove the infected part with the least excision and to retain most of the healthy lung tissue. The traditional computer surgery assisted system show that the patient's CT images or three-dimensional structure in the PC screen. This assisted system is not a real three-dimensional system and can't display well the position of pulmonary vessels and trachea of the patients to surgeon. To solve the problem, a computer assisted system for precise lung surgery for precise surgery based on medical image and VR is developed in this paper. Firstly, the regional growth and filling algorithm is designed to segment lung trachea and lung vessels. Then, the reference edge grid algorithm is used to construct the model of the segmentation trachea and lung vessels. And the models are saved as an identifiable STL type file. Finally, according to the system analysis for the specific system function, the computer assisted system is implemented to display the three-dimensional pulmonary vessels and trachea on the mixed reality device. The surgeons can observe and interface precisely the real three-dimensional lung structure of the patient to help them operate accurately the lung surgery.",Wenjun Tan; Wen Ge; Yucheng Hang; Simeng Wu; Sixing Liu; Ming Liu,Health information science and systems,2018,Journal Article,eng,retrieved,UNCERTAIN_REQUIRES_SCREENING,TITLE_ABSTRACT_REVIEW_REQUIRED,,,,,,,,
6874,TA-28,38501114,10.1109/biocas.2018.8584805,Predictive trajectory estimation during rehabilitative tasks in augmented reality using inertial sensors.,"This paper presents a wireless kinematic tracking framework used for biomechanical analysis during rehabilitative tasks in augmented and virtual reality. The framework uses low-cost inertial measurement units and exploits the rigid connections of the human skeletal system to provide egocentric position estimates of joints to centimeter accuracy. On-board sensor fusion combines information from three-axis accelerometers, gyroscopes, and magnetometers to provide robust estimates in real-time. Sensor precision and accuracy were validated using the root mean square error of estimated joint angles against ground truth goniometer measurements. The sensor network produced a mean estimate accuracy of 2.81° with 1.06° precision, resulting in a maximum hand tracking error of 7.06 cm. As an application, the network is used to collect kinematic information from an unconstrained object manipulation task in augmented reality, from which dynamic movement primitives are extracted to characterize natural task completion in N = 3 able-bodied human subjects. These primitives are then leveraged for trajectory estimation in both a generalized and a subject-specific scheme resulting in 0.187 cm and 0.161 cm regression accuracy, respectively. Our proposed kinematic tracking network is wireless, accurate, and especially useful for predicting voluntary actuation in virtual and augmented reality applications.",Christopher L Hunt; Avinash Sharma; Luke E Osborn; Rahul R Kaliki; Nitish V Thakor,IEEE Biomedical Circuits and Systems Conference : healthcare technology : [proceedings]. IEEE Biomedical Circuits and Systems Conference,2018,Journal Article,eng,retrieved,UNCERTAIN_REQUIRES_SCREENING,TITLE_ABSTRACT_REVIEW_REQUIRED,,,,,,,,
6875,TA-28,34109273,10.1109/LRA.2018.2866204,From a Disposable Ureteroscope to an Active Lightweight Fetoscope-Characterization and Usability Evaluation.,"The twin-to-twin transfusion syndrome is a severe fetal anomaly appearing in up to 15% of identical twin pregnancies. This anomaly occurs when twins share blood vessels from a common placenta. The complication leads to an unbalanced blood transfusion between both fetuses. A current surgical treatment consists in coagulating the shared vessels using a fetoscope with an embedded laser. Such treatment is very delicate and constraining due to limited vision and size of the insertion area. The rigidity and lack of controllability of the current used instruments add an additional difficulty and limit the choice in insertion site. This letter proposes an improved flexible fetoscope, offering an enhanced laser controllability and higher versatility regarding the location of the insertion site. A better approach angle can therefore be realized. Also, tissue damage may be further reduced. This single-handed controllable active fetoscope is obtained after adaptation of a LithoVue (Boston Scientific, Natick, MA, USA), a commercially available passive flexible ureteroscope. The LithoVue is fitted with a unique lightweight add-on actuation module foreseen of an artificial muscle and a dedicated control system. Experiments in a mixed reality trainer suggested that the proposed fetoscope is compact, ergonomic, and intuitive in use, allowing an adequate control of the flexible end.",Julie Legrand; Mouloud Ourak; Allan Javaux; Caspar Gruijthuijsen; Mirza Awais Ahmad; Ben Van Cleynenbreugel; Tom Vercauteren; Jan Deprest; Sebastien Ourselin; Emmanuel Vander Poorten,IEEE robotics and automation letters,2018,Journal Article,eng,retrieved,UNCERTAIN_REQUIRES_SCREENING,TITLE_ABSTRACT_REVIEW_REQUIRED,,,,,,,,
6876,TA-28,30261829,10.1177/1553350618799552,Toward Holographic-Guided Surgery.,"The implementation of augmented reality (AR) in image-guided surgery (IGS) can improve surgical interventions by presenting the image data directly on the patient at the correct position and in the actual orientation. This approach can resolve the switching focus problem, which occurs in conventional IGS systems when the surgeon has to look away from the operation field to consult the image data on a 2-dimensional screen. The Microsoft HoloLens, a head-mounted AR display, was combined with an optical navigation system to create an AR-based IGS system. Experiments were performed on a phantom model to determine the accuracy of the complete system and to evaluate the effect of adding AR. The results demonstrated a mean Euclidean distance of 2.3 mm with a maximum error of 3.5 mm for the complete system. Adding AR visualization to a conventional system increased the mean error by 1.6 mm. The introduction of AR in IGS was promising. The presented system provided a solution for the switching focus problem and created a more intuitive guidance system. With a further reduction in the error and more research to optimize the visualization, many surgical applications could benefit from the advantages of AR guidance.",Jene W Meulstee; Johan Nijsink; Ruud Schreurs; Luc M Verhamme; Tong Xi; Hans H K Delye; Wilfred A Borstlap; Thomas J J Maal,Surgical innovation,2019,Journal Article,eng,retrieved,UNCERTAIN_REQUIRES_SCREENING,TITLE_ABSTRACT_REVIEW_REQUIRED,,,,,,,,
6877,TA-28,30260679,10.1089/g4h.2017.0168,The Physical Activity Patterns of Greenway Users Playing Pokémon Go: A Natural Experiment.,"The aim of the study was to compare objectively measured physical activity (PA) between greenway users playing and not playing Pokémon Go. A sample of 100 participants walking on a greenway wore an Omron pedometer and ActiGraph accelerometer and provided demographic data through an intercept survey during a natural experiment. Mann-Whitney U tests and multiple regression compared greenway PA variables between Pokémon Go (n = 13) and non-Pokémon Go (n = 87). Pokémon Go users were significantly younger (P < 0.01) than non-Pokémon Go users. Despite no differences in greenway walking time (42 ± 18 minutes), Pokémon Go users took fewer aerobic steps (2361 ± 1663 steps vs. 4144 ± 2591 steps; P = 0.03), walked shorter distances (1.38 ± 0.68 miles vs. 1.98 ± 1.05 miles; P = 0.049), burned fewer calories (119 ± 79 kcal vs. 202 ± 158 kcal; P = 0.04), spent more time in sedentary (16% ± 12% vs. 2% ± 7%; P < 0.01) and light (29% ± 24% vs. 15% ± 21%; P < 0.01) intensity activity, less time in moderate (52% ± 30% vs. 71 ± 29%; P = 0.02) and moderate-to-vigorous PA (MVPA) (55% ± 29% vs. 82% ± 23%; P < 0.01), and took fewer steps/min (67 ± 24 steps/min vs. 103 ± 23 steps/min; P < 0.01) than non-Pokémon Go users. Pokémon Go step rate rarely exceeded 100 steps/min for >5 minutes at a time. Multiple regression confirmed differences in sedentary, light, vigorous, MVPA, and steps/min between Pokémon Go and non-Pokémon Go users after controlling for covariates (P < 0.05). Age was significantly positively associated with aerobic steps, steps, walking distance and time, more light, but less vigorous, and MVPA (P < 0.05). While playing Pokémon Go greenway users are likely stopping more and walking at a slower pace than walkers not playing Pokémon Go.",Colby Beach; Gabrielle Billstrom; Elizabeth T Anderson Steeves; Jennifer I Flynn; Jeremy A Steeves,Games for health journal,2019,Journal Article,eng,retrieved,UNCERTAIN_REQUIRES_SCREENING,TITLE_ABSTRACT_REVIEW_REQUIRED,,,,,,,,
6878,TA-28,30257298,10.1016/j.wneu.2018.06.208,Clinical Feasibility of a Wearable Mixed-Reality Device in Neurosurgery.,"Neuronavigation systems are routinely used during neurosurgical procedures. Currently, new imaging technologies are emerging, such as virtual, augmented, and mixed reality. With mixed-reality devices, the user can analyze and interact with the real environment using virtual objects. The aim of this prospective pilot study was to offer a proof of concept by testing the clinical feasibility and accuracy of a wearable mixed-reality device (Hololens) for preoperative neurosurgical planning. In patients with an indication for brain tumor surgery, preoperative planning of tumor localization with the Hololens was compared with standard neuronavigation in the operating room. Magnetic resonance imaging-based 3-dimensional holograms of the patient's head and tumor were created and projected on the physical patient's head using the Hololens. The 2-dimensional projection of the tumor borders as perceived by the neurosurgeon on the skin of the patient's head was outlined both with the Hololens and neuronavigation. Accuracy of the Hololens localization was assessed using neuronavigation as the gold standard. Twenty-five patients were included in this study. Holograms were successfully created in all cases. In 9 patients tumor localization with the Hololens did not differ from the standard neuronavigation system and the overall median difference was 0.4 cm (interquartile range 0-0.8). This prospective clinical study offers a proof of concept of the clinical feasibility of the Hololens for brain tumor surgery planning in the operating room, with quantitative outcome measures. Further development is needed to improve the accuracy of this wearable mixed-reality device.",Fatih Incekara; Marion Smits; Clemens Dirven; Arnaud Vincent,World neurosurgery,2018,Journal Article,eng,retrieved,UNCERTAIN_REQUIRES_SCREENING,TITLE_ABSTRACT_REVIEW_REQUIRED,,,,,,,,
6879,TA-28,30247304,10.1097/AOG.0000000000002860,An Interactive Holographic Curriculum for Urogynecologic Surgery.,"Urogynecologic surgery, transvaginal pelvic floor surgery in particular, requires learning by feel and high-volume pattern recognition. In the era of limited duty hours and case numbers, we sought to develop a curriculum, one that can be self-guided, to help trainees develop a spatial understanding of the relationships of pelvic floor musculature, ligamentous supports, and surrounding neurovasculature outside of the operating room. We created and piloted an innovative interactive holographic using an augmented reality headset to teach surgical anatomy, procedural steps, recognition, and management of the uterosacral ligament suspension and sacrospinous ligament fixation, the two most common native tissue vaginal prolapse repairs. Our curriculum was independently trialed by obstetrics and gynecology residents and subspecialty fellows and was widely accepted by trainees, postgraduate levels 1-6. As compared with usual self-study, 88% ranked the modules as ""much"" or ""very much better"" and 81% would be ""likely"" or ""very likely"" to use mixed reality smartglasses to prepare for surgery. This interactive holographic curriculum is a novel technique to teach complex pelvic floor anatomy, key steps, and management of complications of the uterosacral ligament suspension and sacrospinous ligament fixation. It is widely accepted by obstetrics and gynecology residents and gynecologic subspecialty fellows.",Lauren N Siff; Neil Mehta,Obstetrics and gynecology,2018,Journal Article,eng,retrieved,UNCERTAIN_REQUIRES_SCREENING,TITLE_ABSTRACT_REVIEW_REQUIRED,,,,,,,,
6880,TA-28,30246936,10.1111/bju.14549,Augmented-reality robot-assisted radical prostatectomy using hyper-accuracy three-dimensional reconstruction (HA3D™) technology: a radiological and pathological study.,"To assess the use of hyper-accuracy three-dimensional (HA3D™; MEDICS, Moncalieri, Turin, Italy) reconstruction based on multiparametric magnetic resonance imaging (mpMRI) and superimposed imaging during augmented-reality robot-assisted radical prostatectomy (AR-RARP). Patients with prostate cancer (clinical stages cT1-3, cN0, cM0) undergoing RARP at our Centre, from June 2017 to April 2018, were enrolled. In all cases, cancer was diagnosed with targeted biopsy at the level of index lesion based on high-resolution (1-mm slices) mpMRI. HA3D reconstruction was created by dedicated software to obtain the 3D virtual model of the prostate and surrounding structures. A specific system was used to overlay virtual data on the endoscopic video displayed by the remote da Vinci® surgical console (Intuitive Surgical Inc., Sunnyvale, CA, USA), and the virtual images were superimposed by the surgeon by the means of the TilePro™ multi-input display technology (Intuitive Surgical Inc.). The AR technology was used in four standardised key steps during RARP. The procedures were modulated differently in cases of prostate cancer without extracapsular extension (ECE) at mpMRI (Group A) or in cases of prostate cancer with ECE (Group B) at mpMRI. In Group A, the virtual image of the prostate was overlaid on the endoscopic view and the intraprostatic lesion was marked on the prostate surface by a metallic clip at the level of the suspicious lesion as identified by the 3D virtual AR image. In Group B, the same step was performed; moreover, a metallic clip was placed at the level of the suspicious ECE on the neurovascular bundles (NVBs) according to the virtual images. Finally, selective biopsies were taken from the NVBs at this level, and then, the entire NVBs were removed for final pathological examination, according to standard clinical indications. For Group A, the pathologist performed a targeted needle biopsy at the level of the metallic clip on the surface of prostate before the sample reduction. For Group B, the presence of tumour was evaluated during the reduction phase, at the level of metallic clip on the prostate surface and at the level of NVBs, sent separately. Finally, an image 3D scanner (Kinect, Microsoft) was used to perform a dimensional comparison between the mpMRI-based 3D virtual reconstruction and the whole-mount specimen. In all, 30 patients were enrolled in the present study, 11 (36.6%) included in Group A and 19 (63.4%) in Group B. In all cases (30/30), final pathology confirmed the location of the index lesion, as cancer was found at the level of the metallic clip. The suspected ECE was confirmed on final pathology in 15/19 cases (79%). The AR-guided selective biopsies at the level of the NVBs confirmed the ECE location, with 11/15 (73.3%) biopsies at the level of NVBs positive for cancer. The mismatch between the 3D virtual reconstruction and the prostate 3D scanning based on the whole-mount specimen was <3 mm in >85% of the gland. Our results suggest that a HA3D virtual reconstruction of the prostate based on mpMRI data and real-time superimposed imaging allow performance of an effective AR-RARP. Potentially, this approach translates into better outcomes, as the surgeon can tailor the procedure for each patient.",Francesco Porpiglia; Enrico Checcucci; Daniele Amparore; Riccardo Autorino; Alberto Piana; Andrea Bellin; Pietro Piazzolla; Federica Massa; Enrico Bollito; Dario Gned; Agostino De Pascale; Cristian Fiori,BJU international,2019,Journal Article,eng,retrieved,UNCERTAIN_REQUIRES_SCREENING,TITLE_ABSTRACT_REVIEW_REQUIRED,,,,,,,,
6881,TA-28,30245810,10.1038/s41377-018-0064-3,Full-space Cloud of Random Points with a Scrambling Metasurface.,"With the rapid progress in computer science, including artificial intelligence, big data and cloud computing, full-space spot generation can be pivotal to many practical applications, such as facial recognition, motion detection, augmented reality, etc. These opportunities may be achieved by using diffractive optical elements (DOEs) or light detection and ranging (LIDAR). However, DOEs suffer from intrinsic limitations, such as demanding depth-controlled fabrication techniques, large thicknesses (more than the wavelength), Lambertian operation only in half space, etc. LIDAR nevertheless relies on complex and bulky scanning systems, which hinders the miniaturization of the spot generator. Here, inspired by a Lambertian scatterer, we report a Hermitian-conjugate metasurface scrambling the incident light to a cloud of random points in full space with compressed information density, functioning in both transmission and reflection spaces. Over 4044 random spots are experimentally observed in the entire space, covering angles at nearly 90°. Our scrambling metasurface is made of amorphous silicon with a uniform subwavelength height, a nearly continuous phase coverage, a lightweight, flexible design, and low-heat dissipation. Thus, it may be mass produced by and integrated into existing semiconductor foundry designs. Our work opens important directions for emerging 3D recognition sensors, such as motion sensing, facial recognition, and other applications.",Zile Li; Qi Dai; Muhammad Q Mehmood; Guangwei Hu; Boris Luk' Yanchuk; Jin Tao; Chenglong Hao; Inki Kim; Heonyeong Jeong; Guoxing Zheng; Shaohua Yu; Andrea Alù; Junsuk Rho; Cheng-Wei Qiu,"Light, science & applications",2018,Journal Article,eng,retrieved,UNCERTAIN_REQUIRES_SCREENING,TITLE_ABSTRACT_REVIEW_REQUIRED,,,,,,,,
6882,TA-28,30241313,10.3390/bs8100085,Improved Socio-Emotional and Behavioral Functioning in Students with Autism Following School-Based Smartglasses Intervention: Multi-Stage Feasibility and Controlled Efficacy Study.,"Background: Students with Autism Spectrum Disorder (ASD) commonly demonstrate prominent social communication deficits, symptoms of attention-deficit/hyperactivity disorder, and chronic irritability. These challenges hinder academic progress and frequently persist despite educational, behavioral, and medical interventions. An assistive smartglasses technology may aid these individuals, especially if the technology is efficacious in ecologically-valid school settings. This study explored the feasibility and efficacy of Empowered Brain, a computerized smartglasses intervention designed as a socio-emotional behavioral aid for students with ASD. Methods: This two-part six-week study involved four school children with ASD from a public elementary school. The study incorporated an initial three-week feasibility stage followed by a three-week controlled longitudinal efficacy stage. Both stages involved the use of a twice-daily socio-emotional intervention with the smartglasses. Educators completed pre-intervention and post-intervention Aberrant Behavioral Checklist (ABC) ratings at the start of the feasibility stage, and weekly during the efficacy stage. Primary outcome measures were improvements in the ABC subscales of irritability, hyperactivity, and social withdrawal. Results: Students in both feasibility and efficacy stages demonstrated improvements (decreases) in irritability, hyperactivity, and social withdrawal compared to a baseline period and control periods, respectively. Participants in the controlled efficacy stage demonstrated decreased ABC subscale scores of 90% for irritability, 41.6% for hyperactivity, and 45.6% for social withdrawal. An intervention exposure-response improvement in irritability and hyperactivity was found during the efficacy stage. Educators rated the technology as superior or vastly superior compared to other assistive technologies. Conclusion: A substantial number of school children with ASD demonstrate chronic and impairing cognitive and behavioral challenges. This study provides evidence that Empowered Brain, a smartglasses-based socio-emotional aid for autism, is both feasible and efficacious in improving symptoms of social withdrawal, irritability, and hyperactivity in students with autism. The improvement is demonstrated as part of a longitudinal school-based intervention. Further studies involving larger samples and incorporation of randomized controlled trial methodology are underway to further elucidate the impact of this technology.",Arshya Vahabzadeh; Neha U Keshav; Rafiq Abdus-Sabur; Krystal Huey; Runpeng Liu; Ned T Sahin,"Behavioral sciences (Basel, Switzerland)",2018,Journal Article,eng,retrieved,UNCERTAIN_REQUIRES_SCREENING,TITLE_ABSTRACT_REVIEW_REQUIRED,,,,,,,,
6883,TA-28,30239435,10.1097/MAO.0000000000001995,Development of a Mixed Reality Platform for Lateral Skull Base Anatomy.,"A mixed reality (MR) headset that enables three-dimensional (3D) visualization of interactive holograms anchored to specific points in physical space was developed for use with lateral skull base anatomy. The objectives of this study are to: 1) develop an augmented reality platform using the headset for visualization of temporal bone structures, and 2) measure the accuracy of the platform as an image guidance system. A combination of semiautomatic and manual segmentation was used to generate 3D reconstructions of soft tissue and bony anatomy of cadaver heads and temporal bones from 2D computed tomography images. A Mixed-Reality platform was developed using C# programming to generate interactive 3D holograms that could be displayed in the HoloLens headset. Accuracy of visual surface registration was determined by target registration error between seven predefined points on a 3D holographic skull and 3D printed model. Interactive 3D holograms of soft tissue, bony anatomy, and internal ear structures of cadaveric models were generated and visualized in the MR headset. Software user interface was developed to allow for user control of the virtual images through gaze, voice, and gesture commands. Visual surface point matching registration was used to align and anchor holograms to physical objects. The average target registration error of our system was 5.76 mm ± 0.54. In this article, we demonstrate that an MR headset can be applied to display interactive 3D anatomic structures of the temporal bone that can be overlaid on physical models. This technology has the potential to be used as an image guidance tool during anatomic dissection and lateral skull base surgery.",Jonathan L McJunkin; Pawina Jiramongkolchai; Woenho Chung; Michael Southworth; Nedim Durakovic; Craig A Buchman; Jonathan R Silva,"Otology & neurotology : official publication of the American Otological Society, American Neurotology Society [and] European Academy of Otology and Neurotology",2018,"Journal Article; Research Support, N.I.H., Extramural; Research Support, Non-U.S. Gov't",eng,retrieved,UNCERTAIN_REQUIRES_SCREENING,TITLE_ABSTRACT_REVIEW_REQUIRED,,,,,,,,
6884,TA-28,30235136,10.1109/TVCG.2018.2871044,FleXeen: Visually Manipulating Perceived Fabric Bending Stiffness in Spatial Augmented Reality.,"The appearance of fabric motion is suggested to affect the human perception of bending stiffness. This study presents a novel spatial augmented reality, or projection mapping, approach that can visually manipulate the perceived bending stiffness of a fabric. Particularly, we proposed a flow enhancement method that can change the apparent fabric motion by using a simple optical flow analysis technique rather than complex physical simulations for interactive applications. Through a psychophysical experiment, we investigated the relationship between the magnification factor of our flow enhancement and the perceived bending stiffness of a fabric. Furthermore, we constructed a prototype application system that allows users to control the stiffness of a fabric without changing the actual physical fabric. By evaluating the prototype, we confirmed that the proposed technique can manipulate the perceived stiffness of various materials (i.e., cotton, polyester, and mixed cotton and linen) at an average accuracy of 90.3 percent.",Parinya Punpongsanon; Daisuke Iwai; Kosuke Sato,IEEE transactions on visualization and computer graphics,2020,"Journal Article; Research Support, Non-U.S. Gov't",eng,retrieved,UNCERTAIN_REQUIRES_SCREENING,TITLE_ABSTRACT_REVIEW_REQUIRED,,,,,,,,
6885,TA-28,30235134,10.1109/TVCG.2018.2868531,Augmented Reality Interface Design Approaches for Goal-directed and Stimulus-driven Driving Tasks.,"The automotive industry is rapidly developing new in-vehicle technologies that can provide drivers with information to aid awareness and promote quicker response times. Particularly, vehicles with augmented reality (AR) graphics delivered via head-up displays (HUDs) are nearing mainstream commercial feasibility and will be widely implemented over the next decade. Though AR graphics have been shown to provide tangible benefits to drivers in scenarios like forward collision warnings and navigation, they also create many new perceptual and sensory issues for drivers. For some time now, designers have focused on increasing the realism and quality of virtual graphics delivered via HUDs, and recently have begun testing more advanced 3D HUD systems that deliver volumetric spatial information to drivers. However, the realization of volumetric graphics adds further complexity to the design and delivery of AR cues, and moreover, parameters in this new design space must be clearly and operationally defined and explored. In this work, we present two user studies that examine how driver performance and visual attention are affected when using fixed and animated AR HUD interface design approaches in driving scenarios that require top-down and bottom-up cognitive processing. Results demonstrate that animated design approaches can produce some driving gains (e.g., in goal-directed navigation tasks) but often come at the cost of response time and distance. Our discussion yields AR HUD design recommendations and challenges some of the existing assumptions of world-fixed conformal graphic approaches to design.",Coleman Merenda; Hyungil Kim; Kyle Tanous; Joseph L Gabbard; Blake Feichtl; Teruhisa Misu; Chihiro Suga,IEEE transactions on visualization and computer graphics,2018,Journal Article,eng,retrieved,UNCERTAIN_REQUIRES_SCREENING,TITLE_ABSTRACT_REVIEW_REQUIRED,,,,,,,,
6886,TA-28,30234816,10.1097/BRS.0000000000002876,Pedicle Screw Placement Using Augmented Reality Surgical Navigation With Intraoperative 3D Imaging: A First In-Human Prospective Cohort Study.,"Prospective observational study. The aim of this study was to evaluate the accuracy of pedicle screw placement using augmented reality surgical navigation (ARSN) in a clinical trial. Recent cadaveric studies have shown improved accuracy for pedicle screw placement in the thoracic spine using ARSN with intraoperative 3D imaging, without the need for periprocedural x-ray. In this clinical study, we used the same system to place pedicle screws in the thoracic and lumbosacral spine of 20 patients. The study was performed in a hybrid operating room with an integrated ARSN system encompassing a surgical table, a motorized flat detector C-arm with intraoperative 2D/3D capabilities, integrated optical cameras for augmented reality navigation, and noninvasive patient motion tracking. Three independent reviewers assessed screw placement accuracy using the Gertzbein grading on 3D scans obtained before wound closure. In addition, the navigation time per screw placement was measured. One orthopedic spinal surgeon placed 253 lumbosacral and thoracic pedicle screws on 20 consenting patients scheduled for spinal fixation surgery. An overall accuracy of 94.1% of primarily thoracic pedicle screws was achieved. No screws were deemed severely misplaced (Gertzbein grade 3). Fifteen (5.9%) screws had 2 to 4 mm breach (Gertzbein grade 2), occurring in scoliosis patients only. Thirteen of those 15 screws were larger than the pedicle in which they were placed. Two medial breaches were observed and 13 were lateral. Thirteen of the grade 2 breaches were in the thoracic spine. The average screw placement time was 5.2 ± 4.1 minutes. During the study, no device-related adverse event occurred. ARSN can be clinically used to place thoracic and lumbosacral pedicle screws with high accuracy and with acceptable navigation time. Consequently, the risk for revision surgery and complications could be minimized. 3.",Adrian Elmi-Terander; Gustav Burström; Rami Nachabe; Halldor Skulason; Kyrre Pedersen; Michael Fagerlund; Fredrik Ståhl; Anastasios Charalampidis; Michael Söderman; Staffan Holmin; Drazenko Babic; Inge Jenniskens; Erik Edström; Paul Gerdhem,Spine,2019,Journal Article; Observational Study,eng,retrieved,UNCERTAIN_REQUIRES_SCREENING,TITLE_ABSTRACT_REVIEW_REQUIRED,,,,,,,,
6887,TA-28,30223748,10.1177/0894318418792877,Using Simulation to Enhance Global Nursing.,"In light of the technological, social, and political changes taking place in the world today, it is important that nurses are not just culturally competent but globally informed and engaged. The goal of this paper is to help nurses help their patients and themselves to benefit from globalization. The use of guided simulation, virtual reality, and augmented reality learning experiences is considered for each of five areas of global nursing; global aesthetics, global intelligence, global ethics, global politics, and global health. This approach invites nurses and student nurses to discern new patterns, take charge of their learning, and build multiple iterations to facilitate the processing of new and different information and ""realities.""",Steven L Baumann; Leighsa Sharoff; Laura Penalo,Nursing science quarterly,2018,Journal Article,eng,retrieved,UNCERTAIN_REQUIRES_SCREENING,TITLE_ABSTRACT_REVIEW_REQUIRED,,,,,,,,
6888,TA-28,30222576,10.1109/TVCG.2018.2869729,"The Effect of Focal Distance, Age, and Brightness on Near-Field Augmented Reality Depth Matching.","Many augmented reality (AR) applications operate within near-field reaching distances, and require matching the depth of a virtual object with a real object. The accuracy of this matching was measured in three experiments, which examined the effect of focal distance, age, and brightness, within distances of 33.3 to 50 cm, using a custom-built AR haploscope. Experiment I examined the effect of focal demand, at the levels of collimated (infinite focal distance), consistent with other depth cues, and at the midpoint of reaching distance. Observers were too young to exhibit age-related reductions in accommodative ability. The depth matches of collimated targets were increasingly overestimated with increasing distance, consistent targets were slightly underestimated, and midpoint targets were accurately estimated. Experiment II replicated Experiment I, with older observers. Results were similar to Experiment I. Experiment III replicated Experiment I with dimmer targets, using young observers. Results were again consistent with Experiment I, except that both consistent and midpoint targets were accurately estimated. In all cases, collimated results were explained by a model, where the collimation biases the eyes' vergence angle outwards by a constant amount. Focal demand and brightness affect near-field AR depth matching, while age-related reductions in accommodative ability have no effect.",Gurjot Singh; Stephen R Ellis; J Edward Swan,IEEE transactions on visualization and computer graphics,2020,"Journal Article; Research Support, U.S. Gov't, Non-P.H.S.",eng,retrieved,UNCERTAIN_REQUIRES_SCREENING,TITLE_ABSTRACT_REVIEW_REQUIRED,,,,,,,,
6889,TA-28,30218540,10.1002/rcs.1958,A novel augmented reality (AR) scheme for knee replacement surgery by considering cutting error accuracy.,"Augmented reality (AR) surgery has not been successfully implemented in knee replacement surgery due to the negative effect of cutting errors. This research aims to decrease the cutting error to reduce the chronic pain after knee replacement. The proposed system consists of a volume subtraction technique that considers the history of the area that has been cut and measures it against the target shape. Results minimized the cutting error by about 1 mm. Therefore, it provides a significant video accuracy improvement in alignment to 0.40 to 0.55 mm from 0.55 to 0.64 and a decrease in processing time from 12 to 13 fs/s to 9 to10 fs/s. The proposed system is focused on overlaying only the remaining areas of surgery that need to be completed. Finally, this study solves the issues of navigation with AR when cutting bones in a scheduled direction and depth.",Suraj Pokhrel; Abeer Alsadoon; P W C Prasad; Manoranjan Paul,The international journal of medical robotics + computer assisted surgery : MRCAS,2019,Journal Article,eng,retrieved,UNCERTAIN_REQUIRES_SCREENING,TITLE_ABSTRACT_REVIEW_REQUIRED,,,,,,,,
6890,TA-28,30211385,10.5435/JAAOSGlobal-D-17-00008,Augmented Reality Visualization-guided Microscopic Spine Surgery: Transvertebral Anterior Cervical Foraminotomy and Posterior Foraminotomy.,"We describe intraoperative augmented reality (AR) imaging to obtain a microscopic view in spine keyhole surgery. Minimally invasive keyhole surgery has been developed even for spine surgery, including transvertebral anterior cervical foraminotomy and posterior cervical laminoforaminotomy. These methods are complex and require a skillful technique. Therefore, inexperienced surgeons hesitate to perform keyhole surgeries. The technology used in surgery is rapidly advancing, including intraoperative imaging devices that have enabled AR imaging and facilitated complicated surgeries in many fields. However, data are not currently available on the use of AR imaging in spine surgery. The purpose of this article was to introduce the utility of AR for spine surgery. We performed O-arm intraoperative imaging to create an augmented imaging model in navigation systems. Navigation data were linked to a microscope to merge the live view and AR. Augmented reality imaging shows the model plan in the real-world surgical field. We used this novel method in patients who underwent both keyhole surgeries. We successfully performed both surgeries using the AR visualization guide. The AR navigation system facilitates complicated keyhole surgeries in patients who undergo spine surgery. Technical report.",Daisuke Umebayashi; Yu Yamamoto; Yasuhiro Nakajima; Nobuhisa Fukaya; Masahito Hara,Journal of the American Academy of Orthopaedic Surgeons. Global research & reviews,2018,Case Reports; Journal Article,eng,retrieved,UNCERTAIN_REQUIRES_SCREENING,TITLE_ABSTRACT_REVIEW_REQUIRED,,,,,,,,
6891,TA-28,33500980,10.3389/frobt.2018.00101,Why Is Virtual Reality Interesting for Philosophers?,"This article explores promising points of contact between philosophy and the expanding field of virtual reality research. Aiming at an interdisciplinary audience, it proposes a series of new research targets by presenting a range of concrete examples characterized by high theoretical relevance and heuristic fecundity. Among these examples are conscious experience itself, ""Bayesian"" and social VR, amnestic re-embodiment, merging human-controlled avatars and virtual agents, virtual ego-dissolution, controlling the reality/virtuality continuum, the confluence of VR and artificial intelligence (AI) as well as of VR and functional magnetic resonance imaging (fMRI), VR-based social hallucinations and the emergence of a virtual Lebenswelt, religious faith and practical phenomenology. Hopefully, these examples can serve as first proposals for intensified future interaction and mark out some potential new directions for research.",Thomas K Metzinger,Frontiers in robotics and AI,2018,Journal Article,eng,retrieved,UNCERTAIN_REQUIRES_SCREENING,TITLE_ABSTRACT_REVIEW_REQUIRED,,,,,,,,
6892,TA-28,30207960,10.1109/TVCG.2018.2868570,An Extended Depth-at-Field Volumetric Near-Eye Augmented Reality Display.,"We introduce an optical design and a rendering pipeline for a full-color volumetric near-eye display which simultaneously presents imagery with near-accurate per-pixel focus across an extended volume ranging from 15cm (6.7 diopters) to 4M (0.25 diopters), allowing the viewer to accommodate freely across this entire depth range. This is achieved using a focus-tunable lens that continuously sweeps a sequence of 280 synchronized binary images from a high-speed, Digital Micromirror Device (DMD) projector and a high-speed, high dynamic range (HDR) light source that illuminates the DMD images with a distinct color and brightness at each binary frame. Our rendering pipeline converts 3-D scene information into a 2-D surface of color voxels, which are decomposed into 280 binary images in a voxel-oriented manner, such that 280 distinct depth positions for full-color voxels can be displayed.",Kishore Rathinavel; Hanpeng Wang; Alex Blate; Henry Fuchs,IEEE transactions on visualization and computer graphics,2018,"Journal Article; Research Support, Non-U.S. Gov't; Research Support, U.S. Gov't, Non-P.H.S.",eng,retrieved,UNCERTAIN_REQUIRES_SCREENING,TITLE_ABSTRACT_REVIEW_REQUIRED,,,,,,,,
6893,TA-28,30207959,10.1109/TVCG.2018.2868568,ARbis Pictus: A Study of Vocabulary Learning with Augmented Reality.,"We conducted a fundamental user study to assess potential benefits of AR technology for immersive vocabulary learning. With the idea that AR systems will soon be able to label real-world objects in any language in real time, our within-subjects lab-based study explores the effect of such an AR vocabulary prompter on participants learning nouns in an unfamiliar foreign language, compared to a traditional flashcard-based learning approach. Our results show that the immersive AR experience of learning with virtual labels on real-world objects is both more effective and more enjoyable for the majority of participants, compared to flashcards. Specifically, when participants learned through augmented reality, they scored significantly better on both same-day and 4-day delayed productive recall tests than when they learned using the flashcard method. We believe this result is an indication of the strong potential for language learning in augmented reality, particularly because of the improvement shown in sustained recall compared to the traditional approach.",Adam Ibrahim; Brandon Huynh; Jonathan Downey; Tobias Hollerer; Dorothy Chun; John O'donovan,IEEE transactions on visualization and computer graphics,2018,"Journal Article; Research Support, U.S. Gov't, Non-P.H.S.",eng,retrieved,UNCERTAIN_REQUIRES_SCREENING,TITLE_ABSTRACT_REVIEW_REQUIRED,,,,,,,,
6894,TA-28,30207958,10.1109/TVCG.2018.2868532,FocusAR: Auto-focus Augmented Reality Eyeglasses for both Real World and Virtual Imagery.,"We describe a system which corrects dynamically for the focus of the real world surrounding the near-eye display of the user and simultaneously the internal display for augmented synthetic imagery, with an aim of completely replacing the user prescription eyeglasses. The ability to adjust focus for both real and virtual stimuli will be useful for a wide variety of users, but especially for users over 40 years of age who have limited accommodation range. Our proposed solution employs a tunable-focus lens for dynamic prescription vision correction, and a varifocal internal display for setting the virtual imagery at appropriate spatially registered depths. We also demonstrate a proof of concept prototype to verify our design and discuss the challenges to building an auto-focus augmented reality eyeglasses for both real and virtual.",Praneeth Chakravarthula; David Dunn; Kaan Aksit; Henry Fuchs,IEEE transactions on visualization and computer graphics,2018,"Journal Article; Research Support, Non-U.S. Gov't",eng,retrieved,UNCERTAIN_REQUIRES_SCREENING,TITLE_ABSTRACT_REVIEW_REQUIRED,,,,,,,,
6895,TA-28,30206745,10.1007/s10006-018-0719-5,A novel noise filtered and occlusion removal: navigational accuracy in augmented reality-based constructive jaw surgery.,"Augmented reality-based constructive jaw surgery has been facing various limitations such as noise in real-time images, the navigational error of implants and jaw, image overlay error, and occlusion handling which have limited the implementation of augmented reality (AR) in corrective jaw surgery. This research aimed to improve the navigational accuracy, through noise and occlusion removal, during positioning of an implant in relation to the jaw bone to be cut or drilled. The proposed system consists of a weighting-based de-noising filter and depth mapping-based occlusion removal for removing any occluded object such as surgical tools, the surgeon's body parts, and blood. The maxillary (upper jaw) and mandibular (lower jaw) jaw bone sample results show that the proposed method can achieve the image overlay error (video accuracy) of 0.23~0.35 mm and processing time of 8-12 frames per second compared to 0.35~0.45 mm and 6-11 frames per second by the existing best system. The proposed system concentrates on removing the noise from the real-time video frame and the occlusion. Thus, the acceptable range of accuracy and the processing time are provided by this study for surgeons for carrying out a smooth surgical flow.",Bijaya Raj Basnet; Abeer Alsadoon; Chandana Withana; Anand Deva; Manoranjan Paul,Oral and maxillofacial surgery,2018,Journal Article,eng,retrieved,UNCERTAIN_REQUIRES_SCREENING,TITLE_ABSTRACT_REVIEW_REQUIRED,,,,,,,,
6896,TA-28,33500985,10.3389/frobt.2018.00106,User Experience of Augmented Reality System for Astronaut's Manual Work Support.,"This paper introduces Augmented Reality (AR) system to support an astronaut's manual work, it has been developed in two phases. The first phase was developed in Europeans Space Agency's (ESA) project called ""EdcAR-Augmented Reality for Assembly, Integration, Testing and Verification, and Operations"" and the second phase was developed and evaluated within the Horizon 2020 project ""WEKIT-Wearable Experience for Knowledge Intensive Training."" The main aim is to create an AR based technological platform for high knowledge manual work support, in the aerospace industry with reasonable user experience. The AR system was designed for the Microsoft HoloLens mixed reality platform, and it was implemented based on a modular architecture. The purpose of the evaluation of the AR system is to prove that reasonable user experience of augmented reality can reduce performance errors while executing a procedure, increase memorability, and improve cost, and time efficiency of the training. The main purpose of the first phase evaluation was to observe and get feedback from the AR system, from user experience point-of-view for the future development. The use case was a filter change in International Space Station (ISS)-Columbus mock-up in the ESA's European Astronaut Centre (EAC). The test group of 14 subjects it included an experienced astronaut, EAC trainers, other EAC personnel, and a student group. The second phase the experiment consisted of an in-situ trial and evaluation process. The augmented reality system was tested at ALTEC facilities in Turin, Italy, where 39 participants were performing an actual real astronaut's procedure, the installation of Temporary Stowage Rack (TSR) on a physical mock-up of an ISS module. User experience evaluation was assessed using comprehensive questionnaires, and interviews, gathering an in-depth feedback on their experience with a platform. This focused on technology acceptance, system usability, smart glasses user satisfaction, user interaction satisfaction, and interviews, gathering an in-depth feedback on their experience with a platform. The analysis of the questionnaires and interviews showed that the scores obtained for user experience, usability, user satisfaction, and technology acceptance were near the desired average. Specifically, The System Usability Scale (SUS) score was 68 indicating that the system usability is already nearly acceptable in the augmented reality platform.",Kaj Helin; Timo Kuula; Carlo Vizzi; Jaakko Karjalainen; Alla Vovk,Frontiers in robotics and AI,2018,Journal Article,eng,retrieved,UNCERTAIN_REQUIRES_SCREENING,TITLE_ABSTRACT_REVIEW_REQUIRED,,,,,,,,
6897,TA-28,30200812,10.1177/0194599818797586,Virtual Functional Endoscopic Sinus Surgery Simulation with 3D-Printed Models for Mixed-Reality Nasal Endoscopy.,"The surgeon's knowledge of a patient's individual anatomy is critical in skull base surgery. Trainees and experienced surgeons can benefit from surgical simulation; however, current models are expensive and impractical for widespread use. In this study, we report a next-generation mixed-reality surgical simulator. We segmented critical anatomic structures for 3-dimensional (3D) models to develop a modular teaching tool. We then developed a navigation tracking system utilizing a 3D-printed endoscope as a trackable virtual-reality (VR) controller and validated the accuracy on VR and 3D-printed skull models within 1 cm. We combined VR and augmented-reality visual cues with our 3D physical model to simulate sinus endoscopy and highlight segmented structures in real time. This report provides evidence that a mixed-reality simulator combining VR and 3D-printed models is feasible and may prove useful as an educational tool that is low cost and customizable.",Samuel R Barber; Saurabh Jain; Young-Jun Son; Eugene H Chang,Otolaryngology--head and neck surgery : official journal of American Academy of Otolaryngology-Head and Neck Surgery,2018,Journal Article,eng,retrieved,UNCERTAIN_REQUIRES_SCREENING,TITLE_ABSTRACT_REVIEW_REQUIRED,,,,,,,,
6898,TA-28,30192172,10.1089/lap.2018.0183,Laparoscopic Liver Resection with Augmented Reality: A Preclinical Experience.,"Intraoperative imaging, such as ultrasound, provides subsurface anatomical information not seen by standard laparoscopy. Currently, information from the two modalities may only be integrated in the surgeon's mind, an often distracting and inefficient task. The desire to improve intraoperative efficiency has guided the development of a novel, augmented reality (AR) laparoscopic system that integrates, in real time, laparoscopic ultrasound (LUS) images with the laparoscopic video. This study shows the initial application of this system for laparoscopic hepatic wedge resection in a porcine model. The AR system consists of a standard laparoscopy setup, LUS scanner, electromagnetic tracking system, and a laptop computer for image fusion. Two liver lesions created in a 40-kg swine by radiofrequency ablation (RFA) were resected using the novel AR system and under standard laparoscopy. Anatomical details from the LUS were successfully fused with the laparoscopic video in real time and presented on a single screen for the surgeons. The RFA lesions created were 2.5 and 1 cm in diameter. The 2.5 cm lesion was resected under AR guidance, taking about 7 minutes until completion, while the 1 cm lesion required 3 minutes using standard laparoscopy and ultrasound. Resection margins of both lesions grossly showed noncoagulated liver parenchyma, indicating a negative-margin resection. The use of our AR system in laparoscopic hepatic wedge resection in a swine provided real-time integration of ultrasound image with standard laparoscopy. With more experience and testing, this system can be used for other laparoscopic procedures.",Lung W Lau; Xinyang Liu; William Plishker; Karun Sharma; Raj Shekhar; Timothy D Kane,Journal of laparoendoscopic & advanced surgical techniques. Part A,2019,Journal Article,eng,retrieved,UNCERTAIN_REQUIRES_SCREENING,TITLE_ABSTRACT_REVIEW_REQUIRED,,,,,,,,
6899,TA-28,30188833,10.1109/TVCG.2018.2868591,Revisiting Trends in Augmented Reality Research: A Review of the 2nd Decade of ISMAR (2008-2017).,"In 2008, Zhou et al. presented a survey paper summarizing the previous ten years of ISMAR publications, which provided invaluable insights into the research challenges and trends associated with that time period. Ten years later, we review the research that has been presented at ISMAR conferences since the survey of Zhou et al., at a time when both academia and the AR industry are enjoying dramatic technological changes. Here we consider the research results and trends of the last decade of ISMAR by carefully reviewing the ISMAR publications from the period of 2008-2017, in the context of the first ten years. The numbers of papers for different research topics and their impacts by citations were analyzed while reviewing them-which reveals that there is a sharp increase in AR evaluation and rendering research. Based on this review we offer some observations related to potential future research areas or trends, which could be helpful to AR researchers and industry members looking ahead.",Kangsoo Kim; Mark Billinghurst; Gerd Bruder; Henry Been-Lirn Duh; Gregory F Welch,IEEE transactions on visualization and computer graphics,2018,"Journal Article; Research Support, Non-U.S. Gov't; Research Support, U.S. Gov't, Non-P.H.S.",eng,retrieved,UNCERTAIN_REQUIRES_SCREENING,TITLE_ABSTRACT_REVIEW_REQUIRED,,,,,,,,
6900,TA-28,30188832,10.1109/TVCG.2018.2868584,Towards Efficient Visual Guidance in Limited Field-of-View Head-Mounted Displays.,"Understanding, navigating, and performing goal-oriented actions in Mixed Reality (MR) environments is a challenging task and requires adequate information conveyance about the location of all virtual objects in a scene. Current Head-Mounted Displays (HMDs) have a limited field-of-view where augmented objects may be displayed. Furthermore, complex MR environments may be comprised of a large number of objects which can be distributed in the extended surrounding space of the user. This paper presents two novel techniques for visually guiding the attention of users towards out-of-view objects in HMD-based MR: the 3D Radar and the Mirror Ball. We evaluate our approaches against existing techniques during three different object collection scenarios, which simulate real-world exploratory and goal-oriented visual search tasks. To better understand how the different visualizations guide the attention of users, we analyzed the head rotation data for all techniques and introduce a novel method to evaluate and classify head rotation trajectories. Our findings provide supporting evidence that the type of visual guidance technique impacts the way users search for virtual objects in MR.",Felix Bork; Christian Schnelzer; Ulrich Eck; Nassir Navab,IEEE transactions on visualization and computer graphics,2018,Journal Article,eng,retrieved,UNCERTAIN_REQUIRES_SCREENING,TITLE_ABSTRACT_REVIEW_REQUIRED,,,,,,,,
6901,TA-28,30186196,10.3389/fpsyg.2018.01486,Insights Into the Factors Influencing Student Motivation in Augmented Reality Learning Experiences in Vocational Education and Training.,"Research on Augmented Reality (AR) in education has demonstrated that AR applications designed with diverse components boost student motivation in educational settings. However, most of the research conducted to date, does not define exactly what those components are and how these components positively affect student motivation. This study, therefore, attempts to identify some of the components that positively affect student motivation in mobile AR learning experiences to contribute to the design and development of motivational AR learning experiences for the Vocational Education and Training (VET) level of education. To identify these components, a research model constructed from the literature was empirically validated with data obtained from two sources: 35 students from four VET institutes interacting with an AR application for learning for a period of 20 days, and a self-report measure obtained from the Instructional Materials Motivation Survey (IMMS). We found that the following variables: use of scaffolding, real-time feedback, degree of success, time on-task and learning outcomes are positively correlated with the four dimensions of the ARCS model of motivation: Attention, Relevance, Confidence, and Satisfaction. Implications of these results are also described.",Jorge Bacca; Silvia Baldiris; Ramon Fabregat; Kinshuk,Frontiers in psychology,2018,Journal Article,eng,retrieved,UNCERTAIN_REQUIRES_SCREENING,TITLE_ABSTRACT_REVIEW_REQUIRED,,,,,,,,
6902,TA-28,30180147,10.1097/BRS.0000000000002856,The Role of Mixed Reality Simulation for Surgical Training in Spine: Phase 1 Validation.,"This study shows the first phase of validation of a new model for realistic training on spine surgery, conducted from January 2014 to November 2015. To propose and validate a new tool for neurosurgical education, associating virtual and realistic simulation (mixed reality), for spine surgery. Surgical simulation is a relatively new filed that has a lot to offer to neurosurgical education. Training a new surgeon may take years of hands-on procedures, increasing the risk to patient's safety. The development of surgical simulation platforms is therefore essential to reducing the risk of potentially serious risks and improving outcome. Sixteen experienced spinal surgeons evaluated these simulators and answered the questionnaire regarding the simulation as a beneficial education tool. They evaluated the simulators in regard to dissection by planes, identification of pathology (lumbar canal stenosis), instrumentation and simulation of cerebrospinal fluid (CSF) leak, and the relevant aspects of the computerized tomography (CT) imaging. The virtual and physical simulators for spine surgery were approved by an expert surgery team, and considered adequate for educational purposes. The proportion of the answers was estimated by the confidence intervals. The surgery team considered that this virtual simulation provides a highly effective training environment, and it significantly enhances teaching of surgical anatomy and operative strategies in the neurosurgical field. A mixture of physical and virtual simulation provided the desired results of enhancing the requisite psychomotor and cognitive skills, previously acquired only during a surgical apprenticeship. The combination of these tools may potentially improve and abbreviate the learning curve for trainees, in a safe environment. 3.",Giselle Coelho; Helton L A Defino,Spine,2018,Journal Article,eng,retrieved,UNCERTAIN_REQUIRES_SCREENING,TITLE_ABSTRACT_REVIEW_REQUIRED,,,,,,,,
6903,TA-28,30168639,10.1002/rcs.1950,Projector-based augmented reality system for interventional visualization inside MRI scanners.,"Navigation support in interventional magnetic resonance imaging (MRI) is separated from the operating field, which makes it difficult to interpret positions and orientations and to coordinate the necessary hand movements. We developed a projector-based augmented reality system to enable visual navigation of tracked instruments on pre-planned paths and visualization of risk structures directly on the patient inside the MRI bore. To assess the accuracy of the system, a user study was carried out with clinicians in a needle navigation test scenario. The targets were reached with an error of 1.7 ± 0.5 mm and the entry points with an error of 1.7 ± 0.8 mm. The accuracy results are similar to those reached by live image-guided interventions and related work and confirm that this projective augmented reality prototype for the interventional MRI can serve as a platform for current and future research in augmented reality visualization and dynamic registration.",André Mewes; Florian Heinrich; Urte Kägebein; Bennet Hensen; Frank Wacker; Christian Hansen,The international journal of medical robotics + computer assisted surgery : MRCAS,2019,Journal Article,eng,retrieved,UNCERTAIN_REQUIRES_SCREENING,TITLE_ABSTRACT_REVIEW_REQUIRED,,,,,,,,
6904,TA-28,30167209,10.1038/lsa.2017.81,Automated design of freeform imaging systems.,"The automated design of imaging systems involving no or minimal human effort has always been the expectation of scientists, researchers and optical engineers. In addition, it is challenging to choose an appropriate starting point for an optical system design. In this paper, we present a novel design framework based on a point-by-point design process that can automatically obtain high-performance freeform systems. This framework only requires a combination of planes as the input based on the configuration requirements or the prior knowledge of designers. This point-by-point design framework is different from the decades-long tradition of optimizing surface coefficients. Compared with the traditional design method, whereby the selection of the starting point and the optimization process are independent of each other and require extensive amount of human effort, there are no obvious differences between these two processes in our design framework, and the entire design process is mostly automated. This automated design process significantly reduces the amount of human effort required and does not rely on advanced design skills and experience. To demonstrate the feasibility of the proposed design framework, we successfully designed two high-performance systems as examples. This point-by-point design framework opens up new possibilities for automated optical design and can be used to develop automated optical design in the areas of remote sensing, telescopy, microscopy, spectroscopy, virtual reality and augmented reality.",Tong Yang; Guo-Fan Jin; Jun Zhu,"Light, science & applications",2017,Journal Article,eng,retrieved,UNCERTAIN_REQUIRES_SCREENING,TITLE_ABSTRACT_REVIEW_REQUIRED,,,,,,,,
6905,TA-28,30153240,10.1097/OPX.0000000000001278,Low Vision Enhancement with Head-mounted Video Display Systems: Are We There Yet?,"Head-mounted video display systems and image processing as a means of enhancing low vision are ideas that have been around for more than 20 years. Recent developments in virtual and augmented reality technology and software have opened up new research opportunities that will lead to benefits for low vision patients. Since the Visionics low vision enhancement system (LVES), the first head-mounted video display LVES, was engineered 20 years ago, various other devices have come and gone with a recent resurgence of the technology over the past few years. In this article, we discuss the history of the development of LVESs, describe the current state of available technology by outlining existing systems, and explore future innovation and research in this area. Although LVESs have now been around for more than two decades, there is still much that remains to be explored. With the growing popularity and availability of virtual reality and augmented reality technologies, we can now integrate these methods within low vision rehabilitation to conduct more research on customized contrast-enhancement strategies, image motion compensation, image-remapping strategies, and binocular disparity, all while incorporating eye-tracking capabilities. Future research should use this available technology and knowledge to learn more about the visual system in the low vision patient and extract this new information to create prescribable vision enhancement solutions for the visually impaired individual.",Ashley D Deemer; Christopher K Bradley; Nicole C Ross; Danielle M Natale; Rath Itthipanichpong; Frank S Werblin; Robert W Massof,Optometry and vision science : official publication of the American Academy of Optometry,2018,"Journal Article; Research Support, N.I.H., Extramural",eng,retrieved,UNCERTAIN_REQUIRES_SCREENING,TITLE_ABSTRACT_REVIEW_REQUIRED,,,,,,,,
6906,TA-28,30153041,10.1089/g4h.2017.0181,Augmented Reality Games as a New Class of Physical Activity Interventions? The Impact of Pokémon Go Use and Gaming Intensity on Physical Activity.,"To assess the health impact of augmented reality games by examining the association between Pokémon Go and physical activity among university students. This pilot study included 65 medical students who were iPhone (Apple, Inc., Cupertino, CA) users with the built-in accelerometer and Health app. Main outcome measures were the change in daily walking distance before and after the release of Pokémon Go (Niantic, Inc., San Francisco, CA). Twenty-four (36.9%) medical students were active Pokémon Go players. When compared with nonplayers, Pokémon Go players on average walked 1.5, 1.2, 0.9, and 0.6 km more daily on the third, fourth, fifth, and sixth day of the game, respectively (P < 0.05). Physical activity differences were not detected beyond the first week. Among Pokémon Go players, higher intensity of gaming was associated with increased distance walked 50 days after the release of the game compared to previously (P < 0.001). In this pilot study, Pokémon Go was associated with a transient increase in physical activity in the first week. Augmented reality games need to demonstrate a sustained positive health impact to be promoted as a new class of physical activity interventions.",Michael Y Ni; Rex W H Hui; Tom K Li; Anna H M Tam; Lois L Y Choy; Kitty K W Ma; Felix Cheung; Gabriel M Leung,Games for health journal,2019,Journal Article,eng,retrieved,UNCERTAIN_REQUIRES_SCREENING,TITLE_ABSTRACT_REVIEW_REQUIRED,,,,,,,,
6907,TA-28,30148251,10.1186/s41747-018-0054-5,Augmented reality for interventional oncology: proof-of-concept study of a novel high-end guidance system platform.,"To assess the feasibility of a novel system that uses augmented reality to guide interventional oncology procedures. This study was conducted in accordance to the guidelines of the local institutional review boards. Evaluation of an augmented reality system based upon a tablet, a needle handle and a set of markers was performed in three experimental models. Initially, a male anthropomorphic trunk phantom equipped with five polyvinyl chloride bars (two of 16 cm in length and 3 cm in diameter and four of 45, 30 or 20 cm in length and 2 cm in diameter) was used to study the accuracy of the system without respiratory motion or tissue compression. Next, small metallic targets were placed in a porcine model to evaluate how respiration affects the system accuracy. Finally, the performance of the system on a more complete model, a cadaver with liver metastasis, was tested. In all experimental settings, extremely high targeting accuracy of < 5 mm in all cases was achieved: 2.0 ± 1.5 mm (mean ± standard deviation) for the anthropomorphic model, 3.9 ± 0.4 mm for the porcine model, and 2.5 mm and 2.8 mm for the two metastases in the cadaver model. Augmented reality can assist with needle guidance with great target accuracy for interventional procedures by simultaneously visualising three-dimensional reconstructed anatomical structures, tumour targets and interventional devices on a patient's body, enabling performance of procedures in a simple and confident way.",Marco Solbiati; Katia M Passera; Alessandro Rotilio; Francesco Oliva; Ilaria Marre; S Nahum Goldberg; Tiziana Ierace; Luigi Solbiati,European radiology experimental,2018,Journal Article,eng,retrieved,UNCERTAIN_REQUIRES_SCREENING,TITLE_ABSTRACT_REVIEW_REQUIRED,,,,,,,,
6908,TA-28,30136995,10.1109/TVCG.2018.2865192,Origin-Destination Flow Maps in Immersive Environments.,"Immersive virtual- and augmented-reality headsets can overlay a flat image against any surface or hang virtual objects in the space around the user. The technology is rapidly improving and may, in the long term, replace traditional flat panel displays in many situations. When displays are no longer intrinsically flat, how should we use the space around the user for abstract data visualisation? In this paper, we ask this question with respect to origin-destination flow data in a global geographic context. We report on the findings of three studies exploring different spatial encodings for flow maps. The first experiment focuses on different 2D and 3D encodings for flows on flat maps. We find that participants are significantly more accurate with raised flow paths whose height is proportional to flow distance but fastest with traditional straight line 2D flows. In our second and third experiment we compared flat maps, 3D globes and a novel interactive design we call MapsLink, involving a pair of linked flat maps. We find that participants took significantly more time with MapsLink than other flow maps while the 3D globe with raised flows was the fastest, most accurate, and most preferred method. Our work suggests that careful use of the third spatial dimension can resolve visual clutter in complex flow maps.",Yalong Yang; Tim Dwyer; Bernhard Jenny; Kim Marriott; Maxime Cordeil; Haohui Chen,IEEE transactions on visualization and computer graphics,2018,Journal Article,eng,retrieved,UNCERTAIN_REQUIRES_SCREENING,TITLE_ABSTRACT_REVIEW_REQUIRED,,,,,,,,
6909,TA-28,30136971,10.1109/TVCG.2018.2865025,An Information-Theoretic Approach to the Cost-benefit Analysis of Visualization in Virtual Environments.,"Visualization and virtual environments (VEs) have been two interconnected parallel strands in visual computing for decades. Some VEs have been purposely developed for visualization applications, while many visualization applications are exemplary showcases in general-purpose VEs. Because of the development and operation costs of VEs, the majority of visualization applications in practice have yet to benefit from the capacity of VEs. In this paper, we examine this status quo from an information-theoretic perspective. Our objectives are to conduct cost-benefit analysis on typical VE systems (including augmented and mixed reality, theater-based systems, and large powerwalls), to explain why some visualization applications benefit more from VEs than others, and to sketch out pathways for the future development of visualization applications in VEs. We support our theoretical propositions and analysis using theories and discoveries in the literature of cognitive sciences and the practical evidence reported in the literatures of visualization and VEs.",Min Chen; Kelly Gaither; Nigel W John; Brian McCann,IEEE transactions on visualization and computer graphics,2018,Journal Article,eng,retrieved,UNCERTAIN_REQUIRES_SCREENING,TITLE_ABSTRACT_REVIEW_REQUIRED,,,,,,,,
6910,TA-28,30136383,10.1002/brb3.1084,The feasibility of an augment reality system to study the psychophysiological correlates of fear-related responses.,"Previous studies have successfully used augmented reality (AR) as an aid to exposure-based treatments for anxiety disorders. However, to the best of our knowledge, none of these studies have measured the physiological correlates of the fear response, relying solely on self-reports and behavioral avoidance tests. As the physiological defensive reactivity pattern impacts on the treatment effectiveness, we tested the feasibility of an AR system integrated in a mobile and wearable device for assessing the psychophysiological mechanisms (heart rate) involved in fear responses in real-life contexts. Specific phobia was used as a model given its prototypical defensive hyperreactivity toward the feared stimulus (spiders to spider phobics, in the current study). The results showed that the stimuli presented using AR were able to induce physiological alterations in the participants, which were specific depending on the stimulus type (fear or neutral) and on the participants' level of spider fear (phobic and control group). These physiological correlates of the fear response were reflected both in the intensity of heart rate (in relation to the baseline) and in the time needed to react and recover after the stimulus exposure. Finally, we tested a theoretical model that showed that the physiological responses of phobic individuals when facing their phobic stimulus only explained its own data. We argue in favor of the system's feasibility at capturing and quantifying the physiological dimension of fear-related responses, which may be of great value for diagnostic and treatment purposes in anxiety disorders, namely specific phobia.",Susana Brás; Sandra C Soares; Telmo Cruz; Tiago Magalhães; Bernardo Marques; Cláudia Dantas; Nuno Fernandes; José Maria Fernandes,Brain and behavior,2018,"Journal Article; Research Support, Non-U.S. Gov't",eng,retrieved,UNCERTAIN_REQUIRES_SCREENING,TITLE_ABSTRACT_REVIEW_REQUIRED,,,,,,,,
6911,TA-28,30132240,10.3758/s13428-018-1105-9,Assessment of an augmented reality apparatus for the study of visually guided walking and obstacle crossing.,"To walk through the cluttered natural environment requires visually guided and anticipatory adjustments to gait in advance of upcoming obstacles. However, scientific investigation of visual contributions to obstacle crossing have historically been limited by the practical issues involved with the repeated presentation of multiple obstacles upon a ground plane. This study evaluates an approach in which the perception of a 3D obstacle is generated from 2D projection onto the ground plane with perspective correction based on the subject's motion-tracked head position. The perception of depth is further reinforced with the use of stereoscopic goggles. To evaluate the validity of this approach, behavior was compared between approaches to two types of obstacles in a blocked design: physical obstacles, and the augmented reality (AR) obstacles projected upon the ground plane. In addition, obstacle height, defined in units of leg length (LL), was varied on each trial (0.15, 0.25, 0.35 LL). Approaches to ended with collision on 0.8% of trials with physical obstacles per subject, and on 1.4% trials with AR obstacles. Collisions were signaled by auditory feedback. Linear changes in the height of both AR and physical obstacles produced linear changes in maximum step height, preserving a constant clearance magnitude across changes in obstacle height. However, for AR obstacles, approach speed was slower, the crossing step peaked higher above the obstacle, and there was greater clearance between the lead toe and the obstacle. These results suggest that subjects were more cautious when approaching and stepping over AR obstacles.",Kamran Binaee; Gabriel J Diaz,Behavior research methods,2019,Journal Article,eng,retrieved,UNCERTAIN_REQUIRES_SCREENING,TITLE_ABSTRACT_REVIEW_REQUIRED,,,,,,,,
6912,TA-28,30125516,,Use of the AccuVein AV400 during RARP: an infrared augmented reality device to help reduce abdominal wall hematoma.,"Abdominal wall hematoma (AWH) is a self-resolving, yet common complication from the insertion of trocars during laparoscopic surgery. Particularly, its appearance may increase patient anxiety and may reduce overall surgical satisfaction. In a retrospective study analyzing data from 724 robot-assisted radical prostatectomy cases (RARP), trocar insertion sites were examined on postoperative day 7 with Foley removal for AWH. AWH was defined by a sizable collection of blood below the skin as a result of the surgery. The AccuVein AV400 system was utilized to generate real-time images of venous structures beneath the skin. Comparative outcomes were performed with a series of 114 men where the AccuVein AV400 device was applied over trocar insertion markings to help modify port placement. The pre-incision imaging of the AccuVein system modified port placement in 74 of 114 cases (65%), and reduced AWH from 8.8% to 2.6% (p = 0.03) as compared to transabdominal illumination. Port placement adjustments were most prevalent in the lateral regions of the abdomen, prompting attention for lateral trocar insertion to avoid vessels such as the thoracoepigastric veins. Notably, the body mass index (BMI) of patients experiencing AWH who received the pre-incision imaging of AccuVein was significantly higher than patients receiving standard transabdominal illumination (34.2 and 27.9 kg/m² respectively; p = 0.02). The AccuVein AV400 device appears to be an effective adjuvant for decreasing rates of AWH during lower abdominal wall trocar insertion, though its effectiveness is limited in patients with extreme BMI. Additionally, special attention should be directed towards trocar insertion in the lateral regions of the abdomen.",Kyle W Law; Khaled Ajib; Felix Couture; Come Tholomier; Helen Davis Bondarenko; Felix Preisser; Pierre I Karakiewicz; Kevin C Zorn,The Canadian journal of urology,2018,Journal Article,eng,retrieved,UNCERTAIN_REQUIRES_SCREENING,TITLE_ABSTRACT_REVIEW_REQUIRED,,,,,,,,
6913,TA-28,30123161,10.3389/fpsyg.2018.01354,Immersive Interactive Technologies for Positive Change: A Scoping Review and Design Considerations.,"Practices such as mindfulness, introspection, and self-reflection are known to have positive short and long-term effects on health and well-being. However, in today's modern, fast-paced, technological world tempted by distractions these practices are often hard to access and relate to a broader audience. Consequently, technologies have emerged that mediate personal experiences, which is reflected in the high number of available applications designed to elicit positive changes. These technologies elicit positive changes by bringing users' attention to the self-from technologies that show representation of quantified personal data, to technologies that provide experiences that guide the user closer in understanding the self. However, while many designs available today are either built to support or are informed by these aforementioned practices, the question remains: how can we most effectively employ different design elements and interaction strategies to support positive change? Moreover, what types of input and output modalities contribute to eliciting positive states? To address these questions, we present here a state of the art scoping review of immersive interactive technologies that serve in a role of a mediator for positive change in users. We performed a literature search using ACM Digital Library, Web of Science, IEEE Xplore, and Design and Applied Arts Index (beginning of literature-January 1, 2018). We retrieved English-language articles for review, and we searched for published and unpublished studies. Risk of bias was assessed with Downs and Black 26-item QAT scale. We included 34 articles as relevant to the literature, and the analysis of the articles resulted in 38 instances of 33 immersive, interactive experiences relating to positive human functioning. Our contribution is three-fold: First we provide a scoping review of immersive interactive technologies for positive change; Second, we propose both a framework for future designs of positive interactive technologies and design consideration informed by the comparative analysis of the designs; Third, we provide design considerations for immersive, interactive technologies to elicit positive states and support positive change.",Alexandra Kitson; Mirjana Prpa; Bernhard E Riecke,Frontiers in psychology,2018,Journal Article; Scoping Review,eng,retrieved,UNCERTAIN_REQUIRES_SCREENING,TITLE_ABSTRACT_REVIEW_REQUIRED,,,,,,,,
6914,TA-28,33500972,10.3389/frobt.2018.00093,MoSART: Mobile Spatial Augmented Reality for 3D Interaction With Tangible Objects.,"In this paper we introduce MoSART, a novel approach for Mobile Spatial Augmented Reality on Tangible objects. MoSART is dedicated to mobile interaction with tangible objects in single or collaborative situations. It is based on a novel ""all-in-one"" Head-Mounted Display (AMD) including a projector (for the SAR display) and cameras (for the scene registration). Equipped with the HMD the user is able to move freely around tangible objects and manipulate them at will. The system tracks the position and orientation of the tangible 3D objects and projects virtual content over them. The tracking is a feature-based stereo optical tracking providing high accuracy and low latency. A projection mapping technique is used for the projection on the tangible objects which can have a complex 3D geometry. Several interaction tools have also been designed to interact with the tangible and augmented content, such as a control panel and a pointer metaphor, which can benefit as well from the MoSART projection mapping and tracking features. The possibilities offered by our novel approach are illustrated in several use cases, in single or collaborative situations, such as for virtual prototyping, training or medical visualization.",Guillaume Cortes; Eric Marchand; Guillaume Brincin; Anatole Lécuyer,Frontiers in robotics and AI,2018,Journal Article,eng,retrieved,UNCERTAIN_REQUIRES_SCREENING,TITLE_ABSTRACT_REVIEW_REQUIRED,,,,,,,,
6915,TA-28,30119569,10.1364/OE.26.017578,High-performance integral-imaging-based light field augmented reality display using freeform optics.,"A new integral-imaging-based light field augmented-reality display is proposed and implemented for the first time, to our best knowledge, to achieve a wide see-through view and high image quality over a large depth range. By using custom-designed freeform optics and incorporating a tunable lens and an aperture array, we demonstrated a compact design of a light field head-mounted-display that offers a true 3D display view of 30° by 18°, maintains a spatial resolution of 3 arc minutes across a depth range of over 3 diopters, and provides a see-through field of view of 65° by 40°.",Hekun Huang; Hong Hua,Optics express,2018,Journal Article,eng,retrieved,UNCERTAIN_REQUIRES_SCREENING,TITLE_ABSTRACT_REVIEW_REQUIRED,,,,,,,,
6916,TA-28,30118112,10.1364/AO.57.004930,Color digital hologram compression based on matching pursuit.,"With the recent widespread interest for head-mounted displays applied to virtual or augmented reality, holography has been considered as an appealing technique for a revolutionary and natural 3D visualization system. However, due to the tremendous amount of data required by holograms and to the very different properties of holographic data compared to common imagery, compression of digital holograms is a highly challenging topic for researchers. In this study, we introduce a novel approach, to the best of our knowledge, for color hologram compression based on matching pursuit using an overcomplete Gabor's dictionary. A detailed framework, together with a GPU implementation, from hologram decomposition to bitstream generation, is studied, and the results are discussed and compared to existing hologram compression algorithms.",Anas El Rhammad; Patrick Gioia; Antonin Gilles; Marco Cagnazzo; Béatrice Pesquet-Popescu,Applied optics,2018,Journal Article,eng,retrieved,UNCERTAIN_REQUIRES_SCREENING,TITLE_ABSTRACT_REVIEW_REQUIRED,,,,,,,,
6917,TA-28,30114875,10.31128/AFP-10-17-4369,Bringing futurism into medical education: Harnessing augmented reality to foster more engagement.,,Alireza Ahmadvand; John Murtagh; Lisa Nissen,Australian journal of general practice,2018,Journal Article,eng,retrieved,UNCERTAIN_REQUIRES_SCREENING,TITLE_ABSTRACT_REVIEW_REQUIRED,,,,,,,,
6918,TA-28,30114487,10.1016/j.cgh.2018.08.021,Use of Augmented Reality and Virtual Reality Technologies in Endoscopic Training.,,Sheena Bhushan; Sharmila Anandasabapathy; Richa Shukla,Clinical gastroenterology and hepatology : the official clinical practice journal of the American Gastroenterological Association,2018,Journal Article,eng,retrieved,UNCERTAIN_REQUIRES_SCREENING,TITLE_ABSTRACT_REVIEW_REQUIRED,,,,,,,,
6919,TA-28,30114295,10.1371/journal.pone.0202635,Exploring the needs and possibilities of physicians' continuing professional development - An explorative qualitative study in a Chinese primary care context.,"One component of the 2009 Chinese health care reform plan is to train general practitioners to improve the delivery of primary care services. This continuing professional development is expected to further improve the physicians' competencies to be general practitioners in primary care. Augmented reality-a combination of virtual information and the real environment-may enhance general practitioners' continuing professional development by allowing their learning experiences to overlap with their workplace practice. To explore the needs, opportunities, and challenges involved in continuing professional development for Chinese physicians becoming competent general practitioners within primary care, with a special focus on the possibilities of applying augmented reality. This study used a qualitative approach with semi-structured face-to-face interviews. Two managers and thirteen physicians (from four community health centers and stations) participated. The data were analyzed using a thematic inductive analysis approach. Based on our interviews, most of the physicians were not fully trained as general practitioners but still assumed the duties of that position; they were supposed to eventually become fully trained in line with the reforms of the Chinese primary care system. However, they reported a lack of in-service training opportunities to fulfill this goal. Even those who said that they had such opportunities perceived the efficacy of that training as being poor. The managers and most of the physicians reacted positively to the idea of using augmented reality in continuing professional development, and they suggested antibiotics treatment, surgery, and emergency care as learning areas in which augmented reality could be applied. Due to the Chinese reforms of the primary care system, both managers and the physicians themselves expect general practitioners to become qualified by engaging in continuing professional development. Both groups also regarded augmented reality as a potentially useful tool.",Egui Zhu; Uno Fors; Åsa Smedberg,PloS one,2018,"Journal Article; Research Support, Non-U.S. Gov't",eng,retrieved,UNCERTAIN_REQUIRES_SCREENING,TITLE_ABSTRACT_REVIEW_REQUIRED,,,,,,,,
6920,TA-28,30114010,10.1364/OE.26.018292,Design of an optical see-through light-field near-eye display using a discrete lenslet array.,"In this paper, we propose a novel method to construct an optical see-through light-field near-eye display (OST LF-NED) by using a discrete lenslet array (DLA). The DLA is used as a spatial light modulator (SLM) to generate dense light field of three-dimensional (3-D) scenes inside the user's eyebox of the system and provide correct focus cues to the user. A corresponding light-field image rendering method is also proposed and demonstrated. The light emitted from the real objects passes through the transparent region of the display panel and the planar area of the DLA successively without redirection, so the user can have a clear view of the real scene as well as the virtual information. The stray light that may degrade the image quality has been analyzed in detail. The experimental result shows that the proposed method is capable of obtaining a corrected depth perception of the virtual information in augmented reality (AR) applications.",Cheng Yao; Dewen Cheng; Tong Yang; Yongtian Wang,Optics express,2018,Journal Article,eng,retrieved,UNCERTAIN_REQUIRES_SCREENING,TITLE_ABSTRACT_REVIEW_REQUIRED,,,,,,,,
6921,TA-28,30113553,10.1097/MAO.0000000000001922,Augmented Reality of the Middle Ear Combining Otoendoscopy and Temporal Bone Computed Tomography.,"Augmented reality (AR) may enhance otologic procedures by providing sub-millimetric accuracy and allowing the unification of information in a single screen. Several issues related to otologic procedures can be addressed through an AR system by providing sub-millimetric precision, supplying a global view of the middle ear cleft, and advantageously unifying the information in a single screen. The AR system is obtained by combining otoendoscopy with temporal bone computer tomography (CT). Four human temporal bone specimens were explored by high-resolution CT-scan and dynamic otoendoscopy with video recordings. The initialization of the system consisted of a semi-automatic registration between the otoendoscopic video and the 3D CT-scan reconstruction of the middle ear. Endoscope movements were estimated by several computer vision techniques (feature detectors/descriptors and optical flow) and used to warp the CT-scan to keep the correspondence with the otoendoscopic video. The system maintained synchronization between the CT-scan image and the otoendoscopic video in all experiments during slow and rapid (5-10 mm/s) endoscope movements. Among tested algorithms, two feature-based methods, scale-invariant feature transform (SIFT); and speeded up robust features (SURF), provided sub-millimeter mean tracking errors (0.38 ± 0.53 mm and 0.20 ± 0.16 mm, respectively) and an adequate image refresh rate (11 and 17 frames per second, respectively) after 2 minutes of procedure with continuous endoscope movements. A precise augmented reality combining video and 3D CT-scan data can be applied to otoendoscopy without the use of conventional neuronavigation tracking thanks to computer vision algorithms.",Roberto Marroquin; Alain Lalande; Raabid Hussain; Caroline Guigou; Alexis Bozorg Grayeli,"Otology & neurotology : official publication of the American Otological Society, American Neurotology Society [and] European Academy of Otology and Neurotology",2018,"Journal Article; Research Support, Non-U.S. Gov't",eng,retrieved,UNCERTAIN_REQUIRES_SCREENING,TITLE_ABSTRACT_REVIEW_REQUIRED,,,,,,,,
6922,TA-28,30111337,10.1186/s12984-018-0419-2,Validation of wearable visual feedback for retraining foot progression angle using inertial sensors and an augmented reality headset.,"Gait retraining interventions using real-time biofeedback have been proposed to alter the loading across the knee joint in patients with knee osteoarthritis. Despite the demonstrated benefits of these conservative treatments, their clinical adoption is currently obstructed by the high complexity, spatial demands, and cost of optical motion capture systems. In this study we propose and evaluate a wearable visual feedback system for gait retraining of the foot progression angle (FPA). The primary components of the system are inertial measurement units, which track the human movement without spatial limitations, and an augmented reality headset used to project the visual feedback in the visual field. The adapted gait protocol contained five different target angles ranging from 15 degrees toe-out to 5 degrees toe-in. Eleven healthy participants walked on an instrumented treadmill, and the protocol was performed using both an established laboratory visual feedback driven by optical motion capture, and the proposed wearable system. The wearable system tracked FPA with an accuracy of 2.4 degrees RMS and ICC=0.94 across all target angles and subjects, when compared to an optical motion capture reference. In addition, the effectiveness of the biofeedback, reflected by the number of steps with FPA value ±2 degrees from the target, was found to be around 50% in both wearable and laboratory approaches. These findings demonstrate that retraining of the FPA using wearable inertial sensing and visual feedback is feasible with effectiveness matching closely an established laboratory method. The proposed wearable setup may reduce the complexity of gait retraining applications and facilitate their transfer to routine clinical practice.",Angelos Karatsidis; Rosie E Richards; Jason M Konrath; Josien C van den Noort; H Martin Schepers; Giovanni Bellusci; Jaap Harlaar; Peter H Veltink,Journal of neuroengineering and rehabilitation,2018,"Journal Article; Research Support, Non-U.S. Gov't; Validation Study",eng,retrieved,UNCERTAIN_REQUIRES_SCREENING,TITLE_ABSTRACT_REVIEW_REQUIRED,,,,,,,,
6923,TA-28,33500971,10.3389/frobt.2018.00092,Impact of Dehazing on Underwater Marker Detection for Augmented Reality.,"Underwater augmented reality is a very challenging task and amongst several issues, one of the most crucial aspects involves real-time tracking. Particles present in water combined with the uneven absorption of light decrease the visibility in the underwater environment. Dehazing methods are used in many areas to improve the quality of digital image data that is degraded by the influence of the environment. This paper describes the visibility conditions affecting underwater scenes and shows existing dehazing techniques that successfully improve the quality of underwater images. Four underwater dehazing methods are selected for evaluation of their capability of improving the success of square marker detection in underwater videos. Two reviewed methods represent approaches of image restoration: Multi-Scale Fusion, and Bright Channel Prior. Another two methods evaluated, the Automatic Color Enhancement and the Screened Poisson Equation, are methods of image enhancement. The evaluation uses diverse test data set to evaluate different environmental conditions. Results of the evaluation show an increased number of successful marker detections in videos pre-processed by dehazing algorithms and evaluate the performance of each compared method. The Screened Poisson method performs slightly better to other methods across various tested environments, while Bright Channel Prior and Automatic Color Enhancement shows similarly positive results.",Marek Žuži; Jan Čejka; Fabio Bruno; Dimitrios Skarlatos; Fotis Liarokapis,Frontiers in robotics and AI,2018,Journal Article,eng,retrieved,UNCERTAIN_REQUIRES_SCREENING,TITLE_ABSTRACT_REVIEW_REQUIRED,,,,,,,,
6924,TA-28,30096944,10.3390/s18082616,A Fusion Method for Combining Low-Cost IMU/Magnetometer Outputs for Use in Applications on Mobile Devices.,"This paper presents a fusion method for combining outputs acquired by low-cost inertial measurement units and electronic magnetic compasses. Specifically, measurements of inertial accelerometer and gyroscope sensors are combined with no-inertial magnetometer sensor measurements to provide the optimal three-dimensional (3D) orientation of the sensors' axis systems in real time. The method combines Euler⁻Cardan angles and rotation matrix for attitude and heading representation estimation and deals with the ""gimbal lock"" problem. The mathematical formulation of the method is based on Kalman filter and takes into account the computational cost required for operation on mobile devices as well as the characteristics of the low-cost microelectromechanical sensors. The method was implemented, debugged, and evaluated in a desktop software utility by using a low-cost sensor system, and it was tested in an augmented reality application on an Android mobile device, while its efficiency was evaluated experimentally.",Photis Patonis; Petros Patias; Ilias N Tziavos; Dimitrios Rossikopoulos; Konstantinos G Margaritis,"Sensors (Basel, Switzerland)",2018,Journal Article,eng,retrieved,UNCERTAIN_REQUIRES_SCREENING,TITLE_ABSTRACT_REVIEW_REQUIRED,,,,,,,,
6925,TA-28,30094779,10.1007/s11548-018-1842-3,Preoperative liver registration for augmented monocular laparoscopy using backward-forward biomechanical simulation.,"Augmented reality for monocular laparoscopy from a preoperative volume such as CT is achieved in two steps. The first step is to segment the organ in the preoperative volume and reconstruct its 3D model. The second step is to register the preoperative 3D model to an initial intraoperative laparoscopy image. To date, there does not exist an automatic initial registration method to solve the second step for the liver in the de facto operating room conditions of monocular laparoscopy. Existing methods attempt to solve for both deformation and pose simultaneously, leading to nonconvex problems with no optimal solution algorithms. We propose in contrast to break the problem down into two parts, solving for (i) deformation and (ii) pose. Part (i) simulates biomechanical deformations from the preoperative to the intraoperative state to predict the liver's unknown intraoperative shape by modeling gravity, the abdominopelvic cavity's pressure and boundary conditions. Part (ii) rigidly registers the simulated shape to the laparoscopy image using contour cues. Our formulation leads to a well-posed problem, contrary to existing methods. This is because it exploits strong environment priors to complement the weak laparoscopic visual cues. Quantitative results with in silico and phantom experiments and qualitative results with laparosurgery images for two patients show that our method outperforms the state-of-the-art in accuracy and registration time.",Erol Özgür; Bongjin Koo; Bertrand Le Roy; Emmanuel Buc; Adrien Bartoli,International journal of computer assisted radiology and surgery,2018,Journal Article,eng,retrieved,UNCERTAIN_REQUIRES_SCREENING,TITLE_ABSTRACT_REVIEW_REQUIRED,,,,,,,,
6926,TA-28,30093736,10.1080/01490400.2018.1426064,Injustice in Mobile Leisure: A Conceptual Exploration of Pokémon Go.,"In augmented reality, video games and the physical world converge as individuals participate in digital leisure overlaid on physical spaces. In Pokémon Go, game play in the physical world is impacted by constraints that limit access and play of marginalized groups. Global popularity of Pokémon Go created an opportunity to explore experiences of marginalized groups participating in augmented reality game play. Grey literature surrounding Pokémon Go is rich with accounts of constraints experienced by marginalized groups, particularly individuals self-identifying as White women, Black women, or Black men. Their experiences with Pokémon Go illustrate the need for social justice in digital leisure. Because the lifespan of mobile applications is limited, the gradual process from research to social change may be insufficient in addressing ever evolving digital platforms. Researchers need to strategically work with industry partners to identify needs for social justice during the planning and designing stages.",Eric K Layland; Garrett A Stone; J Tom Mueller; Camilla J Hodge,Leisure sciences,2018,Journal Article,eng,retrieved,UNCERTAIN_REQUIRES_SCREENING,TITLE_ABSTRACT_REVIEW_REQUIRED,,,,,,,,
6927,TA-28,30087653,10.3389/fneur.2018.00597,Predicting Gains With Visuospatial Training After Stroke Using an EEG Measure of Frontoparietal Circuit Function.,"The heterogeneity of stroke prompts the need for predictors of individual treatment response to rehabilitation therapies. We previously studied healthy subjects with EEG and identified a frontoparietal circuit in which activity predicted training-related gains in visuomotor tracking. Here we asked whether activity in this same frontoparietal circuit also predicts training-related gains in visuomotor tracking in patients with chronic hemiparetic stroke. Subjects (n = 12) underwent dense-array EEG recording at rest, then received 8 sessions of visuomotor tracking training delivered via home-based telehealth methods. Subjects showed significant training-related gains in the primary behavioral endpoint, Success Rate score on a standardized test of visuomotor tracking, increasing an average of 24.2 ± 21.9% (p = 0.003). Activity in the circuit of interest, measured as coherence (20-30 Hz) between leads overlying ipsilesional frontal (motor cortex) and parietal lobe, significantly predicted training-related gains in visuomotor tracking change, measured as change in Success Rate score (r = 0.61, p = 0.037), supporting the main study hypothesis. Results were specific to the hypothesized ipsilesional motor-parietal circuit, as coherence within other circuits did not predict training-related gains. Analyses were repeated after removing the four subjects with injury to motor or parietal areas; this increased the strength of the association between activity in the circuit of interest and training-related gains. The current study found that (1) Eight sessions of training can significantly improve performance on a visuomotor task in patients with chronic stroke, (2) this improvement can be realized using home-based telehealth methods, (3) an EEG-based measure of frontoparietal circuit function predicts training-related behavioral gains arising from that circuit, as hypothesized and with specificity, and (4) incorporating measures of both neural function and neural injury improves prediction of stroke rehabilitation therapy effects.",Robert J Zhou; Hossein M Hondori; Maryam Khademi; Jessica M Cassidy; Katherine M Wu; Derek Z Yang; Nikhita Kathuria; Fareshte R Erani; Lucy Dodakian; Alison McKenzie; Cristina V Lopes; Walt Scacchi; Ramesh Srinivasan; Steven C Cramer,Frontiers in neurology,2018,Journal Article,eng,retrieved,UNCERTAIN_REQUIRES_SCREENING,TITLE_ABSTRACT_REVIEW_REQUIRED,,,,,,,,
6928,TA-28,30084248,10.1021/acssensors.8b00452,A Robust and User-Friendly Alternative to Densitometry Using Origami Biosensors and Digital Logic.,"Colorimetric detection with smartphones is ideal for point-of-care measurements because the signal reader is easily available. Densitometric detection schemes enable semiquantitative measurements but require a lightproof box to control photographic conditions and/or extensive data treatment to extract information. Approaches based on pattern recognition are not so sensitive to light artifacts but can only yield a yes/no type of answer when the signal is above or below a certain threshold. Here, we introduce a new method for detecting different concentrations of proteins as well as light artifacts with origami immunosensors and digital logic. The origami design consists of a folded piece of paper with three identical biorecognition sites so that one drop of sample generates three colorimetric signals simultaneously. The three colorimetric signals are then evaluated with an augmented reality app that generates a virtual semaphore that sequentially turns on its green, yellow, and red lights depending on the concentration of analyte. These three Boolean variables pass through ""and"" and ""not"" logic gates in a 3-to-8 decoder that enables the semiquantitative detection of proteins and adds a failsafe against erroneous results. The proposed method can detect the model analyte mouse IgG with a limit of detection and sensitivity comparable to densitometry performed under light-controlled conditions. It can also detect the sepsis biomarker procalcitonin at clinically relevant concentrations. With our approach, the detection is performed in real time, and signal processing is not required, which makes it suitable for rapid analyses by nonspecialists at the point of need.",Steven M Russell; Alejandra Alba-Patiño; Marcio Borges; Roberto de la Rica,ACS sensors,2018,"Journal Article; Research Support, Non-U.S. Gov't; Video-Audio Media",eng,retrieved,UNCERTAIN_REQUIRES_SCREENING,TITLE_ABSTRACT_REVIEW_REQUIRED,,,,,,,,
6929,TA-28,30079789,10.1177/0885066618791952,Augmented Reality-Assisted Percutaneous Dilatational Tracheostomy in Critically Ill Patients With Chronic Respiratory Disease.,"Percutaneous dilatational tracheostomy is a minimally invasive procedure performed for those who require prolonged mechanical ventilation. It is a procedure that is performed routinely at the bedside in the intensive care unit. Complications nonetheless still occur, and as a result, several technique modifications have been employed. At Loma Linda University Medical Center, we have implemented a novel technique using augmented reality during percutaneous dilatational tracheostomy placement in an attempt to minimize such complications. Using Brother's AiRScouter WD-200B head mounted display, the tracheostomy operator is able to focus on the surgical field without having to significantly break line of sight to view the traditional bronchoscopy monitor. Six cases have been treated with this procedure to date with good success and excellent user feedback. We aim to assess augmented reality-assisted percutaneous dilatational tracheostomy and determine its overall efficacy when compared to traditional percutaneous dilatational tracheostomy.",Anthony Gan; Avi Cohen; Laren Tan,Journal of intensive care medicine,2019,Journal Article,eng,retrieved,UNCERTAIN_REQUIRES_SCREENING,TITLE_ABSTRACT_REVIEW_REQUIRED,,,,,,,,
6930,TA-28,30078742,10.1016/j.dsx.2018.07.014,Current trends of digital solutions for diabetes management.,"Industry 4.0 is an updated concept of smart production, which is identified with the fourth industrial revolution and the emergence of cyber-physical systems. Industry 4.0 is the next stage in the digitization of productions and industries, where such technologies and concepts as the Internet of things, big data, predictive analytics, cloud computing, machine learning, machine interaction, artificial intelligence, robotics, 3D printing, augmented reality. As an area of therapy with the best market potential and one of the most expensive global diseases, diabetes attracts the best healthcare players, who use innovative technologies. Current trends in digitalization of diabetes management are presented.",Maryna Neborachko; Aleksandr Pkhakadze; Iryna Vlasenko,Diabetes & metabolic syndrome,2019,Journal Article,eng,retrieved,UNCERTAIN_REQUIRES_SCREENING,TITLE_ABSTRACT_REVIEW_REQUIRED,,,,,,,,
6931,TA-28,30077029,10.1016/j.wneu.2018.07.222,Augmented Reality with Virtual Cerebral Aneurysms: A Feasibility Study.,"Advanced magnetic resonance imaging (MRI) acquisition methods such as 4D phase contrast magnetic resonance imaging (4D pcMRI) have found widespread applications in assessing hemodynamics in cerebral aneurysms. One of the goals is the identification of a hemodynamic scenario predictive of aneurysm rupture. Because of the technical complexity the 4D pcMRI technology, challenges exist in extracting and communicating the wealth of information contained in the MRI image data, in particular, to a multidisciplinary team of health professionals and basic scientists. Here we introduce a new resource in the form of a commercially available optical see-through head-mounted display, which allows augmenting the real world by computer-generated virtual objects. An image processing algorithm was presented for integrating 3D surface models derived from 3D rotational angiography data, 3D time-of-flight MRI data, and 4D pcMRI data into the augmented reality environment. This new approach was successfully evaluated on blood flow data acquired before and after flow diverter treatment in 6 patients harboring a cerebral aneurysm. Augmented reality may become an additional means for visualizing complex medical data, in particular complex flows as illustrated here.",Christof Karmonik; Saba N Elias; Jonathan Y Zhang; Orlando Diaz; Richard P Klucznik; Robert G Grossman; Gavin W Britz,World neurosurgery,2018,Journal Article,eng,retrieved,UNCERTAIN_REQUIRES_SCREENING,TITLE_ABSTRACT_REVIEW_REQUIRED,,,,,,,,
6932,TA-28,30071645,10.3390/s18082505,An Augmented Reality System Using Improved-Iterative Closest Point Algorithm for On-Patient Medical Image Visualization.,"In many surgery assistance systems, cumbersome equipment or complicated algorithms are often introduced to build the whole system. To build a system without cumbersome equipment or complicated algorithms, and to provide physicians the ability to observe the location of the lesion in the course of surgery, an augmented reality approach using an improved alignment method to image-guided surgery (IGS) is proposed. The system uses RGB-Depth sensor in conjunction with the Point Cloud Library (PCL) to build and establish the patient's head surface information, and, through the use of the improved alignment algorithm proposed in this study, the preoperative medical imaging information obtained can be placed in the same world-coordinates system as the patient's head surface information. The traditional alignment method, Iterative Closest Point (ICP), has the disadvantage that an ill-chosen starting position will result only in a locally optimal solution. The proposed improved para-alignment algorithm, named improved-ICP (I-ICP), uses a stochastic perturbation technique to escape from locally optimal solutions and reach the globally optimal solution. After the alignment, the results will be merged and displayed using Microsoft's HoloLens Head-Mounted Display (HMD), and allows the surgeon to view the patient's head at the same time as the patient's medical images. In this study, experiments were performed using spatial reference points with known positions. The experimental results show that the proposed improved alignment algorithm has errors bounded within 3 mm, which is highly accurate.",Ming-Long Wu; Jong-Chih Chien; Chieh-Tsai Wu; Jiann-Der Lee,"Sensors (Basel, Switzerland)",2018,Journal Article,eng,retrieved,UNCERTAIN_REQUIRES_SCREENING,TITLE_ABSTRACT_REVIEW_REQUIRED,,,,,,,,
6933,TA-28,30068095,10.1063/1.5035348,A morphology phase unwrapping method with one code grating.,"This paper presents a fast and robust phase unwrapping method with only one code grating, named the morphology phase unwrapping (MPU) method. Using mathematical morphology operations, more than 36 fringe orders can be obtained accurately from only one code grating rather than at least three code gratings. Comparison experiments demonstrate that MPU has the highest robustness with a high quality factor (Q > 99.9%) under different conditions. Fast-changing facial expressions are reconstructed, indicating potential applications in the fields of augmented reality and virtual reality.",Mengchao Ma; Pengcheng Yao; Ji Deng; Huaxia Deng; Jin Zhang; Xiang Zhong,The Review of scientific instruments,2018,Journal Article,eng,retrieved,UNCERTAIN_REQUIRES_SCREENING,TITLE_ABSTRACT_REVIEW_REQUIRED,,,,,,,,
6934,TA-28,30066473,10.1111/ases.12632,Computer vision for total laparoscopic hysterectomy.,"Laparoscopic surgery is widely performed in various surgical fields, but this technique requires time for surgeons to master. However, at the same time, there are many advantages in visualizing the operative field through a camera. In other words, we can visualize what we cannot see with our own eyes by using augmented reality and computer vision. Therefore, we investigated the possibilities and usefulness of computer vision in total laparoscopic hysterectomy. This study was approved by the Mitsui Memorial Hospital ethics committee. Patients who underwent total laparoscopic hysterectomy at Mitsui Memorial Hospital from January 2015 to December 2015 were enrolled. We evaluated 19 cases in which total laparoscopic hysterectomy was performed by the same operator and assistant. We used the Open Source Computer Vision Library for computer vision analysis. The development platform used in this study was a computer operating on Mac OS X 10.11.3. We created panoramic images by matching features with the AKAZE algorithm. Noise reduction methods improved haziness caused by using energy devices. By abstracting the color of the suture string, we succeeded in abstracting the suture string from movies. We could not achieve satisfactory results in detecting ureters, and we expect that creative ideas for ureter detection may arise from collaborations between surgeons and medical engineers. Although this was a preliminary study, the results suggest the utility of computer vision in assisting laparoscopic surgery.",Masakazu Sato; Minako Koizumi; Minoru Nakabayashi; Kei Inaba; Yu Takahashi; Natsuki Nagashima; Hiroshi Ki; Nao Itaoka; Chiharu Ueshima; Maki Nakata; Yoko Hasumi,Asian journal of endoscopic surgery,2019,Journal Article,eng,retrieved,UNCERTAIN_REQUIRES_SCREENING,TITLE_ABSTRACT_REVIEW_REQUIRED,,,,,,,,
6935,TA-28,30065690,10.3389/fpsyg.2018.01223,Mixed Reality for Cross-Cultural Integration: Using Positive Technology to Share Experiences and Promote Communication.,,Annamaria Recupero; Stefano Triberti; Camilla Modesti; Alessandra Talamo,Frontiers in psychology,2018,Journal Article,eng,retrieved,UNCERTAIN_REQUIRES_SCREENING,TITLE_ABSTRACT_REVIEW_REQUIRED,,,,,,,,
6936,TA-28,30061489,10.3390/jcm7080188,Safety and Lack of Negative Effects of Wearable Augmented-Reality Social Communication Aid for Children and Adults with Autism.,"There is a growing interest in the use of augmented reality (AR) to assist children and adults with autism spectrum disorders (ASD); however, little investigation has been conducted into the safety of AR devices, such as smartglasses. The objective of this report was to assess the safety and potential negative effects of the Empowered Brain system, a novel AR smartglasses-based social communication aid for people with ASD. The version of the Empowered Brain in this report utilized Google Glass (Google, Mountain View, CA, USA) as its hardware platform. A sequential series of 18 children and adults, aged 4.4 to 21.5 years (mean 12.2 years), with clinically diagnosed ASD of varying severity used the system. Users and caregivers were interviewed about the perceived negative effects and design concerns. Most users were able to wear and use the Empowered Brain (n = 16/18, 89%), with most of them reporting no negative effects (n = 14/16, 87.5%). Caregivers observed no negative effects in users (n = 16/16, 100%). Most users (77.8%) and caregivers (88.9%) had no design concerns. This report found no major negative effects in using an AR smartglasses-based social communication aid across a wide age and severity range of people with ASD. Further research is needed to explore longer-term effects of using AR smartglasses in this population.",Ned T Sahin; Neha U Keshav; Joseph P Salisbury; Arshya Vahabzadeh,Journal of clinical medicine,2018,Journal Article,eng,retrieved,UNCERTAIN_REQUIRES_SCREENING,TITLE_ABSTRACT_REVIEW_REQUIRED,,,,,,,,
6937,TA-28,30054775,10.1007/s11548-018-1827-2,Surgical soundtracks: automatic acoustic augmentation of surgical procedures.,"Advances in sensing and digitalization enable us to acquire and present various heterogeneous datasets to enhance clinical decisions. Visual feedback is the dominant way of conveying such information. However, environments rich with many sources of information all presented through the same channel pose the risk of over stimulation and missing crucial information. The augmentation of the cognitive field by additional perceptual modalities such as sound is a workaround to this problem. A major challenge in auditory augmentation is the automatic generation of pleasant and ergonomic audio in complex routines, as opposed to overly simplistic feedback, to avoid alarm fatigue. In this work, without loss of generality to other procedures, we propose a method for aural augmentation of medical procedures via automatic modification of musical pieces. Evaluations of this concept regarding recognizability of the conveyed information along with qualitative aesthetics show the potential of our method. In this paper, we proposed a novel sonification method for automatic musical augmentation of tasks within surgical procedures. Our experimental results suggest that these augmentations are aesthetically pleasing and have the potential to successfully convey useful information. This work opens a path for advanced sonification techniques in the operating room, in order to complement traditional visual displays and convey information more efficiently.",Sasan Matinfar; M Ali Nasseri; Ulrich Eck; Michael Kowalsky; Hessam Roodaki; Navid Navab; Chris P Lohmann; Mathias Maier; Nassir Navab,International journal of computer assisted radiology and surgery,2018,Journal Article,eng,retrieved,UNCERTAIN_REQUIRES_SCREENING,TITLE_ABSTRACT_REVIEW_REQUIRED,,,,,,,,
6938,TA-28,30047852,10.1080/1059924X.2018.1470051,Augmented Reality Farm MAPPER Development: Lessons Learned from an App Designed to Improve Rural Emergency Response.,"Fire departments have right-of-entry to most commercial industrial sites and preemptively map them to identify the onsite resources and hazards they need to promptly and safely respond to an emergency event. This is not the case for private farms. Emergency responders are blind to resources and hazards prior to arrival and must spend critical minutes locating them during an emergency response at a farm location. The original 2013 Farm Mapping to Assist, Protect and Prepare Emergency Responders (Farm MAPPER) project was undertaken to develop a method to give emergency responders an up-to-date view of on-farm hazard information to safely and efficiently conduct emergency response activities on private agricultural operations. In 2017, an augmented reality version of Farm MAPPER was developed to combine the technological advantages of geographic information system-based data points with a heads-up display and graphical overlay of superimposed hazard imagery and informative icons. The development and testing of this iOS- and Android-ready prototype uncovered lessons learned applicable to other mobile-based apps targeting farmers, ranchers, and rural populations faced with limited or inconsistent mobile internet connectivity.",Bryan Weichelt; Aaron Yoder; Casper Bendixsen; Matthew Pilz; Gerald Minor; Matthew Keifer,Journal of agromedicine,2018,"Journal Article; Research Support, U.S. Gov't, P.H.S.",eng,retrieved,UNCERTAIN_REQUIRES_SCREENING,TITLE_ABSTRACT_REVIEW_REQUIRED,,,,,,,,
6939,TA-28,30043197,10.1007/s11548-018-1825-4,AR in VR: assessing surgical augmented reality visualizations in a steerable virtual reality environment.,"PURPOSE  : Augmented reality (AR) has emerged as a promising approach to support surgeries; however, its application in real world scenarios is still very limited. Besides sophisticated registration tasks that need to be solved, surgical AR visualizations have not been studied in a standardized and comparative manner. To foster the development of future AR applications, a steerable framework is urgently needed to rapidly evaluate new visualization techniques, explore their individual parameter spaces and define relevant application scenarios. METHODS  : Inspired by its beneficial usage in the automotive industry, the underlying concept of virtual reality (VR) is capable of transforming complex real environments into controllable virtual ones. We present an interactive VR framework, called Augmented Visualization Box (AVB), in which visualizations for AR can be systematically investigated without explicitly performing an error-prone registration. As use case, a virtual laparoscopic scenario with anatomical surface models was created in a computer game engine. In a study with eleven surgeons, we analyzed this VR setting under different environmental factors and its applicability for a quantitative assessment of different AR overlay concepts. RESULTS  : According to the surgeons, the visual impression of the VR scene is mostly influenced by 2D surface details and lighting conditions. The AR evaluation shows that, depending on the visualization used and its capability to encode depth, 37% to 91% of the experts made wrong decisions, but were convinced of their correctness. These results show that surgeons have more confidence in their decisions, although they are wrong, when supported by AR visualizations. CONCLUSION  : With AVB, intraoperative situations are realistically simulated to quantitatively benchmark current AR overlay methods. Successful surgical task execution in an AR system can only be facilitated if visualizations are customized toward the surgical task.",Julian Hettig; Sandy Engelhardt; Christian Hansen; Gabriel Mistelbauer,International journal of computer assisted radiology and surgery,2018,Journal Article,eng,retrieved,UNCERTAIN_REQUIRES_SCREENING,TITLE_ABSTRACT_REVIEW_REQUIRED,,,,,,,,
6940,TA-28,30037067,10.3390/s18072368,"Giok the Alien: An AR-Based Integrated System for the Empowerment of Problem-Solving, Pragmatic, and Social Skills in Pre-School Children.","The use of technology for educational purposes is a consolidated reality, and many new tools are constantly being devised and offered for use with both normally developing children and children with special needs. Nonetheless, a detailed analysis of the processes being stimulated and of the goals being pursued is often lacking or absent. In this work we describe the design, development and preliminary testing of an integrated system which combines the use of smart devices, a physical cube, augmented reality (AR) technology, a smart TV, and a software application especially designed to stimulate cognitive and social functions in pre-school children. The system was tested with three groups of children (25 children in total) during kindergarten activities. The results show that the system is easy to understand, elicits high levels of participation and social interaction, favors strategic behaviors, and can be used by the children with limited need of instruction and support by the adult. The implications for empowerment in typically developing children and the possibilities for use with children who have specific impairments in social communication are discussed.",Maria Luisa Lorusso; Marisa Giorgetti; Simona Travellini; Luca Greci; Andrea Zangiacomi; Marta Mondellini; Marco Sacco; Gianluigi Reni,"Sensors (Basel, Switzerland)",2018,Journal Article,eng,retrieved,UNCERTAIN_REQUIRES_SCREENING,TITLE_ABSTRACT_REVIEW_REQUIRED,,,,,,,,
6941,TA-28,33500966,10.3389/frobt.2018.00087,ARDebug: An Augmented Reality Tool for Analysing and Debugging Swarm Robotic Systems.,"Despite growing interest in collective robotics over the past few years, analysing and debugging the behaviour of swarm robotic systems remains a challenge due to the lack of appropriate tools. We present a solution to this problem-ARDebug: an open-source, cross-platform, and modular tool that allows the user to visualise the internal state of a robot swarm using graphical augmented reality techniques. In this paper we describe the key features of the software, the hardware required to support it, its implementation, and usage examples. ARDebug is specifically designed with adoption by other institutions in mind, and aims to provide an extensible tool that other researchers can easily integrate with their own experimental infrastructure.",Alan G Millard; Richard Redpath; Alistair M Jewers; Charlotte Arndt; Russell Joyce; James A Hilder; Liam J McDaid; David M Halliday,Frontiers in robotics and AI,2018,Journal Article,eng,retrieved,UNCERTAIN_REQUIRES_SCREENING,TITLE_ABSTRACT_REVIEW_REQUIRED,,,,,,,,
6942,TA-28,33500960,10.3389/frobt.2018.00081,Immersive VR and Education: Embodied Design Principles That Include Gesture and Hand Controls.,"This article explores relevant applications of educational theory for the design of immersive virtual reality (VR). Two unique attributes associated with VR position the technology to positively affect education: (1) the sense of presence, and (2) the embodied affordances of gesture and manipulation in the 3rd dimension. These are referred to as the two profound affordances of VR. The primary focus of this article is on the embodiment afforded by gesture in 3D for learning. The new generation of hand controllers induces embodiment and agency via meaningful and congruent movements with the content to be learned. Several examples of gesture-rich lessons are presented. The final section includes an extensive set of design principles for immersive VR in education, and finishes with the Necessary Nine which are hypothesized to optimize the pedagogy within a lesson.",Mina C Johnson-Glenberg,Frontiers in robotics and AI,2018,Journal Article,eng,retrieved,UNCERTAIN_REQUIRES_SCREENING,TITLE_ABSTRACT_REVIEW_REQUIRED,,,,,,,,
6943,TA-28,30034920,10.4103/jpi.jpi_22_18,Commentary: What Can Augmented Reality Do for You?,,Emilio Madrigal,Journal of pathology informatics,2018,Journal Article,eng,retrieved,UNCERTAIN_REQUIRES_SCREENING,TITLE_ABSTRACT_REVIEW_REQUIRED,,,,,,,,
6944,TA-28,30026638,10.1117/12.2294575,Evaluation of Methods of Displaying the Real-Time Scattered Radiation Distribution during Fluoroscopically-Guided Interventions for Staff Dose Reduction.,"2D and 3D scatter dose display options are evaluated for usefulness and ease of interpretation for real-time feedback to staff to facilitate changes in individual positioning for dose reduction purposes, as well as improving staff consciousness of radiation presence. Room-sized scatter dose 3D matrices are obtained utilizing Monte Carlo simulations in EGSnrc. These distributions are superimposed on either a ceiling-view 2D graphic of the patient and table for reference or a 3D augmented reality (AR) display featuring a real-time video feed of the interventional room. A slice of the scatter dose matrix, at a selectable distance above the floor, is color-coded and superimposed on the computer graphic or AR display. The 3D display obtains depth information from a ceiling mounted Microsoft Kinect camera, which is equipped with a 1080p visual camera, as well as an IR emitter/receiver to generate a depth map of the interventional suite and persons within it. The 3D depth information allows parts of objects above the 2D dose map to pass through the map without being colorized by it so the height perspective of the dose map can be maintained. The 2D and 3D displays incorporate network information from the imaging system to scale the scatter dose with exposure factors and adjust rotation of the distribution to match the gantry. Demonstration images were displayed to neurosurgery interventional staff and survey responses were collected. Results from the survey indicated that scatter distribution displays would be desirable and helpful in managing staff dose.",J Kilian-Meneghin; Z Xiong; C Guo; S Rudin; D R Bednarek,Proceedings of SPIE--the International Society for Optical Engineering,2018,Journal Article,eng,retrieved,UNCERTAIN_REQUIRES_SCREENING,TITLE_ABSTRACT_REVIEW_REQUIRED,,,,,,,,
6945,TA-28,30014167,10.1007/s11548-018-1823-6,Perspective pinhole model with planar source for augmented reality surgical navigation based on C-arm imaging.,"For augmented reality surgical navigation based on C-arm imaging, accuracy of the overlaid augmented reality onto the X-ray image is imperative. However, overlay displacement is generated when a conventional pinhole model describing a geometric relationship of a normal camera is adopted for C-arm calibration. Thus, a modified model for C-arm calibration is proposed to reduce this displacement, which is essential for accurate surgical navigation. Based on the analysis of displacement pattern generated for three-dimensional objects, we assumed that displacement originated by moving the X-ray source position according to the depth. In the proposed method, X-ray source movement was modeled as variable intrinsic parameters and represented in the pinhole model by replacing the point source with a planar source. The improvement which represents a reduced displacement was verified by comparing overlay accuracy for augmented reality surgical navigation between the conventional and proposed methods. The proposed method achieved more accurate overlay on the X-ray image in spatial position as well as depth of the object volume. We validated that intrinsic parameters that describe the source position were dependent on depth for a three-dimensional object and showed that displacement can be reduced and become independent of depth by using the proposed planar source model.",Ho-Gun Ha; Sangseo Jeon; Seongpung Lee; Hyunseok Choi; Jaesung Hong,International journal of computer assisted radiology and surgery,2018,Journal Article,eng,retrieved,UNCERTAIN_REQUIRES_SCREENING,TITLE_ABSTRACT_REVIEW_REQUIRED,,,,,,,,
6946,TA-28,30014046,10.1016/j.heliyon.2018.e00653,Exploring students' use of online sources in small groups with an augmented reality-based activity - group dynamics negatively affect identification of authentic online information.,"In this study initially, we wanted to explore students' use of online sources and how they use online information to try to persuade each other when they get the group assignment to identify misleading from correct information. We grounded our concept on ""OnLife"" (Floridi, 2015) in which students used online information to find arguments for their actions. We created an AR-based campus tour for mobile devices in which students discussed content, identified correctness of online information and were asked to made a group decision. Four groups have been studied. Video-recorded observation and interviews were applied. During data analysis we found results that point to four distinctive patterns of relationships between social in-group dynamics and the identification of authentic online information: a) network of equal members, b) omission of one person, c) one person guides the others, d) no collaborative reasoning. The result is a 'Happy Surprise', it shows that social dynamics affected group performance stronger than equal access to online sources. Equal access to online information did not lead to a reasonable based-on-facts discussion. Group dynamics diminished the advantage of equal access and impacted decision-making more than the information itself. Because of the small study size, generalization of results is limited, but lays a foundation for follow-up or experimental studies.",Isa Jahnke; Michele Meinke Kroll,Heliyon,2018,Journal Article,eng,retrieved,UNCERTAIN_REQUIRES_SCREENING,TITLE_ABSTRACT_REVIEW_REQUIRED,,,,,,,,
6947,TA-28,30012784,10.1136/bmjopen-2017-021039,"Phantom motor execution as a treatment for phantom limb pain: protocol of an international, double-blind, randomised controlled clinical trial.","Phantom limb pain (PLP) is a chronic condition that can greatly diminish quality of life. Control over the phantom limb and exercise of such control have been hypothesised to reverse maladaptive brain changes correlated to PLP. Preliminary investigations have shown that decoding motor volition using myoelectric pattern recognition, while providing real-time feedback via virtual and augmented reality (VR-AR), facilitates phantom motor execution (PME) and reduces PLP. Here we present the study protocol for an international (seven countries), multicentre (nine clinics), double-blind, randomised controlled clinical trial to assess the effectiveness of PME in alleviating PLP. Sixty-seven subjects suffering from PLP in upper or lower limbs are randomly assigned to PME or phantom motor imagery (PMI) interventions. Subjects allocated to either treatment receive 15 interventions and are exposed to the same VR-AR environments using the same device. The only difference between interventions is whether phantom movements are actually performed (PME) or just imagined (PMI). Complete evaluations are conducted at baseline and at intervention completion, as well as 1, 3 and 6 months later using an intention-to-treat (ITT) approach. Changes in PLP measured using the Pain Rating Index between the first and last session are the primary measure of efficacy. Secondary outcomes include: frequency, duration, quality of pain, intrusion of pain in activities of daily living and sleep, disability associated to pain, pain self-efficacy, frequency of depressed mood, presence of catastrophising thinking, health-related quality of life and clinically significant change as patient's own impression. Follow-up interviews are conducted up to 6 months after the treatment. The study is performed in agreement with the Declaration of Helsinki and under approval by the governing ethical committees of each participating clinic. The results will be published according to the Consolidated Standards of Reporting Trials guidelines in a peer-reviewed journal. NCT03112928; Pre-results.",Eva Lendaro; Liselotte Hermansson; Helena Burger; Corry K Van der Sluis; Brian E McGuire; Monika Pilch; Lina Bunketorp-Käll; Katarzyna Kulbacka-Ortiz; Ingrid Rignér; Anita Stockselius; Lena Gudmundson; Cathrine Widehammar; Wendy Hill; Sybille Geers; Max Ortiz-Catalan,BMJ open,2018,"Clinical Trial Protocol; Journal Article; Research Support, Non-U.S. Gov't",eng,retrieved,UNCERTAIN_REQUIRES_SCREENING,TITLE_ABSTRACT_REVIEW_REQUIRED,,,,,,,,
6948,TA-28,30012007,10.1177/0269215518785948,"Traditional and augmented reality mirror therapy for patients with chronic phantom limb pain (PACT study): results of a three-group, multicentre single-blind randomized controlled trial.","To compare the effects of traditional mirror therapy (MT), a patient-centred teletreatment (PACT) and sensomotor exercises without a mirror on phantom limb pain (PLP). Three-arm multicentre randomized controlled trial. Rehabilitation centres, hospital and private practices. Adult patients with unilateral lower limb amputation and average PLP intensity of at least 3 on the 0-10 Numeric Rating Scale (NRS). Subjects randomly received either four weeks of traditional MT followed by a teletreatment using augmented reality MT, traditional MT followed by self-delivered MT or sensomotor exercises of the intact limb without a mirror followed by self-delivered exercises. Intensity, frequency and duration of PLP and patient-reported outcomes assessing limitations in daily life at baseline, 4 weeks, 10 weeks and 6 months. In total, 75 patients received traditional MT ( n = 25), teletreatment ( n = 26) or sensomotor exercises ( n = 24). Mean (SD) age was 61.1 (14.2) years and mean (SD) pain intensity was 5.7 (2.1) on the NRS. Effects of MT at four weeks on PLP were not significant. MT significantly reduced the duration of PLP at six months compared to the teletreatment ( P = 0.050) and control group ( P = 0.019). Subgroup analyses suggested significant effects on PLP in women, patients with telescoping and patients with a motor component in PLP. The teletreatment had no additional effects compared to self-delivered MT at 10 weeks and 6 months. Traditional MT over four weeks was not more effective than sensomotor exercises without a mirror in reducing PLP, although significant effects were suggested in some subgroups.",Andreas Rothgangel; Susy Braun; Bjorn Winkens; Anna Beurskens; Rob Smeets,Clinical rehabilitation,2018,Journal Article; Multicenter Study; Randomized Controlled Trial,eng,retrieved,UNCERTAIN_REQUIRES_SCREENING,TITLE_ABSTRACT_REVIEW_REQUIRED,,,,,,,,
6949,TA-28,30009166,10.1155/2018/2716134,Could Prolonged Usage of GPS Navigation Implemented in Augmented Reality Smart Glasses Affect Hippocampal Functional Connectivity?,"Augmented reality (AR) glasses with GPS navigation represent the rapidly evolving technology which spares (and externalizes) navigational capacities. Regarding the expected everyday usage of this device, its impact on neuroplastic brain changes and navigation abilities should be evaluated. This study aimed to assess possible changes in functional connectivity (FC) of hippocampus and other brain regions involved in spatial navigation. Thirty-three healthy participants completed two resting state functional magnetic resonance imaging (rsfMRI) measurements at the baseline and after 3 months. For this period, the experimental group (n = 17) has had used AR device (Vuzix M100) with incorporated GPS guidance system during navigation in real world. Participants from the control group (n = 16) have not used any GPS device while navigating during walking. The rsfMRI FC of right and left hippocampi was analyzed using a seed-driven approach. Virtual city task was used to test navigational abilities both before and after the usage of AR device. We identified strong functional coupling of right and left hippocampi at the baseline (p < 0.05, FDR corrected). Mild changes in bilateral hippocampal FC (p < 0.05, FDR uncorrected) were observed in both assessed groups mainly between the bilateral hippocampi and between each hippocampus and temporal regions and cerebellum. However, the experimental group showed FC decrease after three months of using GPS navigation implemented in AR glasses in contrast to FC increase in the control group without such intervention. Importantly, no effect of intervention on navigational abilities was observed. Our observation supports the assumption that externalization of spatial navigation to technological device (GPS in AR glasses) can decrease the functional coupling between hippocampus and associated brain regions. Considering some limitations of the present study, further studies should elucidate the mechanism of the observed changes and their impact on cognitive abilities.",Iveta Fajnerová; David Greguš; Jaroslav Hlinka; Tereza Nekovářová; Antonín Škoch; Tomáš Zítka; Jan Romportl; Eva Žáčková; Jiří Horáček,BioMed research international,2018,Journal Article,eng,retrieved,UNCERTAIN_REQUIRES_SCREENING,TITLE_ABSTRACT_REVIEW_REQUIRED,,,,,,,,
6950,TA-28,30004877,10.1109/TVCG.2018.2854737,The Influence of Label Design on Search Performance and Noticeability in Wide Field of View Augmented Reality Displays.,"In Augmented Reality (AR), search performance for outdoor tasks is an important metric for evaluating the success of a large number of AR applications. Users must be able to find content quickly, labels and indicators must not be invasive but still clearly noticeable, and the user interface should maximize search performance in a variety of conditions. To address these issues, we have set up a series of experiments to test the influence of virtual characteristics such as color, size, and leader lines on the performance of search tasks and noticeability in both real and simulated environments. We evaluate two primary areas, including 1) the effects of peripheral field of view (FOV) limitations and labeling techniques on target acquisition during outdoor mobile search, and 2) the influence of local characteristics such as color, size, and motion on text labels over dynamic backgrounds. The first experiment showed that limited FOV will severely limit search performance, but that appropriate placement of labels and leaders within the periphery can alleviate this problem without interfering with walking or decreasing user comfort. In the second experiment, we found that different types of motion are more noticeable in optical versus video see-through displays, but that blue coloration is most noticeable in both. Results can aid in designing more effective view management techniques, especially for wider field of view displays.",Ernst Kruijff; Jason Orlosky; Naohiro Kishishita; Christina Trepkowski; Kiyoshi Kiyokawa,IEEE transactions on visualization and computer graphics,2019,"Journal Article; Research Support, Non-U.S. Gov't; Research Support, U.S. Gov't, Non-P.H.S.",eng,retrieved,UNCERTAIN_REQUIRES_SCREENING,TITLE_ABSTRACT_REVIEW_REQUIRED,,,,,,,,
6951,TA-28,30004501,10.1364/OL.43.003341,Three-dimensionally structured voxels for volumetric display.,"A three-dimensional (3D) volumetric display has been the goal of the display research field for many years. However, volumetric displays capable of rendering multicolor and updatable graphics that users can view with the naked eye are still a challenge. Here, we show a new volumetric display using three-dimensionally structured fluorescent voxels. The fluorescent voxels were generated by two-photon excitation with a femtosecond laser. To realize colorization, volumetric graphics were spatially rendered on a fluorescent screen in which structured voxels having different luminescent colors were arranged in each layer. The color of the fluorescent voxels was changed by a holographic color switching method using computer-generated holograms displayed on a liquid-crystal spatial light modulator. Because this display employed RGB fluorescent voxels that are accessed optically, it has a number of advantages, such as being observable with the naked eye, and being capable of multicolor rendering and refreshable graphics. This technology will open up a wide range of applications in 3D displays, augmented reality, and computer graphics.",Kota Kumagai; Ibuki Yamaguchi; Yoshio Hayasaki,Optics letters,2018,Journal Article,eng,retrieved,UNCERTAIN_REQUIRES_SCREENING,TITLE_ABSTRACT_REVIEW_REQUIRED,,,,,,,,
6952,TA-28,29997419,10.1016/j.cie.2017.12.012,"Gathering, evaluating and managing customer feedback during aircraft production.","This paper proposes a systematic approach for gathering requirements during production through customers' remote access to the partially and fully assembled aircraft and its modules. The paper also proposes an evaluation and management of these recorded requirements and their utilization in the development of an aircraft. Modular product architecture is used for the modular organization of the product, product-service, and production system for the gathering, evaluation and management of feedback for product development perspectives. A mobile and wearable augmented reality system is used to virtually walk through the partially or fully manufactured product and to compare the status of the production with the product model to be produced. Change requests are captured as customer feedback. The knowledge thus acquired can be overlaid (augmented) on the real product, i.e. the aircraft. This approach is able to record the dynamic requirements of targeted customers. These changes can be carried out in the current version of the aircraft, and also incorporated into future versions. The implementation using case studies is presented for gathering feedback during assembly as well as for evaluating and managing the recorded feedback for exemplary modules (cabin and galley) of an aircraft. The use of the evaluation results in the development of an aircraft is also presented in the paper.",Ravi Kumar Gupta; Farouk Belkadi; Christian Buergy; Frank Bitte; Catherine Da Cunha; Jens Buergin; Gisela Lanza; Alain Bernard,Computers & industrial engineering,2018,Journal Article,eng,retrieved,UNCERTAIN_REQUIRES_SCREENING,TITLE_ABSTRACT_REVIEW_REQUIRED,,,,,,,,
6953,TA-28,29996004,10.1111/plb.12873,Hypoxia and the group VII ethylene response transcription factor HRE2 promote adventitious root elongation in Arabidopsis.,"Soil water-logging and flooding are common environmental stress conditions that can impair plant fitness. Roots are the first organs to be confronted with reduced oxygen tension as a result of flooding. While anatomical and morphological adaptations of roots are extensively studied, the root system architecture is only now becoming a focus of flooding research. Adventitious root (AR) formation shifts the root system higher up the plant, thereby facilitating supply with oxygen, and thus improving root and plant survival. We used Arabidopsis knockout mutants and overexpressors of ERFVII transcription factors to study their role in AR formation under hypoxic conditions and in response to ethylene. Results show that ethylene inhibits AR formation. Hypoxia mainly promotes AR elongation rather than formation mediated by ERFVII transcription factors, as indicated by reduced AR elongation in erfVII seedlings. Overexpression of HRE2 induces AR elongation to the same degree as hypoxia, while ethylene overrides HRE2-induced AR elongation. The ERFVII transcription factors promote establishment of an AR system that is under negative control by ethylene. Inhibition of growth of the main root system and promotion of AR elongation under hypoxia strengthens the root system in upper soil layers where oxygen shortage may last for shorter time periods.",E Eysholdt-Derzsó; M Sauter,"Plant biology (Stuttgart, Germany)",2019,Journal Article,eng,retrieved,UNCERTAIN_REQUIRES_SCREENING,TITLE_ABSTRACT_REVIEW_REQUIRED,,,,,,,,
6954,TA-28,29994583,10.1109/TMI.2018.2810778,Real-Time FEM-Based Registration of 3-D to 2.5-D Transrectal Ultrasound Images.,"We present a novel technique for real-time deformable registration of 3-D to 2.5-D transrectal ultrasound (TRUS) images for image-guided, robot-assisted laparoscopic radical prostatectomy (RALRP). For RALRP, a pre-operatively acquired 3-D TRUS image is registered to thin-volumes comprised of consecutive intra-operative 2-D TRUS images, where the optimal transformation is found using a gradient descent method based on analytical first and second order derivatives. Our method relies on an efficient algorithm for real-time extraction of arbitrary slices from a 3-D image deformed given a discrete mesh representation. We also propose and demonstrate an evaluation method that generates simulated models and images for RALRP by modeling tissue deformation through patient-specific finite-element models (FEM). We evaluated our method on in-vivo data from 11 patients collected during RALRP and focal therapy interventions. In the presence of an average landmark deformation of 3.89 and 4.62 mm, we achieved accuracies of 1.15 and 0.72 mm, respectively, on the synthetic and in-vivo data sets, with an average registration computation time of 264 ms, using MATLAB on a conventional PC. The results show that the real-time tracking of the prostate motion and deformation is feasible, enabling a real-time augmented reality-based guidance system for RALRP.].",Golnoosh Samei; Orcun Goksel; Julio Lobo; Omid Mohareri; Peter Black; Robert Rohling; Septimiu Salcudean,IEEE transactions on medical imaging,2018,"Journal Article; Research Support, Non-U.S. Gov't",eng,retrieved,UNCERTAIN_REQUIRES_SCREENING,TITLE_ABSTRACT_REVIEW_REQUIRED,,,,,,,,
6955,TA-28,29994288,10.1109/TVCG.2018.2820121,Non-Contact Thermo-Visual Augmentation by IR-RGB Projection.,This paper presents an approach for non-contact haptic augmentation with spatial augmented reality (SAR). We construct a thermo-visual projection system by combining a standard RGB projector and a fabricated infrared (IR) projector. The primary contribution of this paper is that we conduct thorough psychophysical experiments to investigate a design guideline for spatiotemporal projection patterns for both RGB and IR projectors to render a warm object with high presence. We develop application systems to evaluate the validity of the proposed system and design guideline. The evaluation results demonstrate that the proposed system can render warm objects with significantly higher presence than a standard SAR system.,Daisuke Iwai; Mei Aoki; Kosuke Sato,IEEE transactions on visualization and computer graphics,2019,Journal Article,eng,retrieved,UNCERTAIN_REQUIRES_SCREENING,TITLE_ABSTRACT_REVIEW_REQUIRED,,,,,,,,
6956,TA-28,29994003,10.1109/TVCG.2018.2832633,Effects of AR Display Context Switching and Focal Distance Switching on Human Performance.,"In augmented reality (AR) environments, information is often distributed between real world and virtual contexts, and often appears at different distances from the user. Therefore, to integrate the information, users must repeatedly switch context and refocus the eyes. To focus at different distances, the user's eyes must accommodate, which when done repeatedly can cause eyestrain and degrade task performance. An experiment was conducted that examined switching context and focal distance between a real and an AR environment, using a text-based visual search task and a monocular optical see-through AR display. Both context switching and focal distance switching resulted in significantly reduced performance. In addition, repeatedly performing the task caused visual fatigue to steadily increase. Performance was particularly poor for virtual text presented at optical infinity, and for target letters that participants tried to read before their eyes had completely accommodated to a new focal distance. The results show that context switching and focal distance switching are important AR user interface design issues.",Joseph L Gabbard; Divya Gupta Mehra; J Edward Swan,IEEE transactions on visualization and computer graphics,2019,"Journal Article; Research Support, U.S. Gov't, Non-P.H.S.",eng,retrieved,UNCERTAIN_REQUIRES_SCREENING,TITLE_ABSTRACT_REVIEW_REQUIRED,,,,,,,,
6957,TA-28,29990273,10.1109/TCYB.2017.2779800,Hough Forest With Optimized Leaves for Global Hand Pose Estimation With Arbitrary Postures.,"Vision-based hand pose estimation is important in human-computer interaction. While many recent works focus on full degree-of-freedom hand pose estimation, robust estimation of global hand pose remains a challenging problem. This paper presents a novel algorithm to optimize the leaf weights in a Hough forest to assist global hand pose estimation with a single depth camera. Different from traditional Hough forest, we propose to learn the vote weights stored at the leaf nodes of a forest in a principled way to minimize average pose prediction error, so that ambiguous votes are largely suppressed during prediction fusion. Experiments show that the proposed method largely improves pose estimation accuracy with optimized leaf weights on both synthesis and real datasets and performs favorably compared to state-of-the-art convolutional neural network-based methods. On real-world depth videos, the proposed method demonstrates improved robustness compared to several other recent hand tracking systems from both industry and academy. Moreover, we utilize the proposed method to build virtual/augmented reality applications to allow users to manipulate and examine virtual objects with bare hands.",Hui Liang; Junsong Yuan; Jun Lee; Liuhao Ge; Daniel Thalmann,IEEE transactions on cybernetics,2019,Journal Article,eng,retrieved,UNCERTAIN_REQUIRES_SCREENING,TITLE_ABSTRACT_REVIEW_REQUIRED,,,,,,,,
6958,TA-28,29990163,10.1109/JBHI.2017.2770214,3-D Tracking for Augmented Reality Using Combined Region and Dense Cues in Endoscopic Surgery.,"An augmented reality (AR) technique has recently gained its popularity in minimally invasive surgery. Tracking is a crucial step to achieve precise AR. Besides optical tracking in traditional medical AR, visual tracking attracts a lot of attention due to its generality. Moreover, when the target organ's 3-D model can be obtained from preoperative images and under the model rigidity assumption, tracking is then converted into a problem of computing the six-degree-of-freedom pose of the 3-D model. In this paper, we introduce a robust tracking algorithm in our endoscopic AR system, where we combine the benefits of both region and dense cues in a unified framework. Each kind of cues alone may not be adequate for tracking in endoscopic surgery. However, they have complementary characteristics, with region cues being more robust to motion blur and fast motion, and dense cues being more accurate when motion is not large. We also propose an appearance model adaption method and an occlusion processing method to effectively handle occlusions. Experiments on both synthetic dataset and simulated surgical environment show the effectiveness and robustness of our proposed method. This work presents a novel tracking strategy in medical AR applications.",Rong Wang; Mei Zhang; Xiangbing Meng; Zheng Geng; Fei-Yue Wang,IEEE journal of biomedical and health informatics,2018,"Journal Article; Research Support, Non-U.S. Gov't",eng,retrieved,UNCERTAIN_REQUIRES_SCREENING,TITLE_ABSTRACT_REVIEW_REQUIRED,,,,,,,,
6959,TA-28,29990065,10.1109/TVCG.2017.2778249,Efficient VR and AR Navigation Through Multiperspective Occlusion Management.,"Immersive navigation in virtual reality (VR) and augmented reality (AR) leverages physical locomotion through pose tracking of the head-mounted display. While this navigation modality is intuitive, regions of interest in the scene may suffer from occlusion and require significant viewpoint translation. Moreover, limited physical space and user mobility need to be taken into consideration. Some regions of interest may require viewpoints that are physically unreachable without less intuitive methods such as walking in-place or redirected walking. We propose a novel approach for increasing navigation efficiency in VR and AR using multiperspective visualization. Our approach samples occluded regions of interest from additional perspectives, which are integrated seamlessly into the user's perspective. This approach improves navigation efficiency by bringing simultaneously into view multiple regions of interest, allowing the user to explore more while moving less. We have conducted a user study that shows that our method brings significant performance improvement in VR and AR environments, on tasks that include tracking, matching, searching, and ambushing objects of interest.",Meng-Lin Wu; Voicu Popescu,IEEE transactions on visualization and computer graphics,2018,Journal Article,eng,retrieved,UNCERTAIN_REQUIRES_SCREENING,TITLE_ABSTRACT_REVIEW_REQUIRED,,,,,,,,
6960,TA-28,29985143,10.1109/TNSRE.2018.2844083,Effects of Virtual Reality and Augmented Reality on Induced Anxiety.,"To explore the effects of virtual reality (VR) and augmented reality (AR) in the treatment of claustrophobia, the potential effects of VR and AR on induced anxiety were investigated in this paper. During the experiment, 34 subjects were randomly selected and distributed in AR and VR scenes in a sequence. The skin conductance and heart rates of the subjects were measured throughout the entire process, and the anxiety scale was used to assess the subjective anxiety when the task in each scene was completed. The results showed the following: (1) AR and VR scenes led to feelings of discomfort, but the subjective anxiety scores obtained in the two scenes were not significantly different; (2) the skin conductance level of the subjects significantly increased from the baseline when the subjects entered the experimental scene but remained active in the two scenes without showing significant difference between the scenes; and (3) the heart rate index significantly increased from the baseline after the subjects entered the scene and then gradually decreased. The heart rates of the subjects significantly increased again when the anxiety-induced event was triggered. However, no significant difference was observed between AR and VR scenes. AR and VR have induced obvious anxiety, which was reflected in the subjective and objective physiological indicators. However, no significant difference was found in the effects of AR and VR on the induced anxiety. Considering the cost of building two scenes and other factors, AR was more suitable for the treatment of claustrophobia than VR.",Shih-Ching Yeh; Yuan-Yuan Li; Chu Zhou; Pin-Hua Chiu; Jun-Wei Chen,IEEE transactions on neural systems and rehabilitation engineering : a publication of the IEEE Engineering in Medicine and Biology Society,2018,Journal Article; Randomized Controlled Trial,eng,retrieved,UNCERTAIN_REQUIRES_SCREENING,TITLE_ABSTRACT_REVIEW_REQUIRED,,,,,,,,
6961,TA-28,29968607,,Augmented Reality Glasses and Head-Mounted Display Devices in Healthcare.,"Augmented Realty (AR) technology has a significant contribution in healthcare sector by offering valuable solutions the last two decades. The aim of this paper is to investigate the implementations of Augmented Reality technologies in healthcare, which include wearable devices such as AR Glasses and Optical Head-Mounted Display Devices (OHMD), by searching the international scientific literature. Relevant studies were retrieved online from scientific databases using keywords related to Augmented Reality in healthcare. The results indicate the numerous applications of these technologies in healthcare procedures, like diagnosis, treatment, and rehabilitation, as well as in the education of healthcare professionals. The international scientific community encourages the usage of the AR wearable technologies like AR glasses in Healthcare.",Parisis Gallos; Charalabos Georgiadis; Joseph Liaskos; John Mantas,Studies in health technology and informatics,2018,Journal Article,eng,retrieved,UNCERTAIN_REQUIRES_SCREENING,TITLE_ABSTRACT_REVIEW_REQUIRED,,,,,,,,
6962,TA-28,29968295,10.1002/rcs.1926,EndoAbS dataset: Endoscopic abdominal stereo image dataset for benchmarking 3D stereo reconstruction algorithms.,"3D reconstruction algorithms are of fundamental importance for augmented reality applications in computer-assisted surgery. However, few datasets of endoscopic stereo images with associated 3D surface references are currently openly available, preventing the proper validation of such algorithms. This work presents a new and rich dataset of endoscopic stereo images (EndoAbS dataset). The dataset includes (i) endoscopic stereo images of phantom abdominal organs, (ii) a 3D organ surface reference (RF) generated with a laser scanner and (iii) camera calibration parameters. A detailed description of the generation of the phantom and the camera-laser calibration method is also provided. An estimation of the overall error in creation of the dataset is reported (camera-laser calibration error 0.43 mm) and the performance of a 3D reconstruction algorithm is evaluated using EndoAbS, resulting in an accuracy error in accordance with state-of-the-art results (<2 mm). The EndoAbS dataset contributes to an increase the number and variety of openly available datasets of surgical stereo images, including a highly accurate RF and different surgical conditions.",Veronica Penza; Andrea S Ciullo; Sara Moccia; Leonardo S Mattos; Elena De Momi,The international journal of medical robotics + computer assisted surgery : MRCAS,2018,Journal Article,eng,retrieved,UNCERTAIN_REQUIRES_SCREENING,TITLE_ABSTRACT_REVIEW_REQUIRED,,,,,,,,
6963,TA-28,29967935,10.1007/s11517-018-1861-9,Augmented reality surgical navigation with accurate CBCT-patient registration for dental implant placement.,"It is challenging to achieve high implant accuracy in dental implant placement, because high risk tissues need to be avoided. In this study, we present an augmented reality (AR) surgical navigation with an accurate cone beam computed tomography (CBCT)-patient registration method to provide clinically desired dental implant accuracy. A registration device is used for registration between preoperative data and patient outside the patient's mouth. After registration, the registration device is worn on the patient's teeth for tracking the patient. Naked-eye 3D images of the planning path and the mandibular nerve are superimposed onto the patient in situ to form an AR scene. Simultaneously, a 3D image of the drill is overlaid accurately on the real one to guide the implant procedure. Finally, implant accuracy is evaluated postoperatively. A model experiment was performed by an experienced dentist. Totally, ten parallel pins were inserted into five 3D-printed mandible models guided by our AR navigation method and through the dentist's experience, respectively. AR-guided dental implant placement showed better results than the dentist's experience (mean target error = 1.25 mm vs. 1.63 mm; mean angle error = 4.03° vs. 6.10°). Experimental results indicate that the proposed method is expected to be applied in the clinic. Graphical abstract ᅟ.",Longfei Ma; Weipeng Jiang; Boyu Zhang; Xiaofeng Qu; Guochen Ning; Xinran Zhang; Hongen Liao,Medical & biological engineering & computing,2019,Journal Article,eng,retrieved,UNCERTAIN_REQUIRES_SCREENING,TITLE_ABSTRACT_REVIEW_REQUIRED,,,,,,,,
6964,TA-28,29963922,10.4315/0362-028X.JFP-18-033,Wearable Technology Effects on Training Outcomes of Restaurant Food Handlers.,"Food safety training does not always result in behavior change, perhaps because of flaws inherent in traditional training designs. New technologies such as augmented reality headsets or head-mounted action cameras could transform the way food safety training is conducted in the food industry. Training conducted with wearable technology presents visual content in the first-person or actor's perspective, as opposed to the traditional third-person or observer perspective. This visual hands-on first-person perspective may provide an effective way of conveying information and encouraging behavior execution because it uses the mirror neuron system. There is little published literature about the impact of perspective on food safety training outcomes, such as motivation. The present study included a repeated-measures design to determine how first- and third-person camera angles affected hand washing training reactions among 108 currently employed restaurant food handlers. Participants were assessed on their posttraining compliance intentions, compliance self-efficacy, perceived utility of the training, overall satisfaction with the training, and video perspective preference. A significant proportion of food handlers (64%) preferred the first-person video perspective ( z = 5.00, P < 0.001), and a significant correlation was found between compliance intentions and compliance self-efficacy ( r(108) = 0.361, P < 0.001) for the first-person video. No significant differences in video preference were found for demographic variables, including age (χ2 (2, n = 104) = 1.69, P = 0.430), which suggests that the first-person training format appeals to a diverse workforce. These findings support the application of wearable technology to enhance hand washing training outcomes across a wide range of demographic groups. This research lays the framework for future studies to assess the impact of instructional design on compliance concerning hand washing and other food handling behaviors.",Jeffrey Clark; Phil Crandall; Jessica Shabatura,Journal of food protection,2018,Journal Article,eng,retrieved,UNCERTAIN_REQUIRES_SCREENING,TITLE_ABSTRACT_REVIEW_REQUIRED,,,,,,,,
6965,TA-28,29961937,10.5603/CJ.2018.0058,Augmented-reality computed tomography-guided transcatheter pacemaker implantation in dextrocardia and congenitally corrected transposition of great arteries.,,Maksymilian P Opolski; Ilona M Michałowska; Bartosz A Borucki; Barbara Nicińska; Łukasz Szumowski; Maciej Sterliński,Cardiology journal,2018,Case Reports; Journal Article,eng,retrieved,UNCERTAIN_REQUIRES_SCREENING,TITLE_ABSTRACT_REVIEW_REQUIRED,,,,,,,,
6966,TA-28,33156774,10.1109/TVCG.2018.2823798,Erratum.,"The IEEE Transactions on Visualization and Computer Graphics (TVCG) November 2016 issue, contains a special section featuring papers presented at the IEEE International Symposium on Mixed and Augmented Reality 2016. Unfortunately, the welcome message contributed by the guest editors of this special section, Wolfgang Broll, Hideo Saito, and J. Edward Swan II, was accidentially omitted. The November 2017 issue of TVCG is a special issue featuring papers presented at the IEEE International Symposium on Mixed and Augmented Reality 2017. Under similar circumstances as mentioned above, the welcome message contributed by the guest editors of this special issue, Wolfgang Broll, Holger Regenbrecht, and J. Edward Swan II, was accidentially omitted. We include both messages in the following, with apologies to the guest editors and our readers. Dieter Schmalstieg Associate Editor-in-Chief, TVCG For information.",Pavel A Govyadinov,IEEE transactions on visualization and computer graphics,2018,Journal Article,eng,retrieved,UNCERTAIN_REQUIRES_SCREENING,TITLE_ABSTRACT_REVIEW_REQUIRED,,,,,,,,
6967,TA-28,29956447,10.1002/rcs.1931,Continuous dynamic gesture spotting algorithm based on Dempster-Shafer Theory in the augmented reality human computer interaction.,"Human-computer interaction (HCI) is an important feature of augmented reality (AR) technology. The naturalness is the inevitable trend of HCI. Gesture is the most natural and frequently used body auxiliary interaction mode in daily interactions except for language. However, there are often meaningless, subconscious gesture intervals between the two adjacent dynamic gestures. So, continuous dynamic gesture spotting is the premise and basis of dynamic gesture recognition, but there is no mature and unified algorithm to solve this problem. In order to realize the natural HCI based on gesture recognition entirely, a general AR application development platform is presented in this paper. According to the position and pose tracking data of the user's hand, the dynamic gesture spotting algorithm based on evidence theory is proposed. Firstly, Through analysis of the speed change of hand motion during the dynamic gestures, three knowledge rules are summed up. Then, accurate dynamic gesture spotting is realized with the application of evidence reasoning. Moreover, this algorithm first detects the starting point of gesture in the rising trend of hand motion speed, eliminates the delay between spotting and recognition, and thus ensures real-time performance. Finally, the algorithm is verified in several AR applications developed on the platform. There are two main experimental results. First, there are six users participating in the dynamic gesture spotting experiment, and the gesture spotting accuracy can meet the demand. Second, The accuracy of recognition after spotting is higher than that of the simultaneous recognition and spotting. So, It can be concluded that the proposed continuous dynamic gesture spotting algorithm based on Dempster-Shafer theory can extract almost all the effective dynamic gestures in the HCI of our AR platform, and on this basis, it can effectively improve the accuracy of the subsequent dynamic gesture recognition.",Qiming Li; Chen Huang; Zhengwei Yao; Yimin Chen; Lizhuang Ma,The international journal of medical robotics + computer assisted surgery : MRCAS,2018,Journal Article,eng,retrieved,UNCERTAIN_REQUIRES_SCREENING,TITLE_ABSTRACT_REVIEW_REQUIRED,,,,,,,,
6968,TA-28,29943226,10.1007/s11548-018-1807-6,A radiation-free mixed-reality training environment and assessment concept for C-arm-based surgery.,"The discrepancy of continuously decreasing opportunities for clinical training and assessment and the increasing complexity of interventions in surgery has led to the development of different training and assessment options like anatomical models, computer-based simulators or cadaver trainings. However, trainees, following training, assessment and ultimately performing patient treatment, still face a steep learning curve. To address this problem for C-arm-based surgery, we introduce a realistic radiation-free simulation system that combines patient-based 3D printed anatomy and simulated X-ray imaging using a physical C-arm. To explore the fidelity and usefulness of the proposed mixed-reality system for training and assessment, we conducted a user study with six surgical experts performing a facet joint injection on the simulator. In a technical evaluation, we show that our system simulates X-ray images accurately with an RMSE of 1.85 mm compared to real X-ray imaging. The participants expressed agreement with the overall realism of the simulation, the usefulness of the system for assessment and strong agreement with the usefulness of such a mixed-reality system for training of novices and experts. In a quantitative analysis, we furthermore evaluated the suitability of the system for the assessment of surgical skills and gather preliminary evidence for validity. The proposed mixed-reality simulation system facilitates a transition to C-arm-based surgery and has the potential to complement or even replace large parts of cadaver training, to provide a safe assessment environment and to reduce the risk for errors when proceeding to patient treatment. We propose an assessment concept and outline the steps necessary to expand the system into a test instrument that provides reliable and justified assessments scores indicative of surgical proficiency with sufficient evidence for validity.",Philipp Stefan; Séverine Habert; Alexander Winkler; Marc Lazarovici; Julian Fürmetz; Ulrich Eck; Nassir Navab,International journal of computer assisted radiology and surgery,2018,Journal Article,eng,retrieved,UNCERTAIN_REQUIRES_SCREENING,TITLE_ABSTRACT_REVIEW_REQUIRED,,,,,,,,
6969,TA-28,29938379,10.1007/s10916-018-0992-8,An Augmented Reality Endoscope System for Ureter Position Detection.,"Iatrogenic injury of ureter in the clinical operation may cause the serious complication and kidney damage. To avoid such a medical accident, it is necessary to provide the ureter position information to the doctor. For the detection of ureter position, an ureter position detection and display system with the augmented ris proposed to detect the ureter that is covered by human tissue. There are two key issues which should be considered in this new system. One is how to detect the covered ureter that cannot be captured by the electronic endoscope and the other is how to display the ureter position that provides stable and high-quality images. Simultaneously, any delayed processing of the system should disturb the surgery. The aided hardware detection method and target detection algorithms are proposed in this system. To mark the ureter position, a surface-lighting plastic optical fiber (POF) with the encoded light-emitting diode (LED) light is used to indicate the ureter position. The monochrome channel filtering algorithm (MCFA) is proposed to locate the ureter region more precisely. The ureter position is extracted using the proposed automatic region growing algorithm (ARGA) that utilizes the statistical information of the monochrome channel for the selection of growing seed point. In addition, according to the pulse signal of encoded light, the recognition of bright and dark frames based on the aided hardware (BDAH) is proposed to expedite the processing speed. Experimental results demonstrate that the proposed endoscope system can identify 92.04% ureter region in average.",Feng Yu; Enmin Song; Hong Liu; Yunlong Li; Jun Zhu; Chih-Cheng Hung,Journal of medical systems,2018,Journal Article,eng,retrieved,UNCERTAIN_REQUIRES_SCREENING,TITLE_ABSTRACT_REVIEW_REQUIRED,,,,,,,,
6970,TA-28,29934792,10.1007/s11548-018-1814-7,Head-mounted display augmented reality to guide pedicle screw placement utilizing computed tomography.,"Augmented reality has potential to enhance surgical navigation and visualization. We determined whether head-mounted display augmented reality (HMD-AR) with superimposed computed tomography (CT) data could allow the wearer to percutaneously guide pedicle screw placement in an opaque lumbar model with no real-time fluoroscopic guidance. CT imaging was obtained of a phantom composed of L1-L3 Sawbones vertebrae in opaque silicone. Preprocedural planning was performed by creating virtual trajectories of appropriate angle and depth for ideal approach into the pedicle, and these data were integrated into the Microsoft HoloLens using the Novarad OpenSight application allowing the user to view the virtual trajectory guides and CT images superimposed on the phantom in two and three dimensions. Spinal needles were inserted following the virtual trajectories to the point of contact with bone. Repeat CT revealed actual needle trajectory, allowing comparison with the ideal preprocedural paths. Registration of AR to phantom showed a roughly circular deviation with maximum average radius of 2.5 mm. Users took an average of 200 s to place a needle. Extrapolation of needle trajectory into the pedicle showed that of 36 needles placed, 35 (97%) would have remained within the pedicles. Needles placed approximated a mean distance of 4.69 mm in the mediolateral direction and 4.48 mm in the craniocaudal direction from pedicle bone edge. To our knowledge, this is the first peer-reviewed report and evaluation of HMD-AR with superimposed 3D guidance utilizing CT for spinal pedicle guide placement for the purpose of cannulation without the use of fluoroscopy.",Jacob T Gibby; Samuel A Swenson; Steve Cvetko; Raj Rao; Ramin Javan,International journal of computer assisted radiology and surgery,2019,Journal Article,eng,retrieved,UNCERTAIN_REQUIRES_SCREENING,TITLE_ABSTRACT_REVIEW_REQUIRED,,,,,,,,
6971,TA-28,29925061,10.1159/000489464,"Robotic Head and Neck Surgery: History, Technical Evolution and the Future.","The first application of robotic technology in surgery was described in 1985 when a robot was used to define the trajectory for a stereotactic brain biopsy. Following its successful application in a variety of surgical operations, the da Vinci® robot, the most widely used surgical robot at present, made its clinical debut in otorhinolaryngology and head and neck surgery in 2005 when the first transoral robotic surgery (TORS) resections of base of tongue neoplasms were reported. Subsequently, the indications for TORS rapidly expanded, and they now include tumours of the oropharynx, hypopharynx, parapharyngeal space, and supraglottic larynx, as well as obstructive sleep apnoea (OSA). The da Vinci® robot has also been successfully used for scarless-in-the-neck thyroidectomy and parathyroidectomy. At present, the main barrier to the wider uptake of robotic surgery is the prohibitive cost of the da Vinci® robotic system. Several novel, flexible surgical robots are currently being developed that are likely to not only enhance patient safety and expand current indications but also drive down costs, thus making this innovation more widely available. Future directions relate to overlay technology through augmented reality/AR that allows real-time image-guidance, miniaturisation (nanorobots), and the development of autonomous robots.",George Garas; Asit Arora,ORL; journal for oto-rhino-laryngology and its related specialties,2018,Historical Article; Journal Article,eng,retrieved,UNCERTAIN_REQUIRES_SCREENING,TITLE_ABSTRACT_REVIEW_REQUIRED,,,,,,,,
6972,TA-28,29909727,10.1177/1553350618781622,Choledochoscopic Examination of a 3-Dimensional Printing Model Using Augmented Reality Techniques: A Preliminary Proof of Concept Study.,"We applied augmented reality (AR) techniques to flexible choledochoscopy examinations. Enhanced computed tomography data of a patient with intrahepatic and extrahepatic biliary duct dilatation were collected to generate a hollow, 3-dimensional (3D) model of the biliary tree by 3D printing. The 3D printed model was placed in an opaque box. An electromagnetic (EM) sensor was internally installed in the choledochoscope instrument channel for tracking its movements through the passages of the 3D printed model, and an AR navigation platform was built using image overlay display. The porta hepatis was used as the reference marker with rigid image registration. The trajectories of the choledochoscope and the EM sensor were observed and recorded using the operator interface of the choledochoscope. Training choledochoscopy was performed on the 3D printed model. The choledochoscope was guided into the left and right hepatic ducts, the right anterior hepatic duct, the bile ducts of segment 8, the hepatic duct in subsegment 8, the right posterior hepatic duct, and the left and the right bile ducts of the caudate lobe. Although stability in tracking was less than ideal, the virtual choledochoscope images and EM sensor tracking were effective for navigation. AR techniques can be used to assist navigation in choledochoscopy examinations in bile duct models. Further research is needed to determine its benefits in clinical settings.",Rui Tang; Longfei Ma; Ang Li; Lihan Yu; Zhixia Rong; Xinjing Zhang; Canhong Xiang; Hongen Liao; Jiahong Dong,Surgical innovation,2018,Journal Article,eng,retrieved,UNCERTAIN_REQUIRES_SCREENING,TITLE_ABSTRACT_REVIEW_REQUIRED,,,,,,,,
6973,TA-28,29907559,10.2196/jmir.9670,Pokémon GO and Physical Activity in Asia: Multilevel Study.,"Physical activity has long been considered as an important component of a healthy lifestyle. Although many efforts have been made to promote physical activity, there is no effective global intervention for physical activity promotion. Some researchers have suggested that Pokémon GO, a location-based augmented reality game, was associated with a short-term increase in players' physical activity on a global scale, but the details are far from clear. The objective of our study was to study the relationship between Pokémon GO use and players' physical activity and how the relationship varies across players with different physical activity levels. We conducted a field study in Hong Kong to investigate if Pokémon GO use was associated with physical activity. Pokémon GO players were asked to report their demographics through a survey; data on their Pokémon GO behaviors and daily walking and running distances were collected from their mobile phones. Participants (n=210) were Hong Kong residents, aged 13 to 65 years, who played Pokémon GO using iPhone 5 or 6 series in 5 selected types of built environment. We measured the participants' average daily walking and running distances over a period of 35 days, from 14 days before to 21 days after game installation. Multilevel modeling was used to identify and examine the predictors (including Pokémon GO behaviors, weather, demographics, and built environment) of the relationship between Pokémon GO use and daily walking and running distances. The average daily walking and running distances increased by 18.1% (0.96 km, approximately 1200 steps) in the 21 days after the participants installed Pokémon GO compared with the average distances over the 14 days before installation (P<.001). However, this association attenuated over time and was estimated to disappear 24 days after game installation. Multilevel models indicated that Pokémon GO had a stronger and more lasting association among the less physically active players compared with the physically active ones (P<.001). Playing Pokémon GO in green space had a significant positive relationship with daily walking and running distances (P=.03). Moreover, our results showed that whether Pokémon GO was played, the number of days played, weather (total rainfall, bright sunshine, mean air temperature, and mean wind speed), and demographics (age, gender, income, education, and body mass index) were associated with daily walking and running distances. Pokémon GO was associated with a short-term increase in the players' daily walking and running distances; this association was especially strong among less physically active participants. Pokémon GO can build new links between humans and green space and encourage people to engage in physical activity. Our results show that location-based augmented reality games, such as Pokémon GO, have the potential to be a global public health intervention tool.",Ben D Ma; Sai Leung Ng; Tim Schwanen; John Zacharias; Mudi Zhou; Ichiro Kawachi; Guibo Sun,Journal of medical Internet research,2018,Journal Article,eng,retrieved,UNCERTAIN_REQUIRES_SCREENING,TITLE_ABSTRACT_REVIEW_REQUIRED,,,,,,,,
6974,TA-28,29897886,10.1515/jib-2018-0005,Interactive Molecular Graphics for Augmented Reality Using HoloLens.,"Immersive technologies like stereo rendering, virtual reality, or augmented reality (AR) are often used in the field of molecular visualisation. Modern, comparably lightweight and affordable AR headsets like Microsoft's HoloLens open up new possibilities for immersive analytics in molecular visualisation. A crucial factor for a comprehensive analysis of molecular data in AR is the rendering speed. HoloLens, however, has limited hardware capabilities due to requirements like battery life, fanless cooling and weight. Consequently, insights from best practises for powerful desktop hardware may not be transferable. Therefore, we evaluate the capabilities of the HoloLens hardware for modern, GPU-enabled, high-quality rendering methods for the space-filling model commonly used in molecular visualisation. We also assess the scalability for large molecular data sets. Based on the results, we discuss ideas and possibilities for immersive molecular analytics. Besides more obvious benefits like the stereoscopic rendering offered by the device, this specifically includes natural user interfaces that use physical navigation instead of the traditional virtual one. Furthermore, we consider different scenarios for such an immersive system, ranging from educational use to collaborative scenarios.",Christoph Müller; Michael Krone; Markus Huber; Verena Biener; Dominik Herr; Steffen Koch; Guido Reina; Daniel Weiskopf; Thomas Ertl,Journal of integrative bioinformatics,2018,Journal Article,eng,retrieved,UNCERTAIN_REQUIRES_SCREENING,TITLE_ABSTRACT_REVIEW_REQUIRED,,,,,,,,
6975,TA-28,29893068,10.1002/adma.201706910,Wearables in Medicine.,"Wearables as medical technologies are becoming an integral part of personal analytics, measuring physical status, recording physiological parameters, or informing schedule for medication. These continuously evolving technology platforms do not only promise to help people pursue a healthier life style, but also provide continuous medical data for actively tracking metabolic status, diagnosis, and treatment. Advances in the miniaturization of flexible electronics, electrochemical biosensors, microfluidics, and artificial intelligence algorithms have led to wearable devices that can generate real-time medical data within the Internet of things. These flexible devices can be configured to make conformal contact with epidermal, ocular, intracochlear, and dental interfaces to collect biochemical or electrophysiological signals. This article discusses consumer trends in wearable electronics, commercial and emerging devices, and fabrication methods. It also reviews real-time monitoring of vital signs using biosensors, stimuli-responsive materials for drug delivery, and closed-loop theranostic systems. It covers future challenges in augmented, virtual, and mixed reality, communication modes, energy management, displays, conformity, and data safety. The development of patient-oriented wearable technologies and their incorporation in randomized clinical trials will facilitate the design of safe and effective approaches.",Ali K Yetisen; Juan Leonardo Martinez-Hurtado; Barış Ünal; Ali Khademhosseini; Haider Butt,"Advanced materials (Deerfield Beach, Fla.)",2018,Journal Article,eng,retrieved,UNCERTAIN_REQUIRES_SCREENING,TITLE_ABSTRACT_REVIEW_REQUIRED,,,,,,,,
6976,TA-28,29885725,10.1016/j.apergo.2018.05.001,Visual advisory warnings about hidden dangers: Effects of specific symbols and spatial referencing on necessary and unnecessary warnings.,"Augmented reality has the potential to improve the effectiveness of collision warnings in vehicles because they inherently convey spatial information about the hazard and can guide the attention of the driver towards it. For future warning systems, which can detect sight obstructed dangers, related work already revealed some advantages. In a driving simulator study with 80 participants, we investigated the effects of three corresponding design parameters which are commonly integrated at augmented reality warnings. This study analyzes the individual contribution of specific warning symbols, warning animation, and spatial referencing. Part one of the study concentrates on the effectiveness of necessary warnings and part two on the drivers' compliance despite false alarms. Compared to the control condition with static unspecific warning symbols, static specific warning symbols depicting the type and motion direction of the hazard led to several but inconsistent advantages. The scaling animation only improved subjective evaluation. However, spatial referencing of an (unspecific) warning symbol consistently improved drivers' reactions to as well as evaluations of necessary and unnecessary warnings. The results emphasize the potential of spatial referencing, particularly for in-vehicle warnings of future collision avoidance systems.",Felix Schwarz; Wolfgang Fastenmeier,Applied ergonomics,2018,Journal Article,eng,retrieved,UNCERTAIN_REQUIRES_SCREENING,TITLE_ABSTRACT_REVIEW_REQUIRED,,,,,,,,
6977,TA-28,29877901,10.1097/OPX.0000000000001232,Using an Augmented Reality Device as a Distance-based Vision Aid-Promise and Limitations.,"For people with limited vision, wearable displays hold the potential to digitally enhance visual function. As these display technologies advance, it is important to understand their promise and limitations as vision aids. The aim of this study was to test the potential of a consumer augmented reality (AR) device for improving the functional vision of people with near-complete vision loss. An AR application that translates spatial information into high-contrast visual patterns was developed. Two experiments assessed the efficacy of the application to improve vision: an exploratory study with four visually impaired participants and a main controlled study with participants with simulated vision loss (n = 48). In both studies, performance was tested on a range of visual tasks (identifying the location, pose and gesture of a person, identifying objects, and moving around in an unfamiliar space). Participants' accuracy and confidence were compared on these tasks with and without augmented vision, as well as their subjective responses about ease of mobility. In the main study, the AR application was associated with substantially improved accuracy and confidence in object recognition (all P < .001) and to a lesser degree in gesture recognition (P < .05). There was no significant change in performance on identifying body poses or in subjective assessments of mobility, as compared with a control group. Consumer AR devices may soon be able to support applications that improve the functional vision of users for some tasks. In our study, both artificially impaired participants and participants with near-complete vision loss performed tasks that they could not do without the AR system. Current limitations in system performance and form factor, as well as the risk of overconfidence, will need to be overcome.",Max Kinateder; Justin Gualtieri; Matt J Dunn; Wojciech Jarosz; Xing-Dong Yang; Emily A Cooper,Optometry and vision science : official publication of the American Academy of Optometry,2018,"Journal Article; Research Support, Non-U.S. Gov't",eng,retrieved,UNCERTAIN_REQUIRES_SCREENING,TITLE_ABSTRACT_REVIEW_REQUIRED,,,,,,,,
6978,TA-28,29865266,10.3390/s18061798,A Fog Computing and Cloudlet Based Augmented Reality System for the Industry 4.0 Shipyard.,"Augmented Reality (AR) is one of the key technologies pointed out by Industry 4.0 as a tool for enhancing the next generation of automated and computerized factories. AR can also help shipbuilding operators, since they usually need to interact with information (e.g., product datasheets, instructions, maintenance procedures, quality control forms) that could be handled easily and more efficiently through AR devices. This is the reason why Navantia, one of the 10 largest shipbuilders in the world, is studying the application of AR (among other technologies) in different shipyard environments in a project called ""Shipyard 4.0"". This article presents Navantia's industrial AR (IAR) architecture, which is based on cloudlets and on the fog computing paradigm. Both technologies are ideal for supporting physically-distributed, low-latency and QoS-aware applications that decrease the network traffic and the computational load of traditional cloud computing systems. The proposed IAR communications architecture is evaluated in real-world scenarios with payload sizes according to demanding Microsoft HoloLens applications and when using a cloud, a cloudlet and a fog computing system. The results show that, in terms of response delay, the fog computing system is the fastest when transferring small payloads (less than 128 KB), while for larger file sizes, the cloudlet solution is faster than the others. Moreover, under high loads (with many concurrent IAR clients), the cloudlet in some cases is more than four times faster than the fog computing system in terms of response delay.",Tiago M Fernández-Caramés; Paula Fraga-Lamas; Manuel Suárez-Albela; Miguel Vilar-Montesinos,"Sensors (Basel, Switzerland)",2018,Journal Article,eng,retrieved,UNCERTAIN_REQUIRES_SCREENING,TITLE_ABSTRACT_REVIEW_REQUIRED,,,,,,,,
6979,TA-28,29861797,10.1016/j.ecns.2017.09.008,Interactive Anatomy-Augmented Virtual Simulation Training.,"Traditionally, clinical psychomotor skills are taught through videos and demonstration by faculty which does not allow for the visualization of internal structures and anatomical landmarks that would enhance the learner skill performance. Sophomore and junior nursing students attending a large Midwestern Institution (N=69) participated in this mixed methods study. Students demonstrated their ability to place a nasogastric tube (NGT) after being randomly assigned to usual training (Control group) or an iPad anatomy-augmented virtual simulation training module (AR group). The ability of the participants to demonstrate competence in placing the NGT was assessed using a 17-item competency checklist. After the demonstration, students completed a survey to elicit information about students' level of training, prior experience with NGT placement, satisfaction with the AR technology, and perceptions of AR as a potential teaching tool for clinical skills training. The ability to correctly place the NGT through all the checklist items was statistically significant in the AR group compared with the control group (P = 0.011). Eighty-six percent of participants in the AR group rated AR as superior/far superior to other procedural training programs to which they had been exposed, whereas, only 5.9% of participants in the control group rated the control program as superior/far superior (P < 0.001). Overall the AR module was better received compared with the control group with regards to realism, identifying landmarks, visualization of internal organs, ease of use, usefulness, and promoting learning and understanding.",Michelle Aebersold; Terri Voepel-Lewis; Leila Cherara; Monica Weber; Christina Khouri; Robert Levine; Alan R Tait,Clinical simulation in nursing,2018,Journal Article,eng,retrieved,UNCERTAIN_REQUIRES_SCREENING,TITLE_ABSTRACT_REVIEW_REQUIRED,,,,,,,,
6980,TA-28,29857382,,Mobile Augmented Reality as Usability to Enhance Nurse Prevent Violence Learning Satisfaction.,"Violence in hospitals, nurses are at high risk of patient's aggression in the workplace. This learning course application Mobile Augmented Reality to enhance nurse to prevent violence skill. Increasingly, mobile technologies introduced and integrated into classroom teaching and clinical applications. Improving the quality of learning course and providing new experiences for nurses.",Han-Jen Hsu; Wei-Kai Weng; Yung-Lang Chou; Pin-Wei Huang,Studies in health technology and informatics,2018,Journal Article,eng,retrieved,UNCERTAIN_REQUIRES_SCREENING,TITLE_ABSTRACT_REVIEW_REQUIRED,,,,,,,,
6981,TA-28,29857381,,Developing Mobile Support System for Augmented Reality in Clinical Constraint Teaching.,"It's always been a big topic how to improve the efficiency of education. Reply teaching and image teaching had always performed better than text book. Furthermore, adapting AR technology will be a great add-on to reinforce it. That's the main purpose of this project.",Wei Kai Weng; Han Jen Hsu,Studies in health technology and informatics,2018,Journal Article,eng,retrieved,UNCERTAIN_REQUIRES_SCREENING,TITLE_ABSTRACT_REVIEW_REQUIRED,,,,,,,,
6982,TA-28,29848559,10.1136/neurintsurg-2017-013649,Image guided percutaneous spine procedures using an optical see-through head mounted display: proof of concept and rationale.,"Optical see-through head mounted displays (OST-HMDs) offer a mixed reality (MixR) experience with unhindered procedural site visualization during procedures using high resolution radiographic imaging. This technical note describes our preliminary experience with percutaneous spine procedures utilizing OST-HMD as an alternative to traditional angiography suite monitors. MixR visualization was achieved using the Microsoft HoloLens system. Various spine procedures (vertebroplasty, kyphoplasty, and percutaneous discectomy) were performed on a lumbar spine phantom with commercially available devices. The HMD created a real time MixR environment by superimposing virtual posteroanterior and lateral views onto the interventionalist's field of view. The procedures were filmed from the operator's perspective. Videos were reviewed to assess whether key anatomic landmarks and materials were reliably visualized. Dosimetry and procedural times were recorded. The operator completed a questionnaire following each procedure, detailing benefits, limitations, and visualization mode preferences. Percutaneous vertebroplasty, kyphoplasty, and discectomy procedures were successfully performed using OST-HMD image guidance on a lumbar spine phantom. Dosimetry and procedural time compared favorably with typical procedural times. Conventional and MixR visualization modes were equally effective in providing image guidance, with key anatomic landmarks and materials reliably visualized. This preliminary study demonstrates the feasibility of utilizing OST-HMDs for image guidance in interventional spine procedures. This novel visualization approach may serve as a valuable adjunct tool during minimally invasive percutaneous spine treatment.",Gerard Deib; Alex Johnson; Mathias Unberath; Kevin Yu; Sebastian Andress; Long Qian; Gregory Osgood; Nassir Navab; Ferdinand Hui; Philippe Gailloud,Journal of neurointerventional surgery,2018,Journal Article,eng,retrieved,UNCERTAIN_REQUIRES_SCREENING,TITLE_ABSTRACT_REVIEW_REQUIRED,,,,,,,,
6983,TA-28,29813019,10.1109/TVCG.2017.2709746,Handheld Guides in Inspection Tasks: Augmented Reality versus Picture.,"Inspection tasks focus on observation of the environment and are required in many industrial domains. Inspectors usually execute these tasks by using a guide such as a paper manual, and directly observing the environment. The effort required to match the information in a guide with the information in an environment and the constant gaze shifts required between the two can severely lower the work efficiency of inspector in performing his/her tasks. Augmented reality (AR) allows the information in a guide to be overlaid directly on an environment. This can decrease the amount of effort required for information matching, thus increasing work efficiency. AR guides on head-mounted displays (HMDs) have been shown to increase efficiency. Handheld AR (HAR) is not as efficient as HMD-AR in terms of manipulability, but is more practical and features better information input and sharing capabilities. In this study, we compared two handheld guides: an AR interface that shows 3D registered annotations, that is, annotations having a fixed 3D position in the AR environment, and a non-AR picture interface that displays non-registered annotations on static images. We focused on inspection tasks that involve high information density and require the user to move, as well as to perform several viewpoint alignments. The results of our comparative evaluation showed that use of the AR interface resulted in lower task completion times, fewer errors, fewer gaze shifts, and a lower subjective workload. We are the first to present findings of a comparative study of an HAR and a picture interface when used in tasks that require the user to move and execute viewpoint alignments, focusing only on direct observation. Our findings can be useful for AR practitioners and psychology researchers.",Jarkko Polvi; Takafumi Taketomi; Atsunori Moteki; Toshiyuki Yoshitake; Toshiyuki Fukuoka; Goshiro Yamamoto; Christian Sandor; Hirokazu Kato,IEEE transactions on visualization and computer graphics,2018,Journal Article,eng,retrieved,UNCERTAIN_REQUIRES_SCREENING,TITLE_ABSTRACT_REVIEW_REQUIRED,,,,,,,,
6984,TA-28,29809097,10.1177/1553350618777045,Development of a Laparoscopic Box Trainer Based on Open Source Hardware and Artificial Intelligence for Objective Assessment of Surgical Psychomotor Skills.,"A trainer for online laparoscopic surgical skills assessment based on the performance of experts and nonexperts is presented. The system uses computer vision, augmented reality, and artificial intelligence algorithms, implemented into a Raspberry Pi board with Python programming language. Two training tasks were evaluated by the laparoscopic system: transferring and pattern cutting. Computer vision libraries were used to obtain the number of transferred points and simulated pattern cutting trace by means of tracking of the laparoscopic instrument. An artificial neural network (ANN) was trained to learn from experts and nonexperts' behavior for pattern cutting task, whereas the assessment of transferring task was performed using a preestablished threshold. Four expert surgeons in laparoscopic surgery, from hospital ""Raymundo Abarca Alarcón,"" constituted the experienced class for the ANN. Sixteen trainees (10 medical students and 6 residents) without laparoscopic surgical skills and limited experience in minimal invasive techniques from School of Medicine at Universidad Autónoma de Guerrero constituted the nonexperienced class. Data from participants performing 5 daily repetitions for each task during 5 days were used to build the ANN. The participants tend to improve their learning curve and dexterity with this laparoscopic training system. The classifier shows mean accuracy and receiver operating characteristic curve of 90.98% and 0.93, respectively. Moreover, the ANN was able to evaluate the psychomotor skills of users into 2 classes: experienced or nonexperienced. We constructed and evaluated an affordable laparoscopic trainer system using computer vision, augmented reality, and an artificial intelligence algorithm. The proposed trainer has the potential to increase the self-confidence of trainees and to be applied to programs with limited resources.",Gustavo A Alonso-Silverio; Fernando Pérez-Escamirosa; Raúl Bruno-Sanchez; José L Ortiz-Simon; Roberto Muñoz-Guerrero; Arturo Minor-Martinez; Antonio Alarcón-Paredes,Surgical innovation,2018,Journal Article,eng,retrieved,UNCERTAIN_REQUIRES_SCREENING,TITLE_ABSTRACT_REVIEW_REQUIRED,,,,,,,,
6985,TA-28,29809030,10.1037/neu0000435,Are visual cues helpful for virtual spatial navigation and spatial memory in patients with mild cognitive impairment or Alzheimer's disease?,"To evaluate whether visual cues are helpful for virtual spatial navigation and memory in Alzheimer's disease (AD) and patients with mild cognitive impairment (MCI). 20 patients with AD, 18 patients with MCI and 20 age-matched healthy controls (HC) were included. Participants had to actively reproduce a path that included 5 intersections with one landmark at each intersection that they had seen previously during a learning phase. Three cueing conditions for navigation were offered: salient landmarks, directional arrows and a map. A path without additional visual stimuli served as control condition. Navigation time and number of trajectory mistakes were recorded. With the presence of directional arrows, no significant difference was found between groups concerning the number of trajectory mistakes and navigation time. The number of trajectory mistakes did not differ significantly between patients with AD and patients with MCI on the path with arrows, the path with salient landmarks and the path with a map. There were significant correlations between the number of trajectory mistakes under the arrow condition and executive tests, and between the number of trajectory mistakes under the salient landmark condition and memory tests. Visual cueing such as directional arrows and salient landmarks appears helpful for spatial navigation and memory tasks in patients with AD and patients with MCI. This study opens new research avenues for neuro-rehabilitation, such as the use of augmented reality in real-life settings to support the navigational capabilities of patients with MCI and patients with AD. (PsycINFO Database Record",Mélanie Cogné; Sophie Auriacombe; Louise Vasa; François Tison; Evelyne Klinger; Hélène Sauzéon; Pierre-Alain Joseph; Bernard N Kaoua,Neuropsychology,2018,Journal Article; Randomized Controlled Trial,eng,retrieved,UNCERTAIN_REQUIRES_SCREENING,TITLE_ABSTRACT_REVIEW_REQUIRED,,,,,,,,
6986,TA-28,29806017,10.1126/sciadv.aap8306,Chronology of martian breccia NWA 7034 and the formation of the martian crustal dichotomy.,"Martian meteorite Northwest Africa (NWA) 7034 and its paired stones are the only brecciated regolith samples from Mars with compositions that are representative of the average martian crust. These samples therefore provide a unique opportunity to constrain the processes of metamorphism and alteration in the martian crust, which we have investigated via U-Pu/Xe, 40Ar/39Ar, and U-Th-Sm/He chronometry. U-Pu/Xe ages are comparable to previously reported Sm-Nd and U-Pb ages obtained from NWA 7034 and confirm an ancient (>4.3 billion years) age for the source lithology. After almost 3000 million years (Ma) of quiescence, the source terrain experienced several hundred million years of thermal metamorphism recorded by the K-Ar system that appears to have varied both spatially and temporally. Such protracted metamorphism is consistent with plume-related magmatism and suggests that the source terrain covered an areal extent comparable to plume-fed edifices (hundreds of square kilometers). The retention of such expansive, ancient volcanic terrains in the southern highlands over billions of years suggests that formation of the martian crustal dichotomy, a topographic and geophysical divide between the heavily cratered southern highlands and smoother plains of the northern lowlands, likely predates emplacement of the NWA 7034 source terrain-that is, it formed within the first ~100 Ma of planetary formation.",William S Cassata; Benjamin E Cohen; Darren F Mark; Reto Trappitsch; Carolyn A Crow; Joshua Wimpenny; Martin R Lee; Caroline L Smith,Science advances,2018,"Journal Article; Research Support, U.S. Gov't, Non-P.H.S.; Research Support, Non-U.S. Gov't",eng,retrieved,UNCERTAIN_REQUIRES_SCREENING,TITLE_ABSTRACT_REVIEW_REQUIRED,,,,,,,,
6987,TA-28,29801927,10.1016/j.urology.2017.12.038,Three-dimensional Printing and Augmented Reality: Enhanced Precision for Robotic Assisted Partial Nephrectomy.,"To describe novel 3-dimensional (3D) printing and augmented reality (AR) methods of image data visualization to facilitate anatomic understanding and to assist with surgical planning and decision-making during robotic partial nephrectomy. We created a video of the workflow for creating 3D printed and AR kidney models along with their application to robotic partial nephrectomy. Key steps in their development are (1) radiology examination (magnetic resonance imaging and computed tomography), (2) image segmentation, (3) preparing for 3D printing or AR, and (4) printing the model or deploying the model to the AR device. We demonstrate the workflow and utility of 3D printing and AR kidney models applied to a case of a 70-year-old woman with a 3.4 cm renal mass on her left pelvic kidney. A 3D printed kidney model was created using multicolor PolyJet technology (Stratasys J750), allowing a transparent kidney with coloring of the renal tumor, artery, vein, and ureter. An AR kidney model was created using Unity 3D software and deployed to a Microsoft HoloLens. The 3D printed and AR models were used preoperatively and intraoperatively to assist in robotic partial nephrectomy. To date, we have created 15 3D printed and AR kidney models to use for robotic partial nephrectomy planning and intraoperative guidance. The application of 3D printed and AR models is safe and feasible and can influence surgical decisions. Our video highlights the workflow and novel application of 3D printed and AR kidney models to provide preoperative guidance for robotic partial nephrectomy. The insights gained from advanced visualization can influence surgical planning decisions.",Nicole Wake; Marc A Bjurlin; Pooya Rostami; Hersh Chandarana; William C Huang,Urology,2018,Case Reports; Journal Article; Video-Audio Media,eng,retrieved,UNCERTAIN_REQUIRES_SCREENING,TITLE_ABSTRACT_REVIEW_REQUIRED,,,,,,,,
6988,TA-28,29796955,10.1007/s10439-018-2055-1,Augmented Reality Based Navigation for Computer Assisted Hip Resurfacing: A Proof of Concept Study.,"Implantation accuracy has a great impact on the outcomes of hip resurfacing such as recovery of hip function. Computer assisted orthopedic surgery has demonstrated clear advantages for the patients, with improved placement accuracy and fewer outliers, but the intrusiveness, cost, and added complexity have limited its widespread adoption. To provide seamless computer assistance with improved immersion and a more natural surgical workflow, we propose an augmented-reality (AR) based navigation system for hip resurfacing. The operative femur is registered by processing depth information from the surgical site with a commercial depth camera. By coupling depth data with robotic assistance, obstacles that may obstruct the femur can be tracked and avoided automatically to reduce the chance of disruption to the surgical workflow. Using the registration result and the pre-operative plan, intra-operative surgical guidance is provided through a commercial AR headset so that the user can perform the operation without additional physical guides. To assess the accuracy of the navigation system, experiments of guide hole drilling were performed on femur phantoms. The position and orientation of the drilled holes were compared with the pre-operative plan, and the mean errors were found to be approximately 2 mm and 2°, results which are in line with commercial computer assisted orthopedic systems today.",He Liu; Edouard Auvinet; Joshua Giles; Ferdinando Rodriguez Y Baena,Annals of biomedical engineering,2018,Journal Article,eng,retrieved,UNCERTAIN_REQUIRES_SCREENING,TITLE_ABSTRACT_REVIEW_REQUIRED,,,,,,,,
6989,TA-28,29793498,10.1186/s12938-018-0500-x,Augmented reality-based electrode guidance system for reliable electroencephalography.,"In longitudinal electroencephalography (EEG) studies, repeatable electrode positioning is essential for reliable EEG assessment. Conventional methods use anatomical landmarks as fiducial locations for the electrode placement. Since the landmarks are manually identified, the EEG assessment is inevitably unreliable because of individual variations among the subjects and the examiners. To overcome this unreliability, an augmented reality (AR) visualization-based electrode guidance system was proposed. The proposed electrode guidance system is based on AR visualization to replace the manual electrode positioning. After scanning and registration of the facial surface of a subject by an RGB-D camera, the AR of the initial electrode positions as reference positions is overlapped with the current electrode positions in real time. Thus, it can guide the position of the subsequently placed electrodes with high repeatability. The experimental results with the phantom show that the repeatability of the electrode positioning was improved compared to that of the conventional 10-20 positioning system. The proposed AR guidance system improves the electrode positioning performance with a cost-effective system, which uses only RGB-D camera. This system can be used as an alternative to the international 10-20 system.",Chanho Song; Sangseo Jeon; Seongpung Lee; Ho-Gun Ha; Jonghyun Kim; Jaesung Hong,Biomedical engineering online,2018,Journal Article,eng,retrieved,UNCERTAIN_REQUIRES_SCREENING,TITLE_ABSTRACT_REVIEW_REQUIRED,,,,,,,,
6990,TA-28,29791343,10.1364/AO.57.003720,Research on a surface-relief optical waveguide augmented reality display device.,"Recently, an optical waveguide display device that has light weight, high transparency, and full color has become more and more popular in the wearable augmented reality display application. But existing waveguide display devices are less than satisfactory because of cost, safety, and mass production. Therefore, a type of surface-relief optical waveguide display device is proposed in this paper. First, the geometrical relationship of a waveguide display device structure is confirmed according to the design method of the optical waveguide display device. Then, the influence of the waveguide structure for the image quality is analyzed, and the rationality of the surface-relief waveguide scheme is verified by simulation. Finally, the prototype of the surface-relief optical waveguide display device with polycarbonate materials, field of view of 38°, thickness of 4.5 mm, and transmittance of about 80% is fabricated and demonstrated.",Wenjun Zhang; Zhifeng Wang; Jian Xu,Applied optics,2018,Journal Article,eng,retrieved,UNCERTAIN_REQUIRES_SCREENING,TITLE_ABSTRACT_REVIEW_REQUIRED,,,,,,,,
6991,TA-28,29788686,10.5999/aps.2017.01375,Augmented reality and dynamic infrared thermography for perforator mapping in the anterolateral thigh.,"Dynamic infrared thermography (DIRT) has been used for the preoperative mapping of cutaneous perforators. This technique has shown a positive correlation with intraoperative findings. Our aim was to evaluate the accuracy of perforator mapping with DIRT and augmented reality using a portable projector. For this purpose, three volunteers had both of their anterolateral thighs assessed for the presence and location of cutaneous perforators using DIRT. The obtained image of these ""hotspots"" was projected back onto the thigh and the presence of Doppler signals within a 10-cm diameter from the midpoint between the lateral patella and the anterior superior iliac spine was assessed using a handheld Doppler device. Hotspots were identified in all six anterolateral thighs and were successfully projected onto the skin. The median number of perforators identified within the area of interest was 5 (range, 3-8) and the median time needed to identify them was 3.5 minutes (range, 3.3-4.0 minutes). Every hotspot was correlated to a Doppler sound signal. In conclusion, augmented reality can be a reliable method for transferring the location of perforators identified by DIRT onto the thigh, facilitating its assessment and yielding a reliable map of potential perforators for flap raising.",Ignacio Javier Cifuentes; Bruno Leonardo Dagnino; María Carolina Salisbury; María Eliana Perez; Claudia Ortega; Daniela Maldonado,Archives of plastic surgery,2018,Journal Article,eng,retrieved,UNCERTAIN_REQUIRES_SCREENING,TITLE_ABSTRACT_REVIEW_REQUIRED,,,,,,,,
6992,TA-28,29785294,10.21037/jtd.2018.01.32,Development of a precision multimodal surgical navigation system for lung robotic segmentectomy.,"Minimally invasive sublobar anatomical resection is becoming more and more popular to manage early lung lesions. Robotic-assisted thoracic surgery (RATS) is unique in comparison with other minimally invasive techniques. Indeed, RATS is able to better integrate multiple streams of information including advanced imaging techniques, in an immersive experience at the level of the robotic console. Our aim was to describe three-dimensional (3D) imaging throughout the surgical procedure from preoperative planning to intraoperative assistance and complementary investigations such as radial endobronchial ultrasound (R-EBUS) and virtual bronchoscopy for pleural dye marking. All cases were operated using the DaVinci SystemTM. Modelisation was provided by Visible Patient™ (Strasbourg, France). Image integration in the operative field was achieved using the Tile Pro multi display input of the DaVinci console. Our experience was based on 114 robotic segmentectomies performed between January 2012 and October 2017. The clinical value of 3D imaging integration was evaluated in 2014 in a pilot study. Progressively, we have reached the conclusion that the use of such an anatomic model improves the safety and reliability of procedures. The multimodal system including 3D imaging has been used in more than 40 patients so far and demonstrated a perfect operative anatomic accuracy. Currently, we are developing an original virtual reality experience by exploring 3D imaging models at the robotic console level. The act of operating is being transformed and the surgeon now oversees a complex system that improves decision making.",Jean Marc Baste; Valentin Soldea; Samy Lachkar; Philippe Rinieri; Mathieu Sarsam; Benjamin Bottet; Christophe Peillon,Journal of thoracic disease,2018,Journal Article,eng,retrieved,UNCERTAIN_REQUIRES_SCREENING,TITLE_ABSTRACT_REVIEW_REQUIRED,,,,,,,,
6993,TA-28,29785148,10.2147/AMEP.S160704,"The use of augmented reality glasses in central line simulation: ""see one, simulate many, do one competently, and teach everyone"".","The aim of this study was to investigate the feasibility of using augmented reality (AR) glasses in central line simulation by novice operators and compare its efficacy to standard central line simulation/teaching. This was a prospective randomized controlled study enrolling 32 novice operators. Subjects were randomized on a 1:1 basis to either simulation using the augmented virtual reality glasses or simulation using conventional instruction. The study was conducted in tertiary-care urban teaching hospital. A total of 32 adult novice central line operators with no visual or auditory impairments were enrolled. Medical doctors, respiratory therapists, and sleep technicians were recruited from the medical field. The mean time for AR placement in the AR group was 71±43 s, and the time to internal jugular (IJ) cannulation was 316±112 s. There was no significant difference in median (minimum, maximum) time (seconds) to IJ cannulation for those who were in the AR group and those who were not (339 [130, 550] vs 287 [35, 475], p=0.09), respectively. There was also no significant difference between the two groups in median total procedure time (524 [329, 792] vs 469 [198, 781], p=0.29), respectively. There was a significant difference in the adherence level between the two groups favoring the AR group (p=0.003). AR simulation of central venous catheters in manikins is feasible and efficacious in novice operators as an educational tool. Future studies are recommended in this area as it is a promising area of medical education.",Cynthia Y Huang; Jonathan B Thomas; Abdullah Alismail; Avi Cohen; Waleed Almutairi; Noha S Daher; Michael H Terry; Laren D Tan,Advances in medical education and practice,2018,Journal Article,eng,retrieved,UNCERTAIN_REQUIRES_SCREENING,TITLE_ABSTRACT_REVIEW_REQUIRED,,,,,,,,
6994,TA-28,29767295,10.1007/s00221-018-5286-3,Violation of expectations about movement and goal achievement leads to Sense of Agency reduction.,"The control of one's own movements and of their impact on the external world generates a feeling of control referred to as Sense of Agency (SoA). SoA is experienced when actions match predictions and is reduced by unpredicted events. The present study investigated the contribution of monitoring two fundamental components of action-movement execution and goal achievement-that have been most often explored separately in previous research. We have devised a new paradigm in which participants performed goal-directed actions while viewing an avatar's hand in a mixed-reality scenario. The hand performed either the same action or a different one, simultaneously or after various delays. Movement of the virtual finger and goal attainment were manipulated, so that they could match or conflict with the participants' expectations. We collected judgments of correspondence (an explicit index of SoA that overcomes the tendency to over-attribute actions to oneself) by asking participants if the observed action was synchronous or not with their action. In keeping with previous studies, we found that monitoring both movement execution and goal attainment is relevant for SoA. Moreover, we expanded previous findings by showing that movement information may be a more constant source of SoA modulation than goal information. Indeed, an incongruent movement impaired SoA irrespective of delay duration, while a missed goal did so only when delays were short. Our novel paradigm allowed us to simultaneously manipulate multiple action features, a characteristic that makes it suitable for investigating the contribution of different sub-components of action in modulating SoA in healthy and clinical populations.",Riccardo Villa; Emmanuele Tidoni; Giuseppina Porciello; Salvatore Maria Aglioti,Experimental brain research,2018,Journal Article,eng,retrieved,UNCERTAIN_REQUIRES_SCREENING,TITLE_ABSTRACT_REVIEW_REQUIRED,,,,,,,,
6995,TA-28,29765445,10.5114/aoms.2016.58690,Augmented reality in neurosurgery.,"Neurosurgery is a medical specialty that relies heavily on imaging. The use of computed tomography and magnetic resonance images during preoperative planning and intraoperative surgical navigation is vital to the success of the surgery and positive patient outcome. Augmented reality application in neurosurgery has the potential to revolutionize and change the way neurosurgeons plan and perform surgical procedures in the future. Augmented reality technology is currently commercially available for neurosurgery for simulation and training. However, the use of augmented reality in the clinical setting is still in its infancy. Researchers are now testing augmented reality system prototypes to determine and address the barriers and limitations of the technology before it can be widely accepted and used in the clinical setting.",Raniel Tagaytayan; Arpad Kelemen; Cecilia Sik-Lanyi,Archives of medical science : AMS,2018,Journal Article,eng,retrieved,UNCERTAIN_REQUIRES_SCREENING,TITLE_ABSTRACT_REVIEW_REQUIRED,,,,,,,,
6996,TA-28,29754119,10.22365/jpsych.2018.291.42,A pilot study and brief overview of rehabilitation via virtual environment in patients suffering from dementia.,"Dementia is one of the increasing problems of modern societies. The immediate cure is not a possible solution, at least at the moment, but science has found a number of new ways to retard and under specific conditions to halt its development. A potential, and constantly evolving scientific field is the use of Computerized Cognitive Rehabilitation (CCR) and Virtual Environments (Vr.E). According to the existing literature, subjecting patients to various neuro-rehabilitative conditions within 3D virtual environments, allows them to obtain significant therapeutic benefits in which both transferability and durations over time are observed, in relation to the training period of the intervention. In the present study we examine whether ""Serious Games (SGs)"" - (learning and rehabilitating games in virtual and augmented reality) - have utilitarian value in the field of cognitive neurorehabilitation, concerned with demented population. For research purposes, we have conducted a number of case studies, based on 10 elderly patients, suffering from moderate or mild severity impairment of higher cortical functions, attributed to various types of dementias (Vascular, Alzheimer's disease, DLB dementia and mixed dementia). Each participant underwent rehabilitative intervention through our SG for a total of 10 hours within 4-5 weeks period. At the end of the cognitive rehabilitation program, patients' performance was assessed based in standard neuropsychological tests (measuring: working memory, memory retention, attention, problem solving, rigid thinking and executive function) and the results were compared with measurements taken before, during, and at the end of the intervention. Our experimental hypothesis states that there will be a significant difference between the results of cognitive performance of the patients between the pre- and post- rehabilitative period, consequential of the Interactive Computer-based Training (ICT). In conclusion, a review and brief analysis of the relevant literature was carried out in order to investigate the specification of potentially beneficial variables and to appreciate as much as possible the multifactorial causes related to this particular rehabilitation method of the corresponding suffering population. The ultimate purpose of our research is the design and creation of a prospective interactive cognitive rehabilitation training SG, able to combine both the neuro-rehabilitative character of the controlled virtual environment, as well as the potential realism that is also attributed to it (factual validity under high experimental realism). The results showed a relative improvement in the total of the cognitive variables under consideration after the completion of the neuro-rehabilitative program, while a parallel review of the literature on the subject revealed methodological considerations similar to those of the present study.",Th Fasilis; P Patrikelis; A Siatouni; A Alexoudi; A Veretzioti; L Zachou; S-St Gatzonis,Psychiatrike = Psychiatriki,2018,Journal Article,eng,retrieved,UNCERTAIN_REQUIRES_SCREENING,TITLE_ABSTRACT_REVIEW_REQUIRED,,,,,,,,
6997,TA-28,29749069,10.1002/rcs.1921,Novel navigation system by augmented reality technology using a tablet PC for hepatobiliary and pancreatic surgery.,"We previously developed an image-guided navigation system (IG-NS) using augmented reality technology for hepatobiliary and pancreatic (HBP) surgery. This system superimposed a 3D model onto a stereoscope-captured surgical field (i.e., the scope method). Unfortunately, this method requires an expensive stereoscope, surgeons have to shift their eyesight away from the surgical field, and the method has poor controllability. Therefore, an IG-NS using a tablet PC (i.e., the tablet method) was developed. The aim of the current study is to evaluate the efficiency of this novel method. We studied 9 patients, for whom a 3D model was created from computed tomography images. After registration was performed, the 3D model was superimposed onto the surgical field, which was captured by the tablet PC's camera. The IG-NS could be applied with very little time lag. The visibility and controllability of the tablet method were superior to those of the scope method. It was especially useful in surgery for multiple metastatic liver carcinoma due to easy localization of the position of the carcinomas and vessels. We successfully developed the tablet method and tested it in a clinical setting. This system may contribute to surgical efficacy and improve the educational effects.",Jungo Yasuda; Tomoyoshi Okamoto; Shinji Onda; Yasuro Futagawa; Katsuhiko Yanaga; Naoki Suzuki; Asaki Hattori,The international journal of medical robotics + computer assisted surgery : MRCAS,2018,Journal Article,eng,retrieved,UNCERTAIN_REQUIRES_SCREENING,TITLE_ABSTRACT_REVIEW_REQUIRED,,,,,,,,
6998,TA-28,29747235,10.1111/ases.12492,Pure laparoscopic hepatectomy with augmented reality-assisted indocyanine green fluorescence versus open hepatectomy for hepatocellular carcinoma with liver cirrhosis: A propensity analysis at a single center.,"Laparoscopic hepatectomy is considered an acceptable treatment of choice in selected patients with primary hepatocellular carcinoma (HCC). Whether indocyanine green (ICG) immunofluorescence, a new technology, may improve surgery outcomes has yet to be tested. The aim of the present study was to investigate and compare the effect of ICG fluorescence imaging on the outcomes of pure laparoscopic hepatectomy and open hepatectomy for primary HCC with background cirrhosis. From January 2015 to June 2016, 20 patients with HCC and liver cirrhosis underwent laparoscopic hepatectomy with ICG immunofluorescence. The outcomes of pure laparoscopic hepatectomy with ICG immunofluorescence were compared with those of open hepatectomy. To avoid selection bias, patients were propensity score matched in a ratio of 1 : 6, with 20 patients in the laparoscopic group and 120 in the open group. The laparoscopic group had 20 patients, and the open group had 120 patients. The laparoscopic group had less blood loss (125 vs 450 mL, P < 0.001), a shorter operation time (200 vs 250 min, P = 0.003), and a shorter hospital stay (5 vs 6 days, P < 0.001). The complication rate was 0% in the laparoscopic group compared to 15.0% in the open group (P = 0.135). All patients in the laparoscopic group had negative margin involvement. Four patients (3.3%) in the open resection group had positive margin involvement. Two patients in the ICG immunofluorescence group had additional lesions identified and resected during operation. Pure laparoscopic hepatectomy with ICG immunofluorescence for primary HCC can be carried out safely with favorable short-term outcomes even in cirrhotic patients. Better identification of the bile duct structure and better assessment of the tumor resection margin and perfusion are advantages of this new technique.",Tan To Cheung; Ka Wing Ma; Wong Hoi She; Wing Chiu Dai; Simon Hing Yin Tsang; Albert Chi Yan Chan; Kenneth Siu Ho Chok; Chung Mau Lo,Asian journal of endoscopic surgery,2018,Comparative Study; Journal Article,eng,retrieved,UNCERTAIN_REQUIRES_SCREENING,TITLE_ABSTRACT_REVIEW_REQUIRED,,,,,,,,
6999,TA-28,29745131,10.1117/1.JBO.23.5.056003,Navigating surgical fluorescence cameras using near-infrared optical tracking.,"Fluorescence guidance facilitates real-time intraoperative visualization of the tissue of interest. However, due to attenuation, the application of fluorescence guidance is restricted to superficial lesions. To overcome this shortcoming, we have previously applied three-dimensional surgical navigation to position the fluorescence camera in reach of the superficial fluorescent signal. Unfortunately, in open surgery, the near-infrared (NIR) optical tracking system (OTS) used for navigation also induced an interference during NIR fluorescence imaging. In an attempt to support future implementation of navigated fluorescence cameras, different aspects of this interference were characterized and solutions were sought after. Two commercial fluorescence cameras for open surgery were studied in (surgical) phantom and human tissue setups using two different NIR OTSs and one OTS simulating light-emitting diode setup. Following the outcome of these measurements, OTS settings were optimized. Measurements indicated the OTS interference was caused by: (1) spectral overlap between the OTS light and camera, (2) OTS light intensity, (3) OTS duty cycle, (4) OTS frequency, (5) fluorescence camera frequency, and (6) fluorescence camera sensitivity. By optimizing points 2 to 4, navigation of fluorescence cameras during open surgery could be facilitated. Optimization of the OTS and camera compatibility can be used to support navigated fluorescence guidance concepts.",Matthias van Oosterom; David den Houting; Cornelis van de Velde; Fijs van Leeuwen,Journal of biomedical optics,2018,"Journal Article; Research Support, Non-U.S. Gov't",eng,retrieved,UNCERTAIN_REQUIRES_SCREENING,TITLE_ABSTRACT_REVIEW_REQUIRED,,,,,,,,
7000,TA-28,29742535,10.1097/RLI.0000000000000478,Augmented Reality-Guided Lumbar Facet Joint Injections.,"The aim of this study was to assess feasibility and accuracy of augmented reality-guided lumbar facet joint injections. A spine phantom completely embedded in hardened opaque agar with 3 ring markers was built. A 3-dimensional model of the phantom was uploaded to an augmented reality headset (Microsoft HoloLens). Two radiologists independently performed 20 augmented reality-guided and 20 computed tomography (CT)-guided facet joint injections each: for each augmented reality-guided injection, the hologram was manually aligned with the phantom container using the ring markers. The radiologists targeted the virtual facet joint and tried to place the needle tip in the holographic joint space. Computed tomography was performed after each needle placement to document final needle tip position. Time needed from grabbing the needle to final needle placement was measured for each simulated injection. An independent radiologist rated images of all needle placements in a randomized order blinded to modality (augmented reality vs CT) and performer as perfect, acceptable, incorrect, or unsafe. Accuracy and time to place needles were compared between augmented reality-guided and CT-guided facet joint injections. In total, 39/40 (97.5%) of augmented reality-guided needle placements were either perfect or acceptable compared with 40/40 (100%) CT-guided needle placements (P = 0.5). One augmented reality-guided injection missed the facet joint space by 2 mm. No unsafe needle placements occurred. Time to final needle placement was substantially faster with augmented reality guidance (mean 14 ± 6 seconds vs 39 ± 15 seconds, P < 0.001 for both readers). Augmented reality-guided facet joint injections are feasible and accurate without potentially harmful needle placement in an experimental setting.",Christoph A Agten; Cyrill Dennler; Andrea B Rosskopf; Laurenz Jaberg; Christian W A Pfirrmann; Mazda Farshad,Investigative radiology,2018,Journal Article,eng,retrieved,UNCERTAIN_REQUIRES_SCREENING,TITLE_ABSTRACT_REVIEW_REQUIRED,,,,,,,,
