screening_ordinal,batch_id,pmid,doi,title,abstract,year,journal,risk_flags,reviewer_prompt,suggested_reason_code,primary_decision,primary_reason_code,primary_screener,decision_timestamp,evidence_note,decision_version,second_verification_state,adjudication_state
2001,TA-09,40775988,10.3233/SHTI250970,"B-onic Suite: An Integrated Platform for Personalized Medical Devices, Real-Time Surgical Planning, and Enhanced Intraoperative Navigation.","B-onic Suite is an integrated platform that combines surgical planning, personalized medical device development, and intraoperative navigation within a regulatory-compliant workflow. Leveraging patient-specific imaging, the system enables the creation of customized anatomical models, surgical guides, and implants through ISO 13485-certified 3D printing processes. Unlike existing commercial solutions, B-onic Suite ensures end-to-end traceability and compliance with MDR and FDA regulations, bridging engineering precision with clinical safety. Its NavigatorPro XR module offers immersive, extended reality environments for surgical planning and real-time collaboration, facilitating multidisciplinary decision-making and remote expert support. Deployed in routine clinical workflows at La Paz University Hospital, the platform has demonstrated reduced preoperative planning times and improved surgical accuracy. By integrating extended reality into both planning and execution phases, B-onic Suite enhances spatial understanding, reduces intraoperative error rates, and supports surgical training. This unified ecosystem addresses critical limitations of current siloed systems, offering a scalable model for precision medicine. Future developments will incorporate AI-driven planning optimization and adaptive device customization to further increase clinical efficiency and automation.",2025,Studies in health technology and informatics,,LIKELY_ADVANCE_CONFIRM,,,,,,,,,
2002,TA-09,40775508,10.1038/s41598-025-14555-2,Neuronavigation accuracy of the VOSTARS wearable AR platform vs traditional infrared navigation in a comparative study.,"Neuronavigation is integral to modern neurosurgery. Clinical studies demonstrate its effectiveness. The primary tracking modalities in neurosurgical navigation are optical tracking systems (OTS) and electromagnetic tracking systems (EMTS). OTS remains the gold standard due to its accuracy and reliability. However, inherent inaccuracies due to brain deformation, image resolution, tool calibration, and registration errors can impact overall accuracy significantly, which differs from the system-declared accuracy. Augmented reality (AR) technologies solve traditional navigation challenges by integrating virtual information with the patient's anatomy, enhancing the surgeon's focus and cognitive load management. Head-mounted displays (HMDs) offer ergonomic benefits, although most AR-based neuronavigation studies have been limited to proof-of-concept trials. This study aims to evaluate VOSTARS, a novel hybrid video and optical see-through HMD designed for precision surgery, specifically in neurosurgical oncology for targeting supratentorial tumors. Previous in-vitro studies using patient-specific phantoms have shown promising results, with high accuracy in real-to-virtual target visualization and craniotomy trajectory tracing. With this work, we further assessed VOSTARS' targeting accuracy within a realistic neurosurgery clinical workflow and compared its performance to the commercial StealthStation system on a patient-specific phantom. Our results demonstrate that users achieved the same median accuracy, 2 mm (IQR: 1 mm), over 60 measurements with both VOSTARS and the StealthStation with no statistically significant difference between the systems, confirming the non-inferiority of the VOSTARS platform compared to a commercial optical tracking-based surgical navigator.",2025,Scientific reports,,LIKELY_ADVANCE_CONFIRM,,,,,,,,,
2003,TA-09,40774963,10.1038/s41467-025-62577-1,Compact eye camera with two-third wavelength phase-delay metalens.,"The essential role of mobile devices in modern life has driven increasing demand for compact, lightweight, and high-performance imaging systems. Recently, metalenses, which manipulate electromagnetic waves through sub-wavelength nanostructures on flat surfaces, have emerged as promising alternatives to traditional refractive lenses. However, their commercial adoption remains limited due to manufacturing challenges in defining high-aspect-ratio nanostructures, which drive up costs and reduce production yields. To address these issues, we propose an infrared metalens with a wide field of view, designed to reduce the aspect ratio of the nanostructures. Even with a limited phase modulation depth of 4π/3 which is two-thirds that of the conventional designs, we demonstrate that the height of the structures can be reduced without compromising performance. As proof of concept, we present a prototype of a compact eye imaging system based on this design method. The resulting metalens system achieves a 120-degree field of view and features an ultracompact form factor with a total track length of 1.758 mm. Such an imaging system, functioning as a compact eye camera module, enables precise extraction of eye features for gaze tracking and iris authentication, highlighting its potential for commercialization in extended reality devices.",2025,Nature communications,,LIKELY_ADVANCE_CONFIRM,,,,,,,,,
2004,TA-09,40773996,10.1016/j.compbiomed.2025.110877,Artificial intelligence for precision viral surveillance of emerging infectious disease (EID): Data-driven digital twin metaverse-envisioned study.,"Precision containment strategies incorporating artificial intelligence (AI)-driven dynamic viral shedding models are pivotal for the effective control of emerging infectious diseases (EIDs). Among the foundational applications within the Metaverse, digital twins-which integrate physical and virtual environments via augmented reality (AR) and mixed reality (MR)-offer a promising solution. Leveraging IoT-like laboratory-based viral shedding data together with demographic and clinical features, this study aims to develop a data-driven digital twin model for precision viral surveillance to monitor EIDs and to provide an immersive framework for evaluating the effectiveness of contact tracing, isolation, and quarantine protocols within the Metaverse. We proposed a digital twin thread architecture, comprising a temporal data pipeline designed to support multiple twin functionalities. The process began with the development of the physical twin, which incorporated dynamic cycle threshold (Ct) data from serial RT-PCR tests-serving as IoT-like laboratory inputs along with the associated demographic and clinical data. The underlying parameters of infectious disease dynamics were learned through Markov-based statistical machine learning, applied to these time-series data. A virtual avatar representing these digital threads-a virtual thread cohort-was rendered in virtual reality (VR). Analytic twins, enhanced via AR, overlaid virtual data onto the physical twin to bridge observed and inferred states. Subsequently, decision twins, implemented through MR, were utilized to assess the effectiveness of immersive, precision-guided interventions such as contact tracing, isolation, and quarantine. This framework was applied to COVID-19 outbreaks caused by the Alpha and Omicron variants of concern (VOCs) in Changhua, Taiwan, using viral shedding data. A showcase case study on precision contact tracing during the Alpha VOC outbreak was presented. A noise-driven privacy protection method was implemented for addressing the concern of patient confidentiality. From the physical twin data of 269 confirmed Alpha VOC cases, a virtual thread cohort of 1,000,000 simulated cases was generated. Analytic twins, enabled by AR, synthesized data from both physical observations and virtual predictions, capturing real-time dynamics that were otherwise unobservable. Using this framework, the initial Alpha VOC cluster was analyzed to derive key transmission indicators. Decision twins identified optimal Ct-guided contact tracing windows: for individuals with Ct values between 18 and 25, retrospective tracing for 7 days achieved 30 % effectiveness, 13 days yielded 60 %, and 24 days reached 90 %. For Omicron VOC, the effectiveness of quarantine among vaccinated individuals (with booster) reached 77 % after 3 days and 94 % after 7 days, compared to 39 % and 76 % in unboosted individuals, respectively. The utility of precision contact tracing within the Metaverse was validated by the Alpha VOC outbreak showcase study along with the presentation of a noise-driven approach for data privacy protection and data security. This Ct-guided, data-driven digital twin model demonstrates a novel approach to EID containment, highlighting the potential of the Metaverse as a convergence of physical and cyber domains. Our findings illustrate the applicability and scalability of digital twin frameworks in precision public health and underscore their broader implications for future healthcare innovations taking data security and privacy protection into account.",2025,Computers in biology and medicine,,LIKELY_ADVANCE_CONFIRM,,,,,,,,,
2005,TA-09,40773797,10.1016/j.nedt.2025.106838,"Multidimensional pedagogical framework for interprofessional education: Blending classroom, high fidelity and extended reality simulation.","The growing complexity of healthcare systems and the imperative for collaborative practice underscore the pressing need to innovate interprofessional education. This paper presents a multidimensional pedagogical framework that integrates blended classroom-based learning, high-fidelity simulation (HFS), and AI-enhanced extended reality (XR) technologies to develop interprofessional competences and improve preparedness for emergency care. Grounded in socio-constructivist and student-centred educational theories, the approach combines theoretical knowledge acquisition with immersive and experiential learning environments that reflect the realities of clinical practice. HFS provides a controlled setting to cultivate critical thinking, decision-making, and collaborative skills. In parallel, AI-enhanced XR introduces adaptive, gamified scenarios that foster digital competence, emotional resilience, and situated cognition. Together, these elements form a cohesive educational strategy that prepares nursing, midwifery, and medical students for high-stakes clinical situations such as anaphylaxis and trauma care. The framework contributes to enhanced patient safety, learner engagement, and the cultivation of future-ready professionals. It also responds to international calls for digital transformation and innovation in healthcare education. By harmonising traditional teaching methods with emerging technologies, this framework offers a globally relevant, scalable solution for advancing interprofessional learning across diverse healthcare contexts.",2025,Nurse education today,,LIKELY_ADVANCE_CONFIRM,,,,,,,,,
2006,TA-09,40771379,10.21037/gs-2025-95,The application of augmented reality technology in endoscopic pituitary adenoma surgery via nasal approach.,"In recent years, neuroendoscopy has mostly replaced the microscope for transnasal pituitary adenoma (PA) surgery, where identifying cranial base anatomical landmarks is crucial. Although neuronavigation systems are commonly used in endoscopic procedures to offer locational data, traditional ones are costly, complex to operate, and need surgical pauses for two-dimensional (2D) imaging to verify positions. This makes them hard for resource-limited primary hospitals to use. Augmented reality (AR) technology, integrating three-dimensional (3D) imaging with the intraoperative endoscopic view, overcomes these drawbacks and could be a key advance in next-generation surgical navigation. This study aimed to develop and evaluate an endoscopy-AR system for localizing PAs and adjacent critical structures, assessing its practicality and accuracy in anatomical models and clinical cases to determine its efficacy in transnasal neuroendoscopic PA surgery. Using 3D-Slicer software, we performed 3D reconstructions of key anatomical structures, including the sphenoid sinus, PA, internal carotid arteries, and optic nerves. The 3D models were integrated into the endoscopic view via a custom-developed personal computer (PC) software module, ""Vrendo"". After verifying registration accuracy using five 3D-printed skull models, the technology was applied in seven clinical surgeries for transnasal PA removal, with postoperative complications and outcomes recorded. The AR system provided precise localization of the optic nerves, bilateral internal carotid arteries, and tumor before opening the sellar floor, significantly improving intraoperative orientation. The average target registration error (TRE) was 2.23±0.57 mm in the 3D-printed models. The integration of AR-based 3D imaging with the endoscopic perspective allows for precise localization of deep-seated anatomical structures. This novel approach to intraoperative navigation reduces the need for visual and cognitive transitions between the navigation and endoscope monitors, potentially enhancing surgical safety and efficiency while improving surgeon comfort.",2025,Gland surgery,,LIKELY_ADVANCE_CONFIRM,,,,,,,,,
2007,TA-09,40766252,10.21203/rs.3.rs-7180156/v1,Mixed Reality (MR) Based Slit Lamp: The First Step Toward XR-Ophthalmology.,"This study demonstrates the concept of Mixed Reality (MR) based slit lamp (MR-SLP), which can display real-time stereoscopic diagnostic images of the eye both locally and remotely, making it suitable for stereoscopic tele-ophthalmology applications. In MR-SLP, two high-resolution video cameras were mounted on the left and right viewing channels of a conventional slit lamp to capture corresponding diagnostic images in real time, which were then transmitted to multiple MR headsets via a broadcast network. The operator wears the MR headset to see the stereoscopic diagnostic images and operates the slit lamp using the MR's see-through function. The system's depth perception, a key feature inherited from the slit lamp, was quantitatively tested using a tube-threading task. The feasibility of tele-ophthalmology was evaluated across multiple sites with subjective feedback from participants. The results showed no observable differences in image quality or depth perception between local and remote sites, and ophthalmologists participated in this study reported a user experience with the MR-SLP that was comparable to a conventional slit lamp. Furthermore, the tube-threading test indicated that the time taken to complete the task was similar when using the MR-SLP compared to the direct view through the eyepieces. This study successfully demonstrates the feasibility of the MR-SLP for transmitting high-quality stereoscopic slit lamp images to multiple MR devices in real-time, without distance limitations, wherever an internet connection is available.",2025,Research square,,LIKELY_ADVANCE_CONFIRM,,,,,,,,,
2008,TA-09,40765863,10.4103/ams.ams_45_24,Augmented Reality in Temporomandibular Joint Arthrocentesis - An Evaluative Clinical Study.,"Augmented reality (AR) combines computer-generated images, audios and videos on a screen with real-life scenes. Arthrocentesis is the lavage of the temporomandibular joint (TMJ) using sterile needles and sterile irrigants which requires precise puncture by a needle to the upper joint compartment. The aim of the study was to develop an AR system to identify the puncture point for TMJ arthrocentesis with direct access to the upper compartment of the joint. Two cases diagnosed with chronic recurrent dislocation of TMJ were selected for the study. A three-dimensional virtual model was reconstructed from cone-beam computed tomography (CBCT) images of a patient. The AR visualisation was created by developing an Android app which superimposed the virtual model and the TMJ in real time. The skin puncture point was marked on the skin, and the needle was guided to the upper compartment of the joint using this superimposed view to perform TMJ arthrocentesis. Puncture with the AR method was successful in both the cases with direct access to the upper compartment of TMJ. Pain had reduced completely in both cases during 30- and 60-day follow-up periods; maximum mouth opening had reduced by an average of 4.33 mm after 60 days postoperatively, and clicking sound was completely absent after 14-day follow-up period. AR could potentially enhance the accuracy and effectiveness of TMJ arthrocentesis by providing precise needle guidance and reducing the need for multiple punctures. However, the limitations must be addressed as well.",2025,Annals of maxillofacial surgery,,LIKELY_ADVANCE_CONFIRM,,,,,,,,,
2009,TA-09,40765530,10.1097/CU9.0000000000000282,Patient consent in the modern era: Novel tools and practical considerations in urology.,"Informed consent is a cornerstone of ethically acceptable surgical interventions. Traditional methods primarily rely on verbal explanations by clinicians and, at times, the use of supplementary resources such as information leaflets. In the modern era, novel tools have emerged to facilitate and enhance the consent process. Examples include multimedia, 3D models, virtual and augmented reality, quick response codes, and artificial intelligence technologies such as large language models. This narrative review provides an overview of these aids, discussing their potential advantages and limitations. In addition, the influence of social media on the consent process is explored.",2025,Current urology,,LIKELY_ADVANCE_CONFIRM,,,,,,,,,
2010,TA-09,40764871,10.1007/s11548-025-03480-4,Towards a zero-shot low-latency navigation for open surgery augmented reality applications.,"Augmented reality (AR) enhances surgical navigation by superimposing visible anatomical structures with three-dimensional virtual models using head-mounted displays (HMDs). In particular, interventions such as open liver surgery can benefit from AR navigation, as it aids in identifying and distinguishing tumors and risk structures. However, there is a lack of automatic and markerless methods that are robust against real-world challenges, such as partial occlusion and organ motion. We introduce a novel multi-device approach for automatic live navigation in open liver surgery that enhances the visualization and interaction capabilities of a HoloLens 2 HMD through precise and reliable registration using an Intel RealSense RGB-D camera. The intraoperative RGB-D segmentation and the preoperative CT data are utilized to register a virtual liver model to the target anatomy. An AR-prompted Segment Anything Model (SAM) enables robust segmentation of the liver in situ without the need for additional training data. To mitigate algorithmic latency, Double Exponential Smoothing (DES) is applied to forecast registration results. We conducted a phantom study for open liver surgery, investigating various scenarios of liver motion, viewpoints, and occlusion. The mean registration errors (8.31 mm-18.78 mm TRE) are comparable to those reported in prior work, while our approach demonstrates high success rates even for high occlusion factors and strong motion. Using forecasting, we bypassed the algorithmic latency of 79.8 ms per frame, with median forecasting errors below 2 mms and 1.5 degrees between the quaternions. To our knowledge, this is the first work to approach markerless in situ visualization by combining a multi-device method with forecasting and a foundation model for segmentation and tracking. This enables a more reliable and precise AR registration of surgical targets with low latency. Our approach can be applied to other surgical applications and AR hardware with minimal effort.",2025,International journal of computer assisted radiology and surgery,,LIKELY_ADVANCE_CONFIRM,,,,,,,,,
2011,TA-09,40764785,10.1038/s41598-025-13027-x,Modulation of alpha and theta waves by social stimuli in virtual educational environments.,"The Covid-19 pandemic accelerated digital adoption in education, leading many schools to switch to online learning. This shift impacted student motivation due to limited training and social isolation. Virtual Reality (VR) helped enhance student engagement; nevertheless, its influence on Concrete Experience and Abstract Conceptualization is unclear and needs further study. Understanding the impact of in-person interactions on well-being is also essential, as regions such as the MPFC and VMPC play a key role in social cognition. EEG studies stress brain-to-brain synchrony for effective learning. Increasing research examines technologies like the metaverse, robotics, and augmented reality in educational contexts, using portable EEG devices to study neurocognitive variables. Our study collected EEG data from students observing a social stimulus in Face-to-Face, VR, and Online settings. Analysis of Alpha (8-12 Hz) and Theta (4-7 Hz) waves showed VR significantly influenced Alpha waves, suggesting social stimuli modulate Alpha activity in VR environments.",2025,Scientific reports,,LIKELY_ADVANCE_CONFIRM,,,,,,,,,
2012,TA-09,40764648,10.1038/s41598-025-14319-y,Exploring the role of mixed reality education in maternal self efficacy and satisfaction with breastfeeding.,"Breastfeeding is widely recognized as the optimal form of infant nutrition; however, exclusive breastfeeding (EBF) rates remain low worldwide. Psychological factors such as maternal self-efficacy and satisfaction play a key role in breastfeeding success. This randomized controlled trial evaluated whether a mixed-reality educational strategy could improve maternal self-efficacy and breastfeeding satisfaction. A total of 58 pregnant women in their third trimester were randomly assigned to receive either mixed reality plus traditional counseling or traditional counseling alone. Breastfeeding self-efficacy and satisfaction were measured one week postpartum using validated instruments. No statistically significant differences were found between the groups in self-efficacy (mean scores 63.3 vs. 63.1) or satisfaction (133.5 vs. 134.0). However, both groups demonstrated remarkably high rates of exclusive breastfeeding during the first week of life (93.1%), far exceeding the national and global average. Although the mixed-reality intervention did not yield superior outcomes within the short follow-up period, the findings highlight the potential benefits of structured prenatal education in enhancing breastfeeding practices. This low-cost immersive approach may be particularly relevant in middle- and low-income settings. Further research with a larger sample size and extended follow-up is required to assess the long-term impact and broader applicability of mixed reality in maternal health education.Clinical trial registration: https://ClinicalTrials.gov (NCT06800521; registered on 30/01/2025).",2025,Scientific reports,,LIKELY_ADVANCE_CONFIRM,,,,,,,,,
2013,TA-09,40764519,10.1038/s41598-025-08784-8,A decentralized privacy-preserving XR system for 3D medical data visualization using hybrid biometric cryptosystem.,"In the era of digital healthcare, accurate and secure 3D visualization of medical data is critical for collaborative surgical planning. Traditional centralized systems suffer from security vulnerabilities and lack of depth cues necessary for accurate visualization of complex anatomy. We present a decentralized Extended Reality (XR)-based framework integrating a Hybrid Biometric Cryptosystem (HBC), hierarchical redactable blockchain, and InterPlanetary File System (IPFS)-based storage to address these limitations. The HBC combines leveled Homomorphic Encryption (HE) and Fuzzy Vault (FV) schemes for privacy-preserving multimodal biometric authentication. A hierarchical blockchain ensures tamper-resistance, consensus-based redactions, and secure access control. Photorealistic, spatially registered 3D models of brain MRI data are rendered in Augmented Reality (AR) and Mixed Reality (MR), enabling intuitive surgical planning. Edge caching accelerates data retrieval, enabling real-time interaction. Real-world deployment on Android and HoloLens 2 platforms demonstrates the clinical utility and robustness of the proposed framework. Security analysis confirms resistance to security threats such as replay, spoofing, etc, and unauthorized redactions. We achieve Equal Error Rates (EER) of 0.53% in AR and 0.68% in MR environments, with average authentication latency under 530 ms. A structured user study involving 40 clinicians confirms the system's clinical utility, usability, and compliance with GDPR (General Data Protection Regulation) and HIPAA (Health Insurance Portability and Accountability Act) regulations. Therefore, the proposed framework offers a scalable, secure, and immersive platform for collaborative medical data visualization in digital healthcare.",2025,Scientific reports,,LIKELY_ADVANCE_CONFIRM,,,,,,,,,
2014,TA-09,40764508,10.1038/s41377-025-01955-2,Creating topological exceptional point by on-chip all-dielectric metasurface.,"Classified as a non-Hermitian system, topological metasurface is one of the ideal platforms for exploring a striking property, that is, the exceptional point (EP). Recently, creating and encircling EP in metasurfaces has triggered various progressive functionalities, including polarization control and optical holographic encoding. However, existing topological metasurfaces mostly rely on plasmonic materials, which introduce inevitable ohmic losses and limit their compatibility with mainstream all-dielectric meta-devices. Additionally, conventional free-space configurations also hinder the integration of multiple meta-devices in compact platforms. Here, an on-chip topological metasurface is experimentally demonstrated to create and engineer the topological phase encircling the EP in all-dielectric architecture. By massively screening the Si meta-atom geometry on the Si3N4 waveguide, a 2π-topological phase shift is obtained by encircling the EP. Through combining with the Pancharatnam-Berry (PB) phase, we decouple the orthogonal circular polarization channels and unfold the independent encoding freedom for different holographic generations. As a proof of concept, the proposed on-chip topological metasurface enables floating holographic visualizations in real-world scenarios, functioning as practical augmented reality (AR) functionalities. Such the all-dielectric on-chip scheme eliminates ohmic losses and enables compatible integration with other on-chip meta-devices, thus suggesting promising applications in next-generation AR devices, multiplexing information storage, and advanced optical displays.",2025,"Light, science & applications",,LIKELY_ADVANCE_CONFIRM,,,,,,,,,
2015,TA-09,40764450,10.1186/s41235-025-00650-5,Clutter costs in head-mounted displays: a study examining trade-offs between overlay and adjacent presentation of information.,"This work examines the influence of clutter when presenting information with a head-mounted display (HMD). We compare clutter costs when displays overlay a real-world scene to the costs of visual scanning required when displays are presented separately. Using an HMD in safety-critical environments reduces repetitive visual scanning and head movements that can become effortful with separate displays, such as a tablet. However, a trade-off occurs with overlay displays when low visibility information in the scene is needed or when perceiving text and symbols on the display requires high visual acuity. To examine this scan-clutter tradeoff, participants performed tasks requiring focused attention on either the scene or the display. The HMD either overlaid the critical aspects of the scene or was presented adjacent to the scene. The amount of clutter in both domains was quantified and manipulated. The HMD overlay and adjacent conditions showed similar performance for accuracy, but the overlay condition hindered tasks requiring focused attention on the scene. Perceiving clutter as perceptually closer was attributed to a biological tendency to prioritize information closer to the observer, which disproportionately harmed attention to scene information. Increasing clutter in both domains caused an increasing cost to both speed and accuracy. The results speak favorably to using an HMD, but signal the need to be cautious of the negative effects of clutter in either domain. These results highlight the importance of carefully designing HMDs to minimize clutter, especially when scene information is required.",2025,Cognitive research: principles and implications,,PRIORITY_VERIFY,,,,,,,,,
2016,TA-09,40763084,10.1213/ANE.0000000000007633,Augmented Reality in Airway Management: A Scoping Review.,"Augmented reality, which overlays virtual information onto the physical environment, is an emerging technology in health care with promising applications in education, diagnostics, and procedural support. Its use in airway management-an essential aspect of anesthesiology and critical care-remains underexplored. This scoping review evaluates the current literature on augmented reality in airway management, with the aim of identifying its benefits, limitations, and future potential. A systematic literature search was conducted using PubMed, Embase, and IEEE databases, after PRISMA-ScR guidelines. Studies were included if they focused on augmented reality-assisted airway training or procedures and excluded if they centered on virtual reality or lacked procedural relevance. Ten studies met inclusion criteria, including 8 observational studies and 2 randomized controlled trials. Most utilized head-mounted displays to support simulation-based training or procedural guidance across pediatric and adult populations. Outcomes assessed included objective measures-such as intubation success, timing, and procedural accuracy-and subjective metrics like user confidence, perceived usability, and educational value. Results varied across studies. Several reported enhanced anatomical visualization, improved procedural success, and increased realism in training. One randomized controlled trial demonstrated higher intubation success rates and reduced procedure times when augmented reality-assisted video laryngoscopy was compared to standard methods. Another randomized controlled trial using a head-mounted display to deliver a procedural checklist found greater checklist adherence but also longer intubation times. Subjective feedback from participants noted challenges including device complexity, learning curve, and equipment limitations. Despite these encouraging findings, the current evidence base is limited by small sample sizes, variability in study design, and a lack of standardized evaluation protocols. Importantly, no study directly assessed the safety profile of augmented reality in airway management or its impact on patient-centered outcomes. In conclusion, augmented reality has the potential to improve anatomical understanding, procedural accuracy, and educational engagement in airway management. However, its integration into clinical practice is still in early stages. More rigorous, large-scale clinical trials are needed to determine its efficacy, optimize usability, and clarify its role in enhancing patient safety and provider training in anesthesiology and critical care.",2025,Anesthesia and analgesia,SECONDARY_OR_COMMENTARY_TITLE,LIKELY_ADVANCE_CONFIRM,,,,,,,,,
2017,TA-09,40762560,10.1097/SIH.0000000000000874,"A Mixed Methods Pilot Study of Neonatal Resuscitation Team Training for Rural Providers Using HoloBaby, a Mixed Reality Prototype Simulator.","Newborns in rural hospitals face an increased risk of morbidity and mortality compared to those born in hospitals with a Neonatal Intensive Care Unit (NICU). Although causes are multifactorial, low delivery volume leads to infrequent neonatal resuscitation exposure. Simulation enables deliberate practice to maintain skills, but rural hospitals face barriers to accessing this training. The objectives of this study were to assess rural clinicians' ability to assess and recognize changes of state in a mixed reality (MR) simulator, HoloBaby, developed for neonatal resuscitation training, and to compare their experience to mannequin-based simulation, and their real neonatal resuscitation experience, using a mixed methods study design. Forty-five interprofessional clinicians from 3 rural hospitals participated in identical neonatal resuscitation simulations using first a programmable ""high-technology"" mannequin (HTM) and then HoloBaby. Surveys were conducted after each simulation experience and facilitated focus groups at the end of each study session to gauge clinicians' experience with the simulation technologies and their ability to effectively assess and recognize changes in patients. Logistic mixed effects regression models assessed the association between survey question components and training method. Thematic analysis was used to identify codes and themes from the focus group transcripts. Participants reported that they were better able to effectively recognize shock in HoloBaby over the HTM. No other significant differences were noted between the technologies. Thematic analysis identified 3 main themes: novelty of MR technology, advantages and disadvantages of HoloBaby compared to the HTM, and value of simulation training (regardless of technology). The MR simulator, HoloBaby, offers the experience of simulation-based team training and matches the HTM in user ability to assess and recognize all changes in state measured, and exceeding HTM in users' ability to recognize shock. In addition, MR could reduce financial and geographic barriers to accessing regular simulation training in rural settings.",2026,Simulation in healthcare : journal of the Society for Simulation in Healthcare,,LIKELY_ADVANCE_CONFIRM,,,,,,,,,
2018,TA-09,40761693,10.1016/j.artd.2025.101788,"Corrigendum to ""Evaluating the Impact of Mixed-Reality Technology on Operating Room Time in Total Hip Arthroplasty: A Comparative Study"" [Arthroplasty Today. Volume 33, June 2025, 101734].",[This corrects the article DOI: 10.1016/j.artd.2025.101734.].,2025,Arthroplasty today,,LIKELY_ADVANCE_CONFIRM,,,,,,,,,
2019,TA-09,40761586,10.2147/JMDH.S535090,Enhancing Emergency Medical Services with Smart Glasses Technology for Optimal Ambulance Positioning in Simulated Critical Patient Care Scenarios.,"To implement smart glasses with augmented reality distance measuring technologies in conventional self-assessment techniques, to improve ambulance location accuracy during simulated emergency scenarios. Eighty-two emergency medical services professionals participated in this simulation-based study at Srinagarind Hospital, Thailand. Participants positioned ambulances in simulated chemical, biological, radiological, nuclear, and explosives (CBRNE) and non-CBRNE scenarios using traditional self-assessment methods, followed by positioning using smart glasses technology after a 120-minute training session. Smart glasses equipped with a measurement-augmented reality application were utilized. Positioning accuracy was assessed. The participants had a median age of 36.1 years, with males comprising the majority (63.4%). Emergency nurse practitioners and students constituted the largest group (56.1%). Most participants (51.1%) reported over a decade of EMS experience. Smart glasses technology significantly improved positioning accuracy in both scenario types (p<0.001). In CBRNE scenarios, accuracy increased from 47.6% with self-assessment to 83.3% with smart glasses. In non-CBRNE scenarios, accuracy improved from 66.7% to 83.8%. Smart glasses technology with augmented reality distance measurement capabilities substantially enhances ambulance positioning accuracy, particularly in complex CBRNE scenarios. The technology's ability to standardize performance across emergency types, and potentially across responder experience levels, suggests significant value for improving emergency medical service delivery, patient care, and responder safety.",2025,Journal of multidisciplinary healthcare,,LIKELY_ADVANCE_CONFIRM,,,,,,,,,
2020,TA-09,40758486,10.1109/TVCG.2025.3590876,From Simple to Polychromatic: An Empirical Study on Optimal Color Schemes for Optical See-Through Head-Mounted Displays.,"Optical see-through head-mounted displays (OHMDs) blend digital content with the physical world, presenting unique color management challenges. Previous literature suggests using green as the main color, but this severely limits creative freedom. To address this, we conducted an empirical study with 30 participants, evaluating 216 colors under various OHMD usage conditions. Based on the results, we propose color guidelines indicating each hue's clear and comfortable saturation and brightness ranges, along with clarity and comfort scores across hues for different devices and lighting conditions. Our color guidelines expand the usable color palette, offering designers a wider range of color options. These guidelines were used and iteratively refined through feedback in a workshop with 12 designers, integrating them into practical design workflows. The resulting comprehensive color guide provides a valuable resource for OHMD interface designers, enhancing both the aesthetic possibilities and functional effectiveness of augmented reality experiences.",2025,IEEE transactions on visualization and computer graphics,,LIKELY_ADVANCE_CONFIRM,,,,,,,,,
2021,TA-09,40756466,10.1007/s12310-025-09771-0,Training and Professional Development to Inform Suicide Prevention During School Reintegration Following Psychiatric Hospitalization.,"There has been an increase in suicide-related thoughts and behaviors for school-aged children. This has translated into an increase in Emergency Department visits and hospitalizations due to mental health concerns. These trends have prompted school mental health professionals to seek more training to support these students as they return to school. As such, we piloted an online training that included asynchronous content-based modules and a live mixed-reality role-play experience. Participants (n=12) demonstrated an increase in knowledge and skills, as demonstrated by pre- and post- survey responses and observations of the mixed-reality experience. In addition, participants viewed the training as acceptable and feasible, noting the flexibility of the asynchronous modules and the opportunities for application of skills in a low-stakes environment during the mixed-reality simulation. Implications for school mental health professional training and suicide prevention are discussed.",2025,School mental health,,LIKELY_ADVANCE_CONFIRM,,,,,,,,,
2022,TA-09,40755649,10.7759/cureus.87274,Virtual Ultrasound-Guided Central Vascular Access Using Apple Vision Pro: An Evaluation and Proof of Concept.,"Central venous catheter (CVC) insertion is a frequently performed procedure that requires precise hand-eye coordination and image interpretation. Despite ultrasound guidance being the standard of care, some problems, especially in ergonomics, like misalignment between the ultrasound monitors and the puncture site, remain a challenge. This study aimed to assess the integration of real-time ultrasound imaging into the Apple Vision Pro (AVP) headset (Apple Inc., Cupertino, CA) for ultrasound-guided CVC cannulation in a simulated environment. Specifically, we aimed to (1) evaluate technical feasibility, (2) quantify usability using an adjusted system usability questionnaire, and (3) compare usability perceptions across different experience levels. In a prospective, observational pilot study, 42 intensivists performed CVC cannulation on a mannequin using a wireless ultrasound probe (GE Vscan Air™ CL, GE Healthcare, Chicago, IL) and AVP. Participants were grouped according to their experience and assessed through an evaluation that included a usability questionnaire, an observer checklist, and qualitative interviews. Usability, image quality, subjective satisfaction, and task performance were evaluated. Both junior and senior participants gave high ratings for the system's usability, image clarity, and educational potential, with no significant differences between groups. Notable strengths included intuitive handling, improved ergonomics, and precise image placement. The challenges identified were image resolution in the near field, as well as depth perception. Qualitative feedback supported the innovational character of the system and its potential sterile workflow. Integrating real-time ultrasound guidance into the AVP is feasible and highly rated by users with varying levels of experience. This concept promises to improve ergonomics, the CVC accuracy, and medical education. Further studies in clinical environments are needed to validate our findings and the impact on patient outcomes.",2025,Cureus,,PRIORITY_VERIFY,,,,,,,,,
2023,TA-09,40752054,10.1016/j.infbeh.2025.102119,Automated iPad-based gaze detection in the NIH Baby Toolbox® norming study.,"The NIH Baby Toolbox® (""Baby Toolbox"") is a comprehensive battery of assessments administered on an iPad and designed for children aged 1-42 months. It is also the first normed developmental assessment to include gaze paradigms, which are common in developmental research and provide a non-invasive technique for measuring attention and cognitive processes without requiring a coordinated motor or verbal response from the child. Baby Toolbox gaze paradigms collect real-time eye gaze data using augmented reality features native to the iPad. Here, we describe our approach to developing and validating this gaze technology for the Baby Toolbox norming study. In a sample of 1079 infants between 6 and 23 months, we found strong calibration success across ages, sex, race/ethnicity, parental education and eye-color although some group differences emerged for race/ethnicity and parental education. Reliability results against hand-coding demonstrated moderate to strong reliability, although results varied by individual. Overall, these results highlight the Baby Toolbox gaze technology as an exciting and novel approach to developmental assessment.",2025,Infant behavior & development,,LIKELY_ADVANCE_CONFIRM,,,,,,,,,
2024,TA-09,40751242,10.1186/s12893-025-03096-0,Translating high-precision mixed reality navigation from lab to operating room: design and clinical evaluation.,"To develop and evaluate a Mixed Reality Navigation (MRN) system for neurosurgical navigation, ensuring its feasibility for preoperative planning and real-time intraoperative guidance. The MRN system integrates a head-mounted display (HMD) with active infrared tracking and a stabilization approach. It was validated in a laboratory setting using simulation models and assessed in a prospective clinical study involving 46 patients with intracranial lesions. Multimodal imaging-based holograms were overlaid onto the patient's head for augmented visualization. Target localization accuracy was compared between MRN and Traditional Optical Navigation (TON) using Euclidean distance measurements. In laboratory evaluations, the MRN system demonstrated consistent and reliable performance. The fiducial registration error (FRE), which reflects the alignment accuracy between corresponding anatomical fiducial points on the physical and virtual models, ranged from 1.70 to 2.20 mm. While the target registration error (TRE)-reflecting the final localization accuracy-ranged from 1.30 to 1.70 mm. Clinical validation confirmed the system's efficiency, with comparable navigation durations between MRN (6.36 ± 1.27 min) and TON (6.23 ± 1.30 min, P = 0.41). The preoperative localization error was 2.14 ± 1.23 mm, which increased to 3.65 ± 1.49 mm under simulated intraoperative conditions (P < 0.05), highlighting the potential influence of intraoperative factors on accuracy. With its low hardware cost, MRN system demonstrates precision comparable to TON, while offering enhanced 3D visualization and multi-tool tracking capabilities. These features suggest that mixed reality technology provides a promising new direction for the development of next-generation neurosurgical navigation systems, as supported by both laboratory and clinical results.",2025,BMC surgery,,LIKELY_ADVANCE_CONFIRM,,,,,,,,,
2025,TA-09,40749218,10.2196/76357,Mixed Reality-Based Physical Therapy in Older Adults With Sarcopenia: Preliminary Randomized Controlled Trial.,"Sarcopenia in older adults is associated with reduced muscle mass and function, leading to frailty, increased fall risk, and decreased quality of life (QOL). Mixed reality (MR)-based interventions have emerged as promising tools to enhance physical therapy engagement and effectiveness through immersive, interactive environments. This study aimed to investigate the effects of a Mixed Reality-Based Physical Therapy (Mr.PT) platform on quadricep muscle thickness, balance confidence, activities of daily living, and QOL in older adults with sarcopenia. A preliminary randomized controlled trial was conducted involving 30 older women (mean age 75.3, SD 9.9 y) diagnosed with sarcopenia based on the Asian Working Group for Sarcopenia criteria. Participants were randomly assigned to either the Mr.PT group or a conventional physical activity (CPA) group. Both groups participated in 30-minute exercise sessions, 3 times per week, over 4 weeks. The Mr.PT program used head-mounted MR devices with gamified, interactive training, while the CPA group received standard therapist-led exercises using resistance bands. Outcome measures included ultrasound imaging of quadricep muscle thickness, the Korean version of the Activities of Daily Living scale (Katz Index of Independence in Activities of Daily Living), the Activities-Specific Balance Confidence (ABC) scale, and the 12-Item Short-Form Health Survey. Statistical analysis was performed using repeated-measures ANOVA and Tukey post hoc tests. The Mr.PT group showed significantly greater improvement in quadricep muscle thickness than the CPA group (P=.001). Within-group improvements in balance confidence (ABC scale) and daily functioning (Katz Index of Independence in Activities of Daily Living) were observed in both groups (P<.05), though between-group differences were not statistically significant. However, the Mr.PT group demonstrated significantly greater gains in QOL as measured by 12-Item Short-Form Health Survey (P=.02). All participants completed the intervention without dropouts or adverse events. MR-based exercise using the Mr.PT platform appears effective in increasing muscle mass and enhancing QOL among older adults with sarcopenia. Its interactive and adaptive features may improve engagement and motivation, suggesting potential advantages over traditional programs. Further research with larger cohorts and longer follow-up is recommended to confirm these preliminary findings and explore long-term outcomes.",2025,JMIR serious games,,LIKELY_ADVANCE_CONFIRM,,,,,,,,,
2026,TA-09,40745252,10.1038/s41597-025-05696-0,Dataset of binocularly coded steady-state visual evoked potentials recorded with an augmented reality headset.,"Steady-state visually evoked potential (SSVEP)-based brain-computer interfaces (BCIs) have shown significant promise for practical applications. The integration of SSVEP-BCIs with head-mounted augmented-reality (AR) displays is expected to foster wearable, portable systems; nevertheless, empirical resources for such configurations are scarce, especially for paradigms employing innovative stimulation paradigms. Here we present a curated SSVEP dataset recorded with a binocular AR headset that independently modulates the visual input to each eye and a lightweight electroencephalography recorder. Beyond the conventional binocular-congruent single-frequency stimulation adopted in AR-SSVEP studies, the dataset systematically explores binocular-incongruent dual-frequency encoding whereby the two lenses render flickers with distinct frequencies and/or phases. We report comparative analyses of SSVEP characteristics and BCI performance under congruent versus incongruent protocols, and delineate the influence of inter-ocular frequency and phase disparities. The results substantiate the feasibility of wearable AR-SSVEP-BCIs and highlight binocular-incongruent dual-frequency stimulation as a compelling strategy for improving target separability. The dataset should accelerate research on portable SSVEP-BCIs, novel encoding schemes, and the neural mechanisms of binocular vision.",2025,Scientific data,,LIKELY_ADVANCE_CONFIRM,,,,,,,,,
2027,TA-09,40742299,10.1080/10503307.2025.2534978,Attitudes towards virtual reality usage in exposure treatment: Data from German practitioners and how a demonstration changes them.,"Virtual reality exposure therapy (VRET) is well applicable within the framework of cognitive-behavioural anxiety treatment, yet its acceptance and implementation in psychotherapeutic practice remain unclear. This study assessed VRET-related attitudes among German psychotherapists and the impact of a brief demonstration on their intention to use VRET. The study involved an online survey (N = 140) and an optional on-site scenario demonstration (n = 45). Self-reported attitudes, experience rates, and Usage Intention were assessed. Predictors of Usage Intention were identified via hierarchical multiple regression. A linear mixed model estimated the demonstration's effect on Usage Intention. Only 7.9% of participants reported at least occasional VR use in practice. A majority (78.7%) indicated a generally positive attitude towards VRET. While 77.9% participants could imagine integrating VRET into their work, only 20.0% reported intending to do so in the next year. Usage Intention was predicted by Performance Expectancy and Facilitating Conditions, increasing significantly (d = 1.50) from screening to post-demonstration. Despite their interest in VR, VRET implementation among German psychotherapists' remains low. The substantial impact of hands-on demonstrations indicates the potential of experiential education programmes in promoting early-stage dissemination.",2026,Psychotherapy research : journal of the Society for Psychotherapy Research,,PRIORITY_VERIFY,,,,,,,,,
2028,TA-09,40739134,10.1002/advs.202506784,Vertical GaN-On-GaN Micro-LEDs for Near-Eye Displays.,"In various micro-light-emitting diode (micro-LED) display products, near-eye applications such as AR (augmented reality) and VR (virtual reality) are gaining popularity, driving consumer demand for higher brightness, resolution, and compact size. To address more advanced demands, GaN-on-GaN homoepitaxial micro-LEDs are notable for their low defect density, excellent thermal management, high efficiency, etc. Additionally, the conductivity of the GaN substrate enables the efficient integration of vertical micro-LEDs, further enhancing performance for near-eye displays. In this work, GaN-on-GaN homoepitaxial platforms to fabricate low-defect-density micro-LEDs are leveraged with superior electrical properties, addressing the limitations of conventional heterogeneous substrates. By replacing traditional ICP (Inductively coupled plasma) mesa etching with fluorine ion implantation for pixel isolation, this study achieves significant reductions in series resistance and enhances optical performance, characterized by sharper pixel edges and a narrowed full width at half maximum (FWHM). Furthermore, the implementation of vertical micro-LED architectures enables a compact device footprint, facilitating ultra-dense integration for near-eye systems. To evaluate performance under practical operating conditions, the effective external quantum efficiency (EQEeffective) is introduced. The ion-implanted vertical structures demonstrate a substantial improvement in EQEeffective over traditional ICP-etched devices, underscoring their potential for high-brightness applications. This work advances high-resolution, energy-efficient micro-LED technologies, offering a scalable pathway for next-generation AR/VR displays.",2025,"Advanced science (Weinheim, Baden-Wurttemberg, Germany)",,LIKELY_ADVANCE_CONFIRM,,,,,,,,,
2029,TA-09,40738330,10.1016/j.wneu.2025.124333,Multimodal Localization Using Smartphone Augmented Reality Combined with Brain Surface Morphology for Surgical Removal of Supratentorial Lesions.,"Augmented reality (AR) has been widely used in neurosurgery in recent years. The combination of AR and brain surface morphology for localization has not been reported. The aim of this work was to report the outcomes of combined method for locating supratentorial lesions in neurosurgery. After multimodal image registration, brain tissue, the lesion, and blood vessels were reconstructed using a three-dimensional Slicer. AR was conducted using a smartphone application named Persp three-dimensional to project intracranial lesions on the scalp. The incision and size of the craniotomy were designed according to the location of the lesions. After craniotomy, the lesions were precisely located using brain surface morphology. Three types of morphology were used to localize the lesions: 1) the morphology of sulci and gyri; 2) superficial cerebral veins; and 3) combination of both. Then, the lesions were resected. Postoperative magnetic resonance imaging confirmed the extent of the resection. Of the 34 patients included in this study, 13 (38.2%) had gliomas, 15 (44.1%) had focal cortical dysplasia, and 6 (17.6%) had cavernous hemangiomas. The first type of morphology was used in 8 (23.5%) patients, the second type in 5 (14.7%), and the third in 21 (61.8%). In all cases, the lesions were accurately located and completely removed. No complications were recorded. AR combined with brain surface morphology could accurately locate lesions. This combined approach is convenient to use, and helpful for planning craniotomy and removing lesions.",2025,World neurosurgery,,LIKELY_ADVANCE_CONFIRM,,,,,,,,,
2030,TA-09,40737967,10.1016/j.apergo.2025.104610,"Opacity in car augmented reality head-up displays: users' preferences, visual attention, and situation awareness.","Car augmented-reality heads-up displays (AR-HUDs) superimpose driving information on the outside view. However, there are concerns that AR-HUDs may be distracting and questions remain about how best to present AR-HUD imagery. This study explores people's opinions about AR-HUD opacity and its effects on driver attention and situation awareness. Videos of driving scenes were created and navigation-related AR-HUD imagery was added at different opacity levels. Twenty-seven participants watched these videos while their eye movements were tracked. Participants answered questions related to the opacity of the AR-HUD imagery and to their situation awareness. Results suggest that drivers are ambivalent about AR-HUD opacity, opacity affects how people look at and perceive the roadside environment, opacity levels of 20 % and 60 % both support situation awareness, and the effects of AR-HUD opacity are different for different types of AR-HUD imagery. Thus, AR-HUD opacity levels need to be further investigated to maximize driving safety.",2025,Applied ergonomics,,LIKELY_ADVANCE_CONFIRM,,,,,,,,,
2031,TA-09,40736629,10.1007/s11019-025-10283-6,Integrating ethics in digital mental healthcare technologies: a principle-based empirically grounded roadmap approach.,"Digital mental healthcare technologies increasingly incorporate gamification, yet relevant ethical considerations remain underexamined. This paper introduces the Principle-Based Empirically Grounded Roadmap Approach (PERA), a methodological contribution to empirical bioethics. It has evolved from ethics research within the Horizon Europe project ASPbelong, which designs a collaboratively played augmented reality intervention for adolescents. PERA refines existing integrated empirical bioethics methodologies by responding to three key characteristics of the use case: a largely predetermined technology with a relatively low degree of openness in technological design, embedded co-development practices led by facilitators from within the project team, and planned future iterations beyond the ethics team's involvement. PERA integrates mapping of principles from the ethics literature, a scoping review of the moral intuitions of developers of comparable technologies, and the collection of original empirical data on the use case. Using abductive reasoning, these insights are synthesized into a tangible output: an ethics roadmap designed to guide and be adapted in future use case iterations. By advancing a methodology of combining normative reasoning with empirical insights on a concrete use case, this paper provides both practical tools for ethics researchers in technology projects and a means to generate empirically grounded conceptual contributions. Its outcomes, when brought into dialogue with findings from other integrated empirical bioethics research, can support the critical examination of broader assumptions and implications of gamified mental healthcare, including questions of good care and the broader social implications of such technologies.",2025,"Medicine, health care, and philosophy",,LIKELY_ADVANCE_CONFIRM,,,,,,,,,
2032,TA-09,40734237,10.1021/acs.nanolett.5c02875,Full-Color AR Holography by Chip-Integrated Meta-Optics.,"Image realism and vividness are critical metrics for evaluating optical display performance, particularly for augmented reality (AR) applications. Although previous metasurfaces have demonstrated holographic display capabilities, achieving full-color, high-fidelity holographic displays remains challenging. Here, we present an on-chip metasurface capable of high-fidelity and full-color holographic display for AR. By engineering nanoscale diatomic meta-atoms within each unit cell, we achieve precise dispersion engineering across multiple wavelength channels and independent modulation of two orthogonal polarizations, thereby enabling switchable full-color holographic display for AR. Moreover, benefiting from the on-chip propagation scheme, our system eliminates zero-order diffraction noise, significantly enhancing the signal-to-noise ratio. Consequently, it delivers high-fidelity and vividly colored holographic images even when displayed against complex real-world AR backgrounds. The integrated photonic design, channel multiplexing, and precise dispersion control of this on-chip full-color holographic platform make it a promising candidate for next-generation wearable AR displays and advanced information visualization technologies.",2025,Nano letters,,LIKELY_ADVANCE_CONFIRM,,,,,,,,,
2033,TA-09,40734121,10.1364/OE.561735,Wireframe holography as a method for augmented reality projections.,"Computer-generated holography (CGH) faces challenges related to high computational demands and speckle noise that degrade image quality. This paper presents ""wireframe holography"", a method that builds upon point-cloud techniques by using linear segments as building blocks, which are formed by introducing controlled astigmatism in phase profiles. This approach reduces both computational costs and speckle noise, enabling the creation of more complex 3D objects with comparable performance to traditional methods. Compatible with existing superposition algorithms, such as Random Superposition and Gerchberg-Saxton-based techniques, this method offers improvements for applications in augmented reality and any field requiring efficient, high-quality holographic imaging.",2025,Optics express,,LIKELY_ADVANCE_CONFIRM,,,,,,,,,
2034,TA-09,40733976,10.1364/OE.565210,Development of a wide-field-of-view head-mounted display utilizing freeform surfaces for oblique projection.,"Augmented reality (AR) technology overlays digital content onto the real world, in contrast to virtual reality (VR), which immerses users in a fully virtual environment. This fundamental distinction enables AR users to maintain continuous interaction with their physical surroundings while receiving enhanced digital information. In AR system design, optimizing both perspective effects and imaging performance is crucial. However, achieving a wide field of view (FOV), high resolution, and comfortable wearability in a head-mounted display (HMD) remains highly challenging. This paper presents a novel design methodology for a wide-FOV HMD system based on freeform optics and ipsilateral oblique projection. A multi-objective optimization framework, combining the non-dominated sorting genetic algorithm II (NSGA-II) and prior design knowledge, is employed to balance critical parameters such as image quality, weight, and cost. The resulting AR display achieves a full FOV of 75° × 40° and an exit pupil diameter of 14 × 12 mm-representing the widest FOV among comparable systems to date. Moreover, the ipsilateral oblique projection architecture brings the projection lens group closer to the user's head and reduces the tilt angle of the reflective visor, thereby enhancing ergonomic comfort. This configuration also reduces FOV losses due to stitching between intermediate reflective mirrors. The final assembled system demonstrates outstanding overall performance.",2025,Optics express,,LIKELY_ADVANCE_CONFIRM,,,,,,,,,
2035,TA-09,40733931,10.1364/OE.565123,Holographic high-quality display method based on multi-phase modulation.,"Holographic display is one of the 3D display technologies that can be developed in the future, in which the pure phase modulation technique is a method to realise a holographic display with high image quality and fast holographic computation. To solve the problem of phase information loss in traditional pure phase modulation, this paper proposes a multi-phase modulation holographic display method to realise high-quality display of reconstructed images. This method quantizes a complex amplitude hologram obtained from the angular spectrum calculation and extracts phase information into a single-phase hologram. The amplitude information is quantised into two holograms with pure phase information, thereby minimising information loss. Meanwhile, the sines and cosines of the three holograms were extracted for spatially averaged filtering, which further improved the reproduction quality by reducing noise interference through multiple iterations. Finally, the three holograms were imported into the LCOS, and holographic reproduction was realised using the time-division multiplexing method. Through simulations and experiments, the value of the hologram PSNR was obtained as 35 dB. The reproduction quality of the hologram was effectively improved, proving the feasibility of the method. This study promotes the wide application of computational holography in the field of augmented reality.",2025,Optics express,,LIKELY_ADVANCE_CONFIRM,,,,,,,,,
2036,TA-09,40732535,10.3390/s25144408,AprilTags in Unity: A Local Alternative to Shared Spatial Anchors for Synergistic Shared Space Applications Involving Extended Reality and the Internet of Things.,"Creating shared spaces is a key part of making extended reality (XR) and Internet of Things (IoT) technology more interactive and collaborative. Currently, one system which stands out in achieving this end commercially involves spatial anchors. Due to the cloud-based nature of these anchors, they can introduce connectivity and privacy issues for projects which need to be isolated from the internet. This research attempts to explore and create a different approach that does not require internet connectivity. This work involves the creation of an AprilTags-based calibration system as a local solution for creating shared XR spaces and investigates its performance. AprilTags are simple, scannable markers that, through computer vision algorithms, can help XR devices figure out position and rotation in a three-dimensional space. This implies that multiple users can be in the same virtual space and in the real-world space at the same time, easily. Our tests in XR showed that this method is accurate and works well for synchronizing multiple users. This approach could make shared XR experiences faster, more private, and easier to use without depending on cloud-based calibration systems.",2025,"Sensors (Basel, Switzerland)",,LIKELY_ADVANCE_CONFIRM,,,,,,,,,
2037,TA-09,40731056,10.1038/s41598-025-10474-4,Using augmented reality to enhance wax up training in dental education a feasibility study.,"Wax-up practice is an integral part of dental education, teaching students the morphology of teeth and correct handling of waxing tools. Currently wax-ups need to be presented and evaluated by a dentist involved in dental education. The aim of this study was the development of a smartphone application utilizing augmented reality to improve self-evaluation and learning effects of beginners doing wax-up practice. The application was developed for devices running the iOS operating-system using the Swift language. The Swift-libraries UIKit, ArKit and SceneKit were used. The application was test-run on an iPhone 14 Pro, using an iOS developer account. An integral component of the application is the use of 3D-printed wax-up templates, which were manufactured with FDM printers. The resulting smartphone application enables dental students and teaching dentists to inspect the wax-up template using the device's camera to view the optimal wax-up overlaying the template. Different cusps can be displayed, hidden or altered in their transparency to further improve feedback on the students' practice. The aim of creating a supportive application for wax-up practice as a proof of concept was fulfilled and even exceeded the initial expectations regarding the accuracy and consistency of object tracking in the augmented reality. The acceptance amongst students and teaching staff, as well as a comparison against traditional methods of teaching wax-up remain to be evaluated.",2025,Scientific reports,,LIKELY_ADVANCE_CONFIRM,,,,,,,,,
2038,TA-09,40729775,10.2196/65534,Alignment Between Classroom Education and Clinical Practice of Root Canal Treatment Among Dental Practitioners in China: Cross-Sectional Study.,"This cross-sectional study assessed the perceived alignment between preclinical education and clinical practice in root canal treatment (RCT) among dental practitioners in China, aiming to identify systemic gaps in dental curricula and their clinical implications. Dental professionals in Eastern Coastal China. This study distributed questionnaires through hospital dental specialties and medical forums, covering the Southeastern Region of China. A validated, web-based survey was distributed to 90 dental professionals in Eastern Coastal China, focusing on 9 key stages of RCT, preoperative preparation, intraoperative procedures, postoperative care, and clinician-patient communication. Responses were measured using a 7-point Likert scale to evaluate perceived discrepancies between education and clinical practice. A total of 83 valid questionnaires were recovered, which revealed significant disparities between academic training and clinical demands. The survey showed that the specialized practitioners identified pronounced mismatches in RCT operative techniques and doctor-patient communication (P<.05). Participants aged ≤29 years demonstrated heightened awareness of discrepancies in disinfection protocols and temporary filling procedures (P<.05). Shanghai-trained practitioners reported fewer educational-clinical gaps across multiple procedural stages (P<.05). Notably, 82% of respondents rated comprehensive RCT implementation as more challenging than individual procedural components. Curriculum deficiencies were identified in treatment indication diagnostics (56.6% agreement) and communication training (43.4% agreement). Emerging technologies like virtual reality and augmented reality (VR and AR) showed minimal educational penetration (3.7% exposure rate). In the free-response section, qualitative feedback highlighted equipment accessibility issues (eg, thermal gutta-percha tools) and instructor-dependent learning outcomes. Structural discrepancies exist in Chinese preclinical RCT education, influenced by factors such as experience level, age, and region. These findings underscore the need for curriculum reforms, emphasizing competency-based training, enhanced simulation technologies, and standardized clinical protocols, particularly in areas like periodontal pathology and communication skills.",2025,JMIR medical education,,LIKELY_ADVANCE_CONFIRM,,,,,,,,,
2039,TA-09,40727604,10.22037/aaemj.v13i1.2661,Smart Glasses with Augmented Reality Workflow; A Modern Tool for Triage in Mass Casualty Incidents.,"Smart glasses with an augmented reality workflow have emerged as a new tool for triage in mass casualty incidents (MCIs). This study aimed to investigate the accuracy and time efficiency of smart glasses in MCIs triage. A retrospective field exercise study was conducted in November 2024 at EMS Srinagarind Hospital, Thailand. All participants performed self-assessments and used smart glasses for triage sieve. Data were recorded in terms of accuracy and time required for triage. A total of 108 participants were enrolled, with a mean age of 33.4 years, of whom 57.4% were female. The smart glasses group achieved the highest accuracy in triage level 1, with 98.3% compared to 79.3% in the self-assessment group (P < 0.001). The smart glasses group also completed triage significantly faster than the self-assessment group, with a time of 23.5 versus 72.4 seconds for triage level 1 and 31.3 versus 89.1 seconds for level 2. The use of smart glasses with an augmented reality workflow for triage sieve in MCIs is beneficial, improving both accuracy and evaluation time for patients in triage levels 1 and 2.",2025,Archives of academic emergency medicine,,LIKELY_ADVANCE_CONFIRM,,,,,,,,,
2040,TA-09,40722471,10.3390/bioengineering12070779,"Preliminary Effects of Extended Reality-Based Rehabilitation on Gross Motor Function, Balance, and Psychosocial Health in Children with Cerebral Palsy.","Extended reality (XR)-based rehabilitation is an emerging therapeutic approach that combines real and virtual environments to enhance patient engagement and promote motor and cognitive recovery. Its clinical utility in children with cerebral palsy (CP), particularly regarding gross motor skills, balance, and psychosocial well-being, remains underexplored. This preliminary study aimed to evaluate the potential effects of XR-based rehabilitation on gross motor function, balance, parental stress, and quality of life in children with cerebral palsy. Thirty children with cerebral palsy were randomly assigned to an extended reality training group (XRT, n = 15) or a conventional physical therapy group (CPT, n = 15). Both groups received 30 min sessions, three times per week for 6 weeks. Outcome measures included the Gross Motor Function Measure-88 (GMFM-88), Pediatric Balance Scale (PBS), Functional Independence Measure (FIM), Parenting Stress Index (PSI), and Pediatric Quality of Life Inventory (PedsQL), assessed pre- and post-intervention. A 2 (group) × 2 (time) mixed ANOVA was conducted. The XR group demonstrated improvements in GMFM-88, PBS, and FIM scores, with decreased PSI and increased PedsQL scores. Although most interaction effects were not statistically significant (GMFM-88: η2 = 0.035, p = 0.329; PBS: η2 = 0.043, p = 0.274), a marginal interaction effect was observed for PSI (p = 0.065, η2 = 0.059), suggesting a potential benefit of XR-based rehabilitation in reducing parental stress. This preliminary study indicates that XR-based rehabilitation may provide beneficial trends in motor function and psychosocial health in children with CP, particularly in reducing parental stress. Further studies with larger sample sizes are needed to confirm these findings.",2025,"Bioengineering (Basel, Switzerland)",,LIKELY_ADVANCE_CONFIRM,,,,,,,,,
2041,TA-09,40722397,10.3390/bioengineering12070703,Evaluation of Computer-Aided Navigation and Augmented Reality for Bicortical Mini-Implant Placement in Maxillary Expansion: An In Vitro Study.,"The objective of the present study was to evaluate and compare the accuracy of the computer-aided static navigation technique (NAV), augmented reality (AR) and freehand placement technique (FHT) for the bicortical orthodontic self-drilling mini-implants for maxillary skeletal expansion (MSE) appliances placed in palate. Material and Methods: A total of 120 bicortical orthodontic self-drilling mini-implants were placed in the palate of ten 3D printed anatomically based polyurethane models of a completely edentulous upper maxilla. The orthodontic mini-implants were randomly assigned to the following placement techniques: (A) computer-aided static navigation technique (n = 40) (NAV), (B) augmented reality device (n = 40) (AR) and (C) conventional freehand technique (n = 40) (FHT). Moreover, two implants were placed in each side of the midpalatal suture in every model according to the digital planification of the expander device. Subsequently, the orthodontic mini-implants were placed and postoperative CBCT scans were performed. Finally, coronal entry-point (mm), apical end-point (mm) and angular deviations (°) were calculated using a t-test. Results: Statistically significant differences were shown at coronal entry-point (p < 0.001), apical end-point (p < 0.001) and angular deviations (p < 0.001) between the three placement techniques of bicortical orthodontic mini-implants. Additionally, statistically significant differences were also shown between the orthodontic mini-implant positions concerning the entry point (p = 0.004) and angular deviation (p = 0.004). Conclusions: The augmented reality placement technique results are more accurate, followed by the computer-aided static navigation technique and the freehand technique for MSE appliances placed in palate.",2025,"Bioengineering (Basel, Switzerland)",,LIKELY_ADVANCE_CONFIRM,,,,,,,,,
2042,TA-09,40721155,10.1016/j.neuropsychologia.2025.109243,Illusory finger stretching and somatosensory responses.,"Resizing illusions, delivered using augmented reality, resize a body part through stretching or shrinking manipulations. These resizing illusions have been investigated in visuotactile, visual-only, and visuo-auditory presentations. However, the neural underpinnings of these resizing illusions remain undefined. This study sought to understand the neural mechanisms behind these illusions by using somatosensory steady state evoked potentials (SSEPs) in addition to subjective self-report questionnaires, to enhance knowledge of what drives the subjective embodiment during resizing illusions. Since these Illusions have been shown to provide analgesic effects for individuals with chronic pain conditions, this study also aimed to provide an empirical basis for future investigations in chronic pain samples. Confirmatory analyses (N = 46) demonstrated significant differences in subjective experience between non-illusion and multisensory illusion conditions, while electroencephalography (EEG) data measuring SSEP response across electrodes of interest (F1 & FC1) to 26Hz stimulation of the resized digit showed no significant effects of condition. However, further exploratory non-parametric SSEP analyses revealed a significant effect of condition, with reduced amplitudes in illusion conditions compared to non-illusion conditions, but no significant differences in exploratory post hoc tests. While confirmatory findings demonstrated no clear effect of resizing illusions on SSEP amplitudes for participants without chronic pain, exploratory findings could be interpreted as a potential ""sharpening"" of neural representations resulting from illusory stretching. These findings therefore provide a basis for investigations of comparable subjective and steady state illusion responses in a chronic pain population, who are thought to have more diffuse neural representations of their affected body parts.",2025,Neuropsychologia,,LIKELY_ADVANCE_CONFIRM,,,,,,,,,
2043,TA-09,40719967,10.1007/s40820-025-01857-3,Electric-Field-Driven Generative Nanoimprinting for Tilted Metasurface Nanostructures.,"Tilted metasurface nanostructures, with excellent physical properties and enormous application potential, pose an urgent need for manufacturing methods. Here, electric-field-driven generative-nanoimprinting technique is proposed. The electric field applied between the template and the substrate drives the contact, tilting, filling, and holding processes. By accurately controlling the introduced included angle between the flexible template and the substrate, tilted nanostructures with a controllable angle are imprinted onto the substrate, although they are vertical on the template. By flexibly adjusting the electric field intensity and the included angle, large-area uniform-tilted, gradient-tilted, and high-angle-tilted nanostructures are fabricated. In contrast to traditional replication, the morphology of the nanoimprinting structure is extended to customized control. This work provides a cost-effective, efficient, and versatile technology for the fabrication of various large-area tilted metasurface structures. As an illustration, a tilted nanograting with a high coupling efficiency is fabricated and integrated into augmented reality displays, demonstrating superior imaging quality.",2025,Nano-micro letters,,LIKELY_ADVANCE_CONFIRM,,,,,,,,,
2044,TA-09,40717506,10.1080/01942638.2025.2536141,"Feasibility, Acceptability and Tolerability of an Augmented Reality Gaming Intervention for Children With and Without Movement Impairments.","To explore the feasibility, acceptability, and tolerability of an augmented reality intervention for children with and without movement impairments. Preliminary mechanisms of effect for motor learning were also assessed. This non-randomized feasibility study included 33 participants between the ages of six and twelve (mean age 9.54, SD 1.60), with a range of motor abilities. Experimental sessions comprised of i) the Movement Assessment Battery for Children, 2nd Edition assessment, ii) a testing session with Intervention X, and iii) a questionnaire examining their experience. A supporting clinician who observed all sessions provided feedback on the delivery of Intervention X. Participants spent 895 min playing Intervention X. Most participants (92.2%) reported they had 'fun' using the intervention, and they would play at home (84.2%), and with friends (86.1%). Disengagement occurred in 16.7% of participants. Intervention X demonstrated evidence of a potential mechanism of effect for motor learning principles. Intervention X was feasible, acceptable, and tolerable for children across a range of motor abilities in a school and clinic environment, supporting potential therapeutic benefits. Future studies should provide rigorous testing with children with movement impairments, such as developmental coordination disorder, to determine the long-term effectiveness of Intervention X.",2025,Physical & occupational therapy in pediatrics,,LIKELY_ADVANCE_CONFIRM,,,,,,,,,
2045,TA-09,40715667,10.1038/s41391-025-01003-5,The application of mixed reality navigation system in robot-assisted radical prostatectomy for high-risk prostate cancer: a propensity score‑matched cohort study.,"This study aims to evaluate the efficacy and advantages of MR navigation system in robot-assisted radical prostatectomy (RARP) for high-risk prostate cancer (PCa). We retrospectively studied 147 patients with high-risk PCa based on D'Amico risk criteria from July 2021 to November 2023. All patients chose MR-assisted RARP (MR-RARP) or standard RARP (S-RARP) after receiving comprehensive counseling on the benefits and risks of both procedures. After propensity score-matching, 57 patients were included in each group. Perioperative, functional and oncological outcomes were compared. Logistic and Cox regression models were used to identify predictors of positive surgical margin (PSM), biochemical recurrence (BCR), continence and potency recovery. The MR-RARP group had higher nerve-sparing (NS) rates (78.9% vs 54.4%, P = 0.021) and lower PSM rates (10.5% vs 26.3%, P = 0.030). Continence recovery rates were higher in the MR-RARP group at catheter removal (40.4% vs 22.8%, P = 0.044), 1 month (61.4% vs 38.6%, P = 0.015) and 3 months (73.7% vs 47.4%, P = 0.004), with no significant differences at 6 months (82.5% vs 73.7%, P = 0.258) and 12 months (93.0% vs 87.7%, P = 0.341). Furthermore, the MR-RARP group demonstrated higher potency rates at 1 month (42.1% vs 21.1%, P = 0.016) and 3 months (57.9% vs 36.8%, P = 0.024), whereas outcomes were comparable at 6 months (66.7% vs 56.1%, P = 0.248) and 12 months (77.2% vs 66.7%, P = 0.211). With a median follow-up of 28 months, BCR-free survival showed no significant differences (P = 0.295). Multivariate analyses confirmed MR navigation as an independent predictor of PSM, continence, and potency recovery (all P < 0.05). Statistical power analysis indicated a power of 0.847. Real-time intraoperative MR navigation enhances surgical precision, facilitates NS techniques, and optimizes early continence and potency recovery without compromising oncological safety.",2026,Prostate cancer and prostatic diseases,,LIKELY_ADVANCE_CONFIRM,,,,,,,,,
2046,TA-09,40715656,10.1007/s00464-025-12008-5,Assessing augmented reality displays in laparoscopic liver surgery - a clinical experience.,"Augmented Reality (AR) is considered as a potential image guidance tool to increase the safety of laparoscopic liver surgery. By overlaying surface models of the liver and hepatic blood vessels derived from pre-operative 3D imaging onto the laparoscopic video images, surgeons can have more context on the surgical scene and perform more informed decisions. Although several techniques to enable AR have been reported, few studies have addressed clinical deployment feasibility and visual display requirements. We present the results of a prospective study where a previously reported AR system, the Smartliver, has been evaluated with 13 participants consented for laparoscopic liver surgery. The system is optically tracked, the laparoscope is pre-operatively calibrated, and the AR overlay is obtained manually during surgery. We have prospectively tested 3 different AR displays and have obtained feedback from surgeons through Likert Scale questionnaires. Questionnaire results on the suitability of displays for surgical use suggest the Smartliver AR overlay is intuitive, can help on decision-making, and has potential for future use. Surgeons showed preference for a display where only a restricted circular ""hole"" region of the 3D model is shown. Optically tracked AR is easy to deploy, and surgeons agree on its potential to improve surgical outcomes of laparoscopic liver surgery. Future developments should focus on automating the AR overlay alignment process, predicting liver surface intra-operative deformations, and optimising the optical tracking system positioning.",2025,Surgical endoscopy,,LIKELY_ADVANCE_CONFIRM,,,,,,,,,
2047,TA-09,40713571,10.1186/s12891-025-08955-8,The augmented reality-aided navigation system may improve rotational alignment of the tibial baseplate in total knee arthroplasty.,"Tibial rotational alignment is the most prone to error among the placement angles of the prosthesis in total knee arthroplasty (TKA). The augmented reality (AR)-aided navigation system enables surgeons to visualize the tibial anteroposterior axis established on the pre-resection surface superimposed on the bone surface after proximal tibial resection. We compared the axial, coronal, and sagittal alignments of the tibial baseplate between 58 TKAs performed using an AR-aided navigation system and 64 TKAs in which the rotational alignment was determined manually. To assess alignment, the three-dimensional coordinates of the lower limb from preoperative CT data were overlaid onto postoperative CT data using a surface-matching algorithm. The absolute difference between the anteroposterior axis and the rotational angle of the tibial baseplate was significantly smaller in the AR-aided group compared to the control group (3.7 ± 3.4° vs. 5.1 ± 4.4°, p = 0.047). In both coronal and sagittal alignments, the absolute differences between the target angle and the measured angle were not significantly different between the two groups (1.1 ± 0.9° vs. 1.2 ± 1.0°, p = 0.75 in coronal alignment, and 1.9 ± 1.3° vs. 1.7 ± 1.4°, p = 0.43 in sagittal alignment, respectively). The AR-aided navigation system slightly but significantly improved the accuracy of tibial rotational alignment.",2025,BMC musculoskeletal disorders,,LIKELY_ADVANCE_CONFIRM,,,,,,,,,
2048,TA-09,40712852,10.1016/j.wneu.2025.124300,Developing Deep Learning-Based Cerebral Ventricle Auto-Segmentation System and Clinical Application for the Evaluation of Ventriculomegaly.,"Current methods for evaluating ventriculomegaly, particularly Evans' Index (EI), fail to accurately assess three-dimensional ventricular changes. We developed and validated an automated multiclass segmentation system for precise volumetric assessment, simultaneously segmenting 5 anatomical classes (ventricles, parenchyma, skull, skin, and hemorrhage) to support future augmented reality-guided external ventricular drainage (EVD) systems. Using the nnUNet architecture, we trained our model on 288 brain computed tomography scans with diverse pathological conditions and validated it using internal (n = 10), external (n = 43), and public (n = 192) datasets. Clinical validation involved 227 patients who underwent cerebrospinal fluid (CSF) drainage procedures. We compared automated volumetric measurements against traditional EI measurements and actual CSF drainage volumes in surgical cases. The model achieved exceptional performance with a mean Dice similarity coefficient of 93.0% across all 5 classes, demonstrating consistent performance across institutional and public datasets, with particularly robust ventricle segmentation (92.5%). Clinical validation revealed EI was the strongest single predictor of ventricular volume (adjusted R2 = 0.430; P < 0.001), though influenced by age, sex, and diagnosis type. Most significantly, in EVD cases, automated volume differences showed remarkable correlation with actual CSF drainage amounts (β = 0.956; adjusted R2 = 0.936; P < 0.001), validating the system's accuracy in measuring real CSF volume changes. Our comprehensive multiclass segmentation system offers a superior alternative to traditional measurements with potential for noninvasive CSF dynamics monitoring and augmented reality-guided EVD placement.",2025,World neurosurgery,,LIKELY_ADVANCE_CONFIRM,,,,,,,,,
2049,TA-09,40711904,10.1109/TVCG.2025.3592962,Augmented Reality Productivity In-the-Wild: A Diary Study of Usage Patterns and Experiences of Working With AR Laptops in Real-World Settings.,"Augmented Reality (AR) is increasingly positioned as a tool for knowledge work, providing beneficial affordances such as a virtually limitless display space that integrates digital information with the user's physical surroundings. However, for AR to supplant traditional screen-based devices in knowledge work, it must support prolonged usage across diverse contexts. Until now, few studies have explored the effects, opportunities, and challenges of working in AR outside a controlled laboratory setting and for an extended duration. This gap in research limits our understanding of how users may adapt its affordances to their daily workflows and what barriers hinder its adoption. In this article, we present findings from a longitudinal diary study examining how participants incorporated an AR laptop - Sightful's Spacetop EA - into their daily work routines. 14 participants used the device for 40-minute daily sessions over two weeks, collectively completing 103 hours of AR-based work. Through survey responses, workspace photographs, and post-study interviews, we analyzed usage patterns, workspace configurations, and evolving user perceptions. Our findings reveal key factors influencing participants' usage of AR, including task demands, environmental constraints, social dynamics, and ergonomic considerations. We highlight how participants leveraged and configured AR's virtual display space, along with emergent hybrid workflows that involved physical screens and tasks. Based on our results, we discuss both overlaps with current literature and new considerations and challenges for the future design of AR systems for pervasive and productive use.",2025,IEEE transactions on visualization and computer graphics,,LIKELY_ADVANCE_CONFIRM,,,,,,,,,
2050,TA-09,40708953,10.3389/fneur.2025.1566557,A novel smartphone augmented reality-based solution for small intracranial lesion localization with refined reference markers.,"Neuronavigation is crucial for locating intracranial lesions in neurosurgery. However, it is unaffordable in numerous resource-limited areas. The emerging mobile augmented reality (AR) provides a low-cost alternative to locate lesions, but its accuracy still require improvement before widespread use. This study aimed to explore a novel smartphone AR solution for lesion localization based on a newly developed application and refined reference markers. The smartphone AR solution and standard navigation were performed to locate intracranial lesions in 38 patients. The time required for AR and navigation, the deviation between lesion center points identified by AR and navigation, and the ratio of overlap region (ROR) between the lesion locations determined by both methods, were measured, respectively, to evaluate the AR performance in preoperative planning. The average time required for AR was shorter than that for navigation (256.61 ± 69.75 s vs. 454.16 ± 78.85 s, p < 0.05), indicating the favorable efficiency of AR. The average deviation and ROR were 3.55 ± 1.71 mm and 75.03% ± 18.56%, which were within the acceptable range of intracranial lesion surgery. The overall accurate localization rate of AR was 81.57%. Moreover, compared to the first stage of this study, the time required for AR and deviation in the second stage were significantly reduced, and ROR was notably increased (p < 0.05). It revealed that with the accumulation of experience, AR efficiency and accuracy were improved. The smartphone AR-based solution provides a practical and reliable alternative to locate small intracranial lesions, especially in settings where neuronavigation is unavailable.",2025,Frontiers in neurology,,LIKELY_ADVANCE_CONFIRM,,,,,,,,,
2051,TA-09,40706033,10.1097/AOG.0000000000006009,Handheld Point-of-Care Ultrasonography for Gynecology: Insights Into Space Travel Through Parabolic Flight.,"Imaging plays a critical role in evaluating gynecologic emergencies. However, access to such technology is limited in austere environments such as spaceflight. Portable point-of-care ultrasonography (POCUS) offers rapid diagnostic capabilities potentially useful for supporting women's health. However, the feasibility of using portable POCUS for gynecological imaging in spaceflights characterized by shifts in weightlessness has not been previously evaluated. Transabdominal ultrasonography was undertaken to assess the feasibility of using portable POCUS for gynecologic scans during a parabolic flight. Despite rapidly alternating gravitational changes and the close proximity of other crew members, a participant successfully obtained clear diagnostic images of the uterus and measured three-dimensional bladder volumes during a parabolic flight aboard a Falcon 20 aircraft without privacy concerns. During the hypergravity phase (approximately 2 G) of the flight, heavier upper-extremity movement and probe positioning created challenges to successful imaging. However, minimizing head movement helped to stabilize the vestibular system during gravity changes, successfully mitigating symptoms such as vertigo, nausea, and dizziness. This strategy facilitated smoother transitions between gravitational forces and enabled the participant to obtain uterine imaging during the microgravity phase of the flight. The use of a handheld portable POCUS device is feasible during parabolic flight, establishing an important precedent useful for supporting women's health in space. Future technology needs to incorporate training models, augmented reality, and advanced artificial intelligence-based tools to direct self-scanning capabilities for participants who do not have medical experience.",2025,Obstetrics and gynecology,,LIKELY_ADVANCE_CONFIRM,,,,,,,,,
2052,TA-09,40705769,10.1371/journal.pone.0329172,Tooth ARcademy: A mobile app for teaching and learning of oral histology.,"m-Learning is gaining popularity in health professional education; however, reports on mobile apps targeting didactic teaching and learning are scarce, particularly in the context of health professional courses such as histology. Histology is an essential foundational component of dental and medical education. At the Mike Petryk School of Dentistry, University of Alberta, instructors utilize photomicrographs from textbooks to teach students on the microanatomy of teeth, the development of tooth and facial regions, and developmental anomalies. Limited availability of high-quality tissue sections and time constraints present challenges for both students and instructors. To provide students with an accessible collection of diverse histological sections and to facilitate in-class interactive didactic teaching, we developed an Augmented Reality (AR)-based mobile app called Tooth ARcademy. The development of Tooth ARcademy comprises the following steps: selecting histology glass slides, digitizing the glass slides, curating and annotating the digital slides, preparing multiple-choice questions, and integrating the resources into the mobile app. Tooth ARcademy is available worldwide at no cost. The app has three modes. Instructors can use the AR-based Learn mode to create in-class activities and supplemental questions tailored to students with specific learning outcomes. The Practice mode enables students to study oral histology outside of class time. With the Quiz mode of Tooth ARcademy, students can self-assess their knowledge of oral histology by participating in quizzes. The knowledge of oral histology is essential for dental education. Tooth ARcademy is designed to create interactive and engaging learning environments both inside and outside the classroom. Besides some limitations of the current phase, Tooth ARcademy can be a valuable m-learning tool that benefits students and educators in dental, medical, and other professional schools.",2025,PloS one,,LIKELY_ADVANCE_CONFIRM,,,,,,,,,
2053,TA-09,40705668,10.1097/NNE.0000000000001941,Immersive Learning in Nursing: A Mixed Reality Approach to IV Simulation With Bimanual Haptic Feedback.,"Peripheral intravenous catheter (PIVC) insertion is an essential skill for nursing professionals. Nursing students face significant challenges in learning PIVC insertion due in part to limited opportunities for hands-on practice with real patients. Traditional training methods with low-fidelity task trainers lack variability and depend on costly consumable products. To address this gap, a bimodal haptic feedback interface integrated into mixed reality was developed to simulate IV needle insertion under diverse conditions, creating a simulated learning environment to master tactile skills, hand-eye coordination, and anatomically accurate procedures. Guided by the New Theory of Disuse, the simulator was designed to promote repeated practice and retrieval, strengthening both the accessibility and accuracy of skill performance through targeted, interactive learning. Students reported an improvement in confidence levels and success rate after using the bimanual haptic feedback mixed reality IV simulator. By integrating features such as patient-specific anatomical variability, realistic resistance feedback, and adaptive difficulty levels, virtual reality and haptic simulations can closely replicate the nuances of IV insertion in diverse clinical scenarios.",2025 Nov-Dec 01,Nurse educator,,LIKELY_ADVANCE_CONFIRM,,,,,,,,,
2054,TA-09,40703930,10.1016/j.jvscit.2025.101889,Feasibility of Mixed Reality-assisted physician-modified endografts.,"This study aimed to develop and evaluate a standardized workflow for physician-modified endografts using Mixed Reality (MxR) technology, and to compare it with a conventional method in a phantom model experiment. The experiment consisted of two parts. In the first part, the feasibility of using a virtual MxR overlay to guide fenestration marking on a phantom stent graft was tested. Thirty-two observers each marked four fenestrations (F1-F4), totaling 128 markings. In the second part, 12 observers performed both the MxR-assisted workflow and a conventional method. Outcomes included positional accuracy, procedure time, usability, and number of required reattempts. Accuracy was assessed by comparing absolute and relative distances from ideal positions and fenestration centroids. The required time of the workflow was recorded. Usability was evaluated using the System Usability Scale (SUS) and the Post-Study System Usability Questionnaire (PSSUQ). In the feasibility test, mean deviations from ideal positions were 1.3 mm (F1), 1.0 mm (F2), 1.0 mm (F3), and 1.5 mm (F4). Centroid errors were 0.7 mm (clock position) and 0.5 mm (cranio-caudal). The workflow took 5:31 minutes on average, with step 2 requiring 2:55 minutes. SUS and PSSUQ scores indicated high usability (84.2/100 and 1.8/7, respectively). In the comparative analysis, the MxR group showed comparable accuracy to the conventional method but required fewer reattempts (3 vs 10) and less time (6.7 vs 14.6 minutes; P < .01). Usability ratings were significantly higher for MxR (SUS, 85.1 vs 43.2; P < .01). The MxR-assisted workflow enabled accurate, efficient, and user-friendly physician-modified endografts planning. At least in this experimental setup, it outperformed the conventional method in usability and speed, supporting its potential for broader clinical applications.",2025,Journal of vascular surgery cases and innovative techniques,,LIKELY_ADVANCE_CONFIRM,,,,,,,,,
2055,TA-09,40697626,10.3389/fpain.2025.1600637,Feasibility and user experience of augmented reality psychoeducation and mindfulness body scan for chronic low back pain.,"Chronic low back pain (CLBP) is prevalent and a multimodal therapy is indicated, including psychological treatment. Effective conventional treatments involve psychoeducation and mindfulness-based body scans, while virtual reality offers superior but temporary pain relief. Augmented Reality (AR), which combines conventional and virtual methods, is a novel therapeutic strategy. We investigated the viability and acceptability of an AR intervention for CLBP by incorporating psychoeducation and mindfulness-based body scan techniques. 40 participants in two studies with a one-arm design underwent an educational AR intervention (Study I, n 1 = 18) and an enhanced version with an additional body scan (Study II, n 2 = 22). The studies focused on evaluating technical feasibility and multiple facets of user experience. The results demonstrated high feasibility with low dropout rates (Study I: 10%, Study II: 0%). User experience ratings ranged from ""Above Average"" to ""Excellent,"" with the advanced intervention receiving higher ratings. While Study I showed no significant changes in affect pre- vs. post-intervention, Study II exhibited a significant reduction in negative affect and improved valence. Qualitative analysis provided insights into technical requirements and user perceptions. The AR prototype emerges as a promising psychoeducational tool for CLBP, aligning with current treatment guidelines and providing a basis for future controlled clinical trials. Limitations include the absence of a high-pain intervention group, as Study I reported a pain intensity of M = 1.05 and Study II reported M = 1.77 (Range: 0-10). Further research such as clinical trials with control groups is required to validate the efficacy of the piloted approach. The AR-based psychoeducation and mindfulness body scan intervention for CLBP demonstrated technical feasibility and a good user experience. Open Science Framework.io; https://doi.org/10.17605/OSF.IO/DSW5X and https://doi.org/10.17605/OSF.IO/XVJBZ.",2025,"Frontiers in pain research (Lausanne, Switzerland)",,LIKELY_ADVANCE_CONFIRM,,,,,,,,,
2056,TA-09,40697356,10.1155/np/5688648,"The Effects of Transcranial Direct Current Stimulation During Extended Reality Exercises for Cortical, Neuromuscular, and Clinical Recovery of Stroke Survivors.","Background: Rehabilitation methods that include anodal transcranial direct current stimulation (atDCS) and extended reality (XR) exercises have been used to enhance neural networks and improve functional performance in stroke patients, but the neuromuscular and neurophysiological mechanisms underlying these improvements are not fully understood. The purpose of this study was to examine the effects of atDCS during XR rehabilitation exercises on cortical, neuromuscular, and clinical outcomes of stroke survivors. Methods: Nineteen chronic stroke survivors were placed into either a transcranial direct current stimulation (tDCS) or a Sham group, without significant (p > 0.73) differences in the baseline levels of disability between groups. The tDCS group received active atDCS and the Sham group received sham atDCS applied on the ipsilesional primary motor cortex (M1) while performing a 10-session XR rehabilitation program. Surface electromyography (EMG) activity was recorded from deltoid and rectus femoris of the paretic limb without and with the application of active/sham atDCS on the M1. Shoulder abduction and hip flexion active maximum joint range of motion (ROMmax), electroencephalography (EEG)-derived brain symmetry index (BSI) and functional/clinical tests were assessed before and after the rehabilitation program. Results: EMG activity was ~ 31% greater during hip flexion of the paretic limb with the application of active atDCS than without atDCS (p=0.04). Paretic hip flexion ROMmax increased by ~ 26%, BSI decreased by ~ 72% (indicating greater brain symmetry) and timed up and go (TUG) functional test improved by ~ 11% from before to after the rehabilitation program for the tDCS group only (p < 0.05). No other significant differences (p > 0.05) were observed. Conclusion: It seems that the application of active atDCS targeted the ipsilesional M1 representation of the quadriceps, which potentiated muscle activation in the paretic rectus femoris during XR exercises and resulted in greater motor recovery in hip flexion movements. The EEG-derived BSI results also indicate that atDCS was effective in reorganizing the ipsilesional hemisphere brain activity after stroke.",2025,Neural plasticity,,LIKELY_ADVANCE_CONFIRM,,,,,,,,,
2057,TA-09,40696142,10.1038/s44172-025-00469-4,Design and fabrication of a low-cost liquid optical waveguide for augmented reality.,"The design and production of augmented reality (AR) waveguide combiners face considerable challenges due to the intricate nature of conventional fabrication techniques and the need for high precision. To overcome these obstacles, the field requires rapid prototyping methods that enable researchers and engineers to swiftly explore various designs and configurations, thereby accelerating the development process. Here, we have developed a cost-effective method for fabricating liquid geometric waveguide combiners for AR applications using silicone oil as the medium, leveraging the capabilities of Polyjet 3D printing. During the design phase, we optimized the structure of the waveguide combiner to facilitate easier fabrication. Our proposed method simplifies the production process by removing the need for complicated steps like dicing, layer bonding, and polishing, which are usually involved in traditional manufacturing techniques. We conducted optical simulations and developed a prototype using our patented fabrication method, successfully demonstrating its feasibility for rapid prototyping.",2025,Communications engineering,,LIKELY_ADVANCE_CONFIRM,,,,,,,,,
2058,TA-09,40695938,10.1038/s41598-025-12068-6,A blockchain secured metaverse framework for scalable and immersive telemedicine.,"The rapid evolution of telemedicine has enhanced healthcare accessibility, yet significant challenges persist, particularly in data security, patient engagement, latency, and scalability. Existing telemedicine solutions rely on centralized architectures, making Electronic Health Records (EHRs) susceptible to data breaches and unauthorized access. This research proposes a novel system which integrates the metaverse and blockchain into telemedicine which can be a transformative approach to solve problems in remote healthcare. By combining immersive virtual environments with decentralized data management, the proposed solution described in this paper aims to give users more ways to interact with each other, enhanced data security, increased efficiency, and higher scalability. The Metaverse serves as the foundation for the implementation of 3D consultation rooms, virtual training spaces, and individual care. Blockchain offers safe, transparent, and immutable data exchange that will create patient-empowered medical records for them. Real-time devices and analysis of real-time physiological data from wearables, sensors, Internet of Things (IoT) devices, and Artificial Intelligence (AI) analytics complete the system. The proposed solution extensively uses Virtual Reality (VR)/Augmented Reality (AR) devices, IoT sensors, Ethereum, and the Unity 3D platform, among others. Assessments indicate that system receives a significantly high level of satisfaction from its users, better secured data, increased automation of processes, and compliance with global standards such as General Data Protection Regulation (GDPR). Compliance with such global standards is achieved through smart contract-based access management, smart contract-based consent management, and immutable audit trails in the blockchain. Moreover, this research demonstrates that incorporating high-tech tools like AI and VR into telemedicine is currently feasible. This paves the way for the creation of even more secure and user-friendly telemedicine platforms that employ neural networks. This research sets a foundation for next-generation telemedicine ecosystems.",2025,Scientific reports,,LIKELY_ADVANCE_CONFIRM,,,,,,,,,
2059,TA-09,40695776,10.1038/s41377-025-01907-w,Micrometer-scale indirect photopatterning of RGB OLED emissive layers in single phase network structure.,"Organic light-emitting diodes (OLEDs) used in virtual and augmented reality displays require micrometer-scale red-green-blue (RGB) pixel patterns in the emissive layer (EML). However, conventional patterning methods based on evaporation and shadow masks can only produce patterns larger than tens of micrometers owing to the geometric constraint of the mask. Herein, an indirect method for photopatterning solution-processed OLED EMLs is proposed, which can be used to form micrometer-scale RGB pixel patterns without involving direct exposure to UV radiation or harsh etching processes on EMLs. EMLs can be patterned by i) forming a sacrificial photoresist (PR) pattern, ii) spin-coating an EML film, iii) converting the EML film into a single-phase network (SPN) structure by crosslinking vinylbenzyl-group-appended hosts and dopants at a low temperature, and iv) stripping the pre-formed PR pattern. Furthermore, repeating the process thrice results in the formation of RGB EML patterns. During the repeated process, the sacrificial PR pattern serves as a protective layer for the underlying EML pattern, effectively preventing the EML pattern from being exposed to solutions in subsequent processes. Using a conventional photolithography setup, we produced sets of RGB EML patterns with densities exceeding 3000 patterns/in., which indicated the potential of the method for industrial use.",2025,"Light, science & applications",,LIKELY_ADVANCE_CONFIRM,,,,,,,,,
2060,TA-09,40694240,10.1007/s10840-025-02095-8,Remote monitoring of leadless pacemakers using a novel conductive telemetry communication method.,"Remote care has become part of the standard of care for cardiac rhythm device management. The Aveir™ single-chamber (AR and VR) and dual-chamber (DR) leadless pacemaker (LP) systems (Abbott, Abbott Park, IL) utilize a novel conductive telemetry communication schema for device interrogation and programming. A patient transmitter is designed as an at-home remote monitoring solution that interrogates the Aveir leadless pacemaker system via conductive telemetry and transmits the patient data. To characterize the performance of a remote care system that interrogates implanted Aveir LP systems via conductive telemetry. Patients implanted with an Aveir DR, VR, or AR system were enrolled in a data collection study upon hospital IRB approval of the study. The study protocol included (1) in-clinic interrogation of the LP system using the patient transmitter in a controlled setting, in two modes of use (hand-held and wired modes); and (2) optional at-home interrogation using the patient transmitter. Thirty-one (25 males/6 females) subjects in three centers completed in-clinic interrogation of their Aveir system using the patient transmitter in both modes of use. Eighteen subjects completed at-home interrogation. Transmitter performance was comparable between modes of use, and between in-clinic and at-home interrogation. In all subjects 31/31 (100%), end-to-end remote care system use was successful. The initial, real-world experience of utilizing an end-to-end remote care system with Aveir LP patients demonstrated feasibility of this technology to offer an at-home remote monitoring solution for leadless pacemaker patients via conductive telemetry (Funded by Abbott Laboratories; Clinical Trials.gov ID:NCT06542133).",2025,Journal of interventional cardiac electrophysiology : an international journal of arrhythmias and pacing,,PRIORITY_VERIFY,,,,,,,,,
2061,TA-09,40692678,10.1145/3654777.3676449,CookAR: Affordance Augmentations in Wearable AR to Support Kitchen Tool Interactions for People with Low Vision.,"Cooking is a central activity of daily living, supporting independence as well as mental and physical health. However, prior work has highlighted key barriers for people with low vision (LV) to cook, particularly around safely interacting with tools, such as sharp knives or hot pans. Drawing on recent advancements in computer vision (CV), we present CookAR, a head-mounted AR system with real-time object affordance augmentations to support safe and efficient interactions with kitchen tools. To design and implement CookAR, we collected and annotated the first egocentric dataset of kitchen tool affordances, fine-tuned an affordance segmentation model, and developed an AR system with a stereo camera to generate visual augmentations. To validate CookAR, we conducted a technical evaluation of our fine-tuned model as well as a qualitative lab study with 10 LV participants for suitable augmentation design. Our technical evaluation demonstrates that our model outperforms the baseline on our tool affordance dataset, while our user study indicates a preference for affordance augmentations over the traditional whole object augmentations.",2024,Proceedings of the ACM Symposium on User Interface Software and Technology. ACM Symposium on User Interface Software and Technology,,PRIORITY_VERIFY,,,,,,,,,
2062,TA-09,40692536,10.1109/ismar-adjunct64951.2024.00055,Towards AI-Powered AR for Enhancing Sports Playability for People with Low Vision: An Exploration of ARSports.,"People with low vision (LV) experience challenges in visually tracking balls and players in sports like basketball and tennis, which can adversely impact their participation and health. We introduce ARSports, a wearable AR research prototype that overlays instance segmentation masks in near real-time for improving sports accessibility. To create ARSports, we manually collected and annotated novel first-person perspective sports datasets, fine-tuned instance segmentation models using this labeled data, and built an initial wearable AR prototype by combining the ZED Mini stereo camera with the Oculus Quest 2 VR headset. Our evaluations suggest that combining real-time computer vision and augmented reality to create scene-aware visual augmentations is a promising approach to enhancing sports participation for LV individuals. We contribute open-sourced egocentric basketball and tennis datasets and models, as well as insights and design recommendations from our pilot study with an LV research team member.",2024,... IEEE International Symposium on Mixed and Augmented Reality Adjunct (ISMAR-Adjunct). IEEE International Symposium on Mixed and Augmented Reality Adjunct (ISMAR-Adjunct),,LIKELY_ADVANCE_CONFIRM,,,,,,,,,
2063,TA-09,40690361,10.1109/MCG.2025.3555901,Meta-Objects: Interactive and Multisensory Virtual Objects Learned From the Real World for Use in Augmented Reality.,"We introduce the concept of a meta-object, a next-generation virtual object that inherits the form, properties, and functions of its real-world counterpart, enabling seamless synchronization, interaction, and sharing between the physical and virtual worlds. While plenty of today's virtual objects provide some sensory feedback and dynamic behavior, meta-objects fully integrate interactive and multisensory features within a structured data framework to enable real-time immersive experiences in a postmetaverse intelligent simulation platform. Three key components underpin the utilization of meta-objects in the postmetaverse: property-embedded modeling for physical and action realism, adaptive multisensory feedback tailored to user interactions, and a scene graph-based intelligence simulation platform for scalable and efficient ecosystem integration. By leveraging meta-objects through wearable augmented reality/virtual reality devices, the postmetaverse facilitates seamless interactions that transcend spatial and temporal barriers, paving the way for a transformative reality-virtuality convergence.",2025,IEEE computer graphics and applications,,LIKELY_ADVANCE_CONFIRM,,,,,,,,,
2064,TA-09,40690359,10.1109/MCG.2025.3559265,Inclusive Immersive Technology in Industry 5.0: Considering Spatial Computing Barriers for Users With Physical Impairments.,"Industry 5.0 offers the potential to reshape manufacturing processes and aims to improve the working environment for all users. The promise of the natural integration of immersive technologies, namely, augmented reality and virtual reality (AR/VR) and usable spatial interfaces, with traditional industry processes presents an opportunity to improve efficiency, accuracy, training, and collaboration. However, for Industry 5.0 to deliver on this potential, it is paramount that fully inclusive systems are created by placing all users at the center of the AR/VR spatial interface design, development, and implementation. This article discusses hurdles that could manifest in Industry 5.0 AR/VR spatial interfaces for users with physical impairments. We discuss the challenges that have been reported in prior academic literature specifically relating to software, hardware, ethics, and collaboration and connect these to spatial interface elements for potential Industry 5.0 uses of AR/VR technology. We present six indicative Industry 5.0 spatial interface scenarios, which cover a spectrum of potential applications ranging from training though to collaboration, and illustrate where these barriers may manifest for users with a physical impairment. While we do not present an exhaustive list of scenarios, we present a representation of tasks and a starting point for discussion, which can inform developers, designers, and researchers on how to consider a more inclusive approach to spatial Industry 5.0 interfaces.",2025,IEEE computer graphics and applications,,LIKELY_ADVANCE_CONFIRM,,,,,,,,,
2065,TA-09,40689659,10.1227/ons.0000000000001698,Transforming Neurosurgery With Spatial Computing: Enhancing Intraoperative Visualization and Precision Through Augmented Reality.,"Extended reality (XR) systems have emerged as transformative tools in neurosurgery, enhancing surgical planning, procedures, and outcomes. Integrating XR into intraoperative surgical environments represents a novel frontier in this field. This technical note explores the integration of XR systems into neurosurgical operating rooms (ORs) to leverage the capabilities of spatial computing and enhance surgical ergonomic conditions. We analyzed 3 neurosurgical cases using the Medivis surgical augmented reality (AR) platform. The Surgical AR system software coupled with a second-generation Microsoft HoloLens worn by the primary surgeon (R.D.) facilitated the overlay of surgical 3-dimensional volumes and exoscopic outputs in the surgeon's visual field. Exoscopic and endoscopic outputs were captured, streamed to the surgical AR computer, and then transmitted to the connected HoloLens for real-time manipulation and interaction by the primary surgeon. These cases demonstrated the ability of XR to enhance precision and visualization by overlaying real-time 3-dimensional high-resolution imaging with exoscopic and endoscopic outputs in the OR. The surgical AR platform, used with the Microsoft HoloLens, seamlessly integrated spatial computing in the OR setting, allowing the surgical team to maintain an ergonomic operating position, optimize sight lines, and reduce the OR footprint. Postoperatively, all patients recovered well without complications. Integrating wearable XR systems into neurosurgical procedures is a valuable tool that can enhance surgical precision, visualization, and ergonomics. By bringing spatial computing directly into the OR, XR systems provide an interactive view of the surgical field, thereby mitigating intraoperative risks and enhancing patient outcomes.",2026,"Operative neurosurgery (Hagerstown, Md.)",,LIKELY_ADVANCE_CONFIRM,,,,,,,,,
2066,TA-09,40688447,10.1016/j.jor.2025.06.022,The influence of CPAK classification on the pivot motion between kinematic and mechanical alignment total knee arthroplasty.,"This study investigated whether the preoperative coronal plane alignment of the knee (CPAK), categorized as type I or II, has an effect on postoperative tibial internal rotation (TIR) relative to the femur in patients who received a medial pivot-cruciate retaining (MP-CR) total knee arthroplasty (TKA). We retrospectively analyzed 62 patients who underwent MP-CR TKA with the GMK Sphere implant (Medacta International, Switzerland) from January 2024 to May 2025. Based on their CPAK classification, patients were divided into two groups (type I or II). Intraoperative kinematic assessments were performed using augmented reality (AR) CT-guided navigation (NextAR, Medacta), evaluating the dynamic elongation of medial and lateral collateral ligaments during either kinematic (KA) or mechanical alignment (MA) procedures. The primary measure was TIR at 30°, 60°, 90°, and 120° of knee flexion.Univariate analyses identified significant differences, which were further assessed using multi-way ANOVA to determine interactions with CPAK classification. Notable differences in TIR were found between CPAK types I and II at 60° (2.1° ± 4.8° vs. -2.0° ± 4.2°, p = 0.009), 90° (7.0° ± 4.3° vs. 2.1° ± 5.6°, p = 0.002), and 120° (13.1° ± 5.2° vs. 7.5° ± 4.9°, p = 0.002). Additionally, at 90°, sex and alignment method (KA vs. MA) showed significant interaction with CPAK classification (F = 6.4; p = 0.015), while the alignment method alone had no significant effect on TIR. The CPAK classification prior to surgery affected TIR outcomes regardless of the alignment method used, as measured via AR-CT navigation.",2025,Journal of orthopaedics,,LIKELY_ADVANCE_CONFIRM,,,,,,,,,
2067,TA-09,40688261,10.4174/astr.2025.109.1.44,Leveraging augmented reality for dynamic guidance in 3-dimensional laparoscopic and robotic liver surgery: a prospective case series study.,"Accurate anatomical knowledge and precise visualization are critical during liver surgery. We developed augmented reality (AR) software that overlays digital 3-dimensional (3D) models onto laparoscopic or robotic views, providing real-time visual aids for surgical navigation during 3D laparoscopic and robotic liver surgeries. This study assesses the accuracy of manual registration and the subjective perception of this AR software by the operator. Ten consecutive patients undergoing 3D laparoscopic or robotic liver surgery from December 2023 to February 2024 were selected for application of the AR software during surgery. Manual registration accuracy was quantified post-registration using the Dice similarity coefficient (DSC) to compare the stereoscopic and virtual liver images. A 6-question operator survey, using a 5-point Likert scale, was administered after each surgery to evaluate the software's helpfulness in clinical settings. Seven males and 3 females (mean age, 62.4 ± 6.4 years) underwent liver surgery (3D laparoscopic, 5; robotic, 5). Surgical procedures included 4 right hemihepatectomies, 1 extended left hemihepatectomy, 1 left lateral sectionectomy, and 4 segmentectomies. The mean tumor size was 4.4 ± 2.2 cm (range, 1.0-7.5 cm). The mean DSC was 0.912 ± 0.052 (range, 0.879-0.954). The operator rated registration alignment favorably before (mean score, 3.9 ± 1.1) and after mobilization (mean score, 4.1 ± 1.2). The software was reported as very helpful overall (mean score, 4.2 ± 0.8), and in locating blood vessels (4.2 ± 0.6) and tumors (4.3 ± 0.7). Clinical application of the AR software during 3D laparoscopic and robotic liver surgery is feasible, with favorable registration accuracy and high operator perception of helpfulness.",2025,Annals of surgical treatment and research,,LIKELY_ADVANCE_CONFIRM,,,,,,,,,
2068,TA-09,40687362,10.1016/j.dib.2025.111827,Multimodal cross-system virtual reality (VR) ball throwing dataset for VR biometrics.,"In this paper we present a multimodal cross-system dataset for virtual reality (VR) biometrics. The dataset consists of 41 right-handed participants performing a ball-throwing task in a Unity-based VR environment. Data is collected from the participants using the Meta Quest, HTC Vive, and HTC Vive Cosmos VR systems, covering both lighthouse and camera-based tracking systems. The dataset is the only known multi-VR system dataset for VR biometrics, in addition to being the only known one with external video of the user performing their VR task. During each session participants provide 10 trials by lifting and throwing the ball from the virtual pedestal and throwing it at the target. Participants provide data across 6 distinct sessions separated by at least 1 day, where data is collected from each VR system for 2 sessions. Using the VR system, our dataset records headset and hand controller, both left and right, positions and orientations as well as the trigger position of the dominant hand controller. The VR system data is provided as NumPy files. In addition to the data gather using the VR systems, we collect data using an externally mounted GoPro Hero 7 camera. The GoPro Hero 7 camera is mounted perpendicular to the participant such that the whole interaction is visible in the image frame. The data from the GoPro is collected at 60 frames per second and manually cropped to include only the full view of the participant. The cropped videos are synchronized to the VR motions and provided as MPEG-4 (MP4) videos. Using the GoPro videos, we generate COCO body keypoints using the MMPose and OpenPose toolboxes and provide the data as JSON files. The VR system headset and hand controllers capture movement of the participant's head and hands. The external GoPro video and associated body keypoints enable capture of body parts on the participant's dominant side that are not tracked by the VR system. Our dataset also provides participant demographics in the form of Self-Identified Gender, Age, Height (in), Weight (lb), Writing Hand, Throwing Hand, Throwing Sport Experience, Type of Throwing Sport, and VR Experience. Finally, we provide capture time summary data that provides temporal differences in days between successive sessions for each participant. The provided dataset enables research in cross-system VR biometrics with and without external video and body keypoint. The dataset also enables researchers to extend beyond the headset and hand controllers by using 2D motion trajectories from the body keypoints. Using demographic information, researchers can use the dataset to understand the impact of various demographic characteristics on VR biometrics. Temporal data can enable an understanding of short-term movement evolution captured using virtual and real-world sensing techniques. The dataset enables development of cross domain motion trajectory prediction from 2D to 3D or vice versa.",2025,Data in brief,,PRIORITY_VERIFY,,,,,,,,,
2069,TA-09,40686303,10.1002/advs.202508774,Meta-Dispersive 3D Chromatic Confocal Measurement.,"3D reconstruction can perceive the detailed structures of real-world objects. Integrating metasurfaces with stereo vision or structured-light projection enables compact and efficient 3D reconstruction systems, beneficial for next-generation sensing, augmented reality, and biomedical applications. Nevertheless, the limitations inherent in these visual measurement methods pose a significant challenge to achieving higher resolution. Here, a dispersive metalens (DML) combined with the chromatic confocal method is proposed to achieve high-precision 3D measurement. With appropriate engineered dispersion, the linearity of the dispersion is well maintained, alongside diffraction-limited focusing performance. As a proof-of-concept, experiments on both longitudinal and transversal measurements are conducted. Following the calibration of the DML, axial accuracy of ±4 µm and a subwavelength axial resolution of 0.325 µm is achieved. The successful reconstruction of a fabricated 3D USAF-1951 resolution test chart further corroborates the 3D measurement capability, demonstrating a lateral resolution exceeding 4.38 µm. It is envisioned that the proposed method will pave the way for future applications in areas such as microstructure characterization, industrial inspection, and on-chip 3D optical metrology.",2025,"Advanced science (Weinheim, Baden-Wurttemberg, Germany)",,LIKELY_ADVANCE_CONFIRM,,,,,,,,,
2070,TA-09,40685293,10.1053/j.jvca.2025.06.027,Augmented Reality-aided Rescue Ultrasound Curriculum for Perioperative Crisis Management.,"To develop anesthesiology residents' proficiency in ultrasound for managing hemodynamically unstable patients using an augmented reality-aided multimodal competency-based curriculum (rescue ultrasound [RUS] curriculum). This prospective study used a quasi-experimental design, involving a nonrandomized, pre-post intervention assessment of the novel competency-based RUS curriculum. This study was conducted at a university hospital. This single-center prospective study involved 10 attending anesthesiologists for baseline ultrasound data, 8 residents completing traditional training, and 15 residents completing the novel RUS curriculum. This study enrolled third-year categorical anesthesia (CA-3) residents to evaluate the impact of a novel RUS curriculum. Competency benchmarks were defined using objective performance metrics derived from motion metrics data, with expert results as a reference. The study utilized task trainers and augmented reality (HoloLens) to teach RUS skills, and clinical transferability of the curriculum's impact was evaluated through a standardized scenario with a simulated hemodynamically unstable patient. The time taken to request ultrasound was compared between the RUS-trained residents and the non-RUS-trained residents using the Mann-Whitney U test. Curriculum-trained residents averaged 72.3 seconds (standard deviation = 23.2) for ultrasound calls, compared with 294.9 seconds (standard deviation = 110.6) for nontrained residents. The motion metrics-derived data (path length, acceleration, and time) of curriculum-trained residents were comparable with those of experts. An augmented reality-aided multimodal RUS curriculum was developed as a training modality. After completion of training, residents integrated ultrasound into clinical practice at an earlier stage of hemodynamic instability and developed RUS skills that were comparable with experts' performance.",2025,Journal of cardiothoracic and vascular anesthesia,,LIKELY_ADVANCE_CONFIRM,,,,,,,,,
2071,TA-09,40683064,10.1016/j.cptl.2025.102441,Learners' perspective on the inclusion of gamification and advanced technology as teaching methods in undergraduate pharmacy curriculum: A one-arm post-interventional assessment.,"Gamification involves applying game design elements to non-game contexts. Pharmacy students often encounter overwhelming resources, highlighting the need for innovative strategies to enhance learning. To assess undergraduate pharmacy students' perceptions of using gamification and advanced technology (AT) as teaching methods at the University of Nigeria Nsukka (UNN). A one-arm post-interventional survey was conducted, using stratified random sampling to select participants from professional pharmacy classes. The intervention involved a video-based tutorial educating students on gamification and AT, followed by a Google form questionnaire to gather responses. Descriptive statistics summarized the data, while Chi-square and regression analyses identified factors influencing perceptions and outcomes. A total of 441 students participated (response rate = 72.1 %), with 271 (61.5 %) female participants and 266 (60.3 %) living off-campus. Only 26 (5.9 %) found traditional teaching methods effective, and 197 (44.7 %) reported difficulty understanding course content, with 282 (63.9 %) resorting to cramming. Prior to the intervention, 105 (23.8 %) and 222 (51.4 %) were familiar with gamification and AT concepts, respectively. After the intervention, 244 (55.3 %) agreed that gamification and 258 (58.5 %) advanced technology such as simulated learning to improve learning experiences. Gender (being male) was a predictor of a lower likelihood of achieving positive outcomes from gamification and AT in pharmacy education (OR: 0.394, 95 % CI: 0.230-0.673, p = 0.001). Overall, pharmacy students had a fair knowledge of gamification and advanced technology, and most believed that these approaches would enhance their learning outcomes, suggesting a strong potential for integrating such methods into pharmacy education.",2025,Currents in pharmacy teaching & learning,SECONDARY_OR_COMMENTARY_TITLE,LIKELY_EXCLUDE_CONFIRM,E-SECONDARY,,,,,,,,
2072,TA-09,40679173,10.1111/ger.70007,Effectiveness of Virtual Reality and Augmented Reality Training Modules for Geriatric Oral Care in a Residential Aged Care Facility: A Quasi-Experimental Study.,"This study aimed to compare the effectiveness of virtual reality (VR) and augmented reality (AR) geriatric oral care modules with traditional teaching methods for training nurses, nursing assistants (NAs), and residents in a residential aged care facility (RACF). VR/AR geriatric oral care modules have been used to enhance the knowledge, attitudes, and self-efficacy of nursing students and NAs regarding geriatric oral health. This study employed a quasi-experimental design. The experimental group, consisting of nurses and NAs, received training through VR/AR geriatric oral care modules, whereas the control group attended a traditional 2-h lecture on oral care. The effectiveness of the training in terms of knowledge, attitudes, and self-efficacy related to geriatric oral care among nurses and NAs was analysed using generalised estimating equations. Three months after the training, the oral care attitude scores of the nurses and NAs in the experimental group (26.0 ± 1.3) were significantly higher than those in the control group (23.5 ± 2.4, β = -3.7). The two training methods showed similar effects on knowledge and self-efficacy immediately after the training and 3 months later. However, no improvement in oral function was observed in residents of either group at the three-month follow-up. Training with VR/AR modules for geriatric oral care can significantly enhance the attitudes of nurses and NAs 3 months after training in an RACF. It is recommended that such training be conducted regularly for nurses and NAs to further evaluate its effectiveness.",2026,Gerodontology,,LIKELY_ADVANCE_CONFIRM,,,,,,,,,
2073,TA-09,40678684,10.1016/j.xnsj.2025.100621,Can artificial intelligence in spine imaging affect current practice? Practical developments and their clinical status.,"As artificial intelligence (AI) increases its footprint in spine imaging, gauging the clinical relevance of new developments poses an increasingly difficult challenge, especially given the majority of developments reflect experimental or early work. With this summary of available AI tools, focusing on those in clinical use, the benefits of AI in spine imaging are explained for radiologists and surgeons to understand the current state of and potentially the decision to adopt AI in clinical practice. Through a narrative review of publications relating to ""artificial intelligence"" and ""spine imaging"" in the PubMed database, this article provides an update on AI applications in spine imaging being utilized in current clinical practice. Current applications of AI in spine imaging range from deep learning image reconstruction and denoising, spine segmentation and biometry, radiological report generation, surgical outcomes prediction, surgical planning, to intraoperative assistance. Developments in deep learning reconstruction (DLR) are most mature and demonstrate improvements to imaging speed and interpretability compared to non-AI alternatives. While clinical implementations exist in other use cases, their performance remains either an area of active investigation or comparable to the level of a human. Uses of AI in spine imaging span multiple applications with early clinical implementation in most areas, suggesting a promising future ahead.",2025,North American Spine Society journal,,PRIORITY_VERIFY,,,,,,,,,
2074,TA-09,40678016,10.1145/3706598.3713847,VisiMark: Characterizing and Augmenting Landmarks for People with Low Vision in Augmented Reality to Support Indoor Navigation.,"Landmarks are critical in navigation, supporting self-orientation and mental model development. Similar to sighted people, people with low vision (PLV) frequently look for landmarks via visual cues but face difficulties identifying some important landmarks due to vision loss. We first conducted a formative study with six PLV to characterize their challenges and strategies in landmark selection, identifying their unique landmark categories (e.g., area silhouettes, accessibility-related objects) and preferred landmark augmentations. We then designed VisiMark, an AR interface that supports landmark perception for PLV by providing both overviews of space structures and in-situ landmark augmentations. We evaluated VisiMark with 16 PLV and found that VisiMark enabled PLV to perceive landmarks they preferred but could not easily perceive before, and changed PLV's landmark selection from only visually-salient objects to cognitive landmarks that are more important and meaningful. We further derive design considerations for AR-based landmark augmentation systems for PLV.",2025,Proceedings of the SIGCHI conference on human factors in computing systems. CHI Conference,,LIKELY_ADVANCE_CONFIRM,,,,,,,,,
2075,TA-09,40677846,10.1016/j.jcot.2025.103109,Game-based learning in orthopaedics: A comprehensive review.,"Game-based learning (GBL) has emerged as a transformative approach in medical education. It has a useful role in orthopaedic education, where the acquisition of both complex knowledge and technical skills is paramount. This comprehensive literature review explored the current modalities of GBL in orthopaedic training, including gamified knowledge review and formative assessment, gamification of surgical training tasks, simulation-based training game, and virtual and augmented reality (VR/AR) games. Gamification of knowledge review and formative assessment platforms incorporates game elements such as leaderboards and challenges into educational activities, fostering learners' engagement during knowledge acquisition. Gamification of surgical training tasks provides an alternative to traditional mode of learning inside operating theatres via gamified approaches such as timed practice, puzzle games and escape rooms. Simulation-based games provide structured environments for practicing surgical techniques, offering objective assessments and feedback to identify areas for improvement. VR/AR technologies further enhance orthopaedic education by creating immersive, interactive simulations that mimic clinical scenarios, enabling trainees to build foundational surgical skills in a safe, controlled environment. Furthermore, this article discusses the benefits and limitations of GBL, and the future directions of development in the context of orthopaedics. GBL modalities have demonstrated significant benefits, including improved psychomotor skills, cognitive engagement, and motivation among trainees. However, barriers such as high costs, technical challenges, and the ceiling effect, where additional training yields diminishing returns, limit widespread adoption. Additionally, long-term outcomes such as skill retention and transferability to live surgery require further investigation. Future advancements in GBL are expected to integrate cutting-edge technologies like artificial intelligence and haptic feedback into VR/AR systems, enhancing realism and effectiveness. With wider adoption, more accessible innovations and development of standardized orthopaedic training frameworks incorporating GBL modalities, GBL can be an important adjunct in preparing the next generation of orthopaedic surgeons in the modern era of orthopaedic education.",2025,Journal of clinical orthopaedics and trauma,,LIKELY_ADVANCE_CONFIRM,,,,,,,,,
2076,TA-09,40676342,10.1007/s11548-025-03473-3,Landmark-free automatic digital twin registration in robot-assisted partial nephrectomy using a generic end-to-end model.,"Augmented Reality in Minimally Invasive Surgery has made tremendous progress in organs including the liver and the uterus. The core problem of Augmented Reality is registration, where a preoperative patient's geometric digital twin must be aligned with the image of the surgical camera. The case of the kidney is yet unresolved, owing to the absence of anatomical landmarks visible in both the patient's digital twin and the surgical images. We propose a landmark-free approach to registration, which is particularly well-adapted to the kidney. The approach involves a generic kidney model and an end-to-end neural network, which we train with a proposed dataset to regress the registration directly from a surgical RGB image. Experimental evaluation across four clinical cases demonstrates strong concordance with expert-labelled registration, despite anatomical and motion variability. The proposed method achieved an average tumour contour alignment error of 7.3 ± 4.1  mm in 9.4 ± 0.2  ms. This landmark-free registration approach meets the accuracy, speed and resource constraints required in clinical practice, making it a promising tool for Augmented Reality-Assisted Partial Nephrectomy.",2025,International journal of computer assisted radiology and surgery,,LIKELY_ADVANCE_CONFIRM,,,,,,,,,
2077,TA-09,40674189,10.1109/TVCG.2025.3590002,Assessing the Effectiveness of Mixed Reality as a Simulation Tool for Augmented Reality Office Applications.,"Virtual content in augmented reality (AR) applications can be tailored to a designer's specifications. However, real-world environments are challenging to control precisely or replicate fully. Consequently, prototyping AR applications for specific environments is often difficult. One potential solution is employing mixed reality (MR) to simulate an AR system, enabling controlled experiments. Nevertheless, the effectiveness of using MR to simulate AR office work remains underexplored. In this paper, we report the results of a user study (N = 40) that investigated the impact of an MR simulation of an AR office on participants' task performance and cognitive workload (CWL). Participants completed several office tasks in both an AR scene featuring a virtual monitor and an MR-simulated AR scene. During these tasks, CWL was measured using electroencephalography (EEG) and a subjective questionnaire. The results show that the performance of the pass-through window is a major constraint on the effectiveness of the MR simulation office. Finally, we discuss the study's limitations and directions for future research.",2025,IEEE transactions on visualization and computer graphics,,LIKELY_ADVANCE_CONFIRM,,,,,,,,,
2078,TA-09,40674187,10.1109/TVCG.2025.3589283,Working in Extended Reality in the Wild: Worker and Bystander Experiences of XR Virtual Displays in Public Real-World Settings.,"Although access to sufficient screen space is crucial to knowledge work, workers often find themselves with limited access to display infrastructure in remote or public settings. While virtual displays can be used to extend the available screen space through extended reality (XR) head-worn displays (HWD), we must better understand the implications of working with them in public settings from both users' and bystanders' viewpoints. To this end, we conducted two user studies. We first explored the usage of a hybrid AR display across real-world settings and tasks. We focused on how users take advantage of virtual displays and what social and environmental factors impact their usage of the system. A second study investigated the differences between working with a laptop, an AR system, or a VR system in public. We focused on a single location and participants performed a predefined task to enable direct comparisons between the conditions while also gathering data from bystanders. The combined results suggest a positive acceptance of XR technology in public settings and show that virtual displays can be used to accompany existing devices. We highlighted some environmental and social factors. We saw that previous XR experience and personality can influence how people perceive the use of XR in public. In addition, we confirmed that using XR in public still makes users stand out and that bystanders are curious about the devices, yet have no clear understanding of how they can be used.",2025,IEEE transactions on visualization and computer graphics,,LIKELY_ADVANCE_CONFIRM,,,,,,,,,
2079,TA-09,40673282,10.1016/j.jobcr.2025.06.022,Augmented reality-guided endodontics: Minimally invasive access through the prosthesis using AReneto® system - A case series.,"Vital tooth preparation for dental prosthesis can lead to apical periodontitis due to factors such as exposed dentinal tubules, poor prosthesis fit, and inadequate oral hygiene. These issues often necessitate root canal treatment. However, removing prosthesis is challenging, particularly when patients hesitate due to cost, complicating treatment decisions. This case series explores the use of the AReneto® system, an augmented reality (AR)-guided approach, for minimally invasive access through existing prosthesis. Two patients with porcelain-fused-to-metal (PFM) bridge prosthesis presented with pain and periapical pathology. Preoperative virtual planning of the access cavity was performed. The planned access was projected into the clinician's field of view via AReneto® system with the help of the AR glasses to provide guidance during the treatment procedure. The AReneto® system enabled accurate access through the existing prosthesis. The root canals were cleaned, shaped, and obturated successfully. Follow-up appointments showed resolution of symptoms and healing of periapical pathology, confirming the effectiveness of this minimally invasive approach. The AReneto® system allows for precise and minimally invasive endodontic access through existing prosthesis, eliminating the need for prosthesis removal. This reduces the complexity of treatment, enhances efficiency, and ensures successful clinical outcomes. The AReneto® system provides an innovative approach that enhances the precision and efficiency of minimally invasive endodontic procedures.",2025,Journal of oral biology and craniofacial research,,LIKELY_ADVANCE_CONFIRM,,,,,,,,,
2080,TA-09,40672840,10.3389/fmed.2025.1598619,Anatomical landmark-guided laparoscopy for migrant fishbone - induced pancreatic abscesses: a case series study and review of the literature.,"Pancreatic abscesses resulting from gastrointestinal fishbone migration represent rare yet clinically challenging surgical emergencies, with standardized management protocols remaining undefined. We analyzed three consecutive cases (2024-2025) treated via anatomical landmark-guided laparoscopy alongside 11 PubMed-indexed cases (2004-2025). This study evaluates a novel surgical paradigm for complete foreign body retrieval and abscess resolution. The laparoscopic strategy achieved technical precision with minimal operative duration (73 ± 6 min) and blood loss (6.67 ± 4.71 mL), eliminating pancreatic fistula or hemorrhagic complications. Postoperative hospitalization was reduced by 43% compared to conventional interventions (5.3 ± 1.5 vs. 9.3 ± 3.1 days; *p* < 0.01). Crucially, this strategy attained hemostatic efficacy equivalent to augmented reality navigation (ARN)-assisted techniques without preoperative conditioning. These findings establish a reproducible framework integrating anatomical landmark navigation for emergency pancreatic abscess management. The approach offers clinically validated advantages in procedural safety, visceral preservation, and accelerated recovery trajectories compared to existing strategies.",2025,Frontiers in medicine,,LIKELY_ADVANCE_CONFIRM,,,,,,,,,
2081,TA-09,40670943,10.1186/s12891-025-08921-4,Conditional GAN performs better than orthopedic surgeon in virtual reduction of femoral neck fracture.,"Satisfied reduction of fracture is hard to achieve. The purpose of this study is to develop a virtual fracture reduction technique using conditional GAN (Generative Adversarial Network), and evaluate its performance in simulating and guiding reduction of femoral neck fracture, which is hard to reduce. We compared its reduction quality with manual reduction performed by orthopedic surgeons. It is a pilot study for augmented reality assisted femoral neck fracture surgery. To establish the gold standard of reduction, we invited an orthopedic surgeon to perform virtual reduction registration with reference to the healthy proximal femur. The invited orthopedic surgeon also performed manual reduction by Mimics software to represent the capability of human doctor. Then we trained conditional GAN models on our dataset, which consisted 208 images from 208 different patients. For displaced femoral neck fractures, it is not easy to measure the accurate angles, like Pauwels angle, of the fracture line. However, the fracture lines would be clearer after reduction. We compared the results of manual reduction, conditional GAN models and registration by Pauwels angle, Garden index and satisfied reduction rate. We tried different number of downsampling (α) to optimize the performance of conditional GAN models. There were 208 pre-surgical CT scans from 208 patients included in our study (age 69.755 ± 13.728, including 88 men). The Pauwles angles of conditional GAN model(α = 0) was 38.519°, which was significantly more stable than manual reduction (44.647°, p < 0.001). The Garden indices of conditional GAN model(α = 0) was 176.726°, which was also significantly more stable than manual reduction (163.590°, p = 0.002). The satisfied reduction rate of conditional GAN model(α = 0) was 88.372%, significantly higher than manual reduction (53.488%, p < 0.001). The Pauwels angles, Garden indices and satisfied reduction rate of conditional GAN model(α = 0) showed no difference to registration. Conditional GAN model(α = 0) can achieve better performance in the virtual reduction of femoral neck fracture than orthopedic surgeon.",2025,BMC musculoskeletal disorders,,LIKELY_ADVANCE_CONFIRM,,,,,,,,,
2082,TA-09,40668845,10.1371/journal.pone.0324740,Integrating augmented reality virtual patients into healthcare training: A scoping review of learning design and technical requirements.,"Augmented reality (AR) enables users to view the real world with enhanced digital information, making it a transformative tool in education. Virtual patients (VPs) technology is also defined as ""a specific type of computer-based application that simulates real-world clinical scenario. AR and VPs offer interactive and immersive learning experiences, with AR enhancing the understanding of complex concepts and VPs providing hands-on practice in clinical scenario. This scoping review aims to identify an integrated learning design framework and the technical requirements for augmented reality-based virtual patient Simulation in healthcare professions education. This study employed a scoping review methodology that adhered to the PRISMA-ScR checklist and the Joanna Briggs Institute (JBI) guidelines, conducted between September and October 2024. The review covered six reputable databases: MEDLINE (PubMed), Science Direct (Elsevier), Web of Science (Clarivate), Cochrane library, ERIC, Scopus. A comprehensive search yielded 924 potential studies. Articles were selected via a two-stage screening process, involving title/abstract and full-text reviews based on predefined inclusion criteria. Disagreements were resolved through consultation, resulting in 27 studies being included. Eligible studies focused on augmented reality (AR)-based virtual patient (VP) technology in healthcare education, encompassing observational, quasi-experimental, and descriptive designs. Exclusions comprised grey literature, irrelevant studies, non-full-text articles, and non-AR/VP-focused research (e.g., standalone virtual reality). Various design approaches were employed, including situated learning, experiential learning, and the ADDEI model. The technical foundations of these studies were diverse, with Unity, UTTIME and PalpSim being commonly used software platforms. It is recommended that future studies thoroughly investigate each of these design framework and the technical requirements of VPAR, examining them in greater detail from various cultural, economic, social, and emotional perspectives. Tackling these problems will be a crucial stride towards enhancing and optimizing education for healthcare professions education.",2025,PloS one,SECONDARY_OR_COMMENTARY_TITLE,LIKELY_ADVANCE_CONFIRM,,,,,,,,,
2083,TA-09,40664893,10.1038/s41598-025-11119-2,Exploring the effects of AR presence and personal norms on museum visitor pro-environmental behaviour intentions.,"While most research on virtual reality (VR) and Augmented Reality (AR) technology in museum tourism have focus on visitors' experience and stakeholders' views on AR projects, the relationship between VR/AR technology, personal norms and behaviour intentions of museum visitors has been overlooked. This study integrates the Norm Activation Theory (NAT) and the stimulus organism response (SOR) paradigm, and mainly studied that the impact of AR technology on personal norms and the pro-environmental behaviour intentions of museum visitors. Taking the AR project of the Marine Animal Branch in the Guangdong Museum as an example, this study collected 401 valid questionnaires and used confirmatory factor analysis for validity testing and structural equation analysis for hypothesis testing. This study found that the awareness of consequence of museum visitors positively affects personal norms through ascribed responsibility, and personal norms positively affect pro-environmental behavioural intentions. Personal norms are a direct factor affecting the museum visitors' pro-environmental behavioural intentions. The study also discovered that attitudes positively affect museum visitors' pro-environmental behavioural intentions. This study extends normative activation theory, and proposes a new theoretical model. Moreover, this study further confirms the causal chain of awareness of consequences-ascribed responsibility-personal norms-behaviour intention and proposes that awareness of consequence can influence attitudes and, thus, pro-environmental behavioural intentions. These additions it expected to enhance the predictive validity and explanatory power of Norm Activation Theory related to tourists' pro-environmental behavior. The conclusions of this study provide practical suggestions for the application of new technologies in the management of museums and other similar scenic spots.",2025,Scientific reports,,LIKELY_ADVANCE_CONFIRM,,,,,,,,,
2084,TA-09,40658668,10.1371/journal.pone.0327311,Exploring sentiments and topics in Extended Reality learning environments: A comparative study.,"This study explored online users' sentiments about the use and application of Extended Reality (XR) in higher education. X social media platform was used as the main source for assessing users' perceptions of XR in teaching and learning. A topic modelling approach was used to identify and compare main themes and topics in relation to the use of Virtual Reality (VR) and Augmented Reality (AR)/Mixed Reality (MR). The sentiment and polarity of each topic were assessed and compared across these technologies. The results revealed three themes for VR (self-directed learning, creativity-promoting environments, and challenges and concerns) and three themes for AR/MR (guided and oriented learning experience, playful and flexible learning experience, and challenges and concerns). The results also demonstrated significant differences in users' sentiments, with VR use in higher education achieving higher positivity, anticipation, trust, and joy compared to AR/MR. Findings from this study are unique in the sense that they offer a comparative perspective on XR inclusion in university teaching and learning. The findings can direct policy makers in higher education about the suitability and feasibility of using certain XR technologies in facilitating their digital transformation goals.",2025,PloS one,,LIKELY_ADVANCE_CONFIRM,,,,,,,,,
2085,TA-09,40658652,10.3791/68386,Photorealistic Learned Landscapes for Augmented Reality.,"The ability to create photorealistic 3D reconstructions of real-world environments from standard color images has numerous applications in fields such as healthcare, education, and industry. This paper presents a novel system that integrates advanced techniques such as structure from motion, incremental scene registration, and Gaussian Splatting to reconstruct detailed 3D models. These models are seamlessly integrated into virtual reality environments to enable immersive interaction. The pipeline begins with the capture of 360-degree images using a matrix-based pattern for comprehensive coverage. The images are processed using COLMAP to estimate camera poses and generate a sparse point cloud. Gaussian Splatting refines the reconstruction by optimizing the positions, shapes, and appearance of the points to produce highly realistic 3D environments. These models are then rendered in Unity, enabling interaction by VR headsets and supporting additional features such as avatars driven by large language models. One use case demonstrates the versatility of the system. In healthcare, the approach creates controlled, familiar virtual spaces for therapy, particularly beneficial for people with autism spectrum disorders. The immersive environments and interactive avatars provide a safe and comfortable environment for personalized therapy. This system offers significant advantages, including high visual fidelity, ease of image acquisition, and immersive user experiences. However, challenges remain, such as the computational cost of Gaussian Splatting and its reliance on accurate camera pose estimation. By overcoming these limitations, this method has the potential to transform applications in various domains, ranging from therapeutic interventions to industrial design and cultural preservation.",2025,Journal of visualized experiments : JoVE,,LIKELY_ADVANCE_CONFIRM,,,,,,,,,
2086,TA-09,40657933,10.1177/21925682251359298,"Low-Cost Augmented Reality System in Endoscopic Spine Surgery: Analysis of Surgeon Ergonomics, Perceived Workload and A Step-by-Step Guide for Implementation.","Study DesignProspective controlled study.ObjectivesTo evaluate the impact of an augmented reality (AR) visualization system on surgeon workload and ergonomics during endoscopic spine surgery, compared to conventional display monitors.MethodsTen experienced endoscopic spine surgeons (five neurosurgeons and five orthopedic surgeons; mean age 54 years) each performed 20 surgeries: the first 10 using traditional displays and the following 10 with a novel AR system. A step-by-step guide for AR system setup and utilization is provided. Workload was assessed using the NASA Task Load Index (NASA-TLX), and ergonomics were evaluated using the Rapid Upper Limb Assessment (RULA) score after each procedure. Paired t-tests or Wilcoxon signed-rank tests were used to compare traditional and AR systems, with normality assessed via the Shapiro-Wilk test.ResultsUse of the AR system resulted in significantly lower NASA-TLX scores, particularly in physical demand, effort, and performance domains (P < 0.001). RULA scores improved substantially, decreasing from a mean of 6.0 with traditional displays to 3.0 with AR (P < 0.001), indicating improved ergonomic posture. All surgeons demonstrated consistent reductions in perceived workload and ergonomic risk when utilizing the AR system.ConclusionsIntegration of an AR visualization system in endoscopic spine surgery significantly reduces cognitive workload and improves ergonomic posture compared to traditional displays. These findings suggest that AR technology may enhance surgical efficiency, promote surgeon well-being, and support the long-term sustainability of minimally invasive spinal procedures.",2026,Global spine journal,,LIKELY_ADVANCE_CONFIRM,,,,,,,,,
2087,TA-09,40657526,10.1109/JTEHM.2025.3557250,"Projected AR Serious Game ""Painting Discovery"" for Shoulder Rehabilitation: Assessment With Technicians, Physiotherapists, and Patients.","Motivation and adherence are crucial for effective rehabilitation, yet engagement remains a challenge in upper limb physiotherapy. Serious Games (SGs) have emerged as a promising tool to enhance patient motivation. This study evaluates Painting Discovery, a projected augmented reality (AR) SG for shoulder rehabilitation, assessing engagement, ergonomics, and its potential to differentiate motor performance between healthy and those with rheumatoid arthritis, bursitis, subacromial impingement, rotator cuff tear, or calcific tendinopathy. Additionally, it examines improvements in pathological subjects following physiotherapy. Sixteen healthy and seven pathological subjects participated. Engagement, ergonomics, and satisfaction were assessed using Likert-scale questionnaires. Motor performance was evaluated through completion time, speed, acceleration, and normalized jerk. Four pathological subjects underwent pre- and post-physiotherapy assessments over six weeks. SG was highly engaging and ergonomic, with no significant differences based on prior video game or AR experience. The pathological group had longer completion times ([Formula: see text]s vs. [Formula: see text]s, p < 0.001), lower acceleration ([Formula: see text] m/s2 vs. [Formula: see text] m/s2, p < 0.001), and higher jerk ([Formula: see text] m/s3 vs. [Formula: see text] m/s3, p = 0.025) then healthy subjects. After physiotherapy, completion time and normalized jerk indicated enhanced efficiency and control. Painting Discovery shows strong potential as an engaging, accessible rehabilitation tool. While effective in differentiating motor impairments, its small sample size and horizontal-plane movement focus limit broader conclusions. Future studies should expand participation, incorporate vertical-plane movements, and refine performance metrics for clinical validation.",2025,IEEE journal of translational engineering in health and medicine,,LIKELY_ADVANCE_CONFIRM,,,,,,,,,
2088,TA-09,40655245,10.1002/jeo2.70369,High accuracy and learning curve improvement of augmented reality in total knee arthroplasty: A single-centre study on 157 patients.,"Augmented reality (AR) technology is emerging as a viable alternative for improving surgical precision in total knee arthroplasty (TKA). While previous studies have assessed AR accuracy, limited research has explored its learning curve and long-term performance. This study evaluates the accuracy of an AR-assisted system in achieving pre-planned osteotomies and investigates potential improvements over time with increased surgical experience. A total of 157 patients underwent TKA using an AR-based guidance system, with preoperative planning defining varus/valgus and posterior slope angles. The achieved angles were compared to planned values using two error assessment metrics. Additionally, the data from the first 76 procedures were compared to the last 81 to assess a learning curve effect. Surgical time and blood loss were also evaluated. The AR system maintained high accuracy, with mean deviations of 0.47 ± 0.54° for varus/valgus and 0.76 ± 0.74° for posterior slope. Errors remained below 1° in the majority of cases (98.1% for varus/valgus and 86.0% for posterior slope). Over time, a learning effect was observed, with mean errors decreasing by up to 44.6% for varus/valgus and 8.6% for posterior slope. No significant differences were found in surgery duration or blood loss between the AR and control groups. This study confirms the reliability of AR-based guidance in TKA, demonstrating its ability to achieve precise osteotomies with minimal intraoperative variability. Additionally, the results suggest a learning curve effect, with improved accuracy over time. These findings support AR as a promising, cost-effective alternative to robotic navigation in knee surgery. Level II.",2025,Journal of experimental orthopaedics,,LIKELY_ADVANCE_CONFIRM,,,,,,,,,
2089,TA-09,40652748,10.1016/j.burns.2025.107612,Technological resources in the rehabilitation of adult burn patients: A scoping review.,"The importance of investigating innovative technologies to improve patient rehabilitation is fundamental in the current context of healthcare. This highlights the need to map the technological resources used in the rehabilitation of adult burn patients. A scoping review was conducted according to the parameters set by the Joanna Briggs Institute (JBI) guidelines and structured using the PRISMA-ScR (Preferred Reporting Items for Systematic Reviews and Meta-Analyses for Scoping Reviews). The scientific literature search covered various databases: Medline, CINAHL, SportDiscus, Psychology & Behavioral Sciences Collection, Scopus, SciELO, and the Cochrane Library. The inclusion criteria considered studies related to the use of technological resources in the rehabilitation of burn patients. The research was conducted until November 2024. A total of 19 articles published between 2000 and 2024 were included. The technological resources analyzed included virtual reality (10 studies), exergames (6 studies), exoskeletons (4 studies), and augmented reality (1 study). These resources primarily aimed to promote motor functionality, increase muscle strength, and enhance joint range of motion. The technologies applied to the rehabilitation of burn patients represent a promising advancement, with the potential to transform the paradigm of rehabilitation, making it more interactive. Future research should focus on a detailed analysis of the long-term benefits and on integrating these technologies into standard rehabilitation protocols.",2025,Burns : journal of the International Society for Burn Injuries,SECONDARY_OR_COMMENTARY_TITLE,LIKELY_ADVANCE_CONFIRM,,,,,,,,,
2090,TA-09,40650802,10.1007/s11548-025-03477-z,Efficient needle guidance: multi-camera augmented reality navigation without patient-specific calibration.,"Augmented reality (AR) technology holds significant promise for enhancing surgical navigation in needle-based procedures such as biopsies and ablations. However, most existing AR systems rely on patient-specific markers, which disrupt clinical workflows and require time-consuming preoperative calibrations, thereby hindering operational efficiency and precision. We developed a novel multi-camera AR navigation system that eliminates the need for patient-specific markers by utilizing ceiling-mounted markers mapped to fixed medical imaging devices. A hierarchical optimization framework integrates both marker mapping and multi-camera calibration. Deep learning techniques are employed to enhance marker detection and registration accuracy. Additionally, a vision-based pose compensation method is implemented to mitigate errors caused by patient movement, improving overall positional accuracy. Validation through phantom experiments and simulated clinical scenarios demonstrated an average puncture accuracy of 3.72 ± 1.21 mm. The system reduced needle placement time by 20 s compared to traditional marker-based methods. It also effectively corrected errors induced by patient movement, with a mean positional error of 0.38 pixels and an angular deviation of 0.51   ∘  . These results highlight the system's precision, adaptability, and reliability in realistic surgical conditions. This marker-free AR guidance system significantly streamlines surgical workflows while enhancing needle navigation accuracy. Its simplicity, cost-effectiveness, and adaptability make it an ideal solution for both high- and low-resource clinical environments, offering the potential for improved precision, reduced procedural time, and better patient outcomes.",2025,International journal of computer assisted radiology and surgery,,LIKELY_ADVANCE_CONFIRM,,,,,,,,,
2091,TA-09,40648381,10.3390/s25134124,Adaptive Support Weight-Based Stereo Matching with Iterative Disparity Refinement.,"Real-time 3D reconstruction in minimally invasive surgery improves depth perception and supports intraoperative decision-making and navigation. However, endoscopic imaging presents significant challenges, such as specular reflections, low-texture surfaces, and tissue deformation. We present a novel, deterministic and iterative stereo-matching method based on adaptive support weights that is tailored to these constraints. The algorithm is implemented in CUDA and C++ to enable real-time performance. We evaluated our method on the Stereo Correspondence and Reconstruction of Endoscopic Data (SCARED) dataset and a custom synthetic dataset using the mean absolute error (MAE), root mean square error (RMSE), and frame rate as metrics. On SCARED datasets 8 and 9, our method achieves MAEs of 3.79 mm and 3.61 mm, achieving 24.9 FPS on a system with an AMD Ryzen 9 5950X and NVIDIA RTX 3090. To the best of our knowledge, these results are on par with or surpass existing deterministic stereo-matching approaches. On synthetic data, which eliminates real-world imaging errors, the method achieves an MAE of 140.06 μm and an RMSE of 251.9 μm, highlighting its performance ceiling under noise-free, idealized conditions. Our method focuses on single-shot 3D reconstruction as a basis for stereo frame stitching and full-scene modeling. It provides accurate, deterministic, real-time depth estimation under clinically relevant conditions and has the potential to be integrated into surgical navigation, robotic assistance, and augmented reality workflows.",2025,"Sensors (Basel, Switzerland)",,LIKELY_ADVANCE_CONFIRM,,,,,,,,,
2092,TA-09,40648356,10.3390/s25134102,Technical Validation of a Training Workstation for Magnet-Based Ultrasound Guidance of Fine-Needle Punctures.,"It has been demonstrated that needle guidance systems can enhance the precision and safety of ultrasound-guided punctures in human medicine. Systems that permit the utilization of commercially available standard needles, instead of those that necessitate the acquisition of costly, proprietary needles, are of particular interest. The objective of this phantom study is to evaluate the reliability and accuracy of magnet-based ultrasound needle guidance systems, which superimpose the position of the needle tip and a predictive trajectory line on the live ultrasound image. We conducted fine-needle aspiration cytology of thyroid nodules. The needles utilized in these procedures are of a slender gauge (21-27G), with lengths ranging from 40 to 80 mm. A dedicated training workstation with integrated software-based analyses of the movement of the needle tip was utilized in 240 standardized phantom punctures (angle: 45°; target depth: 20 mm). No system failures occurred, and the target achieved its aim in all cases. The analysis of the software revealed stable procedural parameters with minor relative deviations from the predefined reference values regarding the distance of needle tip movement (-4.2% to +6.7%), needle tilt (-6.4% to +9.6%), and penetration depth (-7.5% to +4.5%). These deviations appeared to increase with the use of thin needles and, to a lesser extent, long needles. They are attributed to the slight bending of the needle inside the (phantom) tissue. The training workstation we employed is thus suitable for use in educational settings. Nevertheless, in intricate clinical puncture scenarios-for instance, in the case of unfavorable localized small lesions near critical anatomical structures, particularly those involving thin needles-caution is advised, and the system should not be relied upon exclusively.",2025,"Sensors (Basel, Switzerland)",,PRIORITY_VERIFY,,,,,,,,,
2093,TA-09,40648302,10.3390/s25134046,Contrasting Physical and Virtual Museum Experiences: A Study of Audience Behavior in Replica-Based Environments.,"This study explores the differences in audience behavior between virtual museums and physical museums. The replica-based virtual museum (RVM) was developed to replicate the exhibit layout of physical museums and support multi-user online visits. The study introduces the RVM-Interaction (RVM-I), which incorporates interactive features to enhance user engagement. In the experiment, 24 participants experienced a physical museum (PM), RVM, RVM-I, and a traditional PC-based virtual museum, with their impressions and behavioral patterns recorded. The results indicate no significant differences between RVM and PM in terms of satisfaction, immersion, aesthetic experience, and social interaction. RVM-I significantly enhanced the participants' experience through its interactive capabilities. Path analysis shows that both RVM and RVM-I improved audience efficiency, with RVM-I transforming the circumferential, space-based art appreciation found in PM and RVM into a stationary, space-based form, making RVM-I more engaging than RVM. These findings offer valuable insights for the design and development of virtual museum experiences that maintain spatial fidelity to physical exhibitions while enhancing user engagement through interactivity.",2025,"Sensors (Basel, Switzerland)",,PRIORITY_VERIFY,,,,,,,,,
2094,TA-09,40648198,10.3390/s25133939,Innovative Pedicle Screw Insertion with Mixed Reality Technology Improves Insertion Accuracy in Spinal Surgery.,"The accuracy of pedicle screw insertion in pediatric scoliosis correction surgery using augmented reality technology in combination with a conventional navigation system was evaluated, and its usefulness was verified. A retrospective study of patients who underwent mixed reality technology-assisted posterior scoliosis correction and fixation was conducted. In total, 361 pedicle screws inserted with a mixed reality technology-assisted navigation system were analyzed; 25 pedicle screws (6.9%) showed Rao Classification Grade 1 deviation, whereas 0.83% showed Rao Classification Grade 2.3 deviation, which is a clinical deviation. In terms of the relationship between the rotation of the vertebral body and the deviation of the pedicle screw, the pedicle screw tended to deviate more easily when it was necessary to insert the pedicle screw in a more strongly oblique position due to the rotation of the vertebral body. The results suggest that the pedicle screw insertion accuracy with augmented reality technology may be superior to that with conventional navigation alone in scoliosis correction and fusion surgery for scoliosis in children. This system is expected to become a standard support tool for spine surgery and will contribute to improving the success rate of surgery and reducing the burden on the surgeon.",2025,"Sensors (Basel, Switzerland)",,LIKELY_ADVANCE_CONFIRM,,,,,,,,,
2095,TA-09,40647556,10.3390/cancers17132260,Augmented Reality-Assisted Placement of Surgical Guides and Osteotomy Execution for Pelvic Tumour Resections: A Pre-Clinical Feasibility Study Using 3D-Printed Models.,"Objectives: This pre-clinical feasibility study evaluates the accuracy of a novel augmented reality-based (AR-based) guidance technology using head-mounted displays (HMDs) for the placement of patient-specific instruments (PSIs)-also referred to as surgical guides-and osteotomy performance in pelvic tumour resections. The goal is to improve PSI placement accuracy and osteotomy execution while assessing user perception and workflow efficiency. Methods: The study was conducted on ten 3D-printed pelvic phantoms derived from CT scans of cadaveric specimens. Custom PSIs were designed and printed to guide osteotomies at the supraacetabular, symphysial, and ischial regions. An AR application was developed for the HoloLens 2 HMD to display PSI location and cutting planes. The workflow included manual supraacetabular PSI placement, AR-guided placement of the other PSIs and osteotomy execution. Postoperative CT scans were analysed to measure angular and distance errors in PSI placement and osteotomies. Task times and user feedback were also recorded. Results: The mean angular deviation for PSI placement was 2.20°, with a mean distance error of 1.19 mm (95% CI: 0.86 to 1.52 mm). Osteotomies showed an overall mean angular deviation of 3.73° compared to planned cuts, all within the predefined threshold of less than 5°. AR-assisted guidance added less than two minutes per procedure. User feedback highlighted the intuitive interface and high usability, especially for visualising cutting planes. Conclusions: Integrating AR through HMDs is a feasible and accurate method for enhancing PSI placement and osteotomy performance in pelvic tumour resections. The system provides reliable guidance even in cases of PSI failure and adds minimal time to the surgical workflow while significantly improving accuracy. Further validation in cadaveric models is needed to ensure its clinical applicability.",2025,Cancers,,LIKELY_ADVANCE_CONFIRM,,,,,,,,,
2096,TA-09,40644602,10.1021/acs.nanolett.5c02540,Monolithically Integrated Metasurface on a PCSEL for Depth Perception.,"Dot projectors are pivotal for depth perception in modern consumer electronics, from smartphones to extended reality devices, enabling applications in computational imaging, machine vision, and privacy-preserving technologies. However, existing dot projector designs face significant challenges related to their size and power consumption. Here, we demonstrate the first monolithic integration of a metasurface hologram and a photonic crystal surface-emitting laser (PCSEL) to realize a chip-scale structured light projector. This approach achieves unprecedented reductions in both device footprint and power usage, while preserving practical 3D sensing capabilities. Our wafer-level design features a compact footprint of 0.025 mm3, representing an approximately 2450-fold reduction in volume compared to commercial DOE-VCSEL dot projectors, while also reducing power consumption by 28.7%. The integration strategy offers promising fabrication compatibility and represents a transformative advancement in a compact transceiver system, paving the way for next-generation applications in biometrics, extended reality, and consumer electronics.",2025,Nano letters,,LIKELY_ADVANCE_CONFIRM,,,,,,,,,
2097,TA-09,40644211,10.1109/ICORR66766.2025.11063191,Do Motor Skills Learned in Isometric Training Generalize to Unpracticed Workspaces?,"Previous studies have looked at the potential for using visual feedback from isometric forces to illicit movement learning without actually moving. We investigate the potential of isometric movement training further by investigating the generalization of motor skills learned through isometric training to unconstrained movement. Using the Barret Upper-Extremity Robotic Trainer as both a position control device and a force clamp, participants engaged in an isometric reaching task with simulated movement arm dynamics feedback. The simulated movement was displayed on an augmented reality display that occludes the arm to increase immersion and belief of movement. We studied planar-targeted reaching in the presence and absence of a velocity-dependent curl field and evaluated if skills acquired in isometric reaching using robotic constraints transfer effectively to free-reaching tasks in an unpracticed and practiced workspace. Our results demonstrated an ability to transfer motor skills in the practiced workspace which supports previous findings in literature; however, motor skills in an unpracticed workspace showed increase performance in the presence of the curl field but no signs of an after effect in the absence of the field. This finding shows promise of generalization of isometric movement training in unpracticed workspaces, and further studies are needed.",2025,IEEE ... International Conference on Rehabilitation Robotics : [proceedings],,LIKELY_ADVANCE_CONFIRM,,,,,,,,,
2098,TA-09,40643992,10.1109/ICORR66766.2025.11063147,Evaluating Differences in Smart Walker-Assisted Locomotion in Augmented and Virtual Reality Environment.,"The global trend of population aging has increased demand for healthcare professionals, particularly those assisting individuals with mobility impairments. To aid these people, rehabilitation robotics, such as smart walkers (SW), can be used to enhance motor capabilities. However, repetitive and painful tasks in rehabilitation can reduce patient engagement and motivation. To help enhance motivation during rehabilitation, tools such as augmented reality (AR) and virtual reality (VR) can be used. In this way, this paper presents a study aimed at evaluating the differences between using AR and VR in locomotion assisted by a SW. Fourteen healthy volunteers were recruited to perform a 3-minute walk, collecting items while assisted by an SW in both AR and VR environments. The results showed a slight increase of 6.2 % more items collected in the AR environment. In terms of enjoyment, volunteers reported greater enjoyment using AR, with Physical Activity Enjoyment Scale (PACES) questionnaire scores increasing by 5.6 % points in AR compared to VR, with a statistically significant difference ($\mathrm{p}$-value $\text{= 0. 0 3}$). These findings suggest that while both AR and VR provide enjoyment during the task, AR may offer a more enjoyable experience and promote greater confidence using the SW. This paper highlights the potential of AR as a valuable tool to improve user engagement in robotic rehabilitation, suggesting that integrating AR with robotic systems could enhance rehabilitation outcomes.",2025,IEEE ... International Conference on Rehabilitation Robotics : [proceedings],,LIKELY_ADVANCE_CONFIRM,,,,,,,,,
2099,TA-09,40642875,10.1002/advs.202508773,"Large Depth-of-Field, Large Eyebox, and Wide Field-of-View Freeform-Holographic Augmented Reality Near-Eye Display.","Augmented reality (AR) presents virtual information seamlessly integrated with real-world scenes, advancing information interaction for human society. Traditional AR displays struggle to simultaneously achieve large depth-of-field (DOF), large viewing eyebox, and wide field-of-view (FOV), which limits their practical applicability. Here, a novel AR near-eye display scheme is proposed that addresses these limitations, providing a large DOF, expansive eyebox, and wide FOV. The DOF is largely extended at each viewpoint on the eye pupil plane by directly projecting light rays onto the retina. Meanwhile, numerous viewpoints are generated in space to significantly expand the viewing eyebox, with each viewpoint independently controllable to dynamically track eye movements in real time without the need for mechanical steering parts. Freeform and holographic optics are deeply cooperated in the proposed off-axis display for achieving high performance over the full FOV, eyebox and DOF range, as well as compact form factor. A display system prototype is built, and the display results, featuring a DOF from 0.25 to 10 m, a 50° wide FOV, and a 10 mm×10 mm viewing eyebox, along with good optical see-through viewing, demonstrate the effectiveness and advancement of the proposed scheme, offering valuable insights for the future design of AR displays.",2025,"Advanced science (Weinheim, Baden-Wurttemberg, Germany)",,LIKELY_ADVANCE_CONFIRM,,,,,,,,,
2100,TA-09,40640628,10.1007/s00464-025-11985-x,First use of augmented reality headset in minimally invasive general surgery: seeing is believing.,"Augmented reality (AR) is an evolving technology with the potential to transform surgical practice. By superimposing digital information onto the surgeon's field of view, AR headsets provide an unobstructed view of the minimally invasive operative field, eliminating the need to divert attention to external monitors. We present the first series of minimally invasive general surgery (MIS) cases performed using the Apple Vision Pro headset in the USA. Attending surgeons and trainees performed consecutive MIS cases at our institution while wearing the headset from August 2024 to December 2024. Using open-source software, laparoscopic/endoscopic video sources were displayed as virtual monitors in the physical operating room space. The virtual monitors served as the primary monitors through which surgeons performed each case. Standard monitors remained present to enable other members of the operative team to view the operations. At the conclusion of each case, the operating surgeon completed the NASA Task Load Index (NASA-TLX) assessment tool to evaluate perceived workload while operating with the headset. 30-day perioperative complications were also assessed. A total of 41 MIS cases were performed by 3 attending surgeons and 4 trainees. The most common procedure was laparoscopic sleeve gastrectomy (N = 9, 22.0%). Open-source software enabled simultaneous viewing of up to 3 virtual displays that could be individually positioned in the surgeon's visual field. The mean NASA-TLX score for all participants was 22.3 ± 4.7, indicating a low perceived intraoperative workload. There was no significant difference in NASA-TLX scores between attending surgeons and trainees (19.8 ± 5.3 vs 24.8 ± 3.0, p = .23). There were no intraoperative complications; 30-day morbidity and mortality were 0%. This study serves as a proof of concept for the use of an augmented reality headset in minimally invasive general surgery.",2025,Surgical endoscopy,,LIKELY_ADVANCE_CONFIRM,,,,,,,,,
2101,TA-09,40640267,10.1038/s41598-025-09331-1,Design of a 65-degree collimating lens for lightguide-based AR glasses.,"The collimating lens has a diagonal full field angle of 65°. The aperture stop is positioned on the first surface of the lens, with an aperture stop size of 10 mm and F-number of 2.046. The angular resolution is 45 PPD, and the spatial frequency is 60 cycles/mm. This design uses a 1.03-inch microdisplay with an equal aspect ratio. The active area of the microdisplay is 18.432 mm ´ 18.432 mm. The Seidel aberrations are zero for the lightguide, independent of the material index and thickness of the lightguide. The light-emitting surface of the microdisplay is located at the object focal plane of the collimating lens. The function of the collimating lens is to collimate and project the microdisplay image into the lightguide, eventually reaching the eye for viewing. The collimating lens in the AR system can be regarded as a magnifier, with an angular magnification of 12.22. The virtual image size is 225 mm ´ 225 mm at the distance of 250 mm ahead of the viewing eye. Two metrics are developed, the line resolution and the lateral color resolution, to evaluate the amount of line warping and lateral color. The line resolution and the lateral color resolution of the collimating lens design described in this paper are 0.407 arcmin and 0.675 arcmin, respectively, both of which are less than the human eye's angular resolution of 1 arcmin.",2025,Scientific reports,,PRIORITY_VERIFY,,,,,,,,,
2102,TA-09,40638498,10.1590/acb404825,Holographic model of craniosynostosis for HoloLens.,"To develop a holographic skull model of a deformity resulting from craniosynostosis for the HoloLens. The methodology for product creation and prototyping was the design thinking structured with the double diamond. A desk survey was conducted with a literature review and an anteriority search. Based on the desk survey results, brainstorming was performed to develop solutions to improve the surgeon's performance in craniosynostosis using mixed reality. Reports or scientific articles relating mixed reality use to craniosynostosis were not found in search engines or bibliography databases. A surgeon's performance potential improvement was observed using mixed reality as an auxiliary tool in craniosynostosis surgery. A craniosynostosis skull hologram was developed in mixed reality, with interactivity commands controlled by gestures, facilitating a three-dimensional spatial understanding of cranial anatomy. A holographic skull model with a deformity resulting from craniosynostosis was developed for the HoloLens.",2025,Acta cirurgica brasileira,,LIKELY_ADVANCE_CONFIRM,,,,,,,,,
2103,TA-09,40638482,10.1590/1806-9282.20250315,Augmented and mixed reality in liver surgery: a comprehensive narrative review of novel clinical implications on cohort studies.,,2025,Revista da Associacao Medica Brasileira (1992),ABSTRACT_MISSING;SECONDARY_OR_COMMENTARY_TITLE,LIKELY_ADVANCE_CONFIRM,,,,,,,,,
2104,TA-09,40637874,10.1007/s10143-025-03709-5,Augmented reality intraoperative tractography for diffuse glioma resection adjacent to the corticospinal tract: a case series with preliminary results.,"This study explores the use of augmented reality (AR) for intraoperative guidance during the microsurgical resection of diffuse gliomas, especially those located near the critical corticospinal tract. AR provides surgeons with a three-dimensional view of essential brain structures in real time, overcoming the limitations of traditional navigation systems and potentially improving surgical precision. In our case series involving five patients, we combined AR-based visualization with neurophysiological monitoring, allowing precise mapping of the corticospinal tract relative to the tumor. This approach contributed to complete tumor removal in most cases, while also preserving motor function in all patients. Our findings suggest that AR technology can enhance spatial understanding during complex surgeries, minimizing the risk to critical neural pathways. While our initial results are promising, demonstrating reliable alignment accuracy and improved outcomes, further studies on larger patient groups are necessary to fully understand and validate AR's role in neurosurgery. This research underscores AR's potential to improve both safety and outcomes, adding valuable tools for intraoperative navigation.",2025,Neurosurgical review,,LIKELY_ADVANCE_CONFIRM,,,,,,,,,
2105,TA-09,40637609,10.47102/annals-acadmedsg.202564,It's virtually a normal delivery! Revolutionising obstetric teaching with emerging technologies.,,2025,"Annals of the Academy of Medicine, Singapore",ABSTRACT_MISSING,PRIORITY_VERIFY,,,,,,,,,
2106,TA-09,40637428,10.1227/ons.0000000000001681,External Ventricular Drain Placement Using Active Augmented Reality Guidance: A Proof of Concept of a Clinically Integrable System.,"Suboptimal placement occurs in 26% of external ventricular drain (EVD) procedures performed using traditional freehand methods. We developed a low-cost augmented reality stereotactic navigation system aimed at improving accuracy and safety of the procedure, which is readily compatible with existing Picture Archiving and Communication Systems and automated image segmentation algorithms. The system integrates cloud storage, image segmentation, trajectory planning, point-based image-to-patient registration, and real-time 3-dimensional guidance superimposed over the surgical field. As a proof of concept, 15 neurosurgeons, neurosurgical residents, and physician assistants used anatomical landmark-based registration to conduct 29 EVD placements on anatomical phantoms with small ventricles within a simulated surgical environment. From postoperative computed tomography, placement accuracy was assessed using the Kakarla grading scale, along with the distance to target and angular deviation. Twenty EVDs (69.0%; 95% CI, 52.1%-85.8%) were graded as optimal Kakarla 1 placements, 4 (13.8%; 95% CI, 1.2%-26.3%) as suboptimal Kakarla 2 placements, and 5 (17.2%; 95% CI, 3.5%-31.0%) as suboptimal Kakarla 3 placements. The mean distance to target was 9.49 mm (SD, 4.64 mm), and the mean angular deviation was 9.20° (SD, 6.35°). The mean workflow time was 22 minutes 45 seconds (SD, 11 minutes 38 seconds), and the system demonstrated a fiducial registration error of 4.00 mm (SD, 1.16 mm). Challenges related to human-computer interaction were identified, suggesting further refinement is needed to optimize usability. While the accuracy, user interface, and procedural time of the system require further refinement for clinical implementation, this proof of concept demonstrates the clinical and technical feasibility of an end-to-end 3-dimensional augmented reality system with the potential to enhance the safety and accuracy of EVD placements.",2026,"Operative neurosurgery (Hagerstown, Md.)",,LIKELY_ADVANCE_CONFIRM,,,,,,,,,
2107,TA-09,40633899,10.1016/j.jdent.2025.105963,Clinical efficacy of mixed-reality holographic imaging-based nonsurgical periodontal therapy: A randomized controlled split-mouth study.,"This randomized, controlled, split-mouth clinical trial compared the short-term clinical efficacy of mixed-reality holographic imaging-based scaling and root planing (MR-SRP) and conventional SRP (C-SRP) in the treatment of severe periodontitis. Patients with generalized stage III periodontitis (grade B or C) were recruited. Using a split-mouth design, the contralateral quadrants were randomly assigned to receive either MR-SRP or C-SRP. The primary outcome measure was the number of sites with both a probing pocket depth (PPD) ≥5 mm and bleeding on probing (BOP). Multivariate multilevel logistic regression models were used to quantify the effects of treatment modality, sex, smoking status, tooth type, site characteristics, and baseline PPD on treatment outcomes. At the 3-month follow-up, both modalities yielded significant reductions in the number of sites with a PPD ≥5 mm and BOP compared with baseline (p < 0.01). Multivariate analysis revealed that MR-SRP treatment (OR = 1.37, p = 0.02), middle site (OR = 1.44, p = 0.03), molar (OR = 0.30, p < 0.01), and baseline PPD (OR = 0.26, p < 0.01) were significantly associated with site healing. Compared with C-SRP, the MR-SRP approach demonstrated superior short-term clinical outcomes, likely due to the achieved three-dimensional visualization of periodontal structures. Within the limits of the present study, mixed-reality holographic imaging could be a clinically variable adjunct tool for periodontal therapy. This technology shows promise for managing severe periodontitis, potentially improving treatment outcomes through enhanced visualization and instrument navigation.",2025,Journal of dentistry,,LIKELY_ADVANCE_CONFIRM,,,,,,,,,
2108,TA-09,40632587,10.1002/epi4.70094,Novel planning pipeline utilizing the Surgical Theater system for pediatric epilepsy surgery.,"Advances in the analysis and collation of radiographic datasets have enhanced presurgical planning for various neurosurgical procedures, including clipping of cerebral aneurysms, surgical resection of tumors, and arteriovenous malformation management. The surgical theater (ST) system converts radiographic datasets, traditionally interpreted as a series of two-dimensional images, into three-dimensional interactive models better allowing understanding of anatomy as well as the complex anatomic relationships between different diagnostic phase I datasets. We reviewed the capabilities and impact of the ST system on patients treated by our pediatric epilepsy service at our institution. The ST system was used in the treatment of 85 patients in our pediatric epilepsy service. Multiple layers of phase I data were converted into a single, multi-layered 3D model which added precision to points of collaboration on creating Phase II plans, allowed for the collaborative creation of detailed surgical plans and facilitated VR practice of complex surigcal plans with intraoperative augmented reality navigation. We highlight both current and future applications and present 4 cases to illustrate how ST is applied in our clinical setting. The multi-layered and 3D model of the ST system facilitates epilepsy decision-making for both diagnosis and treatment, enhances surgical navigation, and even allows, in a robust virtual reality (VR) environment, the practice of complex surgical procedures. The surgical theater (ST) system converts two-dimensional imaging tests (eg MRI, MEG, CT and PET) into three-dimensional interactive models. This helps physicians understand complex Phase I datasets and make decisions for the diagnosis and treatment of pediatric epilepsy. These models also facilitate patient and family education, which may reduce their anxiety. In this article, we discuss the current and future applications of the ST system and how it is used to treat pediatric patients with epilepsy at our Institution. We also describe four of our patients to show how the ST system works in a clinical setting.",2025,Epilepsia open,,LIKELY_ADVANCE_CONFIRM,,,,,,,,,
2109,TA-09,40632269,10.1007/978-3-031-89844-0_22,Microneurosurgical Training on Simulators: The Zurich Microsurgery Lab Experience.,"Training microsurgical and neurosurgical techniques by using multimodal simulators in the lab is a fundamental component of neurosurgical residency nowadays. The authors of this chapter describe a training curriculum for residents in neurosurgery implemented at the Zurich Microsurgery Lab, one that integrates different simulators to ensure a seamless and effective progression in microneurosurgical skill acquisition. Neurosurgical residents at all levels of training can benefit from this training scheme, profiting from the realistic replication of surgical scenarios and conditions. Next-generation silicon tubes are used as the initial tools and provide exposure to basic microsurgical skills. Placental simulators have become a milestone at our lab for training microsurgical techniques such as vessel dissection and microanastomoses. Craniotomy sessions are performed using hyper-realistic three-dimensional (3D) skull models. Mixed reality allows for teaching surgical anatomy with 3D interactive reconstructions of the most relevant anatomical structures. Cadaver models offer a realistic anatomical setting for advanced specialistic training.",2025,Acta neurochirurgica. Supplement,,LIKELY_ADVANCE_CONFIRM,,,,,,,,,
2110,TA-09,40632267,10.1007/978-3-031-89844-0_20,Artificial Intelligence and Augmented Reality in Vascular Neurosurgery.,"The increasing adoption of artificial intelligence (AI) and augmented reality (AR) within vascular neurosurgery has become a prominent trend. The primary challenge before us is seamlessly integrating these advanced concepts and developing them further to improve patient outcomes. We combined peer-reviewed publications of our research group over the past 5 years with current research projects to form the basis of a narrative discussion, aiming to better understand drawbacks, challenges, and the developmental steps to be followed. Four developmental phases were identified: (1) the integration of AI and AR to create adequate three-dimensional (3D) segmentations; (2) adding flow and pulsatility data to create 5D segmentations; (3) treatment planning in these models; and (4) treatment guidance using these models. The main drawback described was the limited added value in the microscopic phase of neurovascular surgery due to view obstructions and a lack of accuracy. The main challenge described was the current limitation in computational and graphical processing capabilities. Although drawbacks and challenges still exist, AI and AR are rapidly developing topics within vascular neurosurgery. The research in this field could lay the groundwork for fully automatized treatment strategies in the future.",2025,Acta neurochirurgica. Supplement,,LIKELY_ADVANCE_CONFIRM,,,,,,,,,
2111,TA-09,40631487,10.4097/kja.25493,Expanding the boundaries of simulation-based training: a narrative review of in situ simulation and its role in enhancing non-technical skills.,"Simulation-based training provides a psychologically and physically safe environment for health-care professionals to practice exercises repetitively without placing patients at risk. Furthermore, it allows them to rehearse rare or high-risk clinical scenarios that are rarely encountered in daily practice. In addition to technical procedures, anesthesiologists need to master non-technical skills (NTS), such as communication, teamwork, leadership, and decision-making. These cognitive and social abilities complement technical expertise, and their absence is a leading cause of errors in emergency situations. In situ simulation (ISS) training, which involves conducting realistic simulation training in actual clinical settings, is one of the most time-efficient and effective formats for training of both technical skills and NTS. ISS minimizes travel time and can be integrated into clinical workflows. In this review, we explore ISS training in terms of its definition and implementation, evidence of its effectiveness, its role in NTS training, and related emerging trends (e.g., virtual/augmented reality).",2025,Korean journal of anesthesiology,SECONDARY_OR_COMMENTARY_TITLE,LIKELY_ADVANCE_CONFIRM,,,,,,,,,
2112,TA-09,40629646,10.1097/MD.0000000000042956,"XR (extended reality: virtual reality, augmented reality, mixed reality) technology applications in orthopedic field.","This study aimed to perform a bibliometric analysis to explore the current state and emerging trends of XR (extended reality: virtual reality, augmented reality, mixed reality) technology applications in orthopedics. Scholarly publications from January 1, 2000, to June 20, 2023, were retrieved from the Web of Science and analyzed using bibliometric tools such as VOSviewer, CiteSpace, and R. A total of 551 publications from 234 journals, authored by 2624 researchers across 1613 institutions in 53 countries/regions, were included. The United States led in publication volume (128, 23.79%), with Johns Hopkins University as the most productive institution (19, 3.53%). Edstrom, Erik was the most prolific author (15, 2.79%), and the International Journal of Computer Assisted Radiology and Surgery had the highest publication count (36, 6.69%). Frequently used keywords included ""augmented reality,"" ""surgical navigation,"" and ""navigation,"" while research hotspots focused on topics like ""total knee arthroplasty,"" ""mixed reality,"" and ""osteoarthritis."" This study offers a comprehensive overview of research trends and advancements in XR technology applications within orthopedics, highlighting collaborative efforts among authors, institutions, and countries, and providing insights for future research directions.",2025,Medicine,,LIKELY_ADVANCE_CONFIRM,,,,,,,,,
2113,TA-09,40628858,10.1038/s41598-025-08244-3,Smartwatch-based wrist tremor assessment in neurosurgical simulator training.,"While surgical skill is acquired during training, objectively evaluating training's impact is challenging. However, new possibilities in measuring wrist tremor during surgical procedures have emerged due to novel wearable sensors. In this study, the effect of simulator-based neurosurgical resident training on wrist tremor was assessed using a smartwatch. A study involving nine neurosurgical residents performing simulator-based training on unruptured intracranial aneurysm clipping procedures was conducted. Residents performed four training sessions on two days (180 clippings in total). Three cohorts were formed receiving in between the two days either: no training, video-based training, or video-based training with augmented reality. Wrist acceleration was measured using a smartwatch. Wrist tremor was calculated using the acceleration data in time and frequency domains (peak power, total power, and peak frequency). Video-based training with augmented reality showed a statistically significant reduction in total power as well as in peak power, with reductions of 56% (p = 0.0186) and 69% (p = 0.0021), between day 0 and day 14, respectively. Wrist tremor assessment using a smartwatch confirmed the positive impact of video-based and augmented reality training on neurosurgical residents' confidence in surgical training procedures by reducing wrist tremor, making it a valuable tool for skill assessment.",2025,Scientific reports,,LIKELY_ADVANCE_CONFIRM,,,,,,,,,
2114,TA-09,40627855,10.2196/69964,Usefulness of Mixed Reality in Surgical Treatment: Delphi Study.,"Mixed reality (MR) combines real and virtual elements and has shown promise in diverse fields, including surgical procedures. MR headsets may support surgical navigation, planning, and training. It is crucial to determine whether medical professionals consider this technology indispensable. This study uses the Delphi method, facilitated by the Welphi web-based platform, to assess the utility of MR in surgical settings and analyzes the results of the first round using a systematic approach modeled on the PRISMA (Preferred Reporting Items for Systematic Reviews and Meta-Analyses) framework. This study aims to examine the feasibility and advantages of MR technology in surgical contexts. The findings are intended to inform and direct health care professionals, researchers, and developers in advancing MR integration into surgical environments to optimize treatment quality and safety. A 3-round Delphi approach was implemented to ascertain consensus on the utility of MR in surgical treatment. Participants (n=22) were purposefully selected from among experts with professional experience in technologies such as virtual reality, augmented reality, 3D laparoscopy, and robotics. In the first round, participants provided insights into the potential applications of MR in surgical procedures through open-ended questions structured across 5 distinct sections. Responses were analyzed to develop the second-round questionnaire, which was hierarchically organized into main topics and subtopics. In the third round, the questions were identical to those in the second round, including the percentage results, allowing participants to reconsider their responses. A consensus round was subsequently conducted. The majority consensus level was defined as agreement by ≥70% of the participants in a given round. The study was conducted from January to May 2024. All 22 invited experts provided responses in both the first and second rounds (100% response rate). In the third and consensus rounds, 20 (91%) of the 22 experts participated. The consensus round, conducted to present the results, yielded a majority consensus (19/20, 95%) on the usefulness of MR in surgical treatment. The primary benefits of MR in surgery were identified as surgical navigation (15/20, 75%), planning (15/20, 75%), and teaching and training (14/20, 70%). In addition, 75% (15/20) of the experts identified cost and investments as primary constraints. We used the Kendall tau-b coefficient for correlation analysis, and significant correlations were identified between distinct aspects. MR technology is most beneficial in surgical navigation, planning, and training. However, the costs and investments required for implementation may present a potential limitation for the integration of this technology into surgical procedures. Moreover, it is of crucial importance to consider the ethical implications associated with MR use, particularly regarding patient safety and privacy.",2025,Journal of medical Internet research,,LIKELY_ADVANCE_CONFIRM,,,,,,,,,
2115,TA-09,40624424,10.1007/s00464-025-11881-4,Visual attention and cognitive workload using different laparoscopic box trainers and mixed-reality feedback.,"Laparoscopic techniques have revolutionized minimally invasive surgery (MIS) but remain visually and mentally demanding, especially in smaller operative sites (e.g., pediatric patients). Though traditional box trainers serve as the golden standard for laparoscopic simulation-based training (SBT), they are limited due to their lack of real-time feedback and objective assessments. Advancements in SBT using Visual Reality (VR) and Augmented/Mixed-Reality (AR/MR) can provide objective real-time evaluations. This study assessed the effects of mixed-reality feedback on trainees' visual attention and mental workload during adult and pediatric laparoscopic SBT. Expert (n = 4) and novice surgeons (n = 24) were recruited to investigate the effects of various laparoscopic box trainers (e.g., adult and pediatric patients), as well as different feedback conditions in a MR setting, on trainees' visual attention and perceived mental workload. Peg transfer task was chosen to evaluate novices' ambidexterity and eye-hand coordination. Eye-tracking metrics (fixations, fixation durations, saccades, and saccade durations) and mental workload indicators (pupil diameter and NASA-TLX scores) were collected. K-means clustering was used to classify novices into proficiency groups based on these metrics. Eye-tracking and mental workload metrics successfully differentiated two novice proficiency groups, significantly different from expert performance. Analysis revealed two key findings: novices demonstrated shorter fixation durations when using the pediatric trainer when compared to the adult trainer, and pupil diameter was lower for participants who started their trials with pediatric trainers (p = 0.016). However, the presence or absence of mixed-reality feedback did not significantly affect visual attention patterns or mental workload measures. Visual attention and mental workload metrics in mixed-reality environments effectively differentiated novice proficiency levels in laparoscopic box trainers. Our findings validate eye-tracking metrics for objective skill assessment in both adult and pediatric trainers, highlighting their potential for adaptive training programs and competency evaluation in surgical education.",2025,Surgical endoscopy,,LIKELY_ADVANCE_CONFIRM,,,,,,,,,
2116,TA-09,40624413,10.1007/s00464-025-11672-x,Improved tumour localisation during minimally invasive liver surgery using augmented reality: a retrospective study with propensity score analysis.,"Minimally invasive liver surgery (MILS) decreases postoperative morbidity but presents specific difficulties, including precise tumour localisation. Conversion to open surgery is sometimes necessary because the tumour cannot be visualised. We previously proposed Hepataug, an augmented reality (AR) software for laparoscopic liver surgery that enables a deformable 3D model of a patient's liver to be merged semi-automatically with the image on the laparoscopic screen during surgery. The aim of this study was therefore to evaluate the contribution of AR to reducing the rate of conversion but without worsening resection margins. All patients who underwent MILS between 2017 and 2023 were included and divided into two groups depending on whether AR guidance was used during surgery (AR+ group, n = 33) or not (AR- group, n = 212). The two groups were compared in terms of perioperative outcomes, and particularly the rate of conversion to laparotomy because of a failure to locate the tumour. A propensity score analysis was implemented using the inverse probability of treatment weighting method. The conversion rate was zero in the AR+ group, while six patients in the AR- group required necessitated conversion to laparotomy to detect the tumour. AR increased operative time by around 10%, with no significant differences in terms of resection margins and postoperative complications (biliary fistula, Dindo-Clavien grade) between the two groups. Our study showed that AR could successfully guide the intraoperative localisation of liver tumours and avoid conversion due to an intraoperative non-visualisation of tumours. In addition, AR did not increase postoperative complications or operative times, and could easily be applied during surgery.",2025,Surgical endoscopy,,LIKELY_ADVANCE_CONFIRM,,,,,,,,,
2117,TA-09,40623761,10.1021/acsami.5c09192,Mesh-Structured Multi-Carbon Composite for Flexible Strain Sensors: High-Sensitivity Strain Detection Across Wide Temperature Ranges and Underwater Environments.,"The development of flexible strain sensors has evolved significantly in recent years, with research priorities progressively shifting toward fabrication accessibility, performance optimization, and functional versatility to address increasingly complex application requirements in ambient intelligence and human-machine interface technologies. For human biomechanical and physiological monitoring applications, environmental robustness represents a critical design consideration, as sensors must maintain consistent performance characteristics despite exposure to thermal fluctuations, varying humidity levels, and potential liquid immersion during perspiration or aquatic activities. This work addresses these challenges through the implementation of a hierarchical nanocomposite sensing architecture incorporating three kinds of carbon allotropes─carbon black, graphene, and multiwalled carbon nanotubes─to form a strain-responsive conductive network. The functional composite was integrated with a microstructured silicone elastomer substrate (Ecoflex 00-30) featuring engineered surface topography to enhance interfacial adhesion and strain transfer efficiency. A conformal encapsulation layer of the same elastomer provides environmental isolation while preserving mechanical compliance. The nanocomposite sensing layer is realized by depositing the composite nanoconductive material on the elastomer substrate by screen printing, spraying, and drip coating. These three simple, convenient and low-cost processing methods make the nanocomposite sensing layer firmly adhere to the microstructure surface of the elastic substrate to form our flexible strain sensor. The resultant sensors exhibited exceptional performance metrics, including low strain detection threshold, broad measurement range, high gauge factor in the large-strain regime, rapid response time, and environmental stability. These characteristics enabled diverse applications spanning physiological signal monitoring (cardiovascular and musculoskeletal), acoustic transduction, submerged operation, and consistent performance across a 60 °C thermal range. The demonstrated combination of performance, environmental robustness, and fabrication accessibility positions this sensing platform for potential translation into emerging application domains, including continuous health monitoring in complex environments, next-generation prosthetic interfaces with enhanced proprioceptive feedback, soft robotics with distributed strain mapping capabilities, and human-machine interfaces for extended reality systems.",2025,ACS applied materials & interfaces,,LIKELY_ADVANCE_CONFIRM,,,,,,,,,
2118,TA-09,40622219,10.1167/jov.25.8.8,Stimulus-dependent delay of perceptual filling-in by microsaccades.,"Perception is a function of both stimulus features and active sensory sampling. The illusion of perceptual filling-in occurs when eye gaze is kept still: visual boundary perception may fail, causing adjacent visual features to remarkably merge into one uniform visual surface. Microsaccades-small, involuntary eye movements during gaze fixation-counteract perceptual filling-in, but the mechanisms underlying this process are not well-understood. We investigated whether microsaccade efficacy for preventing filling-in depends on two boundary properties, namely, color contrast and retinal eccentricity (distance from gaze center). Twenty-one human participants (male and female) fixated on a point until they experienced filling-in between two isoluminant colored surfaces. We found that increased color contrast independently extends the duration before filling-in, but does not alter the impact of individual microsaccades. Conversely, lower eccentricity delayed filling-in only by increasing microsaccade efficacy. We propose that microsaccades facilitate stable boundary perception via a transient retinal motion signal that scales with eccentricity but is invariant to boundary contrast. These results shed light on how incessant eye movements integrate with ongoing stimulus processing to stabilize perceptual detail, with implications for visual rehabilitation and the optimization of visual presentations in virtual and augmented reality environments.",2025,Journal of vision,,LIKELY_ADVANCE_CONFIRM,,,,,,,,,
2119,TA-09,40621478,10.1177/20416695251351412,Magnification effects on perspective angle and optical slant angle across locations.,"This study investigates the phenomenon of magnification illusion, where the perception of perspective and optical slant angles changes when a scene is magnified. Our findings indicate that magnification influences these angles differently depending on location, which suggests that the illusion might be caused by changes in three-dimensional (3D) interpretation. Our findings reveal that the change of perspective angle interpretation primarily occurred when the stimuli were on the ground and sidewall but not those on the ceiling. Specifically, stimuli on the ceiling exhibit a significant underestimation of optical slant angles, while the perspective angle remains relatively stable. We developed a mathematical model based on the hypothesis of changes in 3D interpretation, which aligns well with our data. It was found that the interpretation of the perspective angle and the optical slant angle changes when a scene is magnified as indicated by the proposed relationship. This research provides the characteristics underlying spatial perception and its alteration under magnification and relative location, with potential applications in virtual reality and augmented reality system designs.",2025,i-Perception,SECONDARY_OR_COMMENTARY_TITLE,LIKELY_ADVANCE_CONFIRM,,,,,,,,,
2120,TA-09,40621115,10.1007/s11042-024-19861-x,Decision support for augmented reality-based assistance systems deployment in industrial settings.,"The successful deployment of augmented reality (AR) in the industry for on-the-job guidance depends heavily on factors such as the availability of required expertise, existing digital content and other deployment-related criteria such as a task's error-proneness or complexity. Particularly in idiosyncratic manufacturing situations involving customised products and diverse complex and non-complex products and its variants, the applicability and attractiveness of AR as a worker assistance system is often unclear and difficult to gauge for decision-makers. To address this gap, we developed a decision support tool to help prepare customised deployment strategies for AR-based assistance systems utilising manual assembly as the main example. Consequently, we report results from an interview study with sixteen domain experts. Furthermore, when analysing captured expert knowledge, we found significant differences in criteria weighting based on task complexity and other factors, such as the effort required to obtain data.",2025,Multimedia tools and applications,,LIKELY_ADVANCE_CONFIRM,,,,,,,,,
2121,TA-09,40620691,10.1016/j.jcot.2025.103100,Exploring the role of artificial intelligence in orthopedic medical education: A narrative review.,"Artificial intelligence (AI) is transforming orthopedic medical education by enhancing diagnostic accuracy, surgical training, and personalized learning. This narrative review explores AI's applications, including machine learning (ML) and computer vision for interpreting imaging studies, virtual reality (VR) and augmented reality (AR) for immersive surgical simulations, and natural language processing (NLP) for streamlining clinical workflows. AI-powered tools offer objective feedback, adaptive learning modules, and risk-free environments for skill acquisition, bridging gaps in traditional training methods. However, challenges such as data privacy, algorithmic bias, and the need for robust validation remain. Ethical considerations, including patient trust and trainee over-reliance on AI, must also be addressed. Despite these barriers, AI democratizes access to high-quality education, particularly in resource-limited settings, through cloud-based platforms and mobile applications. The future of AI in orthopedics is promising, with advancements in predictive analytics, robotic-assisted surgery, and haptic feedback technologies poised to further revolutionize training. Collaborative efforts among educators, clinicians, and developers are essential to ensure responsible integration. This review highlights AI's potential to reshape orthopedic education while emphasizing the importance of preserving the mentor-trainee relationship and fostering evidence-based adoption.",2025,Journal of clinical orthopaedics and trauma,SECONDARY_OR_COMMENTARY_TITLE,LIKELY_ADVANCE_CONFIRM,,,,,,,,,
2122,TA-09,40620495,10.1016/j.xnsj.2025.100618,Evaluation of the precision and accuracy of augmented reality for pedicle screw placement in the cervical spine.,Augmented reality (AR) has gained popularity in spine surgery. Head mounted AR devices superimpose a 3D reconstructed model on patient anatomy which has been shown to assist with accurate placement of lumbar spine pedicle screws. We aimed to evaluate the accuracy and precision of AR in cervical spine pedicle screw placement. Seven fresh-frozen cadaveric C2-T1 specimens were used. Computed tomography (CT) scans were obtained and uploaded to the AR navigation system. Fiducial markers were utilized to ensure accurate registration. Bilateral C2-C7 pedicle screws were placed. Images containing planned trajectory with tap and navigated screw placement were captured. A post-navigation CT scan was obtained. Time from initial CT scan to navigation and total navigation time were recorded. Radiation dose information was obtained. Linear and angular differences between planned trajectory and navigated screw position as well as navigated screw position and actual screw position were measured on axial and sagittal images. Screw position was graded using the Gertzbein-Robbins classification. 82 pedicle screws were placed. The mean angular and linear deviation between the tap trajectory and navigated screw position were 2.63 ± 2.65° and 3.08 ± 2.32° and 1.11 ± 1.04 mm and 1.24 ± 0.84 mm in the axial and sagittal planes. The mean angular and linear deviation between navigated screw and actual screw were 3.68 ± 4.15° and 2.44 ± 2.17° and 1.51 ± 1.53 mm and 1.02 mm ± 0.88 in the axial and sagittal planes. 95% of screws were given a grade of A or B. Average time from CT scan to navigation was 139.4 seconds and average navigation time was 33 minutes and 46 seconds. Average radiation exposure time was 12.76 ± 1.57 seconds and the average dose-length product (DLP) was 551.15 ± 74.04 mGy-cm. AR can assist in accurate placement of pedicle screws in the cervical spine. Deviation from navigated screw position to actual screw position was within clinically acceptable range throughout the cervical spine.,2025,North American Spine Society journal,,LIKELY_ADVANCE_CONFIRM,,,,,,,,,
2123,TA-09,40619298,10.1016/j.jht.2025.05.019,"Software-based finger joint range of motion analysis: Current concepts, considerations, and challenges.","Finger and wrist joint range of motion (ROM) measurement are key parameters of the hand examination and contribute to the diagnosis and monitoring of hand pathology. Technology-based ROM measurement tools, particularly software-based systems such as image analysis systems or augmented reality--based measurement, have potential to facilitate efficient ROM measurement in both virtual and in-person settings. The purpose of this paper is to provide some knowledge translation of available and prospective technologies from developer to clinician literature. Specifically, this article aimed to define the landscape of current software-based ROM analysis systems; discuss considerations and challenges inherent in the development of software-based technologies; and propose future directions for integration of software-based ROM analysis systems into clinical practice. Software-based motion analysis systems fall into two large categories: image analysis software and augmented reality--based hand tracking applications. Ongoing development of software-based systems range from opportunities and pitfalls associated with use of open-source frameworks. Therapists and surgeons considering use or development of software-based systems will need to establish the reliability and validity of ROM measurement, ensure accessibility across socioeconomic diverse populations, understand the impact of patient-driven ROM measurement, and consider appropriate regulatory body approval. Future directions for development entail the integration of artificial intelligence frameworks into existing software-based systems for optimization of measurement and pattern recognition as well as adoption of software-based measurement into in-person care in addition to telerehabilitation. As software-based motion analysis systems are further refined with patient and therapist needs at the forefront of development, such tools have the potential to optimize the provision of hand therapy while empowering patients to be involved in their own care.",2025,Journal of hand therapy : official journal of the American Society of Hand Therapists,,LIKELY_ADVANCE_CONFIRM,,,,,,,,,
2124,TA-09,40618142,10.1186/s13102-025-01241-z,Virtual reality-supported video modeling for enhancing motor skill acquisition in swimming.,"To develop successful training methods, effective acquisition of motor skills in swimming is essential. Emerging technologies, such as virtual and augmented reality, offer innovative ways to enhance learning and performance in this area. This study investigates the influence of video modeling (VM) supported by virtual reality (VR) on the swimming performance of novice swimmers compared to conventional training methods.A total of 55 university students participated in the study, divided into two groups: the VR-supported VM group (VRVM) (n = 28) and the traditional swimming group (TSG) (n = 27). While the VRVM group performed VR-supported VM exercises alongside conventional swimming training, the TSG group received only traditional swimming instruction. Performance indicators assessed in the study included distance per stroke (DpS), crawl kick (CK), swimming duration (SwD), heart rate (HR), and rate of perceived exertion (RPE). Both groups received 40-minute weekly swimming sessions over 11 weeks, while the VRVM group also completed 30-minute VR training prior to each session. The results showed that VR-supported VM training significantly improved novice swimmers' DpS, CK, SwD, and RPE.In conclusion, this study highlights the potential benefits of integrating VR-supported VM techniques into swimming training programs, providing a more effective approach to skill acquisition and performance improvement. Trial Registration ID: NCT06868706, Registered Date: 10/03/2025, retrospectively registered.",2025,"BMC sports science, medicine & rehabilitation",,LIKELY_ADVANCE_CONFIRM,,,,,,,,,
2125,TA-09,40616072,10.1186/s12893-025-02989-4,Evaluation of the effectiveness of preoperative 3D reconstruction combined with intraoperative augmented reality fluorescence guidance system in laparoscopic liver surgery: a retrospective cohort study.,"To evaluate the effectiveness of preoperative 3D reconstruction combined with intraoperative augmented reality fluorescence guidance system in laparoscopic liver surgery by establishing a retrospective cohort study. A retrospective cohort study was conducted from March 2023 to December 2024, with patients' data from the medical record system. Patients were divided into two groups according to their surgical protocols: 46 cases in the control group (conventional laparoscopic liver surgery) and 50 cases in the observation group (preoperative 3D reconstruction combined with intraoperative augmented-reality fluorescence guiding system in laparoscopic liver surgery). We compared perioperative indexes (operation time, intraoperative bleeding, time to first flatus, drainage tube removal time, hospitalization time), preoperative and postoperative liver function indexes [alanine aminotransferase (ALT), albumin (ALB), total bilirubin (TBIL)], stress indexes [angiotensin II (AT II), norepinephrine (NE), epinephrine (AD)], and complication rates between the two groups. The operation time of patients in the observation group was shorter than that of patients in the control group (110.75 ± 20.56 vs. 122.35 ± 20.48 min, 95% CI of difference: 2.52-20.68 min, p = 0.013), and the amount of intraoperative bleeding was less (300.80 ± 32.70 vs. 320.76 ± 35.84 mL, 95% CI of difference: 7.62-32.30 mL, p = 0.002). There was no statistically significant difference in the comparison of time to first flatus, drain removal time, hospitalization time and complication rate between the two groups (p > 0.05). Preoperatively, the comparison of ALT, ALB, TBIL, AT II, NE, AD levels of patients in the two groups were not statistically significant (p > 0.05); postoperatively, the AT II, NE, AD levels of patients in the observation group were lower than those of patients in the control group, with statistically significant differences (p < 0.001), while the differences in ALT, ALB, TBIL levels were not statistically significant (p > 0.05). For malignant cases, the R0 resection rate was similar between groups (92.3% vs. 89.5%, p = 0.724). Preoperative 3D reconstruction combined with intraoperative augmented reality fluorescence guidance system is potentially beneficial for laparoscopic liver surgery, which can modestly shorten the operation time, reduce intraoperative bleeding, and alleviate postoperative stress reactions.",2025,BMC surgery,,LIKELY_ADVANCE_CONFIRM,,,,,,,,,
2126,TA-09,40614141,10.1093/bjs/znaf146,Correction to: Laparoscopic distal pancreatectomy with en-bloc coeliac axis resection guided by augmented reality navigation.,,2025,The British journal of surgery,ABSTRACT_MISSING,LIKELY_ADVANCE_CONFIRM,,,,,,,,,
2127,TA-09,40610642,10.3758/s13428-025-02736-w,A toolbox for generating multidimensional 3D objects with fine-controlled feature space: Quaddle 2.0.,"Multidimensional 3D-rendered objects are an important component of vision research and video-gaming applications, but it has remained challenging to parametrically control and efficiently generate those objects. Here, we describe a toolbox for controlling and efficiently generating 3D-rendered objects composed of 10 separate visual feature dimensions that can be fine-adjusted using Python scripts. The toolbox defines objects as multidimensional feature vectors with primary dimensions (object body related features), secondary dimensions (head related features), and accessory dimensions (including arms, ears, or beaks). The toolbox interfaces with the freely available Blender software to create objects. The toolbox makes it possible to gradually morph features of multiple feature dimensions, determine the desired feature similarity among objects, and automatize the generation of multiple objects in 3D object and 2D image formats. We document the use of multidimensional objects in a sequence learning task that embeds objects in a 3D-rendered augmented reality environment controlled by the gaming engine Unity. Together, the toolbox features enable the efficient generation of multidimensional objects with fine control of low-level features and higher-level object similarity useful for visual cognitive research and immersive visual environments.",2025,Behavior research methods,,LIKELY_ADVANCE_CONFIRM,,,,,,,,,
2128,TA-09,40599148,10.25122/jml-2024-0382,Attitudes of dentists and patients towards the introduction of artificial intelligence in dentistry.,"This study evaluated the attitudes of dental professionals and patients regarding the use of artificial intelligence (AI) in dental practice. A survey was conducted among dentists, dental students, and patients to assess their trust in AI-generated diagnoses-whether partially or entirely AI-based-and in the direct involvement of AI in treatment. The collected data were statistically processed and analyzed. While approximately 45% of participants across all groups supported the use of AI software for data collection and analysis, most agreed that final diagnostic decisions should remain the dentist's responsibility. Confidence in fully AI-generated diagnoses was low, with only 3.8% of dentists, 10.4% of students, and 10.8% of patients expressing trust in such outcomes. Similarly, the level of trust in dental treatment performed by a computer-controlled dental machine was unsatisfactory. A significant difference was observed in preferences for direct dental care: 66.5% of patients favored it, compared to 79.9% of students and 77.4% of practicing dentists. This discrepancy may be attributed to concerns that AI could substantially reduce the clinical involvement of dentists and students, whereas patients fear that relying solely on AI could compromise the personalized aspect of care, requiring them to entrust their treatment entirely to machines. Hybrid solutions are models that synchronize the analytical capabilities of a dental practitioner with the data inferred by AI. The study found that doctors and patients have positive attitudes towards the introduction of AI as an auxiliary tool. Dental practices should invest in software and technological equipment that enable a new level of dental diagnosis with the aid of AI.",2025,Journal of medicine and life,,PRIORITY_VERIFY,,,,,,,,,
2129,TA-09,40598549,10.1186/s13063-025-08927-2,Efficacy and safety of augmented-reality pathway-specific binocular training in patients with unilateral amblyopia (ARPSBT): study protocol for a multicenter randomized controlled trial.,"Amblyopia is a common developmental disorder with reduced visual acuity and impairment in binocular functions. Patching the fellow eye, as the gold standard therapy in amblyopia, sometimes fails to achieve satisfactory outcomes because of poor adherence or delayed intervention. Recently, dichoptic/binocular digital therapy in amblyopia has been developed, but no evidence-based binocular treatments with superiority are available. Based on our previous study findings in neural deficits of unilateral amblyopia, we develop a paradigm of pathway-specific visual training using augmented-reality techniques, in which functions of the parvocellular pathway in the amblyopic eye are selectively pushed under binocular viewing. The aim of this trial is to assess the efficacy and safety of this innovative binocular, home-based treatment for children and adults with unilateral amblyopia. We hypothesize that augmented-reality pathway-specific binocular training will significantly improve visual functions compared with traditional patching. This is a superiority, multi-center, randomized, controlled trial involving 114 patients, aged between 5 and 55 years, with a diagnosis of unilateral amblyopia. Participants will be randomized 1:1 to either binocular training or patching, and will receive home-based treatment for 2 hours per day over a 13-week period. Their visual functions will be assessed at baseline, mid-treatment (week 2, week 4, week 9), and the end of treatment (week 13). The primary outcome is the change in best-corrected visual acuity at distance in the amblyopic eye from baseline to 13 weeks after treatment. Secondary outcomes include contrast sensitivity, near and far stereoacuity, interocular suppression, treatment adherence, and the incidence of adverse events at each visit. This study is the first multi-center randomized controlled trial investigating a home-based augmented-reality binocular therapy targeting neural deficits in children and adults with unilateral amblyopia. We expect that the trial will generate findings that can provide an evidence-based basis for the efficacy and safety of this innovative approach to amblyopia treatment. ClinicalTrials.gov identifier: NCT06498206. Registered on July 12, 2024.",2025,Trials,,PRIORITY_VERIFY,,,,,,,,,
2130,TA-09,40598466,10.1186/s12916-025-04181-0,Comparison between mixed reality with artificial algorithms and ultrasound in localization of anterior thigh flap perforators: a prospective randomized controlled study.,"This study explores the efficacy of integrating mixed reality (MR) technology with artificial algorithms for locating vessels during anterolateral thigh perforator flap surgeries, comparing it with color Doppler ultrasonography (CDU) to provide clinical insights. Eighty patients were randomly assigned to the MR group or the CDU group, with 40 patients in each. In the MR group, a localization device was attached to the lower limb, and CT angiography (CTA) data were converted into a 3D model. An artificial algorithm matched the device with the 3D model to overlay perforating vessels. The CDU group used traditional preoperative localization. Primary outcomes included the number of identified perforators and the distance between marked and actual vessel exit points. Secondary outcomes were flap harvest time and flap survival. Recognition rates were 94.3% in the MR group and 82.0% in the CDU group (P = 0.008). The average distance between marked and actual exit points was 1.5 mm vs. 2.7 mm (P < 0.0001). Flap harvest times averaged 52 and 68 min, respectively (P < 0.0001). In the MR group, one flap developed an infection and another necrosis, while in the CDU group, one flap had a crisis, and two experienced necrosis. Mixed reality combined with artificial algorithms offers superior vessel localization compared to ultrasound and holds promise for multidisciplinary perforator flap surgeries. This study was approved by the Ethics Committee of Chongqing University Cancer Hospital (Ethical Approval Number: CZLS2021177-A) and retrospectively registered at the Chinese Clinical Trial Register (registration number: CHiCTR2400087615, date of registration: 2024-07-31).",2025,BMC medicine,,LIKELY_ADVANCE_CONFIRM,,,,,,,,,
2131,TA-09,40595578,10.1038/s41467-025-60886-z,1-nm-thick epitaxial AlN passivation for highly efficient flexible InGaN red micro-LEDs.,"Highly efficient, ultrahigh-density inorganic micro-LED displays are gaining a strong position in the market for use in augmented reality glasses. When applied to electronic contact lenses with an eye-adaptive form factor, the micro-LED displays evolve into next generation augmented reality viewers. Here, we report 1-nm-thick epitaxial AlN passivation for 1.5-μm-diameter InGaN red micro-LEDs with high external quantum efficiency of 6.5% at the peak wavelength of 649 nm. The flexible form factor of the red micro-LEDs is achieved through the development of a near-complete device transfer. By overcoming the existing bottlenecks of red spectral efficiency and form factor of inorganic micro-LEDs, we believe this will pave the way for another revolution in the augmented reality and metaverse industries.",2025,Nature communications,,LIKELY_ADVANCE_CONFIRM,,,,,,,,,
2132,TA-09,40595168,10.1038/s41598-025-07208-x,Printed multiple input multiple output antennas powered by passive metamaterial and defected ground for diverse sixth generation applications.,"The evolution of 6th generation (6G) wireless technology has become imperative due to the exponential growth of wireless devices and applications. In a macro-cellular scenario, the 6 GHz electromagnetic spectrum is projected to be the framework for 6G commencement. However, the main obstacles that inhibit their potential at the physical layer are the fabrication intricacies entailed in comprehending high port isolation ([Formula: see text]) and other key performance indicator (KPI) of compact printed multiple-input-multiple-output (MIMO) antennas. Subsequently, to overcome these impediments, six novel meander line-based MIMO antennas ([Formula: see text]) have been introduced for diverse 6G use cases, including internet of things, extended reality, artificial intelligence, vehicle-to-everything, unmanned aerial vehicle, and device-to-device integrated sensing and communications. Furthermore, two unique passive metamaterial structures of square ring (α) and shorting pins (κ) have been studied for attaining an electromagnetic bandgap (EBG). Their performance were investigated by means of numerical simulations and validated through measurements conducted within the anechoic chamber. Meticulous strategies for accomplishing impedance matching, circularly polarization (CP), and high [Formula: see text] values have been presented. Each of the proposed MIMO antennas employed dual radiators, a defected ground, and an EBG structure to exhibit [Formula: see text] of [Formula: see text]21 dB, quasi-isotropic CP, and other desirable KPI of MIMO antennas. Their assembly possessed a low-profile of 0.03 free-space wavelength ([Formula: see text]) and an area of 1.1[Formula: see text] × 1.1[Formula: see text], thus being preferable for cost-effective compact terminals. During the measurements, each prototype yielded one or more remarkable MIMO antenna KPI in the 6 GHz band. Particularly, [Formula: see text] enabled filtered bandwidth (BW) of 8.84% and modest gain (G) of 6.4 dBic, [Formula: see text] attained high G of 7.1 dBic and enhanced efficiency (η) of 87%, [Formula: see text] yielded high η of 94%, [Formula: see text] established notable radiation pattern with fair G of 5.8 dBic, [Formula: see text] provided filtered BW of 9.69% and prominent η of 93%, and [Formula: see text] featured wide axial ratio (AR-BW) of 60.63%. Furthermore, all antenna measurements demonstrated good MIMO performance with envelope correlation coefficient and diversity gain of <0.2 and ≈10 dB, respectively. The novelty of this work lies in the radiator and ground designs, as well as the accomplishment of numerous KPI that surpass state-of-the art MIMO antennas.",2025,Scientific reports,,LIKELY_ADVANCE_CONFIRM,,,,,,,,,
2133,TA-09,40594635,10.1038/s41598-025-05935-9,Local pattern aware 3D video swin transformer with masked autoencoding for realtime augmented reality gesture interaction.,"This study proposes a real-time augmented reality gesture interaction algorithm based on the Swin Transformer and a masked self-encoder. This algorithm solves the challenges of the traditional Transformer model regarding spatio-temporal feature extraction and real-time performance. During data preprocessing, the study uses a synthetic data annotation method to automatically generate 3D gesture images and annotate joint information, significantly improving data annotation efficiency. Using weighted Euclidean distance and structural similarity optimization, the paper proposes an image denoising model based on maximum a posteriori probability that effectively reduces noise interference in gesture image analysis. The gesture detection and segmentation module combines EfficientNet and Transformer models. It fuses shallow and deep features through skip connections, realizes multi-scale feature extraction, and enhances attention to the target area through the triplet attention module. Additionally, the paper introduces the local texture feature prior (RTHLBP) to optimize gesture recognition and segmentation accuracy. In the gesture classification module, the paper proposes a ViT architecture based on a masked autoencoder. It aligns features at different levels through a dynamic weight fusion strategy and combines the relative total variation map as a self-monitoring element. This significantly improves classification performance. Experimental results demonstrate that the proposed model's accuracy, F1 score, and MIoU on the 4 GTEA sub-dataset surpass those of traditional CNN, Transformer, MobileNet, and DenseNet models, particularly on small datasets. The paper also optimizes the model's real-time performance through a multi-core parallel computing strategy. Experiments show that as the number of DSP cores increases, the computation time is significantly reduced and the computational efficiency remains at a high level.",2025,Scientific reports,,LIKELY_ADVANCE_CONFIRM,,,,,,,,,
2134,TA-09,40591963,10.3171/2025.4.FOCUS24557,Open-source AI-assisted rapid 3D color multimodal image fusion and preoperative augmented reality planning of extracerebral tumors.,"This study aimed to develop an advanced method for preoperative planning and surgical guidance using open-source artificial intelligence (AI)-assisted rapid 3D color multimodal image fusion (MIF) and augmented reality (AR) in extracerebral tumor surgical procedures. In this prospective trial of 130 patients with extracerebral tumors, the authors implemented a novel workflow combining FastSurfer (AI-based brain parcellation), Raidionics-Slicer (deep learning tumor segmentation), and Sina AR projection. Comparative analysis between AI-assisted 3D-color MIF (group A) and manual-3D-monochrome MIF (group B) was conducted, evaluating surgical parameters (operative time, blood loss, resection completeness), clinical outcomes (complications, hospital stay, modified Rankin Scale [mRS] scores), and technical performance metrics (processing time, Dice similarity coefficient [DSC], 95% Hausdorff distance [HD]). The AI-3D-color MIF system achieved superior technical performance with brain segmentation in 1.21 ± 0.13 minutes (vs 4.51 ± 0.15 minutes for manual segmentation), demonstrating exceptional accuracy (DSC 0.978 ± 0.012 vs 0.932 ± 0.029; 95% HD 1.51 ± 0.23 mm vs 3.52 ± 0.35 mm). Clinically, group A demonstrated significant advantages with shorter operative duration, reduced intraoperative blood loss, higher rate of gross-total resection, lower complication incidence, and better postoperative mRS scores (all p < 0.05). The integration of open-source AI tools (FastSurfer/Raidionics) with AR visualization creates an efficient 3D-color MIF workflow that enhances anatomical understanding through color-coded functional mapping and vascular relationship visualization. This system significantly improves surgical precision while reducing perioperative risks, representing a cost-effective solution for advanced neurosurgical planning in resource-constrained settings.",2025,Neurosurgical focus,,LIKELY_ADVANCE_CONFIRM,,,,,,,,,
2135,TA-09,40590062,10.1177/10556656251355791,Pilot Study Evaluating Augmented Reality Craniotomy Guides for Fronto-Orbital Advancement.,"ObjectiveAugmented reality (AR) has recently emerged as a potential alternative to 3D-printed technology in craniomaxillofacial surgery. The purpose of this study was to evaluate the feasibility and accuracy of AR craniotomy guides for fronto-orbital advancement (FOA) compared to conventional 3D-printed guides.DesignRetrospective comparative study.SettingCleft and craniofacial center at a tertiary children's hospital.Patients3D-printed skull models from 9 patients with metopic or coronal craniosynostosis who underwent FOA between January 2022 and November 2023.InterventionsA novel application was developed to project AR craniotomy guides onto 3D-printed skull models. AR guides were compared to conventional 3D-printed guides by utilizing both guidance modalities. The discrepancy at 8 pre-determined reference points was measured, including bilateral nasofrontal (NF), zygomaticofrontal (ZF), barrel stave (BS), and tenon extension (TE).Main Outcomes MeasureMeasured discrepancy in millimeters between AR guides and 3D-printed guides at the pre-determined reference points.ResultsThe anterior reference points (NF, ZF) had mean discrepancies ranging from 0.31 to 0.61 mm. The posterior points had mean discrepancies ranging from 1.39 to 3.28 mm (BS, TE). There was no statistically significant difference found between the two modalities at any reference point.ConclusionsAR craniotomy guides had a high level of accuracy, particularly at the anterior reference points. AR guides demonstrated feasibility as an alternative to 3D-printed craniotomy guides, in-vitro. Further research is required to translate this novel application to cadaver models and improve precision at posterior landmarks.",2026,The Cleft palate-craniofacial journal : official publication of the American Cleft Palate-Craniofacial Association,,LIKELY_ADVANCE_CONFIRM,,,,,,,,,
2136,TA-09,40588781,10.1002/ase.70088,The simulation paradox: Does perfecting virtual anatomy risk imperfecting professional empathy?,"The increasing adoption of advanced simulation technologies (virtual reality, augmented reality, sophisticated mannequins) in anatomical science education offers undeniable pedagogical advantages, including safe practice environments and enhanced visualization of complex structures. This article explores the simulation paradox, arguing that the very features enhancing technical mastery-such as control, predictability, cleanliness, and the absence of lasting consequences-may inadvertently impede the cultivation of professional empathy, ethical sensitivity, and the capacity to navigate ambiguity. By potentially sanitizing the profound encounter with the human form and minimizing exposure to the visceral realities, emotional weight, and inherent variability of human biology and mortality, an overreliance on ""perfect"" simulations risks producing practitioners less equipped for the vital affective and interpersonal dimensions of healthcare. Drawing on social science perspectives and educational ethics, this article critiques this potential trade-off and advocates for a balanced approach. It proposes integrating simulation with pedagogical strategies that intentionally foster humanistic competencies, such as hybrid models incorporating tangible experiences, structured reflective practice, explicit humanities integration, and emphasizing the educator's role in modeling empathy. The purpose is to urge critical evaluation of how technology is deployed, ensuring it serves, rather than subverts, the development of holistic, compassionate healthcare professionals.",2025,Anatomical sciences education,,LIKELY_ADVANCE_CONFIRM,,,,,,,,,
2137,TA-09,40587811,10.2196/65617,Evaluating the Effectiveness of Smart Glasses in Reducing Patient Care Time in Emergency Departments: Cohort Study From the Hangzhou Asian Games.,"Challenges in emergency medicine include overcrowding, insufficient emergency care resources, and extended emergency department (ED) waiting times. These issues contribute to delays in treatment and unfavorable outcomes. This situation worsens in events with large crowds and particularly worsened during the COVID-19 pandemic. The integration of augmented reality (AR) smart glasses could potentially enhance patient care in the ED. This study aims to assess the effectiveness of AR smart glasses in reducing patient care time in the ED during the 19th Asian Games and the Fourth Asian Para Games Hangzhou 2022 (HAG2022). The study specifically compares the prepreparation time (PPT) and consult response time (CRT) in patients receiving teleconsultations via AR smart glasses versus those receiving standard care without AR. This retrospective study was conducted between September 13, 2023, and October 28, 2023, during HAG2022. The data were gathered from AR smart glasses using 5G technology at the HAG2022 village and electronic health records at Sir Run Run Shaw Hospital, China. The study included 2 groups: the teleconsultation by augmented reality telemedicine system (ARTS) group and the non-ARTS group. The main data assessed were PPT and CRT in ED. During the research period, 80 patients were divided into 2 cohorts: the ARTS cohort (n=10) and the non-ARTS cohort (n=70). Gender and age demographics showed no significant differences between the cohorts. The ARTS cohort had a significantly lower average PPT of 23 minutes compared to the non-ARTS cohort's 40.3 minutes (P<.001). In addition, CRT in the ARTS cohort was significantly lower at 15.6 minutes compared to the non-ARTS cohort's 164.8 minutes (P=.03). The outcomes suggest that smart glasses are effective in decreasing PPT and CRT. AR smart glasses have the potential to enhance patient admission efficiency and reduce care time in EDs. However, despite these benefits, further research is needed to confirm their effectiveness, and additional studies are essential to identify the challenges and barriers to their successful implementation in emergency medicine.",2025,JMIR formative research,,LIKELY_ADVANCE_CONFIRM,,,,,,,,,
2138,TA-09,40587626,10.1021/acsami.5c06121,Shear-Aligned Flexible Polarized Fluorescent Antennas for Wearable Visible Light Communications.,"Wearable visible light communication systems face fundamental limitations in dense multi-input multioutput configurations due to signal crosstalk between channels. Here, we demonstrate shear-aligned flexible polarized fluorescent antennas (FPFAs) fabricated through a scalable thermally assisted brush-coating induction (BCI) process. By systematically investigating the synergistic effects of ″coffee-ring″ phenomena and shear forces on halloysite nanotube alignment, we reveal the underlying physical mechanism enabling the formation of highly ordered structures with an orientation degree of 0.89. We encapsulate these structures in a sandwich configuration that maintains polarization performance while exhibiting mechanical stability, with parallel fracture strength 4.25 times higher than conventional designs. When integrated with quantum dot fluorescent conversion layers, these FPFAs achieve a 4.95-fold improvement in signal-to-noise ratio (SNR) compared to traditional receivers across wide viewing angles, even under extreme bending conditions. The resulting wearable communication system maintains 85.1% transmission accuracy at distances up to 9 m under ambient lighting, a 935% improvement over conventional approaches, with superior resilience to environmental disturbances including rain and fog. This work establishes an effective strategy for polarization multiplexing in wearable optical communications, with applications spanning healthcare monitoring, secure communications, and augmented reality interfaces in dynamic environments.",2025,ACS applied materials & interfaces,,LIKELY_ADVANCE_CONFIRM,,,,,,,,,
2139,TA-09,40585059,10.1177/20552076251350440,Extended reality and information and communications technology in therapy: Enhancing remote artistic and recreational engagement for physically impaired and socially isolated patients.,"Extended reality (XR), encompassing virtual reality, augmented reality, and mixed reality, has the potential to transform therapeutic practices for individuals facing physical impairments or social isolation. This study aims to explore how XR, when integrated with advanced digital tools and information and communications technologies, can enhance psycho-physical well-being and therapeutic effectiveness, thereby improving quality of life. The research focusses on a pre-implementation phase assessing the knowledge and acceptance levels of XR technologies among healthcare professionals and the general population. For healthcare professionals, the study examines their perceived benefits of XR and their expertise in using such technologies to guide its implementation within care pathways. For the general public, the investigation centres on the perceived benefits and opportunities of XR in enhancing daily experiences and overall well-being. The study facilitates the preliminary definition of user requirements for both healthcare professionals and the general public, supporting the development of relevant scenarios and the identification of suitable XR technologies for therapeutic applications. The findings highlight the essential role of healthcare professionals in integrating XR into therapeutic frameworks while emphasizing the importance of addressing user needs and expectations. The structured methodology provides a foundation for designing an inclusive system that aligns with the needs of both stakeholders. The successful adoption of XR in therapeutic contexts requires clear definitions, comprehensive stakeholder engagement, and structured implementation pathways. By prioritizing remote access to artistic and recreational activities, XR can be positioned as an essential element of therapeutic care, ultimately contributing to improved patient outcomes and quality of life.",2025,Digital health,,LIKELY_ADVANCE_CONFIRM,,,,,,,,,
2140,TA-09,40580799,10.1016/j.rehab.2025.101956,Effects of augmented reality-based telerehabilitation in adhesive capsulitis of the shoulder: a randomized controlled trial.,"Home exercise is important for the treatment of adhesive capsulitis of the shoulder (ACS). Although studies on telerehabilitation to increase compliance and accuracy of home exercise are increasing in various musculoskeletal conditions, there are few studies on ACS. This study aims to investigate the effectiveness of augmented reality (AR)-based asynchronous telerehabilitation using UNICARE Home+ versus conventional home exercise in participants with ACS. One hundred participants with unilateral ACS were recruited and randomly assigned to telerehabilitation group (TR group) and conventional rehabilitation group (CR group). All participants, regardless of group, received the same hospital-based physical therapy once or twice for at least 3 months, plus an additional 3 months of home exercise. The TR group performed home exercises with an asynchronous telerehabilitation system, and the CR group performed home exercises with brochures. The primary outcome was the changes in the passive range of motion (PROM) of the affected shoulder joint between baseline and 3 months. The secondary outcomes were active ROM (AROM), shoulder pain measured by Numeric Rating Scale (NRS), shoulder pain and disability index (SPADI), 36-Item Short Form Survey (SF-36), European Quality of Life Five Dimensions Five Level Scale (EQ-5D-5L), and Canadian Occupational Performance Measure (COPM) at the 6 assessment points: at baseline, 1-, 2-, 3-, 4.5- and 6-month. There were no statistically significant differences in baseline PROM and 3-month PROM between the 2 groups. From baseline to 6 months, all PROM, all AROM, NRS, SPADI, COPM, SF-36 and EQ-5D-5L were significantly improved over time within each group in both groups (all P<0.001). However, there was no significant Group×Time interaction in any outcome, which means that the effect of time did not depend on which group the participants belonged to. AR and Kinect sensor-based telerehabilitation for participants with ACS improved shoulder pain, functional outcomes, and quality of life, but did not show superiority over conventional rehabilitation. gov: NCT04316130.",2025,Annals of physical and rehabilitation medicine,,LIKELY_ADVANCE_CONFIRM,,,,,,,,,
2141,TA-09,40579849,10.1080/00140139.2025.2519874,A virtual reality experiment shows that augmented reality can improve collaboration in ship navigation.,"High-quality collaboration is crucial for safety in safety-critical operations such as ship navigation. Presenting key task information in Augmented Reality (AR) could aid collaboration by facilitating Situation Awareness (SA) and communication about SA. A preregistered, forty-participant, between-group experiment was conducted. Participants performed the role of ship bridge lookout in two different navigation scenarios simulated in virtual reality, under two conditions: one with conventional navigation equipment and one with navigation equipment enhanced with AR features. We measured SA, communication about SA, usability, and reflections on AR for ship navigation. SA and the frequency of communication about SA were higher in the AR condition. The AR prototype was judged as usable. Participants indicated advantages and disadvantages of AR for ship navigation and suggested directions for further research and development. These findings suggest that AR can facilitate shared situation awareness and collaboration in safety-critical operations like ship navigation.",2026,Ergonomics,,LIKELY_ADVANCE_CONFIRM,,,,,,,,,
2142,TA-09,40577298,10.1109/TVCG.2025.3583745,Integrating User Input in Automated Object Placement for Augmented Reality.,"Object placement in Augmented Reality (AR) is crucial for creating immersive and functional experiences. However, a critical research gap exists in combining user input with efficient automated placement, particularly in understanding spatial relationships and optimal placement. This study addresses this gap by presenting a novel object placement pipeline for AR applications that balances automation with user-directed placement. The pipeline employs entity recognition, object detection, depth estimation along with spawn area allocation to create a placement system. We compared our proposed method against manual placement in a comprehensive evaluation involving 50 participants. The evaluation included user experience questionnaires, a comparative study of task performance, and post-task interviews. Results indicate that our pipeline significantly reduces task completion time while maintaining comparable accuracy to manual placement. The UEQ-S and TENS scores revealed high user satisfaction. While manual placement offered more direct control, our method provided a more streamlined, efficient experience. This study contributes to the field of object placement in AR by demonstrating the potential of automated systems to enhance user experience and task efficiency.",2025,IEEE transactions on visualization and computer graphics,,LIKELY_ADVANCE_CONFIRM,,,,,,,,,
2143,TA-09,40576661,10.1097/SCS.0000000000011606,Precise Pressure Points in the Craniofacial Region: An Anatomist's View.,"Applying pressure to key points proximal to craniofacial arteries can arrest bleeding in first aid, but precise locations are poorly defined. This study investigates the precise pressure points within the craniofacial region. The authors retrospectively reviewed CTA scans from 201 adults, 3D postprocessed in HOROS. The facial, superficial temporal, occipital, transverse facial, and posterior auricular arteries were analyzed. Three coordinate systems-anchored at the angulus oris, the porus acusticus externus, and the external occipital protuberance-were used to map the optimal compression site. The authors measured the linear distance from each landmark to its pressure point and recorded vessel diameters. All measurements were bilateral and averaged across the cohort; interindividual variability was also analyzed. Ten bilateral pressure points were identified and found to lie consistently within reach of thumb or 2-finger compression. Points for the facial and occipital arteries sit farther from their landmarks-along the mandible and posterior scalp-than those for the superficial temporal, transverse facial, and posterior auricular arteries. The latter 3 cluster along the auricular contour, such that a single compressive gesture can address over 95% of these points. Although most subjects exhibited consistent arterial courses, anatomic variations in branching patterns of the facial, transverse facial, and occipital arteries may necessitate palpation for pulsation before applying pressure. This atlas of craniofacial pressure points offers practical, anatomically precise guidance for first-aid responders and can enrich hemorrhage-control training programs, with potential for incorporation into simulation and augmented-reality tools.",2026,The Journal of craniofacial surgery,,PRIORITY_VERIFY,,,,,,,,,
2144,TA-09,40573659,10.3390/s25123772,Augmented and Virtual Reality for Improving Safety in Railway Infrastructure Monitoring and Maintenance.,"The highly demanding safety standards adopted in the railway context imply that cutting-edge technologies must limit accidents. This paper presents the human-centered outcomes of the VRAIL project, an industrial research project aiming to use enabling technologies and develop methodologies for operators directly involved in infrastructure management in the railway field. Developing integrated monitoring systems and applications that exploit Augmented Reality (AR) and Virtual Reality (VR) becomes crucial to support the awareness of planning and maintenance operators required to comply with high-quality standards. This paper addresses the abovementioned issue by proposing the development of two different prototype applications in both AR and VR for railway infrastructure data management. These environments will provide the planning operator with a complete platform to explore, use to plan maintenance interventions, and gather detailed reports to improve the overall safety of the railway line effectively.",2025,"Sensors (Basel, Switzerland)",,LIKELY_ADVANCE_CONFIRM,,,,,,,,,
2145,TA-09,40573568,10.3390/s25123683,When Teratology and Augmented Reality Entwine: A Qualitative Phenomenological Analysis in a Museal Setting.,"The Museum for Anatomy and Pathology at the Radboud University (The Netherlands) has created a permanent teratological exhibition, which is enhanced with augmented reality (AR) modalities. This exhibition serves various (post)graduate educational purposes and is open to the general public. However, data on visitors' views and experiences regarding the teratological collection and AR models are currently lacking. To address this, a qualitative study was conducted to explore visitors' opinions and experiences. One-on-one in-depth interviews were conducted using a predefined topic list, with audio recordings transcribed verbatim. Thematic analysis was applied to the twenty-six interview transcripts. The findings indicate that publicly displaying teratological specimens alongside AR modalities is valued and positively received by both (bio)medical students and laypeople alike. AR enhances understanding of dysmorphology and provides a more interactive and engaging learning experience for complex topics. The use of AR within a teratological exposition holds tremendous educational potential and improves public awareness and acceptance of developmental anomalies. Moreover, it provides a unique opportunity to reflect on both historical and contemporary bioethical issues.",2025,"Sensors (Basel, Switzerland)",,LIKELY_ADVANCE_CONFIRM,,,,,,,,,
2146,TA-09,40570755,10.1016/j.clineuro.2025.109030,Mixed reality holographic navigation for intracranial lesions using HoloLens 2: A pilot study and literature review.,"This study aims to evaluate the feasibility and efficacy of HoloLens 2-based mixed reality (XR) holographic navigation for intracranial lesions in neurosurgery, comparing its performance with the conventional navigation system. A pilot study was conducted involving 20 patients with various intracranial lesions between March 2023 and May2025. Magnetic resonance imaging with/without computed tomography angiography imaging data were acquired for both the conventional navigation system and the HoloLens 2 platform. As for the XR technology, the process involved uploading imaging data to a cloud platform for three-dimensional reconstruction, followed by the creation of the holographic model. During surgery, the holographic model was downloaded onto the HoloLens 2, and a point-based registration method was employed to align the holographic model with the patient's anatomy. The localization accuracy and registration working times were compared between the two systems. The cohort included 20 participants (11 males, 9 females; mean age 47.8 ± 15.3 years) with diagnoses such as meningioma (10 cases), vascular lesions (5 cases), glioma (3 cases), and lymphoma (2 case). Both senior neurosurgeons agreed on the accuracy of HoloLens 2's holographic projections, which were comparable to conventional navigation. The average registration working time for the HoloLens 2 was 5.7 ± 2.0 min, significantly faster than the conventional navigation system (9.3 ± 2.9 min) (P < 0.001). Additionally, HoloLens 2 demonstrated shorter registration working times across different head positions. Preliminary findings suggest that HoloLens 2 can serve as a portable and efficient navigation tool in neurosurgery, offering comparable localization accuracy to the conventional navigation system while significantly reducing registration working time. This technology has the potential to enhance surgical procedures and improve healthcare delivery in grassroots settings, making advanced neurosurgical navigation more accessible. Further research with larger cohorts is expected to substantiate these concepts.",2025,Clinical neurology and neurosurgery,SECONDARY_OR_COMMENTARY_TITLE,LIKELY_ADVANCE_CONFIRM,,,,,,,,,
2147,TA-09,40569313,10.1007/s11548-025-03462-6,Augmented reality in pelvic surgery: using an AR-headset as intraoperative radiation-free navigation tool.,"The incidence of acetabular and pelvic fractures is rising significantly. Pelvic ring fractures rank as the sixth most common fractures in adults, with the majority occurring in the elderly. Due to complications related to surgical approaches, with rates of up to 31%, there is an increasing demand for minimally invasive surgical techniques. Augmented Reality (AR) has the potential to facilitate spatial orientation by a sophisticated user interface. The aim of this study was to develop an AR-based, radiation-free navigation system for pelvic fractures. The Microsoft® HoloLens 2 was used as the AR headset. The Unity® game engine was used for programming. Pelvic models from Sawbones® served as the model. Segmentation was performed using Slicer3D by Slicer Corporation. The symphysis and both anterior superior iliac spines were defined as anatomical reference points. Ten pelvic models were used for testing. A preoperatively defined drill trajectory was displayed to the surgeon. A total of 20 S1 screws and 19 S2 screws were placed using only AR navigation without visual access to the pelvic model. Screw placement was controlled using CT. The matching process took an average of 3 min and 28 s. 18 out of 20 (90%) S1 screws and 3 out of 20 (15%) S2 screws were placed correctly. In most cases, no perforation occurred. The mean procedure time was 7 min for S1 screws and 5 min for S2 screws. Proper drilling was achieved by displaying the trajectories via AR, particularly for S1 screws, where a slightly wider drilling corridor was aimed for compared to S2 screws. No registration scan was necessary with our matching method. No intraoperative radiation was required.",2025,International journal of computer assisted radiology and surgery,,LIKELY_ADVANCE_CONFIRM,,,,,,,,,
2148,TA-09,40567648,10.7717/peerj-cs.2818,Improved salp swarm algorithm based optimization of mobile task offloading.,"The realization of computation-intensive applications such as real-time video processing, virtual/augmented reality, and face recognition becomes possible for mobile devices with the latest advances in communication technologies. This application requires complex computation for better user experience and real-time decision-making. However, the Internet of Things (IoT) and mobile devices have computational power and limited energy. Executing these computational-intensive tasks on edge devices may result in high energy consumption or high computation latency. In recent times, mobile edge computing (MEC) has been used and modernized for offloading this complex task. In MEC, IoT devices transmit their tasks to edge servers, which consecutively carry out faster computation. However, several IoT devices and edge servers put an upper limit on executing concurrent tasks. Furthermore, implementing a smaller size task (1 KB) over an edge server leads to improved energy consumption. Thus, there is a need to have an optimum range for task offloading so that the energy consumption and response time will be minimal. The evolutionary algorithm is the best for resolving the multiobjective task. Energy, memory, and delay reduction together with the detection of the offloading task is the multiobjective to achieve. Therefore, this study presents an improved salp swarm algorithm-based Mobile Application Offloading Algorithm (ISSA-MAOA) technique for MEC. This technique harnesses the optimization capabilities of the improved salp swarm algorithm (ISSA) to intelligently allocate computing tasks between mobile devices and the cloud, aiming to concurrently minimize energy consumption, and memory usage, and reduce task completion delays. Through the proposed ISSA-MAOA, the study endeavors to contribute to the enhancement of mobile cloud computing (MCC) frameworks, providing a more efficient and sustainable solution for offloading tasks in mobile applications. The results of this research contribute to better resource management, improved user interactions, and enhanced efficiency in MCC environments.",2025,PeerJ. Computer science,,LIKELY_ADVANCE_CONFIRM,,,,,,,,,
2149,TA-09,40566982,10.1080/00140139.2025.2519878,Investigation of outdoor environmental and human factors of ROV operation for novice user: a survey.,"Underwater Remotely Operated Vehicles (ROVs) are crucial for gathering limnological data, yet novice pilots face significant operational hurdles. This pioneering study, the first to focus on inspection-class micro-ROVs, identifies these challenges to improve ROV interfaces through a user-centered design approach. Qualitative data has been collected from 25 novice pilots using Likert scale through an online survey and analysed by modified DEMATEL method. This study identifies the key issues in the context of ROV operation regarding the outdoor work environment, user interaction with the ROV, and lack of awareness of Augmented Reality (AR) combined with hand-gesture input based user interfaces. This research contributes valuable information to the field of environmental and visual ergonomics, which may lead to better user interaction for novice ROV pilots.",2026,Ergonomics,,LIKELY_ADVANCE_CONFIRM,,,,,,,,,
2150,TA-09,40565476,10.3390/healthcare13121449,Usability of Mixed Reality for Naloxone Training: Iterative Development and Field Testing of ReviveXR.,"Background/Objectives: The increased availability of naloxone underscores the urgent need for scalable, effective training interventions. While current training modalities show promise, critical challenges persist, particularly regarding the development of interactive, self-efficacious platforms that mitigate anxiety in real-world overdose response, especially among laypersons. Therefore, this study aimed to develop and evaluate the usability and acceptability of a novel, self-paced mixed reality-based training tool (ReviveXR). Methods: ReviveXR was designed using the Apple Vision Pro spatial computing headset and Unity platform, employing mixed reality technology to facilitate interaction with virtual overdose scenarios while maintaining awareness of the physical environment. The intervention included a simulated tutorial and interactive modules on overdose response, rescue breathing, and chest compressions. Field testing was conducted in two rounds across various settings with a heterogeneous sample (N = 25), including individuals who use drugs, bystanders, first responders, and technology specialists. Data collection involved pre- and post-intervention surveys and qualitative interviews. Results: Participants demonstrated significant improvements in knowledge related to overdose recognition, naloxone administration, rescue breathing, and chest compressions. ReviveXR increased participants' confidence and intent to help overdose victims while reducing uncertainty during overdose reversal. Participants were predominantly from rural areas and primarily identified as White and male. Qualitative feedback emphasized the platform's heightened engagement, realism, patient responsiveness, and capacity to enhance knowledge acquisition and behavioral preparedness compared with conventional training approaches. Conclusions: ReviveXR offers a scalable, cost-effective, engaging alternative to traditional naloxone training programs, demonstrating strong feasibility across diverse environments and participants. ReviveXR holds considerable promise for expanding and enhancing community overdose response capacities and training healthcare professionals and first responders.",2025,"Healthcare (Basel, Switzerland)",,LIKELY_ADVANCE_CONFIRM,,,,,,,,,
2151,TA-09,40565418,10.3390/healthcare13121390,Performance of Real and Virtual Object Handling Task Between Post-Surgery Wrist Fracture Patients and Healthy Adults.,"Background: Humans interacting with virtual objects is becoming common due to the popularity of the devices adopting the mixed reality (MR) techniques. Assessing hand functions using these devices for medical purposes provides alternatives in addition to the traditional hand function assessment techniques. Objectives: The objectives were to compare the movement time (MT) of handing a real and a virtual object between post-surgery wrist fracture patients and healthy adults and to determine the correlation between the MT and commonly adopted hand function indicators. Methods: An experiment was performed. A total of 29 participants, including 17 patients and 12 healthy adults, joined. All the participants moved a real or a virtual tube from an origin to a destination. A set of MR device was adopted to generate the virtual object. The MTs were analyzed to compare differences between the patients and the healthy adults. Regression models were developed to predict the MT under experimental conditions. Results: The MT of the surgical hand was significantly longer than that of the nonsurgical hand of the patients and was significantly longer than that of the left hand of the healthy adults. The MT was negatively correlated with the commonly adopted hand function indicators, including grip strength, range of motion, hand dexterity score, and Modified Mayo Wrist Score. Conclusions: The anticipation that the MT of interacting with virtual objects for patients may reveal hand function characteristics for post-surgery patients was supported. The regression models developed could reveal the progression of hand function recovery for these patients. Having patients interact with virtual objects could be a supplemental approach in assessing their hand functions.",2025,"Healthcare (Basel, Switzerland)",,LIKELY_ADVANCE_CONFIRM,,,,,,,,,
2152,TA-09,40563222,10.1002/ase.70067,Interactive mixed reality anatomy learning of normal and malformed inner ears.,"The objective of this study is to evaluate the effectiveness of interactive Mixed Reality (MR) learning and compare it to traditional methods for independently learning inner ear anatomy through two experiments. The evaluation was conducted using HoloInnerEar, our new interactive MR tool for inner ear anatomy learning. In the first controlled experiment (N = 32), we compared independent learning techniques for normal anatomy using the interactive 3D + 2D features of HoloInnerEar to the traditional method using a video course combined with a mobile medical imaging application. Results show that interactive MR learning is significantly better than the traditional method for the interest of learning and knowledge confidence, and yields better knowledge test scores on multiple tasks, although not reaching statistical significance. In a second experiment, the malformation learning module of multiple-linked views of HoloInnerEar was assessed with otolaryngologists (N = 7). Experts agreed that this module fills a gap in inner ear malformation learning, which is important yet overlooked in the current curriculum. Positive feedback is obtained through a customized questionnaire and the NASA Task Load Index (NASA-TLX). Overall, we believe that interactive MR learning is a promising complementary approach to learning the anatomy of normal and malformed inner ears alike.",2025,Anatomical sciences education,,LIKELY_ADVANCE_CONFIRM,,,,,,,,,
2153,TA-09,40560836,10.1152/jn.00434.2024,From simple lab tasks to the virtual court: Bayesian integration in tennis.,"Two decades of research suggest that humans integrate sensory information and prior expectations in a Bayesian way to guide behavior. However, although Bayesian integration provides a powerful framework for perception, cognition, and motor control, evidence is largely limited to simple lab tasks. In two experiments with 32 participants each, we show that predictive gaze behavior aligns with core Bayesian predictions in a complex sensorimotor task: returning tennis serves. Participants returned serves in an extended reality setup with unconstrained movements and task demands matching real tennis. They faced two opponents with distinct distributions of serve locations. We measured predictive gaze behavior and explicit judgments to assess participants' estimations of the ball-bounce location. In the second experiment, we increased visual uncertainty with higher ball speeds. Confirming Bayesian predictions, participants' gaze was biased toward the opponent's preferred serve locations, particularly when visual uncertainty was increased by higher ball speeds. Furthermore, we found a dynamic reliability-weighted integration on two timescales: 1) on the timescale of a ""match"" (i.e., the experimental session), the prior effect grew with increasing experience of the opponent's preferred serve locations (i.e., with increasing reliability of prior information). 2) On the timescale of a single serve, the prior affected early estimates of ball-bounce location (i.e., gaze behavior); however, these estimates were ""overwritten"" by incoming sensory inputs accumulated during ball flight. Our results demonstrate that Bayesian theory provides a principled explanation of how our sensorimotor system solves complex challenges at the limit of human performance, such as returning high-speed tennis serves.NEW & NOTEWORTHY This study tests Bayesian integration in a complex sensorimotor task: returning tennis serves. We found reliability-based prior-likelihood integration on two timescales: 1) over a ""match"" (increasing reliability of prior information) and 2) over a single serve (increasing reliability of sensory information). More generally, this study exemplifies how leveraging extended reality technology provides a means to reduce the internal versus external validity trade-off by studying motor control under real-world task demands while ensuring rigorous experimental control.",2025,Journal of neurophysiology,,LIKELY_ADVANCE_CONFIRM,,,,,,,,,
2154,TA-09,40560441,10.1007/s11548-025-03410-4,Manual Registration in AR-Assisted Surgical Navigation: A Comparative Evaluation.,"This study evaluates two virtual auxiliary tools, degrees of freedom (DOF) Separation and PinNPivot, to address depth perception limitations and high error rates in manual registration for AR-assisted surgical navigation. DOF Separation decouples translation and rotation using six independent controls, minimizing cumulative errors. PinNPivot constrains object motion around virtual pins to stabilize rotation. Their effectiveness in AR remains underexplored. Using a hybrid evaluation system (Vuforia and NDI optical tracking), these tools were compared to unassisted manual registration on two patient-specific phantoms, assessing accuracy, task completion time, and NASA-TLX workload scores. PinNPivot balanced efficiency and accuracy but was prone to initial pin placement errors. DOF Separation achieved the highest accuracy but required longer task times due to iterative adjustments. NASA-TLX results showed higher cognitive and physical workload for assisted methods. DOF Separation and PinNPivot improved registration accuracy and efficiency over unassisted manual registration. As software-based tools requiring no additional hardware, they hold promise for enhancing AR-assisted surgical navigation. Future work should validate their clinical applicability in diverse scenarios.",2026,International journal of computer assisted radiology and surgery,,PRIORITY_VERIFY,,,,,,,,,
2155,TA-09,40558795,10.3390/jimaging11060196,Generation of Synthetic Non-Homogeneous Fog by Discretized Radiative Transfer Equation.,"The synthesis of realistic fog in images is critical for applications such as autonomous navigation, augmented reality, and visual effects. Traditional methods based on Koschmieder's law or GAN-based image translation typically assume homogeneous fog distributions and rely on oversimplified scattering models, limiting their physical realism. In this paper, we propose a physics-driven approach to fog synthesis by discretizing the Radiative Transfer Equation (RTE). Our method models spatially inhomogeneous fog and anisotropic multi-scattering, enabling the generation of structurally consistent and perceptually plausible fog effects. To evaluate performance, we construct a dataset of real-world foggy, cloudy, and sunny images and compare our results against both Koschmieder-based and GAN-based baselines. Experimental results show that our method achieves a lower Fréchet Inception Distance (-10% vs. Koschmieder, -42% vs. CycleGAN) and a higher Pearson correlation (+4% and +21%, respectively), highlighting its superiority in both feature space and structural fidelity. These findings highlight the potential of RTE-based fog synthesis for physically consistent image augmentation under challenging visibility conditions. However, the method's practical deployment may be constrained by high memory requirements due to tensor-based computations, which must be addressed for large-scale or real-time applications.",2025,Journal of imaging,,LIKELY_ADVANCE_CONFIRM,,,,,,,,,
2156,TA-09,40555134,10.1016/j.ejso.2025.110146,The application of augmented reality combined with indocyanine green fluorescence for guiding laparoscopic right hemihepatectomy in the treatment of hepatocellular carcinoma.,"Right hemi-hepatectomy is a radical surgical approach for primary liver cancer located in the right liver. Recently, augmented reality navigation (ARN) and indocyanine green fluorescence imaging (ICG-FI) has revolutionized the safety and accuracy of laparoscopic liver resections. This study aimed to evaluate the clinical efficacy of ARN combined with ICG-FI in performing laparoscopic right hemi-hepatectomy. In this retrospective study, 75 patients diagnosed with hepatocellular carcinoma who were subjected to laparoscopic right hemihepatectomy were enrolled. Participants were divided into two groups: ARN-FI and non-ARN-FI group. Baseline characteristics, intraoperative parameters, and both short-term and long-term outcomes, were collected and statistically analyzed for comparison. No significant differences were observed in baseline datas, pathological features, and preoperative variables between the ARN-FI group and the non-ARN-FI group. However, intraoperative blood loss was markedly reduced in the ARN-FI group as compared to the non-ARN-FI group (150 ml vs 250 ml, p = 0.004), and the rate of intraoperative blood transfusion was also significantly lower in the ARN-FI group (13.5 % vs 39.5 %, p = 0.011). In terms of long-term outcomes, the ARN-FI group exhibited recurrence-free survival rates of 81.1 % at one year and 73.0 % at three years, contrasting with the non-ARN-FI group's rates of 60.5 % and 50.0 %, respectively; these differences were statistically significant (p = 0.042). The combination of ARN and ICG-FI showed potential in reducing intraoperative bleeding, minimizing the need for blood transfusion, and improving the prognosis of patients undergoing laparoscopic right hemi-hepatectomy for hepatocellular carcinoma. This novel technique holds promising clinical applications.",2025,European journal of surgical oncology : the journal of the European Society of Surgical Oncology and the British Association of Surgical Oncology,,LIKELY_ADVANCE_CONFIRM,,,,,,,,,
2157,TA-09,40548423,10.2196/58794,Virtual Simulated Placements in Health Care Education: Scoping Review.,"A virtual simulated placement (VSP) is a computer-based version of a practice placement. COVID-19 drove increased adoption of web-based technology in clinical education. Accordingly, the number of VSP publications increased from 2020. This review determines the scope of this literature to inform future research questions. This study aimed to assess the range and types of evidence related to VSPs across the health care professions. Studies that focussed on health care students participating in VSPs. Hybrid, augmented reality, and mixed reality placements were excluded. In total, 14 databases were searched, limited to English, and dated from January 1, 2020. Supplementary searches were employed, and an updated search was conducted on July 9, 2023. Themes were synthesized using the PAGER (patterns, advances, gaps, evidence for practice, and research recommendations) framework to highlight patterns, advances, gaps, evidence for practice, and research recommendations. In total, 28 papers were reviewed. All VSPs were designed in response to pandemic restrictions. Students were primarily from medicine and nursing. Few publications were from low and middle-income countries. There was limited stakeholder involvement in the VSP designs and a lack of robust research designs, consistent outcome measures, conceptual underpinnings, and immersive technologies. Despite this, promising trends for student experience, knowledge, communication, and critical thinking skills using VSPs have emerged. This review maps the VSP evidence across health care education. Allied health and midwifery research require greater representation, and based on the highlighted gaps, other areas for future research are suggested.",2025,JMIR medical education,SECONDARY_OR_COMMENTARY_TITLE,LIKELY_ADVANCE_CONFIRM,,,,,,,,,
2158,TA-09,40548305,10.1016/j.artd.2025.101734,Evaluating the Impact of Mixed-Reality Technology on Operating Room Time in Total Hip Arthroplasty: A Comparative Study.,"To help guide acetabular component positioning in total hip arthroplasty (THA), computer-assisted devices like robotics, navigation, and mixed-reality (MR) have been incorporated into the operating room with variable results. This study aimed to identify the effect of using MR technology on operative time. This was a retrospective review of patients over the age of 18 years, who underwent primary THA for end-stage osteoarthritis from January 1, 2021, to August 20, 2024, at a single institution with 2 surgeons who incorporated MR into their surgical workflow. Patients that underwent THA with one of these 2 surgeons without HipInsight (Surgical Planning Associates, Inc., Boston, MA) were also included as controls. Demographic data, surgical approach, and operative time were evaluated. There were 411 patients included in this study with 165 patients who underwent surgery with MR and 246 patients who underwent surgery with standard manual instrumentation. The mean operative time in minutes was 89.6 (standard deviation = 12.6) for patients undergoing THA without MR and 89.2 (standard deviation = 13.1) for patients undergoing THA with MR (P > .05). A MR navigation system for THA did not appear to prolong operative times when utilized. Further studies are needed to determine its effect on long-term outcomes.",2025,Arthroplasty today,,LIKELY_ADVANCE_CONFIRM,,,,,,,,,
2159,TA-09,40542052,10.1038/s41598-025-05670-1,Facilitating laboratory automation using a robot with a simple and inexpensive camera detection system.,"Laboratory automation has transformed bioanalytical research, yet smaller research laboratories face challenges in adopting such technologies due to limited resources, time, and technical expertise, while already facing complex bioanalytical methods. To address these barriers, we developed a robotic-arm-based camera detection system featuring two software applications designed to simplify laboratory automation. Both applications use fiducial markers (Augmented Reality University of Cordoba (ArUco)), for object detection. The first application creates a 3D digital model of the robot's environment using ArUco markers and a Python-based Open Computer Vision (OpenCV) simulated stereo vision setup, enabling automated computer-aided design (CAD) in FreeCAD. This facilitates safe and efficient robot arm navigation. The second application integrates a deep learning neural network for automated digital display recognition, achieving an in-house error rate of 1.69%, comparable to manual readings. By leveraging low-cost hardware and open-source software available on GitHub, the system is accessible to smaller research facilities, reducing programming complexity and enabling broader adoption of laboratory automation in bioanalytical workflows. This work demonstrates an affordable and effective solution for integrating robotic arms into scientific workflows, enhancing reproducibility and efficiency in bioanalytical research.",2025,Scientific reports,,LIKELY_ADVANCE_CONFIRM,,,,,,,,,
2160,TA-09,40541229,10.1088/1741-2552/ade6aa,Improved spatial memory for physical versus virtual navigation.,"Objective. Virtual reality (VR) has become a key tool for researching spatial memory. Virtual environments offer many advantages for research in terms of logistics, neuroimaging compatibility etc. However, it is well established in animal models that the lack of physical movement in VR impairs some neural representations of space, and this is considered likely to be true in humans as well. Furthermore, it is unclear how big the disruptive effect stationary navigation is-how much does physical movement during encoding and recall affect human spatial memory and representations of space? What effect does the fatigue of actually walking during tasks have on participants-will physical movement decrease performance, or increase perception of difficulty?Approach. We utilize Augmented reality (AR) to enable participants to perform a spatial memory task while physically moving in the real world, compared to a matched VR task performed while stationary. Our task was performed by a group of healthy participants, by a group of stationary epilepsy patients, as they represent the population from which invasive human spatial signals are typically collected, and, in a case study, by a mobile epilepsy patient with an investigational chronic neural implant (Medtronic Summit RC + STM) streaming real-time continuous hippocampal local field potential data.Main results. Participants showed good performance in both conditions, but reported that the walking condition was significantly easier, more immersive, and more fun than the stationary condition. Importantly, memory performance was significantly better in walking vs. stationary in all groups, including epilepsy patients. We also found evidence for an increase in the amplitude of the theta oscillations associated with movement during the walking condition.Significance. Our findings highlight the importance of paradigms that include physical movement and suggest that integrating AR with movement in real environments can lead to improved techniques for spatial memory research.",2025,Journal of neural engineering,,LIKELY_ADVANCE_CONFIRM,,,,,,,,,
2161,TA-09,40540380,10.1109/TPAMI.2025.3578416,GUS-IR: Gaussian Splatting With Unified Shading for Inverse Rendering.,"Recovering the intrinsic physical attributes of a scene from images, generally termed as the inverse rendering problem, has been a central and challenging task in computer vision and computer graphics. In this paper, we present GUS-IR, a novel framework designed to address the inverse rendering problem for complicated scenes featuring rough and glossy surfaces. This paper starts by analyzing and comparing two prominent shading techniques popularly used for inverse rendering, forward shading and deferred shading, effectiveness in handling complex materials. More importantly, we propose a unified shading solution that combines the advantages of both techniques for better decomposition. In addition, we analyze the normal modeling in 3D Gaussian Splatting (3DGS) and utilize the shortest axis as normal for each particle in GUS-IR, along with a depth-related regularization, resulting in improved geometric representation and better shape reconstruction. Furthermore, we enhance the probe-based baking scheme proposed by GS-IR to achieve more accurate ambient occlusion modeling to better handle indirect illumination. Extensive experiments have demonstrated the superior performance of GUS-IR in achieving precise intrinsic decomposition and geometric representation, supporting many downstream tasks (such as relighting, retouching) in computer vision, graphics, and extended reality.",2025,IEEE transactions on pattern analysis and machine intelligence,,LIKELY_ADVANCE_CONFIRM,,,,,,,,,
2162,TA-09,40538865,10.1161/SVIN.124.001713,(Holo-Stroke-CTA): Stroke Hologram Teleportation for CTA Large Vessel Occlusion Assessments.,"Augmented Reality (AR) enables visualization of and interaction with both physical and virtual environments. Holograms can allow 3D image transmission to distant sites, allowing patients to interact with providers as if in the same space. Our prior publication resulted in high satisfaction/immersion for patients interacting with Holo-Stroke providers. Our aim here was to determine if providers assessing CTAs for large vessel occlusion (LVO) would result in reliability and satisfaction. Thirty-six head CTAs were de-identified and scored by Stroke Faculty, Fellows, and Nurse Practitioners for LVO using DICOM viewer. CTAs were presented 2 months later via Holo-Stroke. Holograms were positioned in 3D-space, viewable through the Hololens-2, and scored by the same providers. Kappa Reliability was assessed comparing scores to gold-standard (radiology report). Satisfaction was assessed via Likert scale. Thirteen providers scored the CTAs. Overall Kappa reliability, compared to gold standard, was 0.78(81%)DICOMvs.0.94(94%)Holo-Stroke-CTA(p<0.0001). Overall %correct was 81%vs.94%(p<0.001). Holo-Stroke-CTA's reliability improved for most examiners: Overall (κ=0.78(81%)vs.0.94(94%)), Faculty (κ=0.85(87%)vs.0.92(93%)), NPs (κ=0.81(83%)vs.0.90(92%)), and Fellows (κ=0.68(72%)vs.0.97(97%)). Overall MCA (κ=0.76(86%)vs.0.93(96%)), ICA (κ=0.8(88%)vs.0.9(94%)), and Basilar (κ=0.73(95%)vs. 0.82(96%)) scored high, with marked improvement for ACA (κ=0.3(39%)vs. 0.91(94%)), and PCA (κ=0.55(70%)vs.0.95(98%)). Likert satisfaction ""Overall"" was (18DICOM,48Holo-Stroke-CTA;p=0.002) with %increasing from 39% to 96%. ""Immersion"" scores were (0,10;p=0.001), ""Ease of Use"" (5,9;p=0.002), ""Accuracy"" (7,9;p=0.002), ""Technology Advancement"" (4,10;p=0.001), and ""Interest"" (3,10;p=0.002). Holo-Stroke-CTA resulted in higher reliability and satisfaction vs. standard DICOM tele-stroke tele-radiology. Providers noted the ability to see 3D vessels in virtual space, vs. scrolling through axial/sagittal/coronal images, resulted in higher accuracy. Even for trainees and difficult to assess vessels, providers were more able to identify LVOs using Holo-Stroke-CTA. Providers were enthusiastic for the immersive radiology assessment, with the ability to immersively resize, rotate, and investigate hologram in 3D virtual space. Though further assessments are needed, Holo-Stroke-CTA can help providers more easily, and at-a-glance, evaluate CTA for LVO.",2025,"Stroke (Hoboken, N.J.)",,LIKELY_ADVANCE_CONFIRM,,,,,,,,,
2163,TA-09,40537409,10.1177/00034894251347459,Augmented Reality for Identification of Temporal Bone Anatomy and Comparison to Conventional Imaging.,"To design and validate an augmented reality application for identification of temporal bone anatomy. The anatomy of the temporal bone is highly complex and can present challenges for operative planning and for education of both patients and medical trainees. An augmented reality application for visualization and identification of temporal bone anatomy in 3D was developed using Slicer, OpenGL, and Angle libraries on the Augmented Reality on Microsoft HoloLens (AR-MH). A total of 14 physicians, including 7 otolaryngologists (4 trainees and 3 attendings) and 7 radiologists (4 trainees and 3 attendings), participated in this study to visualize temporal bone structures using 2D CT imaging, 3D CT model visualization on a monitor, and AR-MH. Quantitative metrics to compare the users' performance between modalities included time taken to identify structures, accuracy of identification, and the NASA Task Load Index. The rendering rate for individual models was 60 fps, excluding the temporal bone model. The mean time for participants to identify 16 structures was 3:04 minutes on 2D, 2:02 minutes on 3D, and 2:09 minutes on AR-MH. The adjusted accuracy of identifying structures was 89.0% on 2D, 93.2% on 3D, and 91.6% on AR-MH. Mean NASA-TLX values showed no significant difference in workload metrics between modalities. Visualization of anatomy in 3D (either on a monitor or via AR-MH) resulted in greater speed and accuracy of anatomy identification for trainees but not attendings. Augmented reality provides a means of intuitively visualizing temporal bone anatomy which may function as an effective tool for surgical planning and education, particularly for novices.",2025,"The Annals of otology, rhinology, and laryngology",,LIKELY_ADVANCE_CONFIRM,,,,,,,,,
2164,TA-09,40536610,10.1007/s11548-025-03401-5,"Super-resolution for localizing electrode grids as small, deformable objects during epilepsy surgery using augmented reality headsets.","Epilepsy surgery is a potential curative treatment for people with focal epilepsy. Intraoperative electrocorticogram (ioECoG) recordings from the brain guide neurosurgeons during resection. Accurate localization of epileptic activity and thus the ioECoG grids is critical for successful outcomes. We aim to develop and evaluate the feasibility of a novel method for localizing small, deformable objects using augmented reality (AR) head-mounted displays (HMDs) and artificial intelligence (AI). AR HMDs combine cameras and patient overlay visualization in a compact design. We developed an image processing method for the HoloLens 2 to localize a 64-electrode ioECoG grid even when individual electrodes are indistinguishable due to low resolution. The method combines object detection, super-resolution, and pose estimation AI models with stereo triangulation. A synthetic dataset of 90,000 images trained the super-resolution and pose estimation models. The system was tested in a controlled environment against an optical tracker as ground truth. Accuracy was evaluated at distances between 40 and 90 cm. The system achieved sub-5 mm accuracy in localizing the ioECoG grid at distances shorter than 60 cm. At 40 cm, the accuracy remained below 2 mm, with an average standard deviation of less than 0.5 mm. At 60 cm the method processed on average 24 stereo frames per second. This study demonstrates the feasibility of localizing small, deformable objects like ioECoG grids using AR HMDs. While results indicate clinically acceptable accuracy, further research is needed to validate the method in clinical environments and assess its impact on surgical precision and outcomes.",2025,International journal of computer assisted radiology and surgery,,LIKELY_ADVANCE_CONFIRM,,,,,,,,,
2165,TA-09,40529237,10.1016/j.jcot.2025.103074,Recent progress in surgical treatment of cervical spine myelopathy - A narrative review.,"Surgical techniques and technology for cervical spondylotic myelopathy (CSM) have demonstrated remarkable advancement during the past decade. This narrative review examines the evolution of surgical approaches and technological innovations, focusing on both anterior and posterior techniques. Anterior approaches have progressed through the development of endoscopic procedures, novel decompression methods such as vertebral body sliding osteotomy, and advanced implant materials including 3D-printed customized devices. Posterior approaches have evolved with the integration of endoscopic techniques and refined fixation methods, demonstrating reduced tissue trauma and improved outcomes. The integration of surgical assistance technologies, including navigation systems, robotics, and augmented reality, has enhanced surgical precision while potentially reducing procedural risks. While these advances show promising outcomes in terms of surgical precision and patient recovery, challenges persist regarding technology implementation and cost-effectiveness. Emerging technologies such as artificial intelligence for surgical planning, patient-specific implants, and adjunctive biological therapies may further improve CSM treatment. The optimal application of these innovations requires continued research and careful evaluation to establish their long-term efficacy and safety in clinical practice.",2025,Journal of clinical orthopaedics and trauma,SECONDARY_OR_COMMENTARY_TITLE,LIKELY_ADVANCE_CONFIRM,,,,,,,,,
2166,TA-09,40527663,10.1016/j.jht.2025.04.020,Extended reality in the management of upper limb musculoskeletal conditions: A scoping review.,"Extended reality (XR) is increasingly used in the management of upper limb musculoskeletal conditions. To systematically map reported interventions using XR, explore their effects, and identify gaps in knowledge. Scoping review. Searches were conducted in CINAHL, ClinicalTrials.gov, Embase, MEDLINE, PEDro, and Web of Science, covering publication from 2006 to September 2024. Primary research studies were included if they focused on adults with upper limb musculoskeletal disorders, evaluated at least one XR intervention, and reported at least one outcome related to pain, range of motion, or function. The quality of the studies was assessed using the PEDro scale and Joanna Briggs Institute checklists. The present scoping review adhered to the Preferred Reporting Items for Systematic Reviews and Meta-analysis extension for scoping reviews guidelines. A total of 19 studies were included. Fifteen were randomized controlled trials, one was a nonrandomized controlled trial, two were case series, and one was a case report. The majority (n = 15) focused on shoulder conditions, with no studies identified for elbow, nontraumatic wrist, or hand conditions. Among the included studies, none evaluated mixed reality, only one investigated augmented reality, and 18 focused on virtual reality. XR interventions seem to be more effective at improving range of motion and upper limb disability than alleviating pain in people with upper limb conditions. While XR shows potential for improving range of motion and disability in people with upper limb musculoskeletal conditions, its clinical applications are hindered by methodological inconsistencies and limited evidence. Future research should prioritize high-quality randomized controlled trials with larger and more diverse populations.",2025,Journal of hand therapy : official journal of the American Society of Hand Therapists,SECONDARY_OR_COMMENTARY_TITLE,LIKELY_ADVANCE_CONFIRM,,,,,,,,,
2167,TA-09,40523786,10.1136/bmjopen-2024-094791,Mapping the use of extended reality (XR) in radiation oncology education: a scoping review protocol.,"As the field of radiation oncology continues to evolve with rapidly advancing technologies, the need for innovative educational methods is critical. Extended reality (XR) technologies-including virtual reality, augmented reality and mixed reality-have emerged as transformative tools in medical education. While the potential of XR in healthcare education is recognised, there is a lack of comprehensive exploration specifically in the context of radiation oncology education. This scoping review aims to map the existing literature on XR technologies in radiation oncology training and education, identify barriers to their adoption and highlight opportunities for broader integration into curricula. This scoping review will follow the Arksey and O'Malley framework with enhancements by Levac et al and will adhere to the Preferred Reporting Items for Systematic Reviews and Meta-Analyses extension for Scoping Reviews guidelines. A comprehensive search will be conducted across databases, including MEDLINE, Scopus and Web of Science, to identify relevant studies on the use of XR technologies in radiation oncology education. Studies will be selected based on predetermined inclusion criteria using the population, concept, context framework. Data extraction will focus on the types of XR technologies used, educational settings, learning outcomes, barriers to adoption and methodologies for evaluating XR effectiveness. The results will be synthesised through descriptive statistics and qualitative thematic analysis. A consultation phase will engage experts to refine findings and ensure the practical relevance of the review. This protocol does not require ethics approval at the current stage as it involves a scoping review of publicly available literature. Ethics approval will be obtained prior to initiating the consultation phase involving experts. Written informed consent will be obtained from all individual participants included in the study. The study will be conducted in accordance with relevant guidelines and regulations and was approved by the Chang Gung Medical Foundation Institutional Review Board on 13 May 2025 (ref.: 202500731B0). The findings of this review will be disseminated through peer-reviewed publications, conference presentations and tailored executive summaries aimed at educators, policymakers and stakeholders in radiation oncology education.",2025,BMJ open,SECONDARY_OR_COMMENTARY_TITLE,LIKELY_ADVANCE_CONFIRM,,,,,,,,,
2168,TA-09,40523213,10.2196/64751,Applying Augmented Reality to Convey Medical Knowledge on Osteoclasts to Users of a Serious Game: Vignette Experiment.,"Visualization technology is enhancing interactive learning by merging digital content with real-world environments, offering immersive experiences through augmented reality (AR) in fields like medical education. AR is being increasingly used in medicine and dental education to improve student learning, particularly in understanding complex concepts such as bone remodeling. Active learning strategies, supported by AR, boost student autonomy, reduce cognitive load, and improve learning outcomes across various disciplines. AR is gaining popularity in higher education as it enhances active learning, reduces cognitive load, and improves cognitive, meta-cognitive, and affective outcomes, particularly in medical and nursing education. The effectiveness of immersive AR in enhancing understanding of complex physiological processes is still unclear, with a lack of rigorous studies on its impact and how to effectively convert academic content into AR. We assess the capacity of AR-enhanced content for learning medical knowledge with a state-of-the-art AR game published along with a modern cell atlas of the oral cavity. To assess AR-enhanced content for learning, we formulated hypotheses on the general impact on learning (H1), specific improvements in learning (H2), and long-term retention (H3). An AR serious game was developed to represent current knowledge on osteoclasts for classroom use. The game was evaluated in an unblinded face-to-face vignette experiment (39 participants). Learning outcomes on ""Osteoclasts"" were compared between the AR game (17 participants) and a textbook-only option (20 participants) conveying the same content. Participants were randomly assigned and learning success was measured at three time-points, immediately after the experiment session, 1 week later, and 1 month later, via web-based surveys. The AR serious game elicited strong interest in the topic (perceived relevance in Attention, Relevance, Confidence, and Satisfaction [ARCS], W=10,417; P<.001) and motivated students by increasing self-efficacy (confidence in ARCS, W=11,882.5; P=.02) and satisfaction (in ARCS, W=4561; P<.001). The learning outcomes were comparable to text-based self-learning (t=2.0103; PBonferroni=.095). Furthermore, curious students benefited more from interactive learning methods compared with text-only methods and had higher learning success (t=-2.518; P=.02). Introducing new technology such as AR into teaching requires technological investment, updated curricula, and careful application of learning paradigms. We found support for improved motivation (H1) and some evidence of AR's baseline effectiveness (H2a). While we could not confirm AR's impact on visual tasks overall (H2b), we noted an interesting interaction between curiosity and visual task outcomes (H2c), as well as how game design influences student perception of the material (H2d). Due to attrition, long-term learning outcomes (H3) could not be assessed. AR-based learning may particularly benefit curious students, who often struggle with text-heavy methods. As students are increasingly accustomed to brief, engaging content, teaching approaches must adapt.",2025,JMIR serious games,,LIKELY_ADVANCE_CONFIRM,,,,,,,,,
2169,TA-09,40522793,10.1109/TIP.2025.3578257,Spherical Patch Generative Adversarial Net for Unconditional Panoramic Image Generation.,"Recent advancements in virtual reality (VR) and augmented reality (AR) have popularised the emerging panoramic content for the immersive visual experience. The difficulty in acquisition and display of 360° format further highlights the necessity of unconditional panoramic image generation. Existing methods essentially generate planar images mapped from panoramic images, and fail to address the deformation and closed-loop characteristics when inverted back to the panoramic images. Thus leading to the generation of pseudo-panoramic content. This paper aims to directly generate spherical content, in a patch-by-patch style; besides computation friendly, this promises the anywhere continuity on the panoramic image and proper accommodation of panoramic deformation. More specifically, we first propose a novel spherical patch convolution (SPConv) that operates on the local spherical patch, which naturally addresses the deformation of panoramic content. We then propose our spherical patch generative adversarial net (SP-GAN) that consists of spherical local embedding (SLE) and spherical content synthesiser (SCS) modules, which seamlessly incorporate our SPConv so as to generate continuous panoramic patches. To the best of our knowledge, the proposed SP-GAN is the first successful attempt to accommodate the spherical distortion for closed-loop panoramic image generation in a patch-by-patch manner. The experimental results, with human-rated evaluations, have verified the consistently superior performances for unconditional panoramic image generation, from the perspectives of generation quality, computational memory, and generalisation to various resolutions. Codes are publicly available at https://github.com/chronos123/SP-GAN.",2025,IEEE transactions on image processing : a publication of the IEEE Signal Processing Society,,LIKELY_ADVANCE_CONFIRM,,,,,,,,,
2170,TA-09,40518857,10.1017/S0007114523002829,"A 'major breakthrough', yet potentially 'entirely ineffective'? Experts' opinions about the 'total ban' on unhealthy food marketing online in the UK's Health and Care Act (2022).","The UK's Health and Care Act (2022; paused until 2025) includes a globally novel ban on paid-for online advertising of food and beverage products high in saturated fat, salt and sugar (HFSS), to address growing concerns about the scale of digital marketing and its impact in particular on children's food and beverage preferences, purchases and consumption. This study aimed to understand the potential impact of the novel ban (as proposed in 2020) on specified forms of online HFSS advertising, through the lens of interdisciplinary expertise. We conducted semi-structured interviews via videoconference with eight purposively selected UK and global digital marketing, food and privacy experts. We identified deductive and inductive themes addressing the policy's scope, design, implementation, monitoring and enforcement through iterative, consensual thematic analyses. Experts felt this novel 'breakthrough' policy has potential to substantially impact global marketing by establishing the principle of no HFSS advertising online to consumers of all ages, but they also identified substantive limitations that could potentially render it 'entirely ineffective', for example, the exclusion of common forms of digital marketing, especially brand marketing and marketing integrated within entertainment content; virtual/augmented reality, and 'advertainment' as particularly likely spaces for rapid growth of digital food marketing; and technical digital media issues that raise significant barriers to effective monitoring and compliance. Experts recommended well-defined regulations with strong enforcement mechanisms. These findings contribute insights for effective design and implementation of global initiatives to limit online HFSS food marketing, including the need for government regulations in place of voluntary industry restrictions.",2025,The British journal of nutrition,,LIKELY_ADVANCE_CONFIRM,,,,,,,,,
2171,TA-09,40515367,10.1364/OE.565132,Chromatic-aberration-free full-color augmented reality display via triple-stacked liquid crystal polarization volume grating waveguides.,"Liquid crystal polarization volume gratings (LC-PVGs) have attracted significant attention as optical combiners of diffractive optical waveguides in augmented reality (AR) displays due to intrinsic high diffraction efficiency, polarization-selectivity, and ultra-thin profile. However, conventional LC-PVGs based diffractive waveguide architectures face significant challenges in full-color imaging due to inherent chromatic aberration, which stems from the wavelength-dependent diffraction angles of waveguide coupling gratings, leading to unavoidable color separation as a critical barrier to practical full-color display implementation. To address this challenge, we propose an AR display system employing a triple-stacked waveguide structure with red, green, and blue liquid crystal polarization volume gratings (LC-PVGs). Through meticulous design and optimization of the horizontal grating periods in each color-specific waveguide layer, we achieve consistent diffraction angles for all three color channels during waveguide propagation. This angular synchronization enables subsequent chromatic recombination at the output grating, ultimately realizing achromatic imaging. The presented solution offers a promising approach to overcoming chromatic dispersion limitations in full-color diffractive waveguide AR displays, potentially advancing their applicability in high-fidelity augmented reality systems.",2025,Optics express,,LIKELY_ADVANCE_CONFIRM,,,,,,,,,
2172,TA-09,40515232,10.1364/OE.554017,Design and fabrication of a compact augmented reality near-eye display with freeform holographic optics.,"A compact monochromatic augmented reality near-eye display (AR NED) system, which includes two freeform holographic optical elements (HOEs) and a freeform prism, is presented in this paper. The freeform prism consisting of three freeform surfaces is employed to fold the propagation of light, enabling a highly compact form factor. The optical combiner of the AR NED system is a freeform HOE, and another freeform HOE is employed to correct chromatic aberration caused by the combiner due to the system's spectrum bandwidth. The two freeform HOEs are fabricated by the use of a freeform recording system. A cooperative optimization is proposed to co-design the AR NED system and the recording systems. The high degrees of freedom offered by both freeform HOEs and the freeform prism allow us to achieve a very compact AR NED system with spectrum bandwidth of 8 nm, a diagonal field of view (FOV) of 20°, an average diffraction efficiency of 30%, and root mean square (RMS) fraction of the intensity distribution within the entire FOV of 0.3. A prototype is built to demonstrate the feasibility of the proposed display system.",2025,Optics express,,LIKELY_ADVANCE_CONFIRM,,,,,,,,,
2173,TA-09,40515197,10.1364/OE.562679,Comparisons of glass and plastic waveguides for augmented reality glasses.,"Augmented reality (AR) waveguides are often treated as perfectly flat, but some degree of roughness present will blur the final image. By comparing the optical system's modulation transfer function (MTF), we find that glass waveguides with smoother surfaces can transmit higher resolutions than the untreated plastic waveguides with rougher surfaces. However, the coated plastic waveguides, achieved by spin-coating acrylic resin material to the plastic surface, can significantly reduce the roughness and attain surface quality comparable to that of glass. Additionally, we find that changing factors that widen the field of view such as refractive index and incident angle will make the system more sensitive to surface roughness.",2025,Optics express,,LIKELY_ADVANCE_CONFIRM,,,,,,,,,
2174,TA-09,40515154,10.1364/OE.562494,Colorless photoalignment material for fabricating liquid crystal holographic optical elements.,"The optical properties of a new colorless photoalignment material, RN-4942, its fabrication stability, and applications in fabricating passive liquid crystal devices, including Pancharatnam-Berry phase optical elements and polarization volume holograms for augmented reality (AR) and virtual reality (VR) displays, are studied. Compared to conventional alignment materials, RN-4942 offers a ∼1000x higher exposure sensitivity, faster fabrication process, lower dosage requirements, and greater humidity resistance during the patterned-alignment fabrication using a holographic exposure setup, ensuring a much better alignment stability. In addition, RN-4942-based devices exhibit high thermal, temporal, and photo stabilities, making them exceptional candidates for AR/VR display applications.",2025,Optics express,,LIKELY_ADVANCE_CONFIRM,,,,,,,,,
2175,TA-09,40515147,10.1364/OE.559364,View synthesis for 3D computer-generated holograms using deep neural fields.,"Computer-generated holography (CGH) simulates the propagation and interference of complex light waves, allowing it to reconstruct realistic images captured from a specific viewpoint by solving the corresponding Maxwell equations. However, in applications such as virtual and augmented reality, viewers should freely observe holograms from arbitrary viewpoints, much as how we naturally see the physical world. In this work, we train a neural network to generate holograms at any view in a scene. Our result is the Neural Holographic Field: the first artificial-neural-network-based representation for light wave propagation in free space and transform sparse 2D photos into holograms that are not only 3D but also freely viewable from any perspective. We demonstrate by visualizing various smartphone-captured scenes from arbitrary six-degree-of-freedom viewpoints on a prototype holographic display. To this end, we encode the measured light intensity from photos into a neural network representation of underlying wavefields. Our method implicitly learns the amplitude and phase surrogates of the underlying incoherent light waves under coherent light display conditions. During playback, the learned model predicts the underlying continuous complex wavefront propagating to arbitrary views to generate holograms.",2025,Optics express,,LIKELY_ADVANCE_CONFIRM,,,,,,,,,
2176,TA-09,40515082,10.1364/OE.559667,Beam interaction and targeted optimization methods for AR waveguide design.,"Waveguide combiners for augmented reality are a popular architecture because they can remain compact while delivering a large etendue to the user. Waveguides propagate light via total internal reflection, passing light from the display engine to the user through the substrate itself. While the operating principles are straightforward, the design is much more complex, with thousands of possible paths for light inside the glass. We introduce a method for simulating light propagation through the waveguide based on beam interactions with surfaces rather than non-sequential ray tracing. This method calculates spatial efficiency one hundred times faster than non-sequential ray tracing. It can also calculate how the waveguide affects image quality at any eyebox position using clipped beams to obtain the modulation transfer function. We also introduce a targeted optimization approach, making optimization faster and more effective. This approach localizes the optimization for each field to only those parts of the waveguide that contribute to the eyebox, mitigating losses of light that are unnecessarily out-coupled elsewhere. Using this method, we optimize an L-shaped waveguide and a crossed-grating waveguide using target diffraction efficiency values as variables and efficiency, uniformity, and image quality as optimization goals. In this ideal case, we quadruple the L-shaped waveguide's efficiency and double the crossed-grating waveguide's efficiency compared to similar designs in other work.",2025,Optics express,,LIKELY_ADVANCE_CONFIRM,,,,,,,,,
2177,TA-09,40515068,10.1364/OE.565265,Compact dual-focal augmented reality head-up display using a single picture generation unit with polarization multiplexing: erratum.,"An erratum to correct a mistake on the order of the Funding in [Opt. Express31, 35922 (2023)10.1364/OE.502617]. The corrections have no influence on the results and conclusions of the original paper.",2025,Optics express,,LIKELY_ADVANCE_CONFIRM,,,,,,,,,
2178,TA-09,40514886,10.1364/OE.530967,Comprehensive optical monitoring of photopolymer curing for additive manufacturing of diffractive elements.,"Diffractive optical elements (DOE) offer a wide range of possibilities, from beam shaping to augmented reality and neural networks. Additive manufacturing using photopolymerization curing shows great potential for manufacturing customizable DOEs at low cost. To design and fabricate these, it is essential to monitor both the dynamic evolution of the curing process as well as its spatial distribution during and after curing. To this end, we propose an all-optical monitoring platform comprising a ""focused line refractive index microscopy"" (FLRIM) technique based on total internal reflection at a prism interface and a large field-of-view interferometric imager, more specifically a ""lateral-shearing interferometric microscopy"" (LIM) technique. The FLRIM enables dynamic in-situ spatio-temporal quantitative measurements of refractive index (RI) during the curing process, while the LIM technique provides quantitative information of 2D structures by measuring the transmitted phase with high sensitivity via multi-angle illumination. An ultraviolet ""digital micromirror device"" (DMD) projector is used to photopolymerize pixelated 2D structures. By using the proposed monitoring platform, we investigate the resulting photopolymer structures in-situ during several local curing steps, and, additionally, before and after a global post-curing. Besides showing the capabilities of our technology, we additionally demonstrate that there is potential to fabricate DOEs on a single photopolymer by exploiting tunable local RI changes.",2024,Optics express,,LIKELY_ADVANCE_CONFIRM,,,,,,,,,
2179,TA-09,40512902,10.1364/OL.566486,Eye-box extension in micro-OLED augmented reality near-eye display with a holographic multi-path optical element combiner.,"We present a holographic multi-path (HMP) approach to extend the eye-box of the off-axis reflective holographic optical element (HOE) combiners for micro-OLED augmented reality (AR) near-eye displays (NEDs). The compact form factor design requirement highly constrains the eye-box and the field of view (FOV) in the off-axis reflection HOE AR combiners. In this Letter, we show that multiplexing multiple independent optical paths into a HOE effectively extends the eye-box. In the proposed multi-path multiplexing approach, separate partial images of a micro-OLED are routed along the multiplexed beam paths and combined to generate a complete AR image. The experiment verifies that the multi-path multiplexing achieves a twofold increase in the eye-box compared to previous results, enhancing the user experience for AR applications.",2025,Optics letters,,LIKELY_ADVANCE_CONFIRM,,,,,,,,,
2180,TA-09,40512562,10.1021/acsnano.5c00672,Micro-LED Microdisplays Driven by Carbon Nanotube Active-Matrix Backplanes.,"Micro-light-emitting-diodes (μLEDs) are poised to revolutionize flat-panel display (FPD) technology with their exceptional brightness, contrast ratio, energy efficiency, and ultrahigh resolutions, making them indispensable for augmented reality (AR) and virtual reality (VR) microdisplays. However, the realization of high pixel-per-inch (PPI) μLED microdisplays demands advanced thin-film transistor (TFT) backplanes with robust driving capabilities. Presently, single-crystalline silicon CMOS dominates the industry for this application, but its nontransparent nature, wafer size limitations, and high fabrication cost restrict its scalability. Alternative technologies, including low-temperature polycrystalline silicon (LTPS) and metal oxide semiconductors, fail to deliver the required small device dimensions, driving performance, and stability. Two-dimensional transition metal dichalcogenides (TMDs) have shown potential, but their integration has faced challenges, such as complex transfer processes and limited scalability, resulting in only semiactive-matrix display demonstrations. Here, we present a prototype active-matrix (AM) μLED microdisplay driven by optimized carbon nanotube (CNT) TFTs with Al2O3/SiO2 gate dielectric stack and Y2O3/SiO2/polyimide passivation layers. Our CNT TFTs with a channel length (Lch) of 3 μm achieve a driving current of ∼10 μA/μm and a mobility of ∼27 cm2/(V·s), while scaling Lch to 0.5 μm enhances the driving current to ∼80 μA/μm and a mobility of ∼40 cm2/(V·s), surpassing most previously reported CNT TFTs for AM displays and enabling AM-μLED microdisplays with a PPI up to 3400. Moreover, a heterogeneous integration process ultilizing flip-chip eutectic bonding was developed to assemble μLED arrays onto CNT TFT backplanes, achieving a yield of ∼100% aided by the PI layer. Furthermore, CNT TFT-based two-transistor, one-capacitor (2T1C) pixel-driving circuits and peripheral control circuits were designed to support both pulse amplitude modulation (PAM) and pulse width modulation (PWM) of μLED operation. These advancements culminate in a 32 × 32-pixel AM-μLED prototype microdisplay with a PPI of 357, capable of dynamic image and video display. Our work demonstrates CNT TFTs as a viable and scalable solution for next-generation μLED microdisplays.",2025,ACS nano,,LIKELY_ADVANCE_CONFIRM,,,,,,,,,
2181,TA-09,40509926,10.1177/18758894251341153,"Digital play and rehabilitation for children and adolescents in hospitals, outpatient departments and rehabilitation centres: A scoping review.","PurposeThe growing interest among children in digital play provides new rehabilitation opportunities in hospital settings. There are, however, no published reviews on digital play interventions for the functional rehabilitation of children and adolescents across diagnoses and outcomes in hospital and rehabilitation settings. This scoping review aimed to identify and map the characteristics of digital play for functional rehabilitation in hospital and rehabilitation settings for children and adolescents to inform researchers and clinicians.MethodsStudies including participants aged ≤18 years investigating digital play and functional rehabilitation in hospital and rehabilitation settings were included. Reviews, text and opinion papers, conference papers, case studies, and studies with fewer than five participants were excluded. Five scientific databases were searched. The final search was conducted in October 2022. Four authors performed the study selection and data extraction.ResultsOf 13,663 references, 90 studies met the inclusion criteria. Digital play for rehabilitation was used in clinical settings, including hospitals, outpatient departments, and rehabilitation centres. Some interventions were conducted in human movement laboratories or at home. The relevant studies involved a wide range of disease categories, primarily neurological. A conceptual framework comprising five categories for gaming technologies utilizing digital play and rehabilitation was proposed: (1) traditional gaming platforms, (2) extended reality, (3) robotics and assistive technology, (4) sensors, and (5) rehabilitation systems. One hundred eighty different outcome measures used to evaluate the interventions were identified, almost one-third of which were unvalidated. The studies generally failed to report limitations and barriers to implementation.ConclusionThis scoping review gives a practical overview to assist and inspire healthcare professionals and researchers in digital play and rehabilitation, elucidating technology for rehabilitation within specific clinical contexts. In addition, this scoping review facilitates the exploration of implementation prospects associated with various technologies. Digital play and rehabilitation are primarily initiated in outpatient departments targeting children with neurological diseases. Future studies should investigate the potential of using digital play for the early rehabilitation of hospitalized children with various diseases.",2025,Journal of pediatric rehabilitation medicine,SECONDARY_OR_COMMENTARY_TITLE,LIKELY_ADVANCE_CONFIRM,,,,,,,,,
2182,TA-09,40507728,10.3390/jcm14113966,Validation of the Comprehensive Augmented Reality Testing Platform to Quantify Parkinson's Disease Fine Motor Performance.,"Background/Objectives: Technological approaches for the objective, quantitative assessment of motor functions have the potential to improve the medical management of people with Parkinson's disease (PwPD), offering more precise, data-driven insights to enhance diagnosis, monitoring, and treatment. Markerless motion capture (MMC) is a promising approach for the integration of biomechanical analysis into clinical practice. The aims of this project were to evaluate a commercially available MMC system, develop and validate a custom MMC data processing algorithm, and evaluate the effectiveness of the algorithm in discriminating fine motor performance between PwPD and healthy controls (HCs). Methods: A total of 58 PwPD and 25 HCs completed finger-tapping assessments, administered and recorded by a self-worn augmented reality headset. Fine motor performance was evaluated using the headset's built-in hand tracking software (Native-MMC) and a custom algorithm (CART-MMC). Outcomes from each were compared against a gold-standard motion capture system (Traditional-MC) to determine the equivalence. Known-group validity was evaluated using CART-MMC. Results: A total of 82 trials were analyzed for equivalence against the Traditional-MC, and 152 trials were analyzed for known-group validity. The CART-MMC outcomes were statistically equivalent to Traditional-MC (within 5%) for tap count, frequency, amplitude, and opening velocity metrics. The Native-MMC did not meet equivalence with the Traditional-MC, deviating by an average of 24% across all outcomes. The CART-MMC captured significant differences between PwPD and HCs for tapping amplitude, amplitude variability, frequency variability, finger opening and closing velocities, and their respective variabilities, and normalized path length. Conclusions: The biomechanical data gathered using a commercially available augmented reality device and analyzed via a custom algorithm accurately characterize fine motor performance in PwPD.",2025,Journal of clinical medicine,,LIKELY_ADVANCE_CONFIRM,,,,,,,,,
2183,TA-09,40506966,10.3390/diagnostics15111394,The Feasibility and Clinical Evaluation of an Immersive Augmented Reality Surgical Headset Integrated with Swept-Source Intraoperative Optical Coherence Tomography for Ophthalmic Surgery in the DISCOVER Study.,"Objectives: to evaluate the feasibility and utility of intraoperative optical coherence tomography (iOCT) utilizing an immersive augmented reality surgical headset (Beyeonics iOCT, Beyeonics Vision Ltd., Haifa, Israel) digital visualization platform with swept-source integrated OCT in ophthalmic surgery. Methods: As part of the Institutional Review Board-approved prospective DISCOVER study, the Beyeonics iOCT was utilized in multiple ophthalmic surgical procedures to evaluate the feasibility and utility of iOCT with this platform. The Beyeonics iOCT is a three-dimensional surgical visualization system that utilizes a swept-source integrated OCT within the digital microscope system. Surgeon feedback on system performance and integration into the surgical workflow was gathered via a prespecified survey. Results: Thirteen eyes of thirteen patients were included in this study. The surgical procedures consisted of four cataract surgeries, two lamellar corneal transplants, one pterygium removal, and six vitreoretinal surgeries. Surgeons were able to successfully view and review the iOCT images within the surgical Head-Mounted Display, eliminating the need for an external display. Utility feedback from surgeons included iOCT assisting with confirming wound architecture, corneal graft orientation, and retinal structure. All surgeries were completed without reverting to a conventional microscope, and no intraoperative adverse events occurred. Conclusions: The new visualization platform with integrated swept-source iOCT demonstrated feasibility and potential utility in multiple ophthalmic surgical platforms. Additional research related to outcomes, ergonomics, and enhanced software analysis is needed in the future.",2025,"Diagnostics (Basel, Switzerland)",,LIKELY_ADVANCE_CONFIRM,,,,,,,,,
2184,TA-09,40505035,10.2196/77586,Correction: A Mixed Reality-Based Telesupervised Ultrasound Education Platform on 5G Network Compared to Direct Supervision: Prospective Randomized Pilot Trial.,,2025,JMIR serious games,ABSTRACT_MISSING,LIKELY_ADVANCE_CONFIRM,,,,,,,,,
2185,TA-09,40504736,10.1109/MCG.2025.3537316,Mixed Reality Collaboration: How Expert Representations Shape User Experiences.,"Remote assistance has become integral in today's work environments, enabling offsite experts to guide team members in need of assistance. One technology that has gained momentum is mixed reality (MR), combining virtual and augmented reality elements, bridging physical distances, and facilitating knowledge sharing. One critical area is the representation of remote experts. Understanding how different representations influence the learning process is essential for improving the shared experience. Effective representation can enhance communication, trust, and the perceived expertise of the remote expert, thereby improving the learning and collaboration experiences. This study focuses on evaluating how different representations affect various dimensions of collaboration. The study involved 57 participants and examined six different conditions: no visual representation, representation using emojis, representation using a cartoon avatar, representation using a robot avatar, representation using a realistic avatar, and live stream using video.",2025,IEEE computer graphics and applications,,LIKELY_ADVANCE_CONFIRM,,,,,,,,,
2186,TA-09,40498242,10.1007/s11548-025-03444-8,Evaluation of augmented reality guidance for glenoid pin placement in total shoulder arthroplasty.,"Computer-aided navigation and patient-specific 3D printed guides have demonstrated superior outcomes in total shoulder arthroplasty (TSA). Nevertheless, few TSAs are inserted using these technologies. Head-worn augmented reality (AR) devices can provide intuitive 3D computer navigation to the surgeon. This study investigates AR navigation in conjunction with adaptive spatial drift correction toward TSA. A phantom study was performed to assess the performance of AR navigated pin placement in TSA. Two medical experts performed a total of 12 pin placements into phantom scapula; six were placed using an end-to-end AR-navigated technique, and six using a common freehand technique. Inside-out infrared (IR) tracking was designed and integrated into the AR headset to correct for device drift and provide tool tracking. Additionally, the impact of IR tool tracking, registration, and superposed/juxtaposed visualization techniques was investigated. The AR-navigated pin placement resulted in a mean entry point error of 1.06 mm ± 0.64 mm and directional error of 1 . 66 ∘ ± 0 . 65 ∘   . Compared with the freehand technique, AR navigation resulted in improved directional outcomes ( p = 0.03  ), while entry point accuracy was not significantly different ( p = 0.44  ). IR tool tracking error was 1.47 mm ± 0.69 mm and 0 . 92 ∘ ± 0 . 50 ∘   , and registration error was 4.32 mm ± 1.75 mm and 2 . 56 ∘ ± 0 . 82 ∘   . No statistical difference between AR visualization techniques was found in entry point ( p = 0.22  ) or directional ( p = 0.31  ) errors. AR navigation allowed for comparable pin placement outcomes with those reported in the literature for patient-specific 3D printed guides; moreover, it complements the patient-specific planning without the need for the guides themselves.",2025,International journal of computer assisted radiology and surgery,,LIKELY_ADVANCE_CONFIRM,,,,,,,,,
2187,TA-09,40498109,10.1007/s00264-025-06574-5,Mixed reality guidance in osteotomy provides superior precision and accuracy: validation and comparative study.,"Bone deformities, such as cubitus varus, can lead to abnormal joint alignment and impaired function. Corrective osteotomy aims to restore anatomical alignment, and its precision may be enhanced using various guidance methods. Emerging mixed reality systems allow for the placement and manipulation of virtual objects and may offer effective surgical navigation. This study aimed to validate the accuracy and precision of holographic guidance compared with classic visual estimation and a printed triangle gauge in a controlled laboratory setting. Closed-wedge osteotomies at angles of 15° and 30° were performed on fresh-frozen porcine femora. Three techniques were evaluated: Group EB (eyeballing)-visual estimation; Group PW (printed wedge)-using 15° and 30° plastic templates; and Group HW (holographic wedge)-using a mixed reality system (RSQ HOLO, RSQ Technologies, Poznań, Poland, and HoloLens 2, Microsoft). In the HW group, a holographic wedge tool guided the osteotomy. The angle of the excised bone wedge and post-osteotomy alignment in the anteroposterior (AP) and lateral planes were measured physically (goniometer) and digitally (radiographs). Statistical analysis assessed accuracy (closeness to 15°/30°) and precision (standard deviation [SD], mean deviation, coefficient of variation [CV]). At 15°, the PW and HW techniques demonstrated greater accuracy and lower error compared with EB (T = 3.60; p < 0.01), with HW yielding the lowest systematic error (SE = 0.12). Alignment in the AP plane was similar across groups (T < 2.11; p > 0.05), whereas lateral alignment showed significant differences (T > 2.11; p < 0.05). At 30°, HW achieved the best alignment in both AP (T = 2.48; p = 0.01) and lateral views (T = 2.35; p = 0.02). Lateral alignment was improved by more than 5° with holographic guidance compared to other techniques (p = 0.01). The HW group exhibited the highest precision for both 15° and 30° angles (lowest SD and CV; p < 0.05). Augmented reality provides accurate and precise intraoperative guidance, outperforming both visual estimation and printed wedge templates in deformity correction.",2025,International orthopaedics,,LIKELY_ADVANCE_CONFIRM,,,,,,,,,
2188,TA-09,40489269,10.1109/TIP.2025.3575902,Anisotropic Spherical Gaussians Lighting Priors for Indoor Environment Map Estimation.,"High Dynamic Range (HDR) environment lighting is essential for augmented reality and visual editing applications, enabling realistic object relighting and seamless scene composition. However, the acquisition of accurate HDR environment maps remains resource-intensive, often requiring specialized devices such as light probes or 360° capture systems, and necessitating stitching during postprocessing. Existing deep learning-based methods attempt to estimate global illumination from partial-view images but often struggle with complex lighting conditions, particularly in indoor environments with diverse lighting variations. To address this challenge, we propose a novel method for estimating indoor HDR environment maps from single standard images, leveraging Anisotropic Spherical Gaussians (ASG) to model intricate lighting distributions as priors. Unlike traditional Spherical Gaussian (SG) representations, ASG can better capture anisotropic lighting properties, including complex shape, rotation, and spatial extent. Our approach introduces a transformer-based network with a two-stage training scheme to predict ASG parameters effectively. To leverage these predicted lighting priors for environment map generation, we introduce a novel generative projector that synthesizes environment maps with high-frequency textures. To train the generative projector, we propose a parameter-efficient adaptation method that transfers knowledge from SG-based guidance to ASG, enabling the model to preserve the generalizability of SG (e.g., spatial distribution and dominance of light sources) while enhancing its capacity to capture fine-grained anisotropic lighting characteristics. Experimental results demonstrate that our method yields environment maps with more precise lighting conditions and environment textures, facilitating the realistic rendering of lighting effects. The implementation code for ASG extraction can be found at https://github.com/junhong-jennifer-zhao/ASG-lighting.",2025,IEEE transactions on image processing : a publication of the IEEE Signal Processing Society,,LIKELY_ADVANCE_CONFIRM,,,,,,,,,
2189,TA-09,40489266,10.1109/TMI.2025.3577759,Toward Reliable AR-Guided Surgical Navigation: Interactive Deformation Modeling With Data-Driven Biomechanics and Prompts.,"In augmented reality (AR)-guided surgical navigation, preoperative organ models are superimposed onto the patient's intraoperative anatomy to visualize critical structures such as vessels and tumors. Accurate deformation modeling is essential to maintain the reliability of AR overlays by ensuring alignment between preoperative models and the dynamically changing anatomy. Although the finite element method (FEM) offers physically plausible modeling, its high computational cost limits intraoperative applicability. Moreover, existing algorithms often fail to handle large anatomical changes, such as those induced by pneumoperitoneum or ligament dissection, leading to inaccurate anatomical correspondences and compromised AR guidance. To address these challenges, we propose a data-driven biomechanics algorithm that preserves FEM-level accuracy while improving computational efficiency. In addition, we introduce a novel human-in-the-loop mechanism into the deformation modeling process. This enables surgeons to interactively provide prompts to correct anatomical misalignments, thereby incorporating clinical expertise and allowing the model to adapt dynamically to complex surgical scenarios. Experiments on a publicly available dataset demonstrate that our algorithm achieves a mean target registration error of 3.42 mm. Incorporating surgeon prompts through the interactive framework further reduces the error to 2.78 mm, surpassing state-of-the-art methods in volumetric accuracy. These results highlight the ability of our framework to deliver efficient and accurate deformation modeling while enhancing surgeon-algorithm collaboration, paving the way for safer and more reliable computer-assisted surgeries.",2025,IEEE transactions on medical imaging,,LIKELY_ADVANCE_CONFIRM,,,,,,,,,
2190,TA-09,40488729,10.1097/SCS.0000000000011542,From Aphrodite to Algorithm: Assessing the Unassessable.,"This paper explores the evolving efforts to quantify beauty, tracing its path from mythological ideals to modern algorithms. Inspired by the legendary face of Helen of Troy-the mortal echo of Aphrodite-whose beauty ""launched a thousand ships,"" the authors interrogate whether beauty, once considered divine and ineffable, can now be assessed with scientific precision. Historical attempts to define beauty, from Polykleitos's canon to the golden ratio and Vitruvian symmetry, have shaped artistic and medical ideals. In plastic surgery, these concepts have been further formalized through cephalometric analyses and surgical guidelines. Contemporary tools, including the Marquardt Phi Mask, facial attractiveness scores, and deep learning models like those trained on SCUT-FBP5500, promise objective evaluations of beauty. Yet these algorithmic assessments-often validated through human raters or crowd-sourced platforms-reveal troubling limitations. They risk homogenizing aesthetic standards, marginalizing ethnic variation, and fostering unrealistic expectations in patients influenced by augmented reality filters and AI-driven ideals. While these metrics aid in reconstructive and aesthetic planning, they cannot encompass the cultural, emotional, or historical depth that beauty represents. The plastic surgeon now navigates between myth and machine, caught between ancient archetypes and algorithmic precision. Helen becomes not just a metaphor but a measurement-a reminder that beauty can be sought, approximated, even modified, but not fully captured. This paper argues that while measurement has its place, beauty ultimately resists full quantification. Between Aphrodite and algorithm lies the responsibility to treat not only form, but meaning-with empathy, imagination, and humility.",2026 Mar-Apr 01,The Journal of craniofacial surgery,,LIKELY_ADVANCE_CONFIRM,,,,,,,,,
2191,TA-09,40488116,10.46374/VolXXVII_Issue2_Murphy,An Evaluation of the Microsoft HoloLens2 in the Clinical Teaching of Pain Pathways for Undergraduate Medical Students.,"In medical education, vertical integration (VI) refers to integration between the clinical and basic sciences. Mixed reality (MR) refers to a rendered experience in which virtual and ""real"" elements are perceived simultaneously by a learner. The Microsoft HoloLens2 is a novel headset that allows the rendering of an MR environment and facilitates a live 2-way broadcast to (a) remote environment(s). We present here a mixed-methods study that extends previous work of ours examining the feasibility, usability, and efficacy of MR in the clinical education of medical students, specifically teaching pain pathways in a clinical context. A series of 7 interactive bedside tutorials on pain pathways and their relevance to postoperative pain management was delivered by a single teacher (K.J.M.) using the HoloLens2. Each tutorial included interaction with a patient during the postoperative period and a group of 5 medical students who were situated in a remote lecture theater within the hospital complex. The tutorial used insertion of virtual artifacts, including diagrammatic examples of pain pathways often superimposed on or positioned adjacent to the patient. Student feedback was elicited using a modified Evaluation of Technology-Enhanced Learning Materials: Learner Perceptions (ETELM-LP) tool. This was a prospective, observational study that used both qualitative and quantitative methods. Seven patients and 35 students participated across 7 separate tutorials. The mean System Usability Scale score for medical students was 72.5 (interquartile range 62.5-80.0) and for the clinician was 70.5, indicating favorable usability. The modified ETELM Questionnaire using a 7-point Likert scale demonstrated MR contributed to achieving the learning objectives of the tutorial (median = 6, range 5-7), and was superior to a lecture supported by computer- projected slides. There was disagreement among students regarding the value of the MR tutorial in comparison with a live patient encounter (median = 4, range 3-5). Patients consistently rated communication with the clinician highly (median = 7, range 6-7) and favored the MR tutorial over small group bedside teaching (median = 7, range 6-7). We demonstrated within our institution that bedside clinical teaching of pain pathways using the Microsoft HoloLens2 and MR is both feasible and effective, and could enhance vertical integration of basic and clinical material within a medical undergraduate curriculum. This study's collaborative application development model, involving tutors, facilitators, and curriculum experts, sets a precedent for future educational technology in health care. Further evaluation of the usability of the device in this context is planned, and future research may evaluate the generalizability of our findings to other elements of medical education.",2025,The journal of education in perioperative medicine : JEPM,,LIKELY_ADVANCE_CONFIRM,,,,,,,,,
2192,TA-09,40487861,10.1016/j.mcpdig.2025.100221,Validation Study on Iatrogenic Nerve Damage Reduction Using Augmented Reality on Elbow Phantom.,"To compare augmented reality (AR) and classical intraoperative C-arm surgical navigation and evaluate whether head-mounted display improves surgical accuracy in the placement of a rod-like object, such as K-wire, using an anatomically accurate elbow phantom. Data were collected between January 10, 2024, and March 15, 2024. We developed an AR system, X-ray simulation system and surgical phantom to test K-wire placement in 3 locations of the distal humerus and proximal ulnar bones. An initial phase with only X-ray as guidance was performed as case control; in later phases, the candidates were allowed to also use the head-mounted display. The evaluation parameters were time, placement angle, number of X-ray images taken, number of attempts, and distance from anatomical structures. In total, 19 physicians participated in the study. We analyzed 193 K-wire placements attempts that resulted in 150 estimated correct positions. This reflects a real-world scenario where multiple placements might be attempted to correctly place a K-wire. Compared with standard procedure, the use of AR resulted in -53.8 seconds in K-wire placement time, -47% of angular error from the K-wire target, -80% X-ray images taken to reach the estimate correct position, and decrease in distance variability of -81%, of the K-wire from anatomical structures of interest. Compared with C-arm, AR navigation improved time, and angle of placement, requiring less X-ray images.",2025,Mayo Clinic proceedings. Digital health,,LIKELY_ADVANCE_CONFIRM,,,,,,,,,
2193,TA-09,40486782,10.1016/j.jseint.2024.07.013,Improving glenoid guidewire placement in shoulder arthroplasty: a comparative study of mixed reality holographic overlay technique with freehand technique and conventional navigation.,"Mixed reality (MR) is an emerging technology that aids surgeons during shoulder arthroplasty. This study aims to evaluate surgeons' ability to reproduce preoperatively planned implant positioning using MR technology as compared to the conventional freehand (FH) technique and the more established guidance technique of navigation for shoulder arthroplasty. Three surgeons with different levels of shoulder arthroplasty experience inserted guidewires into five three-dimensional-printed scapula models with varying degrees of glenoid deformity using the FH technique, MR overlay technique, and navigation. Postprocedure computed tomography scans of the sixty three-dimensional-printed glenoid models with inserted guidewire were performed. The executed guidewire entry point, version, and inclination were compared to the preoperative plan. The use of MR for guidewire positioning was significantly better than FH technique for inclination (P < .001), but not for version (P = .221) and entry point (P = .062). Malposition rate decreased from 66.7% with FH technique to 40% when MR was used for guidance, but this did not reach statistical significance (P = .143). MR overlay technique was not shown to be statistically significantly more accurate than navigation. MR overlay technique significantly improves the accuracy of guidewire placement in terms of inclination as compared to the standard FH technique. It is still inferior to navigation for all variables. When the two guidance techniques are combined, MR overlay with navigation could be an effective tool and harness the best of both technologies in the future.",2025,JSES international,,LIKELY_ADVANCE_CONFIRM,,,,,,,,,
2194,TA-09,40486779,10.1016/j.jseint.2024.09.002,The present and future of preoperative planning.,"Preoperative planning for shoulder arthroplasty has become widely used for primary cases and now also in revision situations. From the initial, two-dimensional manual planning efforts on computed tomography scans, planning has evolved to now using three-dimensional planning software programs. A number of different programs exist with various methods underpinning their chosen landmarks and segmentation methods. Preoperative planning has allowed for development of execution tools to translate the preoperative plan to intraoperative reality. This article considers the particular relevance of preoperative arthroplasty planning to the shoulder joint, the current status of preoperative planning, the reasons to engage with preoperative planning, the execution tools available as an extension of preoperative planning, and the future of intraoperative execution technologies associated with planning. Preoperative planning is the foundation of prospective advances in these so-called enabling technologies and the future of preoperative planning will be shaped by a desire to continue to optimize execution techniques in shoulder arthroplasty, with the ultimate goal of using these techniques to achieve improved patient outcomes.",2025,JSES international,,PRIORITY_VERIFY,,,,,,,,,
2195,TA-09,40483416,10.1186/s12873-025-01256-2,Effectiveness of extended reality technologies in cardiopulmonary resuscitation training: a bayesian network meta-analysis.,"High-quality cardiopulmonary resuscitation (CPR) is critical to cardiac arrest patients. Extended Reality (XR) technologies, including Augmented Reality (AR), Virtual Reality (VR), and Mixed Reality (MR), provide immersive and interactive training, potentially enhancing CPR outcomes. This network meta-analysis compared the effectiveness of XR-based CPR training to traditional face-to-face methods. A Bayesian network meta-analysis was conducted following PRISMA guidelines. We systematically searched PubMed, Cochrane Library, Web of Science, EMBASE, and CNKI for randomized controlled trials (RCTs) comparing XR-based and traditional CPR training. Primary outcomes included chest compression depth and rate; secondary outcomes assessed full chest wall recoil. The CINeMA tool (GRADE framework) was used to assess evidence quality. Statistical analyses were performed using Stata 15 SE and ADDIS software with random-effects models. 11 RCTs (1,190 participants) were included. MR showed the improvement in chest compression depth (SMD = 10.96; 95% CI, 0.95 to 20.82) compared to VR and traditional methods. For full chest wall recoil, AR outperformed VR (SMD = 48.57; 95% CI, 19.56 to 79.75) and traditional methods (SMD = 52.95; 95% CI, 25.94 to 80.48). However, no significant differences were observed for chest compression rate. SUCRA rankings placed MR as most effective for compression depth (87.4%) and AR for full chest wall recoil (99.1%). Evidence quality was moderate to high, with minor downgrades for imprecision. No publication bias was detected. XR technologies, particularly MR and AR, significantly improve chest compression depth and full chest wall recoil in comparing with face to face CRP training, offering a flexible and engaging approach to CPR training. Further studies are needed to evaluate long-term skill retention and real-world impact. Not applicable.",2025,BMC emergency medicine,SECONDARY_OR_COMMENTARY_TITLE,LIKELY_ADVANCE_CONFIRM,,,,,,,,,
2196,TA-09,40476018,10.1002/jeo2.70301,The benefits of intraoperative virtual reality distraction in anterior cruciate ligament reconstruction (ACLR) under spinal anaesthesia.,"Patient anxiety in anterior cruciate ligament reconstruction (ACLR) is a preventable potential risk factor for poor patient satisfaction and surgical outcomes. This study aimed to assess the impact of virtual reality (VR) on the anxiety of patients undergoing ACLR under spinal anaesthesia (SA). The primary outcome was the perioperative patient anxiety level as assessed by the State-Trait Anxiety Inventory (STAI-Y1) score. A prospective randomised controlled study, of a single-centre series of patients undergoing ACLR + Lemaire lateral extra-articular tenodesis (LET) under SA, was conducted. Patients were randomised into two groups: Group 1 was a control group, where standard ACLR was performed, and Group 2 had ACLR performed with VR headset used. Pre- and postoperative VAS pain, comfort and anxiety were recorded. Additionally, pre-and postoperative patient anxiety was recorded by the State-Trait Anxiety Inventory (STAI) Score. STAI-Y1 score form was used, which assesses the state (current) level of anxiety. Intraoperative adverse events were recorded including sedation requirements and rescue analgesia and patient postoperative satisfaction was recorded. A total of 60 patients underwent ACLR + LET under SA. Patients were randomised into 2 groups: Group 1 (n = 30), the control group, had standard ACLR performed. Group 2 (n = 30) had ACLR with the use of the VR headset. There was no difference in the mean age and mean BMI between the two groups (p > 0.05). Intraoperatively, less rescue analgesia and less required sedation were encountered in the VR group compared to the control group, 13.3% versus 36.7% (p = 0.03), and 10% versus 56.7% (p < 0.0001), respectively. There was no significant difference in preoperative anxiety between both groups either on the VAS or STAI-Y1 scores (both p = 0.8). The preoperative STAI-Y1 score was 33.3 ± 7.9 in the control group versus 34.9 ± 9.7 in the VR group (p = 0.8). Intraoperatively, there was significantly less anxiety STAI-Y1 score in the VR group of 29.6 ± 7.3 compared to the control group at a score of 36.9 ± 5.8 (p < 0.0001). This continued to be the case in the immediate postoperative period, with significantly lower anxiety score STAI-Y1 in the VR group versus the control group, 30.6 ± 6.9 versus 37.3 ± 5.7, respectively (p < 0.0001). High VAS satisfaction assessed by both the anaesthesiologist and anaesthetic nurse was reported in the VR group versus the control group, 80% versus 36.7% and 93.3% versus 46.7% (all p < 0.0001). VAS pain score was significantly less in the VR group compared to the control group; 2.3 ± 2.1 versus 3.1 ± 2.9 (p = 0.03) in the recovery room, and 2.9 ± 2.7 versus 3.4 ± 3 (p = 0.04) before discharge to home. Virtual reality-augmented anterior cruciate ligament reconstruction results in significantly fewer intraoperative adverse events, significantly less intraoperative and less immediate postoperative patient's anxiety, and higher overall patient satisfaction when assessed by the anaesthetic team. Level I, randomised controlled trial.",2025,Journal of experimental orthopaedics,,PRIORITY_VERIFY,,,,,,,,,
2197,TA-09,40471728,10.1109/TVCG.2025.3576999,HaHeAE: Learning Generalisable Joint Representations of Human Hand and Head Movements in Extended Reality.,"Human hand and head movements are the most pervasive input modalities in extended reality (XR) and are significant for a wide range of applications. However, prior works on hand and head modelling in XR only explored a single modality or focused on specific applications. We present HaHeAE - a novel self-supervised method for learning generalisable joint representations of hand and head movements in XR. At the core of our method is an autoencoder (AE) that uses a graph convolutional network-based semantic encoder and a diffusion-based stochastic encoder to learn the joint semantic and stochastic representations of hand-head movements. It also features a diffusion-based decoder to reconstruct the original signals. Through extensive evaluations on three public XR datasets, we show that our method 1) significantly outperforms commonly used self-supervised methods by up to 74.1% in terms of reconstruction quality and is generalisable across users, activities, and XR environments, 2) enables new applications, including interpretable hand-head cluster identification and variable hand-head movement generation, and 3) can serve as an effective feature extractor for downstream tasks. Together, these results demonstrate the effectiveness of our method and underline the potential of self-supervised methods for jointly modelling hand-head behaviours in extended reality.",2025,IEEE transactions on visualization and computer graphics,,LIKELY_ADVANCE_CONFIRM,,,,,,,,,
2198,TA-09,40471727,10.1109/TVCG.2025.3577156,Real-Time Translation of Upper-Body Gestures to Virtual Avatars in Dissimilar Telepresence Environments.,"In mixed reality (MR) avatar-mediated telepresence, avatar movement must be adjusted to convey the user's intent in a dissimilar space. This paper presents a novel neural network-based framework designed for translating upper-body gestures, which adjusts virtual avatar movements in dissimilar environments to accurately reflect the user's intended gestures in real-time. Our framework translates a wide range of upper-body gestures, including eye gaze, deictic gestures, free-form gestures, and the transitions between them. A key feature of our framework is its ability to generate natural upper-body gestures for users of different sizes, irrespective of handedness and eye dominance, even though the training is based on data from a single person. Unlike previous methods that require paired motion between users and avatars for training, our framework uses an unpaired approach, significantly reducing training time and allowing for generating a wider variety of motion types. These advantages were made possible by designing two separate networks: the Motion Progression Network, which interprets sparse tracking signals from the user to determine motion progression, and the Upper-body Gesture Network, which autoregressively generates the avatar's pose based on these progressions. We demonstrate the effectiveness of our framework through quantitative comparisons with state-of-the-art methods, qualitative animation results, and a user evaluation in MR telepresence scenarios.",2025,IEEE transactions on visualization and computer graphics,,LIKELY_ADVANCE_CONFIRM,,,,,,,,,
2199,TA-09,40465019,10.1007/s11701-025-02402-5,Correction: A bibliometric analysis of augmented reality and mixed reality applied in minimally invasive surgery.,,2025,Journal of robotic surgery,ABSTRACT_MISSING;SECONDARY_OR_COMMENTARY_TITLE,LIKELY_ADVANCE_CONFIRM,,,,,,,,,
2200,TA-09,40464284,10.1080/24725838.2025.2512681,Human-Centered eXtended Reality for Occupational Applications in the Era of Industry 5.0: Introduction to the Special Issue.,,2025,IISE transactions on occupational ergonomics and human factors,ABSTRACT_MISSING,LIKELY_ADVANCE_CONFIRM,,,,,,,,,
2201,TA-09,40462035,10.1186/s12909-025-07432-z,Unveiling the perceptions of medical and allied health students towards cadaveric dissection and virtual resources in anatomy education: a cross sectional study.,"Cadaveric dissection has long been a cornerstone of anatomy education, offering unparalleled hands-on experience that fosters both intellectual and emotional growth in medical students. It plays a crucial role in shaping professional identity while enhancing anatomical understanding. However, the emergence of digital platforms, including virtual reality (VR), augmented reality (AR), and 3D modeling, presents new opportunities to transform anatomy education. This study explores the perceptions of medical and health sciences students at Ras Al Khaimah Medical and Health Sciences University (RAKMHSU) regarding the integration of digital tools alongside traditional cadaveric dissection. By comparing attitudes toward these approaches, the study aims to identify strategies like using 3D models, animations, and interactive apps to familiarize students with anatomical structures before entering the dissection lab for harmonizing traditional and digital learning methods to optimize anatomy education. This cross-sectional study was conducted over seven months using an anonymous, structured 20-item questionnaire administered to 454 students from various health disciplines at Ras Al Khaimah Medical and Health Sciences University. A convenience sampling method was used. The questionnaire assessed sociodemographic data, attitudes toward cadaveric dissection, its significance in practical learning, comparisons with digital resources, and its role in professional development. Institutional approval was obtained, and informed written consent was secured from all participants before the study commenced. Medical students expressed significantly stronger support for cadaveric dissection compared to allied health students, particularly regarding emotional engagement (p < 0.05), perceived educational value (p < 0.001), and comfort with handling cadavers (p < 0.001). While both groups acknowledged the benefits of digital resources, medical students reported greater improvements in visualization, confidence, and interactive learning (p < 0.01). Cadaveric dissection remains an essential pillar of anatomy education, offering irreplaceable benefits in anatomical comprehension and psychomotor skill development. This study highlights its role in fostering professional attributes while demonstrating that digital platforms serve as valuable complementary tools. Rather than replacing cadaveric dissection, these digital innovations enhance learning by creating a synergistic educational environment.",2025,BMC medical education,,LIKELY_ADVANCE_CONFIRM,,,,,,,,,
2202,TA-09,40457280,10.1186/s12891-025-08817-3,"Study protocol: the SPInal NAVigation (SPINAV) trial - comparison of augmented reality surgical navigation, conventional image-guided navigation, and free-hand technique for pedicle screw placement in spinal deformity surgery.","Although navigation is increasingly used in spinal surgery, the advantage of different navigation technologies is still a matter of debate. Conventional image-guided navigation is currently the gold standard. However, modern, Augmented reality-based navigation methods are increasingly gaining ground. Surgical navigation in deformity surgery allows placement of pedicle screws in small and deformed pedicles and may result in both a higher accuracy and density of pedicle screw placement. The aim of this trial is to compare AR and conventional surgical navigation to free-hand technique. This is a single center, open label, parallel assignment, three arm, randomized, controlled trial, comparing: Augmented reality surgical navigation (ARSN), Infrared surgical navigation (IRSN) and Free-hand (FH) technique. Individuals scheduled for spinal deformity surgery are eligible for inclusion. The inclusion criteria are written informed consent, age ≥ 12 years and spinal deformity. Subjects will be randomized intraoperatively and strictly sequentially. The primary endpoint is accurately placed pedicle screws based on intraoperative verification cone beam computed tomography (CBCT) scan. All radiological image analyses, on both intra- and postoperative imaging will be performed postoperatively by blinded reviewers. Several secondary outcome measures including revision rate, radiation exposure, implant density and final accuracy will be analyzed. Patient reported outcomes will also be assessed. Finally, a cost-benefit analysis will be performed. The SPINAV trial started recruiting patients in January 2022 and will continue for approximately 2.5 years. The trial is registered at clinicaltrials.gov (NCT05107310) on 2021-11-03.",2025,BMC musculoskeletal disorders,,LIKELY_ADVANCE_CONFIRM,,,,,,,,,
2203,TA-09,40456973,10.1245/s10434-025-17595-0,"ASO Author Reflections: The Landmark Series: Minimally Invasive Pancreatic Resection-Past, Present, and Future.","Minimally invasive pancreatic resection (MIPR) has emerged as a safe and effective approach for select patients with pancreatic ductal adenocarcinoma (PDAC), particularly for distal pancreatectomy. Ongoing randomized trials such as DIPLOMA 2 × 2 and PORTAL will further clarify its role in pancreatoduodenectomy, especially with robotic assistance. However, widespread adoption depends not only on evidence but also on access to technology and structured training programs. Expanding dedicated training, simulation-based education, and institutional support will be essential to ensure safe implementation. At the same time, emerging technologies such as augmented reality and next-generation robotics may help lower technical thresholds, lower prices, and accelerate adoption. The continued convergence of high-quality evidence, advanced surgical tools, and equitable implementation strategies will be critical to making MIPR a broadly accessible standard for PDAC, improving outcomes without compromising oncologic rigor. Barriers will need to be overcome to continue growth, such as limited availability of robotic platforms, high costs, and disparities in care.",2025,Annals of surgical oncology,,LIKELY_ADVANCE_CONFIRM,,,,,,,,,
2204,TA-09,40450391,10.1080/07853890.2025.2499022,Integrating augmented reality technology into physical therapy in the school setting: a feasibility study.,"To determine the feasibility of using an immersive augmented-reality technology (AT) in conjunction with physical therapy (PT) for in-school therapy, while determining whether this technology would be as engaging and motivating as standard PT. Participants included Fifteen students (6-8 y/o) receiving once-weekly PT. The therapist was instructed to engage students in AT and standard PT for one academic year, alternating sessions. Before each session, students were informed of therapy modality and rated their excitement using a Smiley Face Likert scale with associated text. To assess feasibility, the number and order of each session type, as well as student refusal rate, were investigated. To assess engagement, the therapist recorded time-on-task and number of times redirection was needed. Feasibility was reported as descriptive statistics, and Wilcoxon signed-rank tests were used to compare average scores on excitement and engagement between AT and standard PT. 60% of students (9/15) reaching the intended goal of 50% of therapy sessions as AT, as well as 60% (9/15) of students 'roughly alternating' (no more than three same session types in a row) their sessions throughout the duration of the study. The student refusal rate of AT was 0%. When using AT, students were 23% (p= <.0001) more excited, 4.4% (p=.004) more on task and needed 61% (p= <.0001) less refocusing compared to standard PT. Integrating AT alongside standard PT proved to be moderately feasible in a school setting. Additionally, students demonstrated increased excitement, increased time on tasks and decreased refocusing during a session using AT. A flexible-use approach will make AT a motivating addition to school-based therapy.",2025,Annals of medicine,,LIKELY_ADVANCE_CONFIRM,,,,,,,,,
2205,TA-09,40456023,10.1021/acs.jpcb.5c01378,Si-Cl2-Ar+ Atomic Layer Etching Window: A Fundamental Study Using Molecular Dynamics Simulations and a Reduced Order Model.,"Silicon (Si) atomic layer etching (ALE) by alternating exposure to chlorine gas (Cl2) and argon ions (Ar+) is studied by using molecular dynamics (MD) simulations and a reduced order model (ROM). The purpose of this study is to elucidate the properties of the ALE window, a range of ion energies where the amount of Si etched over a series of cycles is nonzero and nearly independent of ion energy. Experimental studies of the Si-Cl2-Ar+ ALE system report contradictory results related to the ALE window's ion energy range. Both MD simulations and the ROM show that there is an ALE window present from approximately 15 to 20 eV for normal incidence argon ions. The Si-Cl2-Ar+ system, therefore, exhibits a narrow ALE window. The amount of Si etched per cycle is less than one atomic layer because of the higher etch yield of Cl atoms relative to atomic Si and silicon chlorides. A modified version of the ROM with an artificially increased Si physical sputtering threshold energy expands the ALE window, illustrating the importance of the difference in chemical and physical sputtering threshold energies in the ALE window energy range. The ROM is also used to examine the dependence of the EPC on the Ar+ ion fluence.",2025,The journal of physical chemistry. B,,PRIORITY_VERIFY,,,,,,,,,
2206,TA-09,40451059,10.1016/j.nepr.2025.104415,Application of mixed reality in prehospital emergency nursing education: A scoping review.,"This paper provides a scoping review of the literature on prehospital emergency mixed reality (MR) nursing education and explores the impact of MR devices in prehospital emergency nursing education. The timely intervention of prehospital paramedics plays a critical role in emergency situations. Training in a real environment requires significant resource consumption and allows only limited training frequency and variability. Therefore, MR training environments with realistic simulations are necessary. Currently, little is known regarding which MR devices are appropriate for prehospital emergency nursing education and how their design meets various educational goals. A scoping review was conducted following the Joanna Briggs Institute scoping review methodology. Peer-reviewed articles were searched across MEDLINE, EMBASE, CINAHL, Web of Science, SCOPUS, PUBMED and the Cochrane Library. Studies had to include MR simulations in the field of prehospital emergency nursing education. Twenty-one articles were identified. The analysis revealed that MR devices can be divided into three categories, desktop VR simulations, immersive VR simulations and MR simulations. MR is mostly used to simulate small accident scenes and disaster emergency response training. MR can obviously improve students' enthusiasm and learning efficiency but cannot change the learning results. Various MR devices are widely used in prehospital emergency nursing education. This practice can obviously improve students' enthusiasm and learning efficiency. However, a gap remains between MR simulations and real simulations. Nevertheless, MR can be used as an auxiliary teaching resource. In the future, attempts can be made to develop MR devices combined with artificial intelligence.",2025,Nurse education in practice,SECONDARY_OR_COMMENTARY_TITLE,LIKELY_ADVANCE_CONFIRM,,,,,,,,,
2207,TA-09,40447874,10.1007/s00381-025-06857-7,Minimal invasive vertical hemispherotomy in a 2.5-month-old infant with hemispheric Sturge-Weber Syndrome and recurrent status epilepticus using neuronavigation and augmented reality support.,"Hemispherotomy in infants under the age of 3 months is considered a high-risk procedure and is not routinely performed. A 2.5-month-old female infant weighing 5.1 kg successfully underwent a right vertical hemispherotomy after developing status epilepticus due to a right hemispheric Sturge-Weber meningo-angiomatosis. The surgical technique involved skull fixation at the skull base using kid pins to facilitate image-guided surgery with neuronavigation and augmented reality within the eyepiece of the microscope employing the vertical hemispherotomy technique. The surgical course was uneventful, with moderate blood loss (100 mL of red blood cells, 90 mL of fresh frozen plasma, and 150 mg of tranexamic acid transfused). The surgery duration was within 2 h. Postoperatively, seizures ceased immediately, and the infant experienced rapid developmental and neurological progress, remaining seizure-free for 8 months after surgery (Engel 1a) now.",2025,Child's nervous system : ChNS : official journal of the International Society for Pediatric Neurosurgery,,LIKELY_ADVANCE_CONFIRM,,,,,,,,,
2208,TA-09,40446440,10.1016/j.jcis.2025.137984,Fiber-reinforced tough and ultrathin composite hydrogel interfaces for advanced human-machine interaction.,"Hydrogels have emerged as transformative materials in human-machine interfaces due to its similarity to natural biological tissues. However, existing hydrogels generally suffer from inherent drawbacks such as low mechanical strength, insufficient conformability, and poor environmental tolerance, which severely limit long-term, reliable, and seamless interactions between humans and machines. In this study, a synergistic strategy of fiber reinforcement and solvent displacement is employed to develop an ultrathin, tough, anti-freezing, and anti-dehydration composite hydrogel interface. Benefiting from the efficient energy dissipation and stress transfer mechanisms of the styrene ethylene butylene styrene/polyurethane (SEBS/PU) composite fibers, the resulting 20 μm ultrathin hydrogel exhibits exceptional mechanical properties, with a fracture elongation of 676.7 %, toughness of 2.78 MJ m-3, and Young's modulus of 544.7 kPa, enabling conformal interfacing with multiple human skin regions. Furthermore, the glycerol/water binary solvent system, through hydrogen bonding with water molecules, imparts the hydrogel with excellent anti-freezing and anti-dehydration properties. Notably, epidermal electrodes designed from this hydrogel achieve seamless integration with human skin, enabling long-term, high-fidelity (31.41 dB) electrophysiological signal monitoring, demonstrating significant potential for applications in wearable health monitoring, medical diagnostics, and augmented reality systems.",2025,Journal of colloid and interface science,,LIKELY_ADVANCE_CONFIRM,,,,,,,,,
2209,TA-09,40440242,10.1089/fpsam.2025.0119,Augmented Reality-Assisted Surgery for Craniofacial Fibrous Dysplasia.,,2025,Facial plastic surgery & aesthetic medicine,ABSTRACT_MISSING,LIKELY_ADVANCE_CONFIRM,,,,,,,,,
2210,TA-09,40438569,10.3389/fneur.2025.1576959,Performing the HINTS-exam using a mixed-reality head-mounted display in patients with acute vestibular syndrome: a feasibility study.,"In patients with acute vestibular syndrome (AVS) differentiating between benign acute peripheral vestibular disorders and possible life-threatening central, causes such as stroke, can be challenging due to similar symptoms. AVS patients experience dizziness, vertigo, imbalance, nausea, vomiting, and abnormal eye movements. This research evaluates the feasibility of using the eye-tracking capability of a mixed reality optical-see-through head-mounted display (MR-OST-HMD) to detect pathological eye movement patterns in patients with AVS. Conducted at University Hospital Essen, this study assessed patients with AVS using a MR-OST-HMD during the HINTS-Exam. The feasibility study included 21 healthy subjects, seven patients with acute peripheral vestibular dysfunction and two stroke patients. Eye gaze, head position, and orientation were captured using a MR-OST-HMD and an in-house developed application designed to simulate the HINTS-Exam. The eye-tracking technology determined gaze direction and position, while the internal measurement unit and gyroscope recorded head movements in terms of position and velocity. The MR-OST-HMD detected abnormal eye movements, including nystagmus, saccades, and skew deviation effectively. The device proved effective even for patients with severe nausea and elderly participants, who completed the eye calibration and HINTS-Exam without difficulty. The MR-OST-HMD HINTS-Exam was quick to perform (approximately 5 min) and was easily integrated into clinical practice after a single demonstration for medical staff. MR-OST-HMD can detect pathological eye movements in AVS patients. Future research should validate these findings in larger cohorts and explore machine learning integration to enhance diagnostic accuracy.",2025,Frontiers in neurology,,LIKELY_ADVANCE_CONFIRM,,,,,,,,,
2211,TA-09,40436419,10.14245/ns.2025.22067.correction,Author Correction: Augmented Reality to Improve Surgical Workflow in Minimally Invasive Transforaminal Lumbar Interbody Fusion - A Feasibility Study With Case Series.,,2025,Neurospine,ABSTRACT_MISSING,LIKELY_ADVANCE_CONFIRM,,,,,,,,,
2212,TA-09,40433299,10.1162/imag_a_00568,Contextual expectations in the real-world modulate low-frequency neural oscillations.,"Objects in expected locations are recognised faster and more accurately than objects in incongruent environments. This congruency effect has a neural component, with increased activity for objects in incongruent environments. Studies have increasingly shown differences between neural processes in realistic environments and tasks, and neural processes in the laboratory. Here, we aimed to push the boundaries of traditional cognitive neuroscience by tracking the congruency effect for objects in real-world environments, outside of the laboratory. We investigated how neural activity is modulated when objects are placed in real environments using augmented reality while recording mobile EEG. Participants approached, viewed, and rated how congruent they found the objects with the environment. We found significant differences in ERPs and higher theta-band power for objects in incongruent contexts than objects in congruent contexts. This demonstrates that real-world contexts impact how objects are processed, and that mobile brain imaging and augmented reality are effective tools to study cognition in the wild.",2025,"Imaging neuroscience (Cambridge, Mass.)",,LIKELY_ADVANCE_CONFIRM,,,,,,,,,
2213,TA-09,40433188,10.3390/electronics13224420,Accurate Medical Vial Identification Through Mixed Reality: A HoloLens 2 Implementation.,"The accurate identification of medicine vials is crucial for emergency medical services, especially for vials that resemble one another but have different labels, volumes, and concentrations. This study introduces a method to detect vials in real-time using mixed reality technology through Microsoft HoloLens 2. The system is also equipped with an SQL server to manage barcode and vial information. We conducted a comparative analysis of the barcode detection capabilities of the HoloLens 2 camera and an external scanner. The HoloLens 2 effectively identified larger barcodes when they were 20-25 cm away in normal lighting conditions. However, it faced difficulties in detecting smaller barcodes that were consistently detected by the external scanner. The frame rate investigation revealed performance fluctuations: an average of 10.54 frames per second (fps) under standard lighting conditions, decreasing to 10.10 fps in low light and further reducing to 10.05 fps when faced with high barcode density. Resolution tests demonstrated that a screen resolution of 1920 × 1080 yielded the best level of accuracy, with a precision rate of 98%. On the other hand, a resolution of 1280 × 720 achieved a good balance between accuracy 93% and speed. The HoloLens 2 demonstrates satisfactory performance under ideal circumstances; however, enhancements in detecting algorithms and camera resolution are required to accommodate diverse surroundings. This approach seeks to help paramedics make quick and accurate decisions during critical situations and tackle common obstacles such as reliance on networks and human mistakes. Our new approach of a hybrid method that integrates an external Bluetooth scanner with the MR device gives optimal results compared to the scanner-only approach.",2024,Electronics,,LIKELY_ADVANCE_CONFIRM,,,,,,,,,
2214,TA-09,40432013,10.3390/s25103222,Assessing Physiological Stress Responses in Student Nurses Using Mixed Reality Training.,"This study explores nursing students' stress responses while they are being trained in a mixed reality (MR) setting that replicates highly stressful clinical scenarios. Using measurements of physiological indices such as heart rate, electrodermal activity, and skin temperature, the study assesses the level of stress when the students interact with digital patients whose vital signs and symptoms interact dynamically to respond to student inputs. The simulation consists of six segments, during which critical events like hypotension and hypoxia occur, and the patient's condition changes based on the nurse's clinical decisions. Machine learning algorithms were then used to analyze the nurse's physiological data and to classify different levels of stress. Among the models tested, the Stacking Classifier demonstrated the highest classification accuracy of 96.4%, outperforming both Random Forest (96.18%) and Gradient Boosting (95.35%). The results showed clear patterns of stress during the simulation segments. Statistical analysis also found significant differences in stress responses and identified key physiological markers linked to each stress level. This pioneering study demonstrates the effectiveness of MR as a training tool for healthcare professionals in high-pressured scenarios and lays the groundwork for further studies on stress management, adaptive training procedures, and real-time detection and intervention in MR-based nursing training.",2025,"Sensors (Basel, Switzerland)",,LIKELY_ADVANCE_CONFIRM,,,,,,,,,
2215,TA-09,40431924,10.3390/s25103133,Defining the Criteria for Selecting the Right Extended Reality Systems in Healthcare Using Fuzzy Analytic Network Process.,"In the past decade, extended reality (XR) has been introduced into healthcare due to several potential benefits, such as scalability and cost savings. As there is no comprehensive study covering all the factors influencing the selection of an XR system in the healthcare and medical domain, a Decision Support System is proposed in this paper to identify and rank factors impacting the performance of XR in this domain from an engineering design perspective. The proposed system is built upon the Supply Chain Operations Reference (SCOR) model supported by a literature survey and experts' knowledge to extract and identify important factors. Subsequently, the factors are categorized into distinct categories, and their relative importance is specified by Analytic Network Process (ANP) models under a fuzzy environment. Two fuzzy approaches for the ANP models are compared, and the results are analyzed using statistical testing. The computational results show that the ranking agreement between the two fuzzy approaches is strong and corresponds to the fact that both approaches yield the same ranking of primary factors, highlighting the significance of reliability as the topmost factor, followed by responsiveness, cost, and agility. It is shown that while the top three important sub-factors are identical between the two approaches, their relative order is slightly varied. Safety is considered to be the most critical aspect within the reliability category in both approaches, but there are discrepancies in the rankings of accuracy and user control and freedom. Both approaches also consider warranty and depreciation costs as the least significant criteria.",2025,"Sensors (Basel, Switzerland)",,LIKELY_ADVANCE_CONFIRM,,,,,,,,,
2216,TA-09,40426004,10.3758/s13414-025-03091-w,Comparing object lifting kinematics and the size-weight illusion between physical reality and virtual reality.,"This study compared the size-weight illusion (SWI) and object lifting kinematics between physical and virtual conditions, shedding light on the nuanced disparities in perception and action across different environmental mediums. We examined whether prior expectations about object weight based on size cues, which affect the experience of real-world object interactions, are different in virtual reality (VR). Employing a highly realistic virtual environment with precisely matched visual size and haptic cues, we tested the hypothesis that VR, which may be experienced as uncertain, unfamiliar, or unpredictable, would induce a smaller SWI due to a diminished effect of prior expectations. Participants (N = 25) reported the felt heaviness of lifted objects that varied in both volume and mass in physical reality and a VR environment. Reach and lift kinematics, and self-reported presence, were also recorded. Our findings showed no differences between how participants perceived the SWI between real and virtual environments, although there was a trend towards a smaller illusion in VR. Contrary to our predictions, participants who experienced more presence in VR did not experience a larger SWI-instead, the inverse relationship was observed. Notably, differences in reach velocities between physical and virtual conditions suggested a more controlled approach in VR. These findings highlight the intricate relationship between immersion and sensorimotor processes in virtual environments, emphasising the need for deeper exploration into the underlying mechanisms that shape human interactions with immersive technologies, particularly the prior expectations associated with virtual environments.",2025,"Attention, perception & psychophysics",,PRIORITY_VERIFY,,,,,,,,,
2217,TA-09,40425150,10.1055/s-0045-1809180,"Innovations Driving the Future of Maxillofacial Prosthetics, Part I: The Technological Leap in Maxillofacial Rehabilitation.","Maxillofacial prosthetics is a specialized field focused on replacing part or all of the facial and cranial structures. In recent years, digital technology has gained popularity over traditional methods for fabricating maxillofacial prostheses. This study aimed to provide a comprehensive review of recent innovations in maxillofacial prosthetic rehabilitation, with an emphasis on emerging technologies and their impact on patient outcomes, treatment efficiency, and overall quality of life. A comprehensive literature search was conducted across the Web of Science, PubMed, MEDLINE, and CENTRAL databases for studies published in English within the last decade. The keywords utilized included ""Maxillofacial Prosthesis Implantation,"" ""Maxillofacial Prosthesis,"" and ""rehabilitation,"" as well as ""Virtual Rehabilitation,"" ""Artificial intelligence,"" and ""digital technology."" The initial search yielded 178 articles. After resolving 51 duplicates, 127 articles were screened based on titles and abstracts. Following full-text assessment, 81 articles met the inclusion criteria and were included in the review. The results indicated that advancements in digital technologies, digital imaging, data acquisition, and the integration of digital workflows have significantly transformed the rehabilitation of maxillofacial prosthetics. These innovations enabled customization and personalization, provided an improved fit, enhanced precision, reduced number of visits and chair time, and facilitated seamless rehabilitation of complex maxillofacial defects. Four-dimensional printing involves materials that can change shape or properties over time, enabled printed objects to adapt dynamically to external stimuli, enhancing both comfort and functionality of prosthetics. Further advancements, such as five-dimensional and six-dimensional printing, improved the sensory capabilities of prostheses. Virtual and augmented reality enhance real-world experiences by overlaying digital data, improving accuracy and fit, enabling virtual surgical planning, and developing patient-specific implants. Artificial intelligence (AI) assists automated decision-making and supports the design of AI-driven prostheses. AI algorithms have shown the potential to automate digital planning, replicate intricate anatomical features, and attain high diagnostic accuracy in maxillofacial prosthodontic scenarios.",2026,European journal of dentistry,,LIKELY_ADVANCE_CONFIRM,,,,,,,,,
2218,TA-09,40418795,10.2196/65220,Novel Blended Learning on Artificial Intelligence for Medical Students: Qualitative Interview Study.,"Artificial intelligence (AI) systems are becoming increasingly relevant in everyday clinical practice, with Food and Drug Administration-approved AI solutions now available in many specialties. This development has far-reaching implications for doctors and the future medical profession, highlighting the need for both practicing physicians and medical students to acquire the knowledge, skills, and attitudes necessary to effectively use and evaluate these technologies. Currently, however, there is limited experience with AI-focused curricular training and continuing education. This paper first introduces a novel blended learning curriculum including one module on AI for medical students in Germany. Second, this paper presents findings from a qualitative postcourse evaluation of students' knowledge and attitudes toward AI and their overall perception of the course. Clinical-year medical students can attend a 5-day elective course called ""Medicine in the Digital Age,"" which includes one dedicated AI module alongside 4 others on digital doctor-patient communication; digital health applications and smart devices; telemedicine; and virtual/augmented reality and robotics. After course completion, participants were interviewed in semistructured small group interviews. The interview guide was developed deductively from existing evidence and research questions compiled by our group. A subset of interview questions focused on students' knowledge, skills, and attitudes regarding medical AI, and their overall course assessment. Responses were analyzed using Mayring's qualitative content analysis. This paper reports on the subset of students' statements about their perception and attitudes toward AI and the elective's general evaluation. We conducted a total of 18 group interviews, in which all 35 (100%) participants (female=11, male=24) from 3 consecutive course runs participated. This produced a total of 214 statements on AI, which were assigned to the 3 main categories ""Areas of Application,"" ""Future Work,"" and ""Critical Reflection."" The findings indicate that students have a nuanced and differentiated understanding of AI. Additionally, 610 statements concerned the elective's overall assessment, demonstrating great learning benefits and high levels of acceptance of the teaching concept. All 35 students would recommend the elective to peers. The evaluation demonstrated that the AI module effectively generates competences regarding AI technology, fosters a critical perspective, and prepares medical students to engage with the technology in a differentiated manner. The curriculum is feasible, beneficial, and highly accepted among students, suggesting it could serve as a teaching model for other medical institutions. Given the growing number and impact of medical AI applications, there is a pressing need for more AI-focused curricula and further research on their educational impact.",2025,JMIR medical education,,LIKELY_ADVANCE_CONFIRM,,,,,,,,,
2219,TA-09,40417228,10.1016/j.prdoa.2025.100332,Effects of augmented reality cueing strategies on freezing of gait: The ELIMINATE FoG trial.,"Freezing of gait (FoG) is a treatment-resistant symptom of Parkinson disease (PD). Augmented reality (AR) cues have been investigated as a therapy for FoG, with inconclusive results from a limited array of AR constructs. Compare four modalities of a novel AR cue to physical and no-cue controls. Presence of FoG in PD was required; exclusion criteria included dementia, severe vision loss, and significant gait-disrupting comorbidities. Participants completed six walking tasks, featuring different cueing conditions in a crossover fashion, in a holographic hallway displayed by an AR headset. A conventional physical cue was presented first, followed by other conditions in randomized order (hand-controlled AR cue, observer-controlled AR cue, eye-controlled AR cue, constant AR cue, no-cue control). Primary outcomes were FoG duration and incidence, manually annotated. Secondary outcomes included survey questions and gait parameters derived from IMUs. Thirty-six participants completed testing. The observer-controlled AR cue produced lower FoG duration than the no-cue, physical, and hand-controlled AR cue conditions (N = 36, p ≤ 0.006, Wilcoxon effect size (WES) ≥ 0.46). The constant cue reduced FoG incidence compared to all other conditions (N = 36, p ≤ 0.016, WES ≥ 0.40). Participants' preferred AR cues decreased FoG duration (N = 28, p ≤ 0.004, WES ≥ 0.48) and incidence (N = 28, p ≤ 0.022, WES ≥ 0.38) compared to controls. Differences in kinematic outcomes were negligible. Survey results indicated receptiveness toward AR cueing, with diversity in preferred cue activation modalities. No significant adverse events occurred. AR cueing decreased FoG incidence and duration compared to controls. Efficacy of discrete cueing modalities likely depends on user intrinsic factors, such as preference.",2025,Clinical parkinsonism & related disorders,,LIKELY_ADVANCE_CONFIRM,,,,,,,,,
2220,TA-09,40416050,10.3389/fspor.2025.1595455,Enhancing table tennis performance and physical fitness through digital technology: a quasi-experimental study based on the TPACK framework.,"Educational digitization has made integrating digital technology into physical education a pivotal strategy for transforming pedagogy. Guided by the Technological Pedagogical Content Knowledge (TPACK) framework, this study addresses two challenges in Chinese university physical education: the lack of evidence-based research on technology integration, and the decline in student physical fitness alongside the waning effectiveness of traditional table tennis instruction. We propose a ""3 + 1"" digital teaching model integrating multimedia, virtual reality (VR), augmented reality (AR), and artificial intelligence (AI) into a cohesive curriculum, aiming to enhance students' physical fitness and table tennis proficiency. We employed a sequential explanatory mixed-methods design. Initially, a survey of 1,200 undergraduates enrolled in elective table tennis courses across 10 universities in Guangxi, China, assessed instructional needs. Subsequently, a 16-week quasi-experimental study involving 270 students from Guangxi University (experimental group, n = 135; control group, n = 135) was conducted. While the control group maintained traditional instruction, the experimental group utilized the ""3 + 1"" digital curriculum. Pre- and post-intervention evaluations included quantitative assessments of table tennis skills and cardiovascular endurance, complemented by qualitative data from observations and student interviews. Quantitative results demonstrated significant improvements in the experimental group, with a 15% greater improvement in table tennis skills (p < 0.01) and a 10% higher increase in cardiovascular endurance (p < 0.05) compared to the control group. Qualitative analysis highlighted the experimental group's increased acceptance of technology, heightened engagement, deeper immersion, and enhanced motivation and interest in table tennis practice. These results confirm that the digitally empowered teaching model effectively enhances university students' physical fitness and athletic performance. Integrating TPACK-based pedagogical strategies with advanced digital tools, this approach offers substantial theoretical and practical implications for the reform of university physical education. Additionally, the study aligns with the United Nations Sustainable Development Goal 4 (Quality Education) by promoting innovative sports pedagogy. Future research should broaden the participant diversity and explore digital technology applications across additional sports disciplines to facilitate comprehensive digitization in physical education.",2025,Frontiers in sports and active living,,LIKELY_ADVANCE_CONFIRM,,,,,,,,,
2221,TA-09,40415145,10.1007/s11548-025-03429-7,MIS-NeRF: neural radiance fields in minimally-invasive surgery.,"Minimally-invasive surgery (MIS) reduces the trauma compared to open surgery but is challenging for endophytic lesion localisation. Augmented reality (AR) is a promising assistance, which superimposes a preoperative 3D lesion model onto the MIS images. It requires solving the difficult problem of 3D model to MIS image registration. We propose MIS-NeRF, a neural radiance field (NeRF) which provides high-fidelity intraoperative 3D reconstruction, used to bootstrap iterative closest point (ICP) registration. Existing NeRF methods break down in MIS because of the moving light source and specular highlights. The proposed MIS-NeRF is adapted to these conditions. First, it incorporates the camera centre as an additional input to the radiance function, which allows MIS-NeRF to handle the moving light source. Second, it uses a modified volume rendering which handles specular highlights. Third, it uses a regularised compound loss to enhance surface reconstruction. MIS-NeRF was tested on three synthetic datasets and retrospectively on four laparoscopic surgeries. It successfully reconstructed high-fidelity liver and uterus surfaces, reducing common artefacts including high-frequency noise and bumps caused by specular highlights. ICP registration achieved faithful alignment between the preoperative and intraoperative 3D models, with an average error of 3.25 mm, outperforming the second-best method by a 15 %  margin. MIS-NeRF improves AR-based lesion localisation by facilitating accurate 3D model registration to multiple MIS images.",2025,International journal of computer assisted radiology and surgery,,LIKELY_ADVANCE_CONFIRM,,,,,,,,,
2222,TA-09,40411505,10.1080/24699322.2025.2509686,Retrospective case control study on the evaluation of the impact of augmented reality in gynecological laparoscopy on patients operated for myomectomy or adenomyomectomy.,"The objective of this study is to evaluate the safety of using augmented reality (AR) in laparoscopic (adeno)myomectomy, defined as an increase in operating time shorter than 15 min. A total of 17 AR cases underwent laparoscopic myomectomy or adenomyomectomy with the use of AR and 17 controls without AR for the resection of (adeno)myomas. The non-inferiority assumption was defined by an operative overtime not exceeding 15 min, representing 10% of the typical operative time. The 17 AR cases were matched to 17 controls. The criteria used in matching the two groups were the type of lesions, the size and the placement. The mean operative time was 135 ± 39 min for AR cases and 149 ± 62 min for controls. The margin of non-inferiority was expressed as a difference in operative time of 15 min between the case and control groups. The mean difference observed between AR cases and controls was -14 min with 90% CI [-38.3;11.3] and was significantly lower than the non-inferiority margin of 15 min (p = 0.03). This negative time difference means that the operative time is shorter for the AR cases group. Intraoperative data revealed a volume of bleeding ≤200 mL in 82.3% of AR cases and in 75% of controls (p = 0.62). No intra or postoperative complications were reported in the groups. The use of augmented reality in laparoscopic (adeno)myomectomy does not introduce additional constraints for the surgeon. It appears to be safe for the patients, with an absence of additional adverse events and of significantly prolonged operative time.",2025,"Computer assisted surgery (Abingdon, England)",,LIKELY_ADVANCE_CONFIRM,,,,,,,,,
2223,TA-09,40408191,10.1109/TPAMI.2025.3573081,Keystate-Driven Long-Term Generation of Bimanual Object Manipulation Sequences.,"Learning to forecast or synthesize bimanual object manipulation sequences has broad applications in assistive robotics and extended reality. Previous methods have several limitations: (1) They can only forecast for short durations as the output deteriorates with longer predictions. (2) They minimize the MSE of fine motions, such as cutting or stirring, which are treated as noise and averaged out, leading to static outputs. (3) They model hand-object contact implicitly, resulting in unrealistic motion where the objects float in the air. We address long-term forecasting degradation by decomposing long sequences of bimanual actions into shorter subsequences defined by keystates, minimizing output quality deterioration. Segmenting sequences into meaningful keystates allows us to treat fine periodic motions as primitives without optimizing their MSE in raw trajectories. We construct a motion dictionary to store representative dynamics for each action category, queried at test time to generate fine motions. Lastly, we improve hand-object contact using a novel neural network that forecasts the pose for objects in motion, while encouraging hand-object contact through generative models for 3D hand grasps. We evaluate our approach on publicly available bimanual manipulation datasets, showing significant improvements over the state of the art.",2025,IEEE transactions on pattern analysis and machine intelligence,,LIKELY_ADVANCE_CONFIRM,,,,,,,,,
2224,TA-09,40408138,10.2196/58947,Developing a Core Outcome Set for Pediatric and Adult Acute and Chronic Pain Extended Reality Trials: Delphi Consensus-Building Process.,"Appropriate outcome assessment strategies and high-quality trials are critical to advancing care of patients with acute and chronic pain. Using extended reality (XR), namely, virtual and augmented reality, as a nonpharmacological treatment for pain has accelerated in the last decade. XR allows users to engage completely in immersive, gamified, sensorial digital experiences. Currently, no standardized approach to assessing outcomes of XR-based interventions for pain exists. Our aim was to recommend a core set of outcomes for pediatric and adult acute and chronic pain XR intervention trials. To identify core outcomes, we conducted a multiphase process. In phase 1, we conducted systematic reviews on XR in pediatric and adult acute and chronic pain trials to identify the most common core outcome domains assessed in existing published studies. Primary outcome domains were identified and informed the development of the survey for phase 2, a Delphi survey of clinicians and researchers who were actively researching or using XR for pain treatment. Together, results from the systematic reviews and Delphi survey responses were collated, and in phase 3, a 2-day in-person meeting was held to reach consensus on recommended outcome domains for adult and pediatric acute and chronic pain XR clinical trials. This was followed by 2 additional rounds of the Delphi survey to broaden consensus and refine the domains and definitions. Following the Outcome Measures in Rheumatology guidelines for consensus building, outcomes were organized into 3 categories: mandatory, important to consider but optional, and research agenda. A systematic review including XR trials for adult and pediatric acute and chronic pain was conducted in March 2023, and 90 pediatric and 104 adult studies were included. The round 1 Delphi survey, completed by 66 respondents, revealed the following commonly measured outcomes: pain intensity or quality, distraction, anxiety or fear, satisfaction, and adverse events. Respondents indicated the following domains to be of highest importance to measure in studies: safety, feasibility, and acceptability; pain intensity or quality; pain interference or functioning; emotional functioning; and user experience or immersion. By unanimous vote at the consensus conference, pain severity, adverse events, user experience, and psychological constructs were identified as mandatory domains to be assessed in all XR trials for acute and chronic pain, with the addition of pain interference for chronic pain trials. Physiological markers and physical function were deemed important-to-consider but optional domains. Additional emerging areas for future research did not obtain sufficient support in the consensus process but were noted. An established core outcome set will help strengthen the emerging evidence base supporting XR interventions for children and adults with pain. Future work is underway to provide recommendations for appropriate validated measures to assess each established outcome domain.",2025,Journal of medical Internet research,,LIKELY_ADVANCE_CONFIRM,,,,,,,,,
2225,TA-09,40407996,10.1007/s11548-025-03418-w,Deep hashing for global registration of preoperative CT and video images for laparoscopic liver surgery.,"Registration of computed tomography (CT) to laparoscopic video images is vital to enable augmented reality (AR), a technology that holds the promise of minimising the risk of complications during laparoscopic liver surgery. Although several solutions have been presented in the literature, they always rely on an accurate initialisation of the registration that is either obtained manually or automatically estimated on very specific views of the liver. These limitations pose a challenge to the clinical translation of AR. We propose the use of a content-based image retrieval (CBIR) framework to obtain an automatic robust initialisation to the registration. Instead of directly registering video and CT, we render a dense set of possible views of the liver from CT and extract liver contour features. To reduce feature maps to lower dimension vectors, we use a deep hashing (DH) network that is trained in a triplet scheme. Registration is obtained by matching the intra-operative image hashing encoding to the closest encodings found in the pre-operative renderings. We validate our method on synthetic and real data from a phantom and real patient data from eight surgeries. Phantom experiments show that registration errors acceptable for an initial registration are obtained if sufficient pre-operative solutions are considered. In seven out of eight patients, the method is able to obtain a clinically relevant alignment. We present the first work to adapt DH to the CT to video registration problem. Our results indicate that this framework can effectively replace manual initialisations in multiple views, potentially increasing the translation of these techniques.",2025,International journal of computer assisted radiology and surgery,,LIKELY_ADVANCE_CONFIRM,,,,,,,,,
2226,TA-09,40403101,10.1371/journal.pone.0324170,"Radio frequency interface quality assessment in 4G/5G: Effects of IQ imbalance, phase noise, and nonlinearities on error vector magnitude.","Modern 4G/5G technologies aim to enhance data speeds, improve communication quality, and enable innovative services such as IoT and augmented reality. However, their efficiency depends on minimizing distortions in the radio frequency (RF) interface, evaluated through Error Vector Magnitude (EVM). Increased EVM leads to packet losses and reduced throughput, making its reduction essential for stable and high-quality networks. This study investigates the impact of RF interface imperfections on EVM in 4G/5G systems. The analysis was conducted using Simulink models of digital communication transmitters and receivers, incorporating in-phase and quadrature (IQ) imbalance, phase noise, power amplifier (PA) nonlinearity, channel noise, and signal-coding scheme characteristics. The QM78207 chipset, integrating key RF components, was used as an example to reflect the complexity and quality requirements of modern RF interfaces. The results show that the maximum allowable EVM for 64-QAM is 8% (-22 dB). Variations in IQ amplitude imbalance (0-3 dB) increased EVM from -32 dB to -15 dB, while IQ phase imbalance (0°-15°) caused an increase from -32 dB to -17 dB, both for SNR = 50 dB. These findings are valuable for optimizing RF interface designs in 4G/5G systems, ensuring enhanced communication quality and supporting the growing demands for advanced services.",2025,PloS one,,LIKELY_ADVANCE_CONFIRM,,,,,,,,,
2227,TA-09,40402705,10.1109/TVCG.2025.3572408,What Draws Your Attention First? An Attention Prediction Model Based on Spatial Features in Virtual Reality.,"Understanding visual attention is key to designing efficient human-computer interaction, especially for virtual reality (VR) and augmented reality (AR) applications. However, the relationship between 3D spatial attributes of visual stimuli and visual attention is still underexplored. Thus, we design an experiment to collect a gaze dataset in VR, and use it to quantitatively model the probability of first attention between two stimuli. First, we construct the dataset by presenting subjects with a synthetic VR scene containing varying spatial configurations of two spheres. Second, we formulate their selective attention based on a probability model that takes as input two view-specific stimuli attributes: their eccentricities in the field of view and their sizes as visual angles. Third, we train two models using our gaze dataset to predict the probability distribution of a user's preferences of visual stimuli within the scene. We evaluate our method by comparing model performance across two challenging synthetic scenes in VR. Our application case study demonstrates that VR designers can utilize our models for attention prediction in two-foreground-object scenarios, which are common when designing 3D content for storytelling or scene guidance. We make the dataset and the source code to visualize it available alongside this work.",2025,IEEE transactions on visualization and computer graphics,,LIKELY_ADVANCE_CONFIRM,,,,,,,,,
2228,TA-09,40402564,10.2196/63961,Effectiveness and Methodologies of Virtual Reality Dental Simulators for Veneer Tooth Preparation Training: Randomized Controlled Trial.,"Virtual reality (VR) simulators are increasingly used in dental education, offering advantages such as repeatable practice and immediate feedback. However, evidence comparing their efficacy to traditional phantom heads for veneer preparation training remains limited. This study aimed to compare the effectiveness of 2 widely used VR simulators (Unidental and Simodont) against traditional phantom heads for veneer tooth preparation training and evaluate the impact of training sequence (simulator-first vs phantom-head-first) on skill acquisition. A randomized controlled trial was conducted with 80 fourth-year dental students from Peking University School of Stomatology. Participants were stratified by gender and academic performance, then equally allocated to 8 groups. Groups 1-3 trained exclusively using Unidental, Simodont, or phantom heads, respectively, while groups 4-8 followed hybrid sequences combining simulator and phantom-head training. Each participant performed veneer preparations on a maxillary central incisor. Preparations were evaluated by a blinded instructor using a validated 100-point rubric assessing marginal integrity (30%), preparation depth (25%), proximal contour (25%), and surface smoothness (20%). Posttraining questionnaires (100-point scale) compared user perceptions of simulator realism, haptic feedback, and educational value. There were no statistically significant differences in the preparation quality among groups using different training methods (Unidental: 88.9, SD 3.6; Simodont: 88.6, SD 1.6; phantom heads: 89.4, SD 2.8; P=.81) or different training methodologies (simulator-first vs phantom-head-first) (simulator first: P=.18; phantom head first: P=.09, different sequences of Unidental: P=.16; different sequences of Simodont: P=.11). However, significant differences were observed between the evaluations of the 2 simulators in terms of realism of the odontoscope's reflection (Simodont: 55.6, SD 33.7; Unidental: 87.5, SD 13.9; P<.001), force feedback (Simodont: 66.2, SD 22.4; Unidental: 50.8, SD 18.9; P=.007), and simulation of the tooth preparation process (Simodont: 64.4, SD 16.0; Unidental: 50.6, SD 16.6; P=.003). Evaluation results showed no statistical differences between the 2 simulators in display effect (Simodont: 77.43, SD 21.58; Unidental: 71.68, SD 20.70; P=.24), synchronism of virtual and actual dental instruments (Simodont: 67.86, SD 19.31; Unidental: 59.29, SD 20.10; P=.11), and dental bur operation simulation (Simodont: 63.32, SD 19.99; Unidental: 55.79, SD 19.62; P=.16). The Unidental simulator was rated better than the Simodont simulator in terms of the realism of odontoscope's reflection. In all other aspects, Simodont was superior to Unidental. There was no significant difference in the students' attitudes towards the 2 simulators (improve skills: P=.19; inspire to learn: P=.29; will to use: P=.40; suitable for training: P=.39). The study found no significant differences in training outcomes between VR simulators and traditional phantom heads for veneer preparation, suggesting that VR technology may serve as a viable alternative or supplementary tool in dental education. However, the absence of significant differences does not imply equivalence, as formal equivalence testing was not performed. Future studies should incorporate equivalence testing and explore cost-effectiveness, long-term skill retention, and adaptability to complex clinical scenarios.",2025,Journal of medical Internet research,,PRIORITY_VERIFY,,,,,,,,,
2229,TA-09,40398930,10.1136/bmjopen-2025-101478,Educational outcomes of emerging teaching methods in undergraduate nursing education: a systematic review and meta-analysis protocol.,"Undergraduate nursing education is essential in preparing competent and compassionate healthcare professionals capable of addressing the complex challenges in today's healthcare landscape. This protocol proposes a systematic review of the educational outcomes of virtual/augmented reality, flipped classrooms, team-based learning and gamification compared with traditional or didactic methods in undergraduate nursing education. A systematic review protocol based on Preferred Reporting Items for Systematic Reviews and Meta-Analysis Protocol guidelines will be conducted. Experimental and observational studies published from 2014 through 2024 will be identified by searching the electronic databases PubMed, Scopus, Embase, Web of Science and CINAHL that compare emerging with traditional or didactic teaching methods among undergraduate nursing students. Two reviewers will independently assess titles and abstracts to identify relevant studies based on eligibility criteria. Two additional reviewers will extract data from full-text articles that meet these criteria, evaluate the risk of bias and assess the quality of the selected studies. The meta-analysis will include effect size, heterogeneity, subgroup analyses and publication bias tests. Ethics approval is not required. The publication will be in peer-reviewed journals and presented at national and international conferences. CRD42024618288.",2025,BMJ open,SECONDARY_OR_COMMENTARY_TITLE,LIKELY_ADVANCE_CONFIRM,,,,,,,,,
2230,TA-09,40398258,10.1016/j.nepr.2025.104397,Effectiveness of a mixed reality simulation program for dyspnoea care on new nurses' clinical competency: A mixed-methods study.,"This study developed and evaluated a mixed reality (MR) simulation program for dyspnoea care (D-MRSim) to enhance new nurses' competency. Managing dyspnoea requires advanced skills, which many new nurses lack. Innovative training, such as MR simulation, may bridge this gap. This study used a mixed-methods design combining a randomized controlled trial and focus group interviews (FGIs). A total of 59 new nurses at a university hospital in South Korea participated, with random assignment to the experimental (n = 30) or control group (n = 29). The experimental group received D-MRSim (three 2-hour sessions over 6 weeks), while controls received equivalent traditional training. D-MRSim, developed using the ADDIE (Analysis, Design, Development, Implementation, Evaluation) model, was evaluated through surveys, performance assessments and FGIs. The experimental group demonstrated significant improvements over time in confidence (χ² = 82.27, p < 0.001), problem-solving ability (χ² = 23.06, p < 0.001) and knowledge (χ² = 33.34, p < 0.001). The experimental group showed significantly greater knowledge (F = 10.17, p = 0.002) and higher clinical performance both immediately (Z = -6.12, p < 0.001) and 3 months after the program (Z = -5.55, p < 0.001). FGIs identified four themes: (1) Realistic learning environment, (2) Effective learning approach, (3) Clinical competency enhancement and (4) Limitations and need for improvement. D-MRSim effectively enhanced new nurses' clinical competency by providing an immersive learning environment with repeated practice opportunities, serving as a valuable educational tool for improving clinical skills and adaptability.",2025,Nurse education in practice,,LIKELY_ADVANCE_CONFIRM,,,,,,,,,
2231,TA-09,40396333,10.1080/02713683.2025.2504569,Objective Quality Assessment of the Capsulorhexis - A Novel Augmented Reality Tool for Trainees and Experts.,"To assess the usability of a smartphone-based augmented reality tool for capsulorhexis training. This is a single-center, prospective, clinical study conducted at the Department of Ophthalmology, University Hospital, LMU Munich, Munich, Germany. Surgery-naïve residents were included and divided into three subgroups: (1) augmented reality supported by the Custom Surgical MicroREC system during their capsulorhexis procedures; (2) Expert support supported by an experienced cataract surgeon; (3) No support without support. Capsulorhexis quality was graded by circularity, centration, and radius. Twenty-one (ntotal = 21) participants were enrolled. The augmented reality group was statistically significantly better in terms of circularity than the Expert support (Mann-Whitney's U-test: p = .00175) and the No support group (Mann-Whitney's U-test: p = .00268). The procedure duration decreased statistically significantly for all three groups when try 1 and 10 were compared (augmented reality: p < .0001; Expert support: p = .0099; No support: p < .0001). The other parameters did not differ statistically significantly. The questionnaires handed to the augmented reality and No support group before and after the wet lab revealed a high importance of wet lab trainings to all polled participants. The provided wet lab setup was considered adequate by both groups. Augmented reality can assist in cataract training. The Custom Surgical MicroREC system can have a positive influence on capsulorhexis quality in a training environment. Automated quality metrics measured by the augmented reality software provide an objective quality score of the performed surgical procedure. As the tested augmented reality system can be used in training as well as in a real-world setting, this will be a useful tool for trainees and expert surgeons alike.",2026,Current eye research,,LIKELY_ADVANCE_CONFIRM,,,,,,,,,
2232,TA-09,40394647,10.1186/s12984-025-01643-7,Enhancing lower-limb rehabilitation: a scoping review of augmented reality environment.,"Lower-limb rehabilitation is crucial for restoring motor function in individuals with physical impairments; however, traditional rehabilitation approaches often encounter challenges such as limited resources and reduced patient motivation. Augmented reality (AR) offers an innovative approach by enriching rehabilitation with interactive and engaging experiences, thereby enhancing both motivation and treatment outcomes. AR environments enable patients to practice exercises in an immersive setting that emulates real-life scenarios, potentially increasing adherence and improving functional recovery. This scoping review analyzed 25 peer-reviewed studies on the use of AR within the ""Environment"" component of the Human-Computer-Environment system for lower-limb rehabilitation. We present a taxonomy of existing AR systems, categorizing them by rehabilitation tasks (content) and interaction modes (form), which identify both physical and virtual elements that contribute to a supportive AR environment. The findings suggest that well-designed AR environments offer a flexible and cost-effective approach to various rehabilitation tasks. Customization is essential for addressing specific rehabilitation stages, including muscle strengthening, balance improvement, and gait training. The integration of multisensory feedback, such as visual, auditory, and haptic cues, enhances patient engagement and provides real-time performance monitoring. Effective AR environments must also account for the distinct needs of each limb, particularly for bilateral impairments, and ensure sufficient space for safe movement. By providing an individualized rehabilitation experience, AR environments have the potential to significantly improve patient motivation and outcomes. Future research should explore the integration of AR environments with assistive technologies, such as wearable devices and exoskeletons, to further enhance rehabilitation possibilities.",2025,Journal of neuroengineering and rehabilitation,SECONDARY_OR_COMMENTARY_TITLE,LIKELY_ADVANCE_CONFIRM,,,,,,,,,
2233,TA-09,40394017,10.1038/s41598-025-01578-y,A metaverse laboratory setup for interactive atom visualization and manipulation with scanning probe microscopy.,"We present a metaverse laboratory system that integrates mixed reality (MR) technologies with scanning probe microscopy (SPM) for interactive atomic-scale visualization and manipulation. In order to accommodate both the visualization and input of SPM data in a virtual environment and the physical interaction with SPM-related equipment in the laboratory, the system incorporates a virtual reality (VR) and augmented reality (AR) framework to enable seamless switching between these two environments. Utilizing the pose-tracking capabilities in AR, users can intuitively interact with virtual interface elements and three-dimensional objects through physical hand gesture input to control SPM parameters and probe positioning. The system provides real-time visualization of scanned surfaces at the atomic scale in the virtual environment, enabling immediate feedback during experiments. To demonstrate the system's capabilities, we performed atomic manipulation experiments using hand gestures for lateral probe positioning, showing how MR-enhanced SPM can simplify nanoscale operations and improve experimental efficiency. Our integrated MR-SPM system allows users to conduct experiments via the metaverse platform while enhancing the human-instrument interaction experience. It extends the practical utility required for both real-time physical and virtual environment SPM operations in the laboratory, making nanoscale research more accessible and intuitive.",2025,Scientific reports,,LIKELY_ADVANCE_CONFIRM,,,,,,,,,
2234,TA-09,40393463,10.1088/1741-2552/addae7,Neurophysiological correlates of user engagement in mixed reality exergames.,"Objective.This study investigates the neurophysiological correlates of user engagement (UE) during upper-limb exercises in mixed reality (MR)-based exergames. It explores whether MR environments modulate brain activity differently than traditional exercises and whether physical object interaction affects engagement.Methods.High-density electroencephalography (EEG) was recorded from fifteen healthy adults performing bilateral arm exercises under four conditions-with and without MR and physical object interaction. Engagement indices were derived from spectral features (theta, alpha, and their ratios) at both source- and sensor-levels across predefined cortical regions. Time-course dynamics and subjective user experience were also evaluated.Main results.MR-based exergames significantly increased theta power and decreased alpha power compared to non-MR conditions, indicating greater cognitive and attentional engagement. These effects were consistent across frontal, sensorimotor, and parietal regions and remained stable over time. Physical object interaction had no significant effect on engagement. Subjectively, MR conditions were rated higher in stimulation, efficiency, and novelty.Significance.The effectiveness of MR in rehabilitation depends on sustained UE, which is typically assessed through subjective questionnaires. This study demonstrates that EEG-derived metrics-particularly theta and alpha activity-objectively reflect engagement. These results support EEG as a real-time monitoring tool for developing adaptive, brain-responsive rehabilitation technologies.",2025,Journal of neural engineering,,LIKELY_ADVANCE_CONFIRM,,,,,,,,,
2235,TA-09,40392553,10.1001/jamanetworkopen.2025.11488,Exposure Therapy in Mixed Reality for Obsessive-Compulsive Disorder: A Randomized Clinical Trial.,"Exposure therapy in virtual reality (VR) is well established for anxiety disorders. While early studies show promise for VR-based exposure and response prevention (ERP) in obsessive-compulsive disorder (OCD), a key challenge of traditional VR is the weak sense of presence, deemed crucial for effectiveness. To evaluate the feasibility and efficacy of ERP in mixed reality (MERP). This randomized clinical trial (RCT) included 2 outpatient treatment groups, MERP vs self-guided ERP (SERP) from March 15, 2022, to October 26, 2024. Participants were required to be 18 to 80 years of age and have contamination-related OCD (C-OCD). Exclusion criteria consisted of schizophrenia or bipolar disorder, severe substance use disorder, acute suicidality, and ongoing inpatient treatment. Patients' symptom severity was assessed by the Yale-Brown Obsessive Compulsive Scale (Y-BOCS) before (baseline) and after the 6-week intervention period as well as 3 months after posttreatment (follow-up). Six sessions of MERP or SERP. Main outcome was the severity of OCD symptoms in the past 7 days on the Y-BOCS. Sense of presence and subjective appraisal were the secondary outcomes. Thirty-six participants fulfilled inclusion criteria. Twenty-four participants (66.7%) were female; mean (SD) age was 35.42 (14.03) years. Both groups had severe OCD symptoms, with major depressive disorder as the most common comorbidity (23 [63.9%]). Twenty-nine participants (80.6%) completed the postintervention and follow-up assessments. At baseline, patients in the MERP group had a mean (SD) Y-BOCS score of 26.94 (5.83), while the SERP group had a mean (SD) score of 24.22 (4.12). The decline in patients' OCD symptoms (Y-BOCS) was similar in the MERP (mean difference, 3.15) and the SERP groups (mean difference, 1.47) (ηp2 = 0.002; 95% CI, -3.187 to 3.893). Significant improvements were observed within the MERP group from baseline to post treatment across several psychopathological variables, including OCD symptoms, with a medium to large effect (Cohen d, 0.584-0.931; 95% CI, 0.026-1.551). Sense of presence was moderate (mean [SD], ≤3.24 [≤2.07]). Subjective appraisal was heterogeneous. This RCT on MERP in C-OCD provided important insights. While there were no significant between-group differences, changes in psychopathology within the MERP group suggest some level of effectiveness. However, the limited impact indicates that the full potential of MERP has not yet been realized, and future research should aim to improve immersion and overall effectiveness. German Clinical Trial Registry: DRKS00020969.",2025,JAMA network open,,LIKELY_ADVANCE_CONFIRM,,,,,,,,,
2236,TA-09,40391111,10.3389/fpsyg.2025.1543161,Examining cognition in action: laboratory-based attentional control tasks predict performance on combat-relevant tasks in an augmented reality training environment.,"There is growing interest in understanding how individual differences in cognitive abilities contribute to military performance. Laboratory-based cognitive tasks, which are well-suited for assessing specific cognitive capacities, offer a controlled and efficient approach for evaluating these differences. If performance on such tasks corresponds with operationally relevant performance, these measures could serve as valuable tools for evaluation, selection, and targeted training interventions to enhance military readiness. Here, we examined associations between performance on laboratory tasks of attentional control and operationally relevant tasks in an augmented reality military training environment. Across two study rounds, 45 squads of active-duty U.S. Army soldiers (N = 356) completed two laboratory-based tasks of attentional control and a series of operationally relevant drills, requiring attentional control. Soldiers' performance on sustained attention and working memory tasks was positively correlated with their performance on operationally relevant drills. Specifically, in both rounds, individuals with greater sustained attention task accuracy performed better on a Shoot/Do Not Shoot drill. The results indicate that laboratory-based attentional control tasks can serve as useful indicators of performance in military operationally relevant drills. Furthermore, these findings suggest that individual differences in attentional control may influence operationally relevant performance.",2025,Frontiers in psychology,,LIKELY_ADVANCE_CONFIRM,,,,,,,,,
2237,TA-09,40388281,10.1109/JBHI.2025.3571812,Synthesis Image Editing for Attribute Evolution in the Pseudo-Temporal Sequence of Pulmonary Nodule Growth.,"Medical Mixed Reality (MR) has made significant progress in virtual surgery simulation and tumor teaching. This paper proposes a framework for pulmonary nodule attribute editing based on image feature consistency, achieving spatial alignment of multi-stage case data. To address the limitations of traditional time-image reconstruction, we design an adversarial siamese model architecture capable of synthesizing missing nodule images, completing temporal data, and fine-grained modeling of nodule growth. To tackle challenges such as deformation, background inconsistency, and attribute uncertainty in generated samples, we introduce a Denoising Diffusion Implicit Model (DDIM) and construct an attribute vector space for pathological feature editing. Additionally, we propose a separable image reconstruction strategy to enhance local feature stability. Extensive validation on the lung-specific LIDC-IDRI dataset demonstrates superior performance with SSIM of 97.5${\%}$ and LPIPS of 0.036. To further verify generalization capability, cross-organ testing on the liver-focused LiTS dataset achieves competitive results with SSIM of 85.0${\%}$ and LPIPS of 0.128. These outcomes provide strong technical support for high-fidelity virtual surgery and intelligent tumor teaching platforms.",2026,IEEE journal of biomedical and health informatics,,LIKELY_ADVANCE_CONFIRM,,,,,,,,,
2238,TA-09,40384648,10.21037/qims-24-2333,Enhancing the accuracy of genioplasty using mixed reality and computer-aided design/manufacturing: a randomized controlled trial.,"Genioplasty is performed as part of orthognathic surgery to correct jaw deformities. This procedure presents challenges in terms of osteosynthesis accuracy. This study aimed to evaluate the precision of preoperative planning in genioplasty using computer-aided design/computer-aided manufacturing (CAD/CAM) with three-dimensional (3D) printable biomaterials and mixed reality (MR) technology with a head-mounted display (Microsoft® HoloLens 2) and a registration marker. Twenty-six patients underwent genioplasty using either only CAD/CAM devices (control group, n=10) or CAD/CAM with additional MR technology (experimental group, n=16). CAD/CAM devices were created based on virtual surgical planning (VSP), and MR holograms created based on VSP data were projected onto the surgical area using Microsoft HoloLens 2. After surgery, the planned model was compared with the postoperative computed tomography (CT) image, measuring the 3D surface and the differences in position and rotation using the root mean square deviation (RMSD) and Bland-Altman's method. Both analyses are blinded. The average 3D surface analysis errors within 2 mm ranged between 62.20-100.00% (control group) and 99.30-100.00% (experimental group), with mean errors of 92.12% and 99.81%, respectively. Errors within 1 mm ranged between 28.50-98.90% (control group) and 55.10-99.6% (experimental group) with mean errors of 67.36% and 85.60%, respectively. The largest RMSDs were 1.20 mm in the anteroposterior direction and 6.78° in pitch orientation for the experimental group and 1.78 mm in the anteroposterior direction and 6.04° in pitch orientation for the control group. A statistically significant difference between the two groups was observed for errors measured within 1 mm (P=0.047) and for yaw (P=0.003). No postoperative complications were observed in either group. Using CAD/CAM with additional MR technology in genioplasty improved the repositioning accuracy of the chin bone fragment and plate placement, with statistically significant improvements in specific spatial directions. This combination of CAD/CAM and MR technology allows for intraoperative spatial verification of fragment movement according to preoperative VSP, which significantly contributes surgical precision.",2025,Quantitative imaging in medicine and surgery,,LIKELY_ADVANCE_CONFIRM,,,,,,,,,
2239,TA-09,40382466,10.1038/s41598-025-02090-z,Augmented reality tools for mathematics and geoscience education.,"This study introduces EDU-MAT COPERNICUS, an innovative educational platform that integrates augmented reality (AR) with satellite technologies to support mathematics and geoscience learning among primary school students. The platform features interactive mathematical tasks embedded in a narrative led by the avatar of Nicolaus Copernicus and incorporates real-world data from Earth observation systems such as Copernicus, Galileo, and European Geostationary Navigation Overlay Service (EGNOS). Designed using a user-centred approach and grounded in cognitive load theory, the prototype was evaluated through interviews with 10 mathematics tutors, user testing with 30 students, and feedback from parents. Findings suggest that AR-enhanced tasks improve students' spatial reasoning, engagement, and motivation to learn mathematics. Teachers expressed interest in using AR tools but highlighted the need for training and integration with existing curricula. While the platform aligns with current trends in STEM (Science, Technology, Engineering, and Mathematics) education and digital pedagogy, challenges such as unequal access to technology and the small scale of testing remain. Future research should explore broader implementation and assess long-term learning outcomes. EDU-MAT Copernicus demonstrates strong potential as a scalable, interactive learning tool that combines mathematical thinking with space education in both formal and informal learning environments.",2025,Scientific reports,,LIKELY_ADVANCE_CONFIRM,,,,,,,,,
2240,TA-09,40380704,10.3233/SHTI250600,Piloting an Augmented Reality Exergame for Persons with Intellectual Disabilities.,"In this paper we propose a new approach for increasing physical activity (PA) in individuals with intellectual disabilities (IDs), using augmented reality exergames to increase adherence and motivation. The game encourages PA by showing virtual elements through a mobile phone camera. The elements only appeared if the player moved in the real world. The game was specifically designed for people with ID and was evaluated in a pilot test involving 17 users of a day care center for four weeks. Results demonstrate sustained engagement with the app and increased usage of smartphones among participants. Moreover, most users reported using the app for PA for the first time, underscoring its potential to attract individuals who may not have previously engaged in such activities. These findings suggest that exergames can be an effective intervention for PA promotion and for improving the overall well-being of individuals with IDs.",2025,Studies in health technology and informatics,,LIKELY_ADVANCE_CONFIRM,,,,,,,,,
2241,TA-09,40380443,10.3233/SHTI250332,Innovative Design of an Augmented Reality Device for Anesthesia: User Insights and Usability Evaluation.,"Patient care involves multiple healthcare professionals and carries inherent risks. Addressing human factors is essential to mitigating these risks and improving professional practices. Cognitive aids are one strategy to standardize tasks based on clinical guidelines. A multidisciplinary team, consisting of anesthesiologists, pharmacists, ergonomists, and engineers, aimed to design an innovative device to facilitate cognitive aid usage. The initial phase of the project involved evaluating the usability and utility of a prototype: augmented reality eyewear controlled by voice commands. Usability was assessed using the System Usability Scale (SUS), alongside semi-structured interviews conducted between July and August. A pharmacy resident conducted 13 interviews with anesthesiologists recruited from three hospitals within the Lille University Hospital Center, using a nine-question guide developed with an ergonomist. Interviews averaged 35.9 minutes (±10.4), and the average SUS score was 72.5 (±15.6). The prototype was generally well received, with participants suggesting the integration of cognitive aids for emergency situations. However, despite positive feedback on the concept, the format of the prototype was not favored. Ergonomic feedback will guide further device improvements, and additional research on technology adoption is required.",2025,Studies in health technology and informatics,,LIKELY_ADVANCE_CONFIRM,,,,,,,,,
2242,TA-09,40379679,10.1038/s41467-025-59872-2,Lightweight error-tolerant edge detection using memristor-enabled stochastic computing.,"The demand for efficient edge computer vision has spurred the development of stochastic computing for image processing. Memristors, by introducing their inherent switching stochasticity into computation, readily enable stochastic image processing. Here, we present a lightweight, error-tolerant edge detection approach based on memristor-enabled stochastic computing. By integrating memristors into compact logic circuits, we realise lightweight stochastic logics for stochastic number encoding and processing with well-regulated probabilities and correlations. This stochastic and probabilistic computational nature allows the stochastic logics to perform edge detection in edge visual scenarios characterised by high-level errors. As a demonstration, we implement a hardware edge detection operator using the stochastic logics, and prove its exceptional performance with 95% less energy consumption while withstanding 50% bit-flips. The results underscore the potential of our stochastic edge detection approach for developing efficient edge visual hardware for autonomous driving, virtual and augmented reality, medical imaging diagnosis, and beyond.",2025,Nature communications,,LIKELY_ADVANCE_CONFIRM,,,,,,,,,
2243,TA-09,40378405,10.2196/58905,Use of Virtual Reality in the Pediatric Perioperative Setting and for Induction of Anesthesia: Mixed Methods Pilot Feasibility Study.,"Children commonly experience high levels of anxiety prior to surgery. This distress is associated with postoperative maladaptive behaviors. Virtual reality (VR) is an innovative tool for reducing anxiety and pain during various medical procedures. Previous randomized controlled trials have demonstrated its efficacy in reducing children's anxiety in the preoperative waiting room or during induction. The primary aim of this study was to examine the feasibility of VR distraction throughout the perioperative period, from the waiting room until the induction of general anesthesia (GA). Secondary aims were to assess its clinical utility, tolerability, and initial clinical efficacy. A mixed methods, concurrent triangulation feasibility trial was piloted at the Shriners Hospitals for Children-Canada. Participants played an interactive VR game throughout the perioperative period, starting from the waiting room until induction. Feasibility was examined with the duration of the VR intervention, recording the number of interruptions, and taking field notes. Clinical utility was assessed using a perception questionnaire. Tolerability was evaluated by the Child Simulator Sickness Questionnaire (CSSQ). Initial clinical efficacy was assessed by the Faces Pain Scale-Revised, Faces Anxiety Scale, Graphic Rating Scale for multidimensional pain, the Induction Compliance Checklist, and the Pediatric Anesthesia Emergence Delirium scale. Quantitative data were supported with field notes and semistructured interviews with patients and parents. Quantitative and qualitative themes were compared via the triangulation protocol to produce final themes. A total of 39 patients, with a mean age of 11.9 (SD 2.8) years, undergoing elective surgery under GA participated in the study. Stakeholders, including patients, parents, and health care providers, were receptive and willing to adapt to VR. Of the 39 patients, 19 (49%) continued to use VR during transportation and 6 (15%) were induced with VR. Barriers to feasibility included (1) interruptions to VR in 92% (36/39) of patients by health care professionals, (2) unpredictable surgery delays prolonging the duration of the VR intervention (mean 23.1, SD 24.4 minutes; range 5-150 minutes), and (3) discontinuation of VR before induction due to mask seal (n=3) and discomfort with supine positioning (n=2). Patients were generally satisfied with VR, deemed it acceptable and easy to use, and would recommend it to others. VR was tolerable with no self-reported simulator sickness (CSSQ: mean 0.01, SD 0.1). The mean Faces Anxiety Score was 1.5 (SD 1.1) at baseline and 0.7 (SD 0.9) during VR. While VR demonstrated good clinical utility and was well tolerated in the broad perioperative setting, this study highlighted important feasibility barriers in the waiting room and especially during induction of anesthesia, both at the organizational and technical levels. This study highlights several considerations that should be carefully addressed for the successful implementation of perioperative VR.",2025,JMIR perioperative medicine,,PRIORITY_VERIFY,,,,,,,,,
2244,TA-09,40374784,10.1038/s41598-025-01293-8,Development and validation of collaborative robot-assisted cutting method for iliac crest flap raising: Randomized crossover trial.,"The current gold standard of computer-assisted jaw reconstruction includes raising microvascular bone flaps with patient-specific 3D-printed cutting guides. The downsides of cutting guides are invasive fixation, periosteal denudation, preoperative lead time and missing intraoperative flexibility. This study aimed to investigate the feasibility and accuracy of a robot-assisted cutting method for raising iliac crest flaps compared to a conventional 3D-printed cutting guide. In a randomized crossover design, 40 participants raised flaps on pelvic models using conventional cutting guides and a robot-assisted cutting method. The accuracy was measured and compared regarding osteotomy angle deviation, Hausdorff Distance (HD) and Average Hausdorff Distance (AVD). Duration, workload and usability were further evaluated. The mean angular deviation for the robot-assisted cutting method was 1.9 ± 1.1° (mean ± sd) and for the 3D-printed cutting guide it was 4.7 ± 2.9° (p < 0.001). The HD resulted in a mean value of 1.5 ± 0.6 mm (robot) and 2.0 ± 0.9 mm (conventional) (p < 0.001). For the AVD, this was 0.8 ± 0.5 mm (robot) and 0.8 ± 0.4 mm (conventional) (p = 0.320). Collaborative robot-assisted cutting is an alternative to 3D-printed cutting guides in experimental static settings, achieving slot design benefits with less invasiveness and higher intraoperative flexibility. In the next step, the results should be tested in a dynamic environment with a moving phantom and on the cadaver.",2025,Scientific reports,,PRIORITY_VERIFY,,,,,,,,,
2245,TA-09,40374683,10.1038/s41598-025-00138-8,Evaluating the EVA surgical navigation system for ureteral identification in an in vivo porcine model.,"Surgical safety has emerged as a significant public health concern. Ureteral injury (UI) is one of the most common forms of iatrogenic urological issues, lacking non-invasive prevention strategies. In this context, computer-assisted technologies offer a promising solution for enhancing intra-operative safety. This paper presents an in-vivo study focused on evaluating the feasibility of using an augmented reality (AR) surgical navigation system (EVA) for intra-operative ureteral identification on an animal model. An experienced surgeon performed a technical assessment of the system. The clinical evaluation was conducted by four general surgeons tasked with identifying the left or right ureter, both with and without EVA. The technical assessment highlighted that EVA is easily integrable with operating room instruments, achieving a calibration accuracy of [Formula: see text], and the virtual ureter effectively overlapping with the real ureter. The questionnaires indicated that surgeons appreciated EVA, with a [Formula: see text]. The perceived mental demand, task complexity, and distractions were lower when using the EVA system. Future work will focus on increasing the number of subjects and exploring the efficacy of the system on other clinical tasks.",2025,Scientific reports,,LIKELY_ADVANCE_CONFIRM,,,,,,,,,
2246,TA-09,40373061,10.1371/journal.pone.0323445,The effects of virtual reality and augmented reality technologies on students' story retelling performance.,"This study aims to compare the retelling performance of two groups that engaged in reading activities with virtual reality and augmented reality texts. Furthermore, the results of the interventions using these technologies were compared with the results of the printed text reading activity. The study participants comprised 100 students aged 12-13 years studying in a secondary school. The researchers evaluated the students' story-retelling performance through a rubric in the study. In the pre-test stage, the students performed a paper-based reading activity on the texts in the coursebook and their retelling performance was evaluated. In the post-test stage, the reading activities of the two groups were carried out with the intervention of virtual reality and augmented reality. While the pre-test results showed no significant difference between the groups, the post-test results indicated that the augmented reality intervention better supported the students' retelling performance than virtual reality. However, there was no significant difference between the two groups in the sub-categories of setting and characters. Additionally, the virtual reality intervention did not create a significant difference in the sub-categories of characters, event/plot, problem, solution, and total score compared to the printed text reading activity. However, it produced better results in the setting sub-category than the printed text. A positive difference was observed in all sub-categories when the augmented reality intervention was compared to the printed text reading activity. AR showed greater benefits for retelling performance in this study, but further research is needed on long-term retention.",2025,PloS one,,LIKELY_ADVANCE_CONFIRM,,,,,,,,,
2247,TA-09,40370254,10.1002/smtd.202500598,Highly Efficient Blue Light-Emitting Diodes with Low Efficiency Roll-Off Based on Large-Size and Gradient Alloy Quantum Dots.,"Quantum dot light-emitting diodes (QD-LEDs) exhibit significant advancements in new-generation display and lighting applications that require high efficiency, high brightness, and high resolution, such as automotive heads-up displays (HUD) and augmented reality (AR)/virtual reality (VR). However, state-of-the-art blue QD-LEDs have yet to meet these requirements due to defect-induced nonradiative recombination and unbalanced carrier injection. Herein, a novel blue quantum dots (QDs), which feature a large-size (≈10.5 nm) CdSe@ZnSe gradient alloy core and an ultra-thin ZnS outermost shell, have been demonstrated through reversely adding seed crystal with composition regulating. The as-synthesized QDs possess near-unity quantum yield, shallower hole injection barrier, and excellent photo-chemical stability. By employing CdSe@ZnSe/ZnS QDs as the emitting layers (EML), blue QD-LEDs with electroluminescence (EL) peak at 475 nm exhibit a record-high external quantum efficiency (EQE) of 24.3% and low efficiency roll-off, sustaining over 90% of the maximum EQE within the luminance of 2,220-22,910 cd m-2. Key to success is the suppression of defect-related nonradiative recombination, reduced leakage current, and improves charge injection balance through QD structural engineering. This work indicates a significant potential of newly developed large-size and gradient alloy QDs in promoting the commercialization of QD-LEDs.",2026,Small methods,,LIKELY_ADVANCE_CONFIRM,,,,,,,,,
2248,TA-09,40367174,10.1126/sciadv.adv2721,Self-positioning microdevices enable adaptable spatial displaying.,"Adaptable display with spatial imaging, fostering advancements in extended reality with unconventional form requirements, is indispensable in scientific research, telemedicine, rescue, and space exploration. The adjustable photon spin angular momentum derived from chiral optical materials offer applicative lights for binocular stereo imaging displays, thus allowing an unimaginable immersive experience while maintaining awareness of surroundings. However, current chiral illuminant struggles to obtain adequate electroluminescence asymmetry during power-on display. Here, we present a designed self-positioning strategy to build new flexible spatial displays, integrating numerous multilayered circularly polarized electroluminescent microdevices, for real-time depth information control on the screen. With the devices' luminescence asymmetry value of up to 1.0 under electro-excitation, we visualize third-dimensional information using our chiral material-integrated tablet. Afterward, combined with a robot, we realize a series of remote human-machine interaction operations based on extended reality conditions. Our adaptable spatial display bridges the gap between virtuality and reality, making pioneering explorations in chiral luminous fields for extended reality and beyond.",2025,Science advances,,LIKELY_ADVANCE_CONFIRM,,,,,,,,,
2249,TA-09,40366987,10.1590/acb403625,Integration of smart glasses in telementoring for simulated medical procedures.,"To demonstrate the complete process of telementoring implementation using augmented-reality smart glasses for performing a simulated medical procedure. Fifteen participants, including physicians and medical students, were recruited to participate in a telementoring session with an educational focus during simulated thoracostomy with closed pleural drainage. A questionnaire assessing technology usability and usefulness was administered, and the results were analyzed by Cronbach's alfa and multiple correspondence analysis (MCA). The mean age of the participants was 28.8 and 66.67% of them were women. The test results indicated a Cronbach's alpha of 78% and an MCA of 49.48% for the first three dimensions. The results showed that smart glasses are easy to use and facilitate communication among the professionals involved, providing comfort and safety to participants of care simulations. Additionally, smart glasses were considered to have perceived usefulness.",2025,Acta cirurgica brasileira,,PRIORITY_VERIFY,,,,,,,,,
2250,TA-09,40366826,10.1109/TIP.2025.3567842,How Does Audio Influence Visual Attention in Omnidirectional Videos? Database and Model.,"Understanding and predicting viewer attention in omnidirectional videos (ODVs) is crucial for enhancing user engagement in virtual and augmented reality applications. Although both audio and visual modalities are essential for saliency prediction in ODVs, the joint exploitation of these two modalities has been limited, primarily due to the absence of large-scale audio-visual saliency databases and comprehensive analyses. This paper comprehensively investigates audio-visual attention in ODVs from both subjective and objective perspectives. Specifically, we first introduce a new audio-visual saliency database for omnidirectional videos, termed AVS-ODV database, containing 162 ODVs and corresponding eye movement data collected from 60 subjects under three audio modes including mute, mono, and ambisonics. Based on the constructed AVS-ODV database, we perform an in-depth analysis of how audio influences visual attention in ODVs. To advance the research on audio-visual saliency prediction for ODVs, we further establish a new benchmark based on the AVS-ODV database by testing numerous state-of-the-art saliency models, including visual-only models and audio-visual models. In addition, given the limitations of current models, we propose an innovative omnidirectional audio-visual saliency prediction network (OmniAVS), which is built based on the U-Net architecture, and hierarchically fuses audio and visual features from the multimodal aligned embedding space. Extensive experimental results demonstrate that the proposed OmniAVS model outperforms other state-of-the-art models on both ODV AVS prediction and traditional AVS prediction tasks. The AVS-ODV database and the OmniAVS model are available at: https://github.com/IntMeGroup/AVS-ODV.",2025,IEEE transactions on image processing : a publication of the IEEE Signal Processing Society,,LIKELY_ADVANCE_CONFIRM,,,,,,,,,
