screening_ordinal,batch_id,pmid,doi,title,abstract,year,journal,risk_flags,reviewer_prompt,suggested_reason_code,primary_decision,primary_reason_code,primary_screener,decision_timestamp,evidence_note,decision_version,second_verification_state,adjudication_state
4501,TA-19,36680887,10.1016/j.jbiomech.2023.111449,Walking with shorter stride length could improve knee kinetics of patients with medial knee osteoarthritis.,"Walking with a shorter stride length (SL) was recently proposed for gait retraining in medial knee osteoarthritis; however it was never assessed in this patient population. This study tested the hypothesis that shortening SL while maintaining walking speed reduces knee adduction (KAM) and flexion (KFM) moments in patients with medial knee osteoarthritis. Walking trials with normal SL and SL reduced by 0.10 m and 0.15 m were recorded for 15 patients (10 men, 55.5 ± 8.7 years old, 24.6 ± 3.0 kg/m2). SL was modified using an augmented reality system displaying target footprints on the floor. Repeated one-way ANOVAs and post-hoc paired t-tests were performed to compare gait measures between normal and reduced SL. The individual effects of SL reduction were analyzed using descriptive statistics. Group analysis indicated significant decreases in KAM impulse with both SL reductions (p < 0.05). No systematic change was observed in the first peaks KAM and KFM when walking with reduced SL (p > 0.05). Individually, 33 % of the patients decreased the peak KAM, whereas 20 % decreased the KAM impulse. Among these patients with a decrease in peak KAM or in KAM impulse, 0 % and 33 % had a simultaneous increase in peak KFM, respectively. In conclusion, this study showed that SL shortening can decrease kinetic measures associated with the progression of medial knee osteoarthritis in some patients, demonstrating the importance of considering SL modifications on an individual basis. While further research is necessary, notably regarding dose-response relationships and long-term effects, these findings are particularly encouraging because SL reductions could be easily integrated into rehabilitation protocols.",2023,Journal of biomechanics,,LIKELY_ADVANCE_CONFIRM,,,,,,,,,
4502,TA-19,36679378,10.3390/s23020584,Omnidirectional Haptic Stimulation System via Pneumatic Actuators for Presence Presentation.,"Recently, remote meetings and work-from-home have become more common, reducing the opportunities for face-to-face communication. To facilitate communication among remote workers, researchers have focused on virtual space technology and spatial augmented reality technology. Although these technologies can enhance immersiveness in collaborative work, they face the challenge of fostering a sense of physical contact. In this work, we aimed to foster a sense of presence through haptic stimulation using pneumatic actuators. Specifically, we developed a choker-type wearable device that presents various pressure patterns around the neck; the pattern presented depends on the message the device must convey. Various combinations of haptic presentation are achieved by pumping air to the multiple pneumatic actuators attached to the choker. In addition, we conducted experiments involving actuators of different shapes to optimize the haptic presentation. When linked with a smartphone, the proposed device can present pressure patterns to indicate incoming calls and notifications, to give warning about an obstacle that one who is texting might miss while walking, and to provide direction to a pedestrian. Furthermore, the device can be used in a wide range of applications, from those necessary in daily living to those that enhance one's experience in the realm of entertainment. For example, haptic feedback that synchronizes with the presence of a singer or with the rhythm of a song one listens to or with a performer's movements during a stage performance will immerse users in an enjoyable experience.",2023,"Sensors (Basel, Switzerland)",,LIKELY_ADVANCE_CONFIRM,,,,,,,,,
4503,TA-19,36679361,10.3390/s23020565,"Metaverse in Healthcare Integrated with Explainable AI and Blockchain: Enabling Immersiveness, Ensuring Trust, and Providing Patient Data Security.","Digitization and automation have always had an immense impact on healthcare. It embraces every new and advanced technology. Recently the world has witnessed the prominence of the metaverse which is an emerging technology in digital space. The metaverse has huge potential to provide a plethora of health services seamlessly to patients and medical professionals with an immersive experience. This paper proposes the amalgamation of artificial intelligence and blockchain in the metaverse to provide better, faster, and more secure healthcare facilities in digital space with a realistic experience. Our proposed architecture can be summarized as follows. It consists of three environments, namely the doctor's environment, the patient's environment, and the metaverse environment. The doctors and patients interact in a metaverse environment assisted by blockchain technology which ensures the safety, security, and privacy of data. The metaverse environment is the main part of our proposed architecture. The doctors, patients, and nurses enter this environment by registering on the blockchain and they are represented by avatars in the metaverse environment. All the consultation activities between the doctor and the patient will be recorded and the data, i.e., images, speech, text, videos, clinical data, etc., will be gathered, transferred, and stored on the blockchain. These data are used for disease prediction and diagnosis by explainable artificial intelligence (XAI) models. The GradCAM and LIME approaches of XAI provide logical reasoning for the prediction of diseases and ensure trust, explainability, interpretability, and transparency regarding the diagnosis and prediction of diseases. Blockchain technology provides data security for patients while enabling transparency, traceability, and immutability regarding their data. These features of blockchain ensure trust among the patients regarding their data. Consequently, this proposed architecture ensures transparency and trust regarding both the diagnosis of diseases and the data security of the patient. We also explored the building block technologies of the metaverse. Furthermore, we also investigated the advantages and challenges of a metaverse in healthcare.",2023,"Sensors (Basel, Switzerland)",,PRIORITY_VERIFY,,,,,,,,,
4504,TA-19,36677208,10.3390/mi14010147,High Resolution Multiview Holographic Display Based on the Holographic Optical Element.,"Limited by the low space-bandwidth product of the spatial light modulator (SLM), it is difficult to realize multiview holographic three-dimensional (3D) display. To conquer the problem, a method based on the holographic optical element (HOE), which is regarded as a controlled light element, is proposed in the study. The SLM is employed to upload the synthetic phase-only hologram generated by the angular spectrum diffraction theory. Digital grating is introduced in the generation process of the hologram to achieve the splicing of the reconstructions and adjust the position of the reconstructions. The HOE fabricated by the computer-generated hologram printing can redirect the reconstructed images of multiview into multiple viewing zones. Thus, the modulation function of the HOE should be well-designed to avoid crosstalk between perspectives. The experimental results show that the proposed system can achieve multiview holographic augmented reality (AR) 3D display without crosstalk. The resolution of each perspective is 4K, which is higher than that of the existing multiview 3D display system.",2023,Micromachines,,LIKELY_ADVANCE_CONFIRM,,,,,,,,,
4505,TA-19,36675773,10.3390/jpm13010112,"Effectiveness of Augmented and Virtual Reality-Based Interventions in Improving Knowledge, Attitudes, Empathy and Stigma Regarding People with Mental Illnesses-A Scoping Review.","Interventions adopting augmented and virtual reality (AR/VR) modalities allow participants to explore and experience realistic scenarios, making them useful psycho-educational tools for mental illnesses. This scoping review aims to evaluate the effectiveness of AR/VR interventions in improving (1) knowledge, (2) attitudes, (3) empathy and (4) stigma regarding people with mental illnesses. Literature on published studies in English up till April 2022 was searched within several databases. Sixteen articles were included. The majority of studies were conducted in the West (93.8%), within undergraduates (68.8%) but also amongst high school students, patients, caregivers, public including online community, and covered conditions including psychotic illnesses, dementia, anxiety and depression. A preponderance of these included studies which employed AR/VR based interventions observed improvements in knowledge (66.7%), attitudes (62.5%), empathy (100%) and reduction of stigma (71.4%) pertaining to people with mental illnesses. In the context of relatively limited studies, extant AR/VR based interventions could potentially improve knowledge, attitudes, empathy and decrease stigma regarding people with mental illness. Further research needs to be conducted in larger and more diverse samples to investigate the relatively beneficial effects of different AR/VR modalities and the durability of observed improvements of relevant outcomes of interests over time for different mental conditions.",2023,Journal of personalized medicine,SECONDARY_OR_COMMENTARY_TITLE,LIKELY_EXCLUDE_CONFIRM,E-SECONDARY,,,,,,,,
4506,TA-19,36675443,10.3390/jcm12020512,The Advantage of Using an Optical See-Through Head-Mounted Display in Ultrasonography-Guided Needle Biopsy Procedures: A Prospective Randomized Study.,"An optical see-through head-mounted display (OST-HMD) can potentially improve the safety and accuracy of ultrasonography (US)-guided fine-needle aspiration. We aimed to evaluate the usefulness of an OST-HMD in US-guided needle-puncture procedures. We conducted a prospective randomized controlled study in which we compared the accuracy and safety of the US-guided needle puncture procedure and the stress on the practitioner when using OST-HMD versus standard US display (SUD). Inexperienced medical students were enrolled and randomly divided into two groups. A breast phantom was used to evaluate the required time and accuracy of the US-guided needle puncture. Practitioner stress was quantified using a visual analog scale (VAS). When the procedure was performed for the first time, the time required to reach the target lesion at a shallow depth was significantly shorter in the OST-HMD group (39.8 ± 39.9 s) than in the SUD group (71.0 ± 81.0 s) (p = 0.01). Using the OST-HMD significantly reduced the unintentional puncture of a non-target lesion (p = 0.01). Furthermore, the stress felt by the practitioners when capturing the image of the target lesion (p < 0.001), inserting and advancing the needle more deeply (p < 0.001), and puncturing the target lesion (p < 0.001) was significantly reduced in the OST-HMD group compared with that in the SUD group. Use of OST-HMD may improve the accuracy and safety of US-guided needle puncture procedures and may reduce practitioner stress during the procedure.",2023,Journal of clinical medicine,,PRIORITY_VERIFY,,,,,,,,,
4507,TA-19,36662547,10.2196/40582,Pioneering the Metaverse: The Role of the Metaverse in an Aging Population.,"Amid a worldwide pandemic in the setting of an era of rapidly developing technologies, we turn now to the novel and exciting endeavor of pioneering the metaverse. Described as the conglomeration of augmented reality, virtual reality, and artificial intelligence, the metaverse has widespread applications in multiple settings, including revolutionizing health care. It also holds the potential to transform geriatric medicine, introducing new dimensions through which we can prevent social isolation, encourage health and well-being, and offer a new dimension through which we manage chronic disease. Although it is still a futuristic and novel technology, the metaverse's realization may indeed be closer than we think.",2023,JMIR aging,,LIKELY_ADVANCE_CONFIRM,,,,,,,,,
4508,TA-19,36662501,10.1167/jov.23.1.14,Applications and implications for extended reality to improve binocular vision and stereopsis.,"Extended reality (XR) devices, including virtual reality (VR), augmented reality (AR), and mixed reality (MR) devices, are immersive technologies that can swap or merge the natural environment with virtual content (e.g., videogames, movies, or other content). Although these devices are widely used for playing videogames and other applications, they have one distinct feature that makes them potentially very useful for the measurement and treatment of binocular vision anomalies-they can deliver different content to the two eyes simultaneously. Indeed, horizontally shifting the images in the two eyes (thereby creating binocular disparity) can provide the user with a compelling percept of depth through stereopsis. Because these devices are stereoscopic, they can also be used as high-tech synoptophores, in which the images to the two eyes differ in contrast, luminance, size, position, and content for measuring and treating binocular anomalies. The inclusion of eye tracking in VR adds an additional dimension to its utility in measuring and treating binocular vision anomalies, as well as other conditions. This paper describes the essential requirements for testing and treating binocular anomalies and reviews current studies in which XR devices have been used to measure and treat binocular vision anomalies.",2023,Journal of vision,,LIKELY_ADVANCE_CONFIRM,,,,,,,,,
4509,TA-19,36662104,10.3390/jimaging9010006,CAL-Tutor: A HoloLens 2 Application for Training in Obstetric Sonography and User Motion Data Recording.,"Obstetric ultrasound (US) training teaches the relationship between foetal anatomy and the viewed US slice to enable navigation to standardised anatomical planes (head, abdomen and femur) where diagnostic measurements are taken. This process is difficult to learn, and results in considerable inter-operator variability. We propose the CAL-Tutor system for US training based on a US scanner and phantom, where a model of both the baby and the US slice are displayed to the trainee in its physical location using the HoloLens 2. The intention is that AR guidance will shorten the learning curve for US trainees and improve spatial awareness. In addition to the AR guidance, we also record many data streams to assess user motion and the learning process. The HoloLens 2 provides eye gaze, head and hand position, ARToolkit and NDI Aurora tracking gives the US probe positions and an external camera records the overall scene. These data can provide a rich source for further analysis, such as distinguishing expert from novice motion. We have demonstrated the system in a sample of engineers. Feedback suggests that the system helps novice users navigate the US probe to the standard plane. The data capture is successful and initial data visualisations show that meaningful information about user behaviour can be captured. Initial feedback is encouraging and shows improved user assessment where AR guidance is provided.",2022,Journal of imaging,,PRIORITY_VERIFY,,,,,,,,,
4510,TA-19,36662102,10.3390/jimaging9010004,"Medical Augmented Reality: Definition, Principle Components, Domain Modeling, and Design-Development-Validation Process.","Three decades after the first set of work on Medical Augmented Reality (MAR) was presented to the international community, and ten years after the deployment of the first MAR solutions into operating rooms, its exact definition, basic components, systematic design, and validation still lack a detailed discussion. This paper defines the basic components of any Augmented Reality (AR) solution and extends them to exemplary Medical Augmented Reality Systems (MARS). We use some of the original MARS applications developed at the Chair for Computer Aided Medical Procedures and deployed into medical schools for teaching anatomy and into operating rooms for telemedicine and surgical guidance throughout the last decades to identify the corresponding basic components. In this regard, the paper is not discussing all past or existing solutions but only aims at defining the principle components and discussing the particular domain modeling for MAR and its design-development-validation process, and providing exemplary cases through the past in-house developments of such solutions.",2022,Journal of imaging,,LIKELY_ADVANCE_CONFIRM,,,,,,,,,
4511,TA-19,36661284,10.2196/43388,"Time to Think ""Meta"": A Critical Viewpoint on the Risks and Benefits of Virtual Worlds for Mental Health.","The metaverse is gaining traction in the general population and has become a priority of the technological industry. Defined as persistent virtual worlds that exist in virtual or augmented reality, the metaverse proposes to afford a range of activities of daily life, from socializing and relaxing to gaming, shopping, and working. Because of its scope, its projected popularity, and its immersivity, the metaverse may pose unique opportunities and risks for mental health. In this viewpoint article, we integrate existing evidence on the mental health impacts of video games, social media, and virtual reality to anticipate how the metaverse could influence mental health. We outline 2 categories of mechanisms related to mental health: experiences or behaviors afforded by the metaverse and experiences or behaviors displaced by it. The metaverse may benefit mental health by affording control (over an avatar and its virtual environment), cognitive activation, physical activity, social connections, and a sense of autonomy and competence. However, repetitive rewarding experiences may lead to addiction-like behaviors, and high engagement in virtual worlds may facilitate and perpetuate the avoidance of challenges in the offline environment. Further, time spent in virtual worlds may displace (reduce) other determinants of mental health, such as sleep rhythms and offline social capital. Importantly, individuals will differ in their uses of and psychological responses to the metaverse, resulting in heterogeneous impacts on their mental health. Their technological motivations, developmental stage, sociodemographic context, and prior mental health problems are some of the factors that may modify and frame the positive and negative effects of the metaverse on their mental health. In conclusion, as the metaverse is being scaffolded by the industry and by its users, there is a window of opportunity for researchers, clinicians, and people with lived experience to coproduce knowledge on its possible impacts on mental health and illness, with the hope of influencing policy-making, technological development, and counseling of patients.",2023,JMIR serious games,,LIKELY_ADVANCE_CONFIRM,,,,,,,,,
4512,TA-19,36658373,10.1007/s00270-023-03357-6,Out-of-Plane Needle Placements Using 3D Augmented Reality Protractor on Smartphone: An Experimental Phantom Study.,"To evaluate the accuracy of needle placement using a three-dimensional (3D) augmented reality (AR) protractor on smartphones (AR Puncture). An AR protractor that can be rotated in three directions against the CT plane with angle guidance lines for smartphones was developed. The protractor center can be adjusted to an entry point by manually moving the smartphone with the protractor center fixed at the center of the screen (Fix-On-Screen) or by image tracking with a printed QR code placed at an entry point (QR-Tracking). Needle placement was performed by viewing a target line in the tangent direction with the Bull's eye method. The needle placement errors placed by four operators in six out-of-plane directions in a phantom using a smartphone (iPhone XR, Apple, Cupertino, CA, USA) were compared with two registration methods. No significant difference in the average needle placement error was observed between the Fix-On-Screen and QR-Tracking methods (5.6 ± 1.7 mm vs. 6.1 ± 2.9 mm, p = 0.475). The average procedural time of the Fix-On-Screen method was shorter than that of the QR-Tracking method (71.0 ± 23.9 s vs. 98.4 ± 59.5 s, p = 0.042). The accuracies of out-of-plane needle placements using the 3D AR protractor with the two registration methods were equally high, with short procedure times. In clinical use, the Fix-On-Screen registration method would be more convenient because no additional markers are required.",2023,Cardiovascular and interventional radiology,,LIKELY_ADVANCE_CONFIRM,,,,,,,,,
4513,TA-19,36657386,10.1177/02683555231153533,Nd:Yag laser combined with injection sclerotherapy in the treatment of reticular veins and telangiectasias (CLaCS method): A triple-blind randomized clinical trial comparing two sclerosing agents associated with same laser patterns.,"Cryo-Laser & Cryo-Sclerotherapy (CLaCS) is a technique which combines thermal sclerotherapy and injection sclerotherapy. Telangiectasias and small varicosities are targeted by a transdermal laser and right after receive injection sclerotherapy. A cooling device blows -20°C air onto the skin and needle in a pre-, parallel-, and post-fashion. Our objective was to establish if there is a difference in result and complications by varying the sclerosing agent but keeping the same ND:Yag long pulse laser parameters in the treatment of small varicosities. Fifty five patients were enrolled prospectively and randomized to two groups; in the group 1 dextrose 75% was the sclerosing agent used in combination with the ND:Yag long pulse laser and, in the group 2, the same laser technique was used but the sclerosing agent was polidocanol 0.3% and dextrose 67%. The results were evaluated 30 days after the treatment by the patients and for blinded evaluators using before and after standardized photos with and without augmented reality. In the patient's perspective and in the blinded evaluation of the regular photos, no differences between the groups were found. Both groups had low rates of hyperpigmentation and bruising with no statistical difference. Patients treated with polidocanol had less pain after the treatment and a better clearance rate in the photos with augmented reality. No major complications were found. The treatment of small varicosities with CLaCS using Dextrose 75% or polidocanol 0.3% and Dextrose 67.5% is a safe and effective procedure and both sclerosing agents can be used with similar results. Possibly, in the polidocanol group more nonvisible reticular veins were cleared, but the implication of this find is not clear.",2023,Phlebology,,LIKELY_ADVANCE_CONFIRM,,,,,,,,,
4514,TA-19,36657138,10.1177/00187208231151280,Do Simulated Augmented Reality Overlays Influence Street-Crossing Decisions for Non-Mobility-Impaired Older and Younger Adult Pedestrians?,"This study used a virtual environment to examine how older and younger pedestrians responded to simulated augmented reality (AR) overlays that indicated the crossability of gaps in a continuous stream of traffic. Older adults represent a vulnerable group of pedestrians. AR has the potential to make the task of street-crossing safer and easier for older adults. We used an immersive virtual environment to conduct a study with age group and condition as between-subjects factors. In the control condition, older and younger participants crossed a continuous stream of traffic without simulated AR overlays. In the AR condition, older and younger participants crossed with simulated AR overlays signaling whether gaps between vehicles were safe or unsafe to cross. Participants were subsequently interviewed about their experience. We found that participants were more selective in their crossing decisions and took safer gaps in the AR condition as compared to the control condition. Older adult participants also reported reduced mental and physical demand in the AR condition compared to the control condition. AR overlays that display the crossability of gaps between vehicles have the potential to make street-crossing safer and easier for older adults. Additional research is needed in more complex real-world scenarios to further examine how AR overlays impact pedestrian behavior. With rapid advances in autonomous vehicle and vehicle-to-pedestrian communication technologies, it is critical to study how pedestrians can be better supported. Our research provides key insights for ways to improve pedestrian safety applications using emerging technologies like AR.",2024,Human factors,,LIKELY_ADVANCE_CONFIRM,,,,,,,,,
4515,TA-19,36648260,10.1097/XCS.0000000000000472,Perioperative and Disease-Free Survival Outcomes after Hepatectomy for Centrally Located Hepatocellular Carcinoma Guided by Augmented Reality and Indocyanine Green Fluorescence Imaging: A Single-Center Experience.,"Laparoscopic hepatectomy for centrally located hepatocellular carcinoma is challenging to perform. Augmented reality navigation (ARN) and fluorescence imaging are currently safe and reproducible techniques for hepatectomy, but the efficacy results for centrally located hepatocellular carcinoma have not been reported. This study aimed to evaluate the efficacy of an ARN system combined with fluorescence imaging (ARN-FI) in laparoscopic hepatectomy for centrally located hepatocellular carcinoma. This was a post hoc analysis of an original nonrandomized clinical trial that was designed to evaluate the feasibility and efficacy of ARN-FI for laparoscopic liver resection. A total of 76 patients were consecutively enrolled from June 2018 to June 2021, of which 42 underwent laparoscopic hepatectomy using ARN-FI (ARN-FI group), and the other 34 who did not use ARN-FI guidance (non-ARN-FI group). Perioperative outcomes and disease-free survival were compared between the 2 groups. Compared with the non-ARN-FI group, the ARN-FI group had less intraoperative blood loss (median 275 vs 300 mL, p = 0.013), lower intraoperative transfusion rate (14.3% vs 64.7%, p < 0.01), shorter postoperative hospital stay (median 8 vs 9 days, p = 0.005), and lower postoperative complication rate (35.7% vs 61.8%, p = 0.024). There was no death in the perioperative period and follow-up period. There was no significant difference in overall disease-free survival between the 2 groups (p = 0.16). The ARN system and fluorescence imaging may be of value in improving the success rate of surgery, reducing postoperative complications, accelerating postoperative recovery, and shortening postoperative hospital stay.",2023,Journal of the American College of Surgeons,,LIKELY_ADVANCE_CONFIRM,,,,,,,,,
4516,TA-19,36647628,10.1177/00236772221146824,Watching me … watching you: Training and assessment in a virtual world.,"Virtual education isn't new. Teaching has been delivered remotely for many years, although it came to prominence with the enforced move to online learning during the COVID-19 pandemic. Technologies provide tools that are integral to our everyday lives, and training and assessment are no different. Stepping back from the obligatory remote delivery of practical skills training, now we have the opportunity to review and evaluate our own learning (as educators) about the value of resources for training delivery. Combining sound educational principles with the available technologies, we can use remotely delivered learning to enhance our teaching and to increase access to learning, without hindrance because of distance or the type of facility. Remote connections allow expertise and best practice to become suddenly available to a wider cohort of researchers, rapidly spreading new ideas about refinement of in vivo procedures and supporting colleagues to learn and develop. We currently use only a few of the technological tools available, and there is much to learn from other disciplines where virtual and augmented reality are assisting surgeons, aircraft pilots and others daily. By harnessing remote and assisted technologies in teaching, we can also develop the mindset and ability of the biomedical community to use them to augment, or even to replace, animal studies in future and to democratise training globally.",2023,Laboratory animals,,LIKELY_ADVANCE_CONFIRM,,,,,,,,,
4517,TA-19,36647617,10.1002/rcs.2499,Replacing cutting guides with an augmented reality-based navigation system: A feasibility study in the maxillofacial region.,"The work presents outcomes of simulated maxillofacial skeleton osteotomies supported with cutting guides or one of two AR-based intraoperative navigation systems. The series of osteotomies supported with a cutting guide, simple AR (sAR) or navigated AR (nAR) module were carried out on 15 (five per each method) skull models according to the virtual surgical plan (VSP). Each method was used to support 40 osteotomies involving the upper jaw and 40 involving the orbital region (16 osteotomies on each model). Postoperative computed tomography scans were fused with the VSP to analyse angular deviations from the planned cutting trajectory (°) and the deviations of labelled control points (mm). Guides provided the highest accuracy, with a mean osteotomy angular deviation of 3.73 ± 2.94° and a mean control point deviation of 1.30 ± 0.73 mm. Mean angular deviations for the sAR- and nAR-assisted osteotomies were 5.93 ± 5.12° and 6.75 ± 5.33°, and mean control point deviations amounted to 1.86 ± 0.88 mm and 1.97 ± 0.70 mm.",2023,The international journal of medical robotics + computer assisted surgery : MRCAS,,LIKELY_ADVANCE_CONFIRM,,,,,,,,,
4518,TA-19,36645474,10.1007/s00264-022-05663-z,The impact of extended reality on surgery: a scoping review.,"Extended reality (XR) is defined as a spectrum of technologies that range from purely virtual environments to enhanced real-world environments. In the past two decades, XR-assisted surgery has seen an increase in its use and also in research and development. This scoping review aims to map out the historical trends in these technologies and their future prospects, with an emphasis on the reported outcomes and ethical considerations on the use of these technologies. A systematic search of PubMed, Scopus, and Embase for literature related to XR-assisted surgery and telesurgery was performed using Preferred Reporting Items for Systematic reviews and Meta-Analyses extension for scoping reviews (PRISMA-ScR) guidelines. Primary studies, peer-reviewed articles that described procedures performed by surgeons on human subjects and cadavers, as well as studies describing general surgical education, were included. Non-surgical procedures, bedside procedures, veterinary procedures, procedures performed by medical students, and review articles were excluded. Studies were classified into the following categories: impact on surgery (pre-operative planning and intra-operative navigation/guidance), impact on the patient (pain and anxiety), and impact on the surgeon (surgical training and surgeon confidence). One hundred and sixty-eight studies were included for analysis. Thirty-one studies investigated the use of XR for pre-operative planning concluded that virtual reality (VR) enhanced the surgeon's spatial awareness of important anatomical landmarks. This leads to shorter operating sessions and decreases surgical insult. Forty-nine studies explored the use of XR for intra-operative planning. They noted that augmented reality (AR) headsets highlight key landmarks, as well as important structures to avoid, which lowers the chance of accidental surgical trauma. Eleven studies investigated patients' pain and noted that VR is able to generate a meditative state. This is beneficial for patients, as it reduces the need for analgesics. Ten studies commented on patient anxiety, suggesting that VR is unsuccessful at altering patients' physiological parameters such as mean arterial blood pressure or cortisol levels. Sixty studies investigated surgical training whilst seven studies suggested that the use of XR-assisted technology increased surgeon confidence. The growth of XR-assisted surgery is driven by advances in hardware and software. Whilst augmented virtuality and mixed reality are underexplored, the use of VR is growing especially in the fields of surgical training and pre-operative planning. Real-time intra-operative guidance is key for surgical precision, which is being supplemented with AR technology. XR-assisted surgery is likely to undertake a greater role in the near future, given the effect of COVID-19 limiting physical presence and the increasing complexity of surgical procedures.",2023,International orthopaedics,SECONDARY_OR_COMMENTARY_TITLE,LIKELY_ADVANCE_CONFIRM,,,,,,,,,
4519,TA-19,36645469,10.1007/s00267-023-01787-z,What Really Works? Testing Augmented and Virtual Reality Messaging in Terrestrial Invasive Species Management Communications to Impact Visitor Preferences and Deter Visitor Displacement.,"Natural resource management is rapidly shifting to incorporate a deeper understanding of ecological processes and functioning, including attention to invasive species. The shift to understand public perceptions of resource management and invasives is much slower. Information influences both landscape preference and behaviors. Theory suggests that increasingly engaging information should have concurrently greater impacts. This research tested the effect of increasingly engaging information on visitor preferences and intentions to return to landscapes treated in response to emerald ash borer (EAB; Agrilus planipennis). Park visitors in a midwestern-U.S. state randomly received one of four messages about forest management in response to EAB (control, photo, augmented reality (AR) and virtual reality (VR)). Messaging impacted preferences for three of the four management approaches, but significant changes in displacement intentions emerged in only one of the four. Specifically, VR and AR increased preferences for complete harvest compared to photos/text, but not differently from those who received no information. VR significantly lowered preferences for select harvest with natural regeneration. The photo/text treatment increased preference for select harvest with planted trees over no information. Any information reduced displacement in response to a photo depicting ""select harvest, planted trees."" Subsequently judicious use of advanced communications like VR can optimize increasing scarce resources and maintain or optimize ecological services. Future research directions across geographic and content areas are recommended.",2023,Environmental management,,LIKELY_ADVANCE_CONFIRM,,,,,,,,,
4520,TA-19,36637889,10.2196/40231,The Acceptability of Using Augmented Reality as a Mechanism to Engage Children in Asthma Inhaler Technique Training: Qualitative Interview Study With Deductive Thematic Analysis.,"Inhaled medications or inhalers provide first-line pharmacotherapeutic treatment for patients with asthma for both acute symptomatic relief and long-term management to keep symptoms under control. A good technique requires only basic instruction and training; however, a recent study identified that 92% of children do not follow all correct steps when using inhalers. There is a growing interest in technology-enhanced asthma education, with evidence demonstrating improvements in knowledge and treatment adherence. Subsequently, there are calls to explore the role of technology-based solutions in improving asthma management and disease outcomes from public health experts, health professionals, and patients with asthma. Augmented reality (AR) technology is an information delivery mechanism with proven efficacy in educational settings. AR displays digital content in a real-world environment using the camera on a smartphone or tablet device to create an immersive learning experience. The study aimed to evaluate the acceptability of AR as a mechanism for delivering asthma inhaler technique education from the perspective of children with asthma and their parents and health professionals, examined through the theoretical framework of acceptability (TFA). An asthma education resource enhanced with AR technology was created to provide inhaler technique education to children. An iterative co-design process was undertaken with target end users for a qualitative evaluation. The participants were 8 to 12 years old with asthma, their caregivers, and health professionals who had experience in managing asthma. Qualitative data were obtained through semistructured one-on-one interviews. Deductive thematic analysis using TFA was undertaken using NVivo software 2020 to assess the acceptability of AR as a delivery modality for asthma inhaler technique education. Overall, 6 health care professionals, 5 asthmatic children, and 5 caregivers of children with asthma totaled a sample of 16. The use of AR in the asthma inhaler resource was found to be acceptable when responses were examined in accordance with TFA. Each of the 7 component constructs of TFA was coded throughout the 16 interviews, with perceived effectiveness (157 times) and affective attitude (63 times) coded most frequently. Positive responses included the intervention being accessible, easy to use, interesting, and fitting within the users' value systems. Negative responses included the need to maintain an interest in children and concerns about the loss of face-to-face interaction with health professionals. AR appears to be an acceptable modality for delivering asthma education to children when explored using TFA constructs. Although some challenges were identified with the use of AR, the results were predominantly positive. Future designs of asthma education interventions involving AR should consider the results of this study, and further research should focus on the feasibility, usability, and barriers and facilitators of behavior change to ensure the successful implementation and uptake of AR into clinical settings. RR2-10.1177/16094069211042229.",2023,JMIR pediatrics and parenting,,LIKELY_ADVANCE_CONFIRM,,,,,,,,,
4521,TA-19,36637320,10.1227/ons.0000000000000525,"Awake Microsurgical Resection of a Motor Cortex Glioma With Cortical and Subcortical Motor Mapping, Image Guidance, and Augmented Reality: 2-Dimensional Operative Video.",,2023,"Operative neurosurgery (Hagerstown, Md.)",ABSTRACT_MISSING,LIKELY_ADVANCE_CONFIRM,,,,,,,,,
4522,TA-19,36633472,10.1176/appi.neuropsych.20220187,"The Medical Metaverse, Part 1: Introduction, Definitions, and New Horizons for Neuropsychiatry.",,2023,The Journal of neuropsychiatry and clinical neurosciences,ABSTRACT_MISSING,PRIORITY_VERIFY,,,,,,,,,
4523,TA-19,36622412,10.1007/s00330-022-09372-4,Exploration of thoracoabdominal aortic mixed reality optimisation and its clinical application value in type A aortic dissection.,"This study aimed to explore the feasibility of low-dose computed tomography (CT)-based mixed reality and its clinical role in type A aortic dissection (TAAD) operations. Eighty-seven patients diagnosed with TAAD were prospectively enrolled and underwent thoracoabdominal aorta mixed reality. They were randomly divided into a low-dose mixed reality group, a conventional mixed reality group and a conventional thoracoabdominal aorta computed tomography angiography (CTA) group. Three-dimensional modelling, mixed reality and CT reconstruction technology were selected. The radiation dose and image quality were compared using Student's t test. Doctors with different seniorities evaluated the clinical application value of thoracoabdominal aorta mixed reality using a Likert scale. The consistency was assessed using the Cohen kappa coefficient (k). The Pearson chi-square test was used to test the correlation of perioperative index results in TAAD operations. Low-dose CT technology can be effectively applied to thoracoabdominal aorta mixed reality and reduces the radiation dose by approximately 59% and the operation time and auxiliary cardiopulmonary bypass time by approximately 22% and 29%, respectively. The subjective scores of doctors with different seniorities on the clinical application value of thoracoabdominal aorta mixed reality were higher than those of thoracoabdominal aorta CTA (all p > 0.05). Low-dose CT can be effectively used in thoracoabdominal aortic mixed reality to reduce the radiation dose while ensuring quality. Low-dose thoracoabdominal aortic mixed reality has clinical application value and can effectively reduce the operation time and auxiliary cardiopulmonary bypass time in TAAD operations. • Low-dose CT technology can ensure the mixed reality quality of the thoracoabdominal aorta with a radiation dose reduction of approximately 59%. • Compared with thoracoabdominal aorta CTA, low-dose thoracoabdominal aorta mixed reality can reduce the operation time and auxiliary cardiopulmonary bypass time by approximately 20% and 29%, respectively, in TAAD operations. • The application value of low-dose thoracoabdominal aorta mixed reality in operation scheme formulation, operation risk assessment, operation navigation and diagnosis and treatment under safe distance was greater than that of thoracoabdominal aorta CTA in TAAD.",2023,European radiology,,LIKELY_ADVANCE_CONFIRM,,,,,,,,,
4524,TA-19,36616688,10.3390/s23010092,Identity-Preserved Human Posture Detection in Infrared Thermal Images: A Benchmark.,"Human pose estimation has a variety of real-life applications, including human action recognition, AI-powered personal trainers, robotics, motion capture and augmented reality, gaming, and video surveillance. However, most current human pose estimation systems are based on RGB images, which do not seriously take into account personal privacy. Although identity-preserved algorithms are very desirable when human pose estimation is applied to scenarios where personal privacy does matter, developing human pose estimation algorithms based on identity-preserved modalities, such as thermal images concerned here, is very challenging due to the limited amount of training data currently available and the fact that infrared thermal images, unlike RGB images, lack rich texture cues which makes annotating training data itself impractical. In this paper, we formulate a new task with privacy protection that lies between human detection and human pose estimation by introducing a benchmark for IPHPDT (i.e., Identity-Preserved Human Posture Detection in Thermal images). This task has a threefold novel purpose: the first is to establish an identity-preserved task with thermal images; the second is to achieve more information other than the location of persons as provided by human detection for more advanced computer vision applications; the third is to avoid difficulties in collecting well-annotated data for human pose estimation in thermal images. The presented IPHPDT dataset contains four types of human postures, consisting of 75,000 images well-annotated with axis-aligned bounding boxes and postures of the persons. Based on this well-annotated IPHPDT dataset and three state-of-the-art algorithms, i.e., YOLOF (short for You Only Look One-level Feature), YOLOX (short for Exceeding YOLO Series in 2021) and TOOD (short for Task-aligned One-stage Object Detection), we establish three baseline detectors, called IPH-YOLOF, IPH-YOLOX, and IPH-TOOD. In the experiments, three baseline detectors are used to recognize four infrared human postures, and the mean average precision can reach 70.4%. The results show that the three baseline detectors can effectively perform accurate posture detection on the IPHPDT dataset. By releasing IPHPDT, we expect to encourage more future studies into human posture detection in infrared thermal images and draw more attention to this challenging task.",2022,"Sensors (Basel, Switzerland)",,LIKELY_ADVANCE_CONFIRM,,,,,,,,,
4525,TA-19,36613251,10.3390/foods12010036,Think Yourself Slim? Assessing the Satiation Efficacy of Imagined Eating.,"Ubiquitous exposure to visual food content has been implicated in the development of obesity with both individual and societal costs. The development and increasing adoption of Extended Reality (XR) experiences, which deliver an unprecedented immersion in digital content, would seem to carry the risk of further exacerbating the consequences of visual food exposure on real-world eating behavior. However, some studies have also identified potentially health-promoting effects of exposure to visual food stimuli. One example is repeated imagined consumption, which has been demonstrated to decrease subsequent food consumption. This work contains the first comparison between imagined eating and actual eating, to investigate how the simulated activity fares against its real counterpart in terms of inducing satiation. Three-hundred participants took part in an experiment at a local food festival. The participants were randomized between three experimental conditions: imagined eating, actual eating, and control. Each condition consisted of thirty trials. Before and after the experimental manipulation, the participants recorded their eating desires and enjoyment of a piece of chocolate candy. The resulting data showed generally no difference between the imagined eating and control conditions, which stands in conflict with the prior literature. In contrast, the differences between imagined and actual eating were significant. These results may be explained by differences in the experimental tasks' dose-response relationships, as well as environmental-contextual disturbances. Overall, the findings do not corroborate the efficacy of imagined eating within a real-life context.",2022,"Foods (Basel, Switzerland)",,LIKELY_ADVANCE_CONFIRM,,,,,,,,,
4526,TA-19,36612969,10.3390/ijerph20010648,An Augmented Reality (AR) App Enhances the Pulmonary Function and Potency/Feasibility of Perioperative Rehabilitation in Patients Undergoing Orthopedic Surgery.,"Perioperative rehabilitation is crucial for patients receiving surgery in order to reduce complications and mortality. Conventional methods such as verbal instructions and pre-recorded video are commonly used, but several disadvantages exist. Therefore, we developed an augmented reality (AR) app that includes respiration training, resistance muscle training, and walking training for surgery preparation. The aim of this pilot study was to compare the effects of AR-based training rehabilitation programs with conventional (non-AR-based) programs considering the objective pulmonary function and subjective feasibility and potency in orthopedic patients. This prospective study was conducted in a medical center in Taiwan between 2018 to 2021. Sixty-six patients undergoing elective orthopedic surgery were allocated with a 1:1 ratio to non-AR or AR groups according to their wishes. After training, the inspiratory flow rate of the AR group was higher than that of the non-AR group pre-operatively. As for the subjective assessment, the feasibility (level of confidence and anxiety reduction) and potency (cooperation and educative effect) were superior in AR-based training, compared with the conventional training model. Our study showed that patients using our AR app had better subjective and objective outcomes compared with a conventional model for perioperative rehabilitation.",2022,International journal of environmental research and public health,,LIKELY_ADVANCE_CONFIRM,,,,,,,,,
4527,TA-19,36612664,10.3390/ijerph20010344,Impact of the COVID-19 Pandemic on Neonatal Nursing Practicum and Extended Reality Simulation Training Needs: A Descriptive and Cross-Sectional Study.,"This study investigated the neonatal intensive care unit (NICU) clinical practicum status during the COVID-19 pandemic and the need for extended reality (XR)-based training for neonatal care. A structured questionnaire was distributed to 132 prelicensing nursing students. Data were analyzed using importance-performance analysis and Borich needs analysis. Students wanted to use XR to learn about treating high-risk preterm infants. COVID-19 limited clinical training in NICUs, and most students preferred training in XR programs to improve their nursing competency for neonates. There is a large demand for nursing skills concerning high-risk newborns and hands-off training.",2022,International journal of environmental research and public health,,LIKELY_ADVANCE_CONFIRM,,,,,,,,,
4528,TA-19,36611055,10.1038/s41598-023-27632-1,Real-time mixed reality display of dual particle radiation detector data.,"Radiation source localization and characterization are challenging tasks that currently require complex analyses for interpretation. Mixed reality (MR) technologies are at the verge of wide scale adoption and can assist in the visualization of complex data. Herein, we demonstrate real-time visualization of gamma ray and neutron radiation detector data in MR using the Microsoft HoloLens 2 smart glasses, significantly reducing user interpretation burden. Radiation imaging systems typically use double-scatter events of gamma rays or fast neutrons to reconstruct the incidence directional information, thus enabling source localization. The calculated images and estimated 'hot spots' are then often displayed in 2D angular space projections on screens. By combining a state-of-the-art dual particle imaging system with HoloLens 2, we propose to display the data directly to the user via the head-mounted MR smart glasses, presenting the directional information as an overlay to the user's 3D visual experience. We describe an open source implementation using efficient data transfer, image calculation, and 3D engine. We thereby demonstrate for the first time a real-time user experience to display fast neutron or gamma ray images from various radioactive sources set around the detector. We also introduce an alternative source search mode for situations of low event rates using a neural network and simulation based training data to provide a fast estimation of the source's angular direction. Using MR for radiation detection provides a more intuitive perception of radioactivity and can be applied in routine radiation monitoring, education & training, emergency scenarios, or inspections.",2023,Scientific reports,,LIKELY_ADVANCE_CONFIRM,,,,,,,,,
4529,TA-19,36609924,10.1007/s00464-022-09859-7,Telestration with augmented reality improves surgical performance through gaze guidance.,"In minimally invasive surgery (MIS), trainees need to learn how to interpret the operative field displayed on the laparoscopic screen. Experts currently guide trainees mainly verbally during laparoscopic procedures. A newly developed telestration system with augmented reality (iSurgeon) allows the instructor to display hand gestures in real-time on the laparoscopic screen in augmented reality to provide visual expert guidance (telestration). This study analysed the effect of telestration guided instructions on gaze behaviour during MIS training. In a randomized-controlled crossover study, 40 MIS naive medical students performed 8 laparoscopic tasks with telestration or with verbal instructions only. Pupil Core eye-tracking glasses were used to capture the instructor's and trainees' gazes. Gaze behaviour measures for tasks 1-7 were gaze latency, gaze convergence and collaborative gaze convergence. Performance measures included the number of errors in tasks 1-7 and trainee's ratings in structured and standardized performance scores in task 8 (ex vivo porcine laparoscopic cholecystectomy). There was a significant improvement 1-7 on gaze latency [F(1,39) = 762.5, p < 0.01, ηp2 = 0.95], gaze convergence [F(1,39) = 482.8, p < 0.01, ηp2 = 0.93] and collaborative gaze convergence [F(1,39) = 408.4, p < 0.01, ηp2 = 0.91] upon instruction with iSurgeon. The number of errors was significantly lower in tasks 1-7 (0.18 ± 0.56 vs. 1.94 ± 1.80, p < 0.01) and the score ratings for laparoscopic cholecystectomy were significantly higher with telestration (global OSATS: 29 ± 2.5 vs. 25 ± 5.5, p < 0.01; task-specific OSATS: 60 ± 3 vs. 50 ± 6, p < 0.01). Telestration with augmented reality successfully improved surgical performance. The trainee's gaze behaviour was improved by reducing the time from instruction to fixation on targets and leading to a higher convergence of the instructor's and the trainee's gazes. Also, the convergence of trainee's gaze and target areas increased with telestration. This confirms augmented reality-based telestration works by means of gaze guidance in MIS and could be used to improve training outcomes.",2023,Surgical endoscopy,,LIKELY_ADVANCE_CONFIRM,,,,,,,,,
4530,TA-19,36608430,10.1016/j.cmpb.2022.107323,Augmented reality-based surgical guidance for wrist arthroscopy with bone-shift compensation.,"Intraoperative joint condition is different from preoperative CT/MR due to the motion applied during surgery, inducing an inaccurate approach to surgical targets. This study aims to provide real-time augmented reality (AR)-based surgical guidance for wrist arthroscopy based on a bone-shift model through an in vivo computed tomography (CT) study. To accurately visualize concealed wrist bones on the intra-articular arthroscopic image, we propose a surgical guidance system with a novel bone-shift compensation method using noninvasive fiducial markers. First, to measure the effect of traction during surgery, two noninvasive fiducial markers were attached before surgery. In addition, two virtual link models connecting the wrist bones were implemented. When wrist traction occurs during the operation, the movement of the fiducial marker is measured, and bone-shift compensation is applied to move the virtual links in the direction of the traction. The proposed bone-shift compensation method was verified with the in vivo CT data of 10 participants. Finally, to introduce AR, camera calibration for the arthroscope parameters was performed, and a patient-specific template was used for registration between the patient and the wrist bone model. As a result, a virtual bone model with three-dimensional information could be accurately projected on a two-dimensional arthroscopic image plane. The proposed method was possible to estimate the position of wrist bone in the traction state with an accuracy of 1.4 mm margin. After bone-shift compensation was applied, the target point error was reduced by 33.6% in lunate, 63.3% in capitate, 55.0% in scaphoid, and 74.8% in trapezoid than those in preoperative wrist CT. In addition, a phantom experiment was introduced simulating the real surgical environment. AR display allowed to expand the field of view (FOV) of the arthroscope and helped in visualizing the anatomical structures around the bones. This study demonstrated the successful handling of AR error caused by wrist traction using the proposed method. In addition, the method allowed accurate AR visualization of the concealed bones and expansion of the limited FOV of the arthroscope. The proposed bone-shift compensation can also be applied to other joints, such as the knees or shoulders, by representing their bone movements using corresponding virtual links. In addition, the movement of the joint skin during surgery can be measured using noninvasive fiducial markers in the same manner as that used for the wrist joint.",2023,Computer methods and programs in biomedicine,,LIKELY_ADVANCE_CONFIRM,,,,,,,,,
4531,TA-19,36607128,10.1002/cam4.5583,Mixed reality navigation training system for liver surgery based on a high-definition human cross-sectional anatomy data set.,"This study aims to use the three-dimensional (3D) mixed-reality model of liver, entailing complex intrahepatic systems and to deeply study the anatomical structures and to promote the training, diagnosis and treatment of liver diseases. Vascular perfusion human specimens were used for thin-layer frozen milling to obtain liver cross-sections. The 104-megapixel-high-definition cross sectional data set was established and registered to achieve structure identification and manual segmentation. The digital model was reconstructed and data was used to print a 3D hepatic model. The model was combined with HoloLens mixed reality technology to reflect the complex relationships of intrahepatic systems. We simulated 3D patient specific anatomy for identification and preoperative planning, conducted a questionnaire survey, and evaluated the results. The 3D digital model and 1:1 transparent and colored model of liver established truly reflected intrahepatic vessels and their complex relationships. The reconstructed model imported into HoloLens could be accurately matched with the 3D model. Only 7.7% participants could identify accessory hepatic veins. The depth and spatial-relationship of intrahepatic structures were better understandable for 92%. The 100%, 84.6%, 69% and 84% believed the 3D models were useful in planning, safer surgical paths, reducing intraoperative complications and training of young surgeons respectively. A detailed 3D model can be reconstructed using the higher quality cross-sectional anatomical data set. When combined with 3D printing and HoloLens technology, a novel hybrid-reality navigation-training system for liver surgery is created. Mixed Reality training is a worthy alternative to provide 3D information to clinicians and its possible application in surgery. This conclusion was obtained based on a questionnaire and evaluation. Surgeons with extensive experience in surgical operations perceived in the questionnaire that this technology might be useful in liver surgery, would help in precise preoperative planning, accurate intraoperative identification, and reduction of hepatic injury.",2023,Cancer medicine,,LIKELY_ADVANCE_CONFIRM,,,,,,,,,
4532,TA-19,36607038,10.1364/AO.472931,Accurate measurement of virtual image distance for near-eye displays based on auto-focusing.,"Virtual reality (VR) and augmented reality (AR) are able to project virtual images to human eyes at a certain depth distance. This virtual image distance can be adjusted by controlling the diopter of the near-eye display. However, it is difficult to measure accurately and continuously since this virtual image distance spans a large range. In this work, we propose a method to accurately determine the virtual image distance of commercial VR/AR equipment. The measurement apparatus is built and calibrated to validate the feasibility. The focal distance of the focus-tunable lens can be automatically adjusted via a step motor by cooperating with the image sharpness analyzing program. Compared with other proposed methods, ours provides an effective means to achieve high accuracy, a wide and continuous testing range, and automatic evaluation of virtual image distance for compact near-eye displays.",2022,Applied optics,,LIKELY_ADVANCE_CONFIRM,,,,,,,,,
4533,TA-19,36606828,10.1364/AO.473073,Multiplane holographic augmented reality head-up display with a real-virtual dual mode and large eyebox.,"We propose a multiplane augmented reality (AR) head-up display (HUD) with a real-virtual dual mode based on holographic optical elements (HOEs). The picture generation unit (PGU) is only a single free-focus projector, and the optical combiner includes a HOE lens (HOEL) for long-distance virtual image display and a HOE diffuser (HOED) for in-plane real image display. A HOED with directional scattering characteristics in the real image mode can significantly increase the size of the eyebox (EB) without increasing the size of the HOE, and a HOEL with a flexible design for the optical focal length in the virtual image mode can be used to achieve a different depth of the AR display. The proposed AR HUD system, which has a compact structure and offers high light transmittance, high energy usage, a multiplane display, and a large EB, is expected to be widely used in the future.",2022,Applied optics,,LIKELY_ADVANCE_CONFIRM,,,,,,,,,
4534,TA-19,36605116,10.1016/j.jpi.2022.100142,Independent assessment of a deep learning system for lymph node metastasis detection on the Augmented Reality Microscope.,"Several machine learning algorithms have demonstrated high predictive capability in the identification of cancer within digitized pathology slides. The Augmented Reality Microscope (ARM) has allowed these algorithms to be seamlessly integrated within the pathology workflow by overlaying their inferences onto its microscopic field of view in real time. We present an independent assessment of the LYmph Node Assistant (LYNA) models, state-of-the-art algorithms for the identification of breast cancer metastases in lymph node biopsies, optimized for usage on the ARM. We assessed the models on 40 whole slide images at the commonly used objective magnifications of 10×, 20×, and 40×. We analyzed their performance across clinically relevant subclasses of tissue, including breast cancer, lymphocytes, histiocytes, blood, and fat. Each model obtained overall AUC values of approximately 0.98, accuracy values of approximately 0.94, and sensitivity values above 0.88 at classifying small regions of a field of view as benign or cancerous. Across tissue subclasses, the models performed most accurately on fat and blood, and least accurately on histiocytes, germinal centers, and sinus. The models also struggled with the identification of isolated tumor cells, especially at lower magnifications. After testing, we reviewed the discrepancies between model predictions and ground truth to understand the causes of error. We introduce a distinction between proper and improper ground truth for analysis in cases of uncertain annotations. Taken together, these methods comprise a novel approach for exploratory model analysis over complex anatomic pathology data in which precise ground truth is difficult to establish.",2022,Journal of pathology informatics,,LIKELY_ADVANCE_CONFIRM,,,,,,,,,
4535,TA-19,36602618,10.1186/s40902-022-00370-6,Mixed reality for extraction of maxillary mesiodens.,"Mesiodentes are the most common supernumerary teeth. The cause is not fully understood, although proliferations of genetic factors and the dental lamina have been implicated. Mesiodentes can cause delayed or ectopic eruption of permanent incisors, which can further alter occlusion and appearance. Careful attention should be paid to the position and direction of the mesiodentes because of possible damage to adjacent roots in the permanent dentition period, errant extraction in the deciduous and mixed dentition periods, and damage to the permanent tooth embryo. To avoid these complications, we applied mixed reality (MR) technology using the HoloLens® (Microsoft, California). In this study, we report on three cases of mesiodentes extraction under general anesthesia using MR technology. The patients ranged in age from 6 to 11 years, all three were boys, and the direction of eruption was inverted in all cases. The extraction approach was palatal in two cases and labial in one case. The average operative time was 32 min, and bleeding was minimal in all cases. No intraoperative or postoperative complications occurred. An image was shared preoperatively with all the surgeons using an actual situation model. Three surgeons used Microsoft HoloLens® during surgery, shared MR, and operated while superimposing the application image in the surgical field. The procedure was performed safely; further development of MR surgery support systems in the future is suggested.",2023,Maxillofacial plastic and reconstructive surgery,,LIKELY_ADVANCE_CONFIRM,,,,,,,,,
4536,TA-19,36599691,10.1002/jdd.13166,Multiplatform and cost-effective augmented reality model development in restorative dentistry.,,2023,Journal of dental education,ABSTRACT_MISSING,LIKELY_ADVANCE_CONFIRM,,,,,,,,,
4537,TA-19,36593677,10.3171/CASE21390,Extended reality platform for minimally invasive endoscopic evacuation of deep-seated intracerebral hemorrhage: illustrative case.,"Extended reality (XR) offers an interactive visualization platform that combines virtual reality (VR) for preoperative planning and augmented reality (AR) for intraoperative navigation overlay. XR was used for treating a case of spontaneous intracerebral hemorrhage (ICH) requiring neurosurgical intervention to decompress a hemorrhage in the subcortical area involving the thalamus that was starting to compress the midbrain. The selected surgical technique was an endoscopic aspiration combined with neurosurgical navigation. Because of the deep-seated location of this ICH, a patient-specific 360XR model rendered using Surgical Theater was used for preoperative planning and intraoperative navigation to allow for enhanced visualization and understanding of the pathology and surrounding anatomy. The XR platform enabled visualization of critical structures near the ICH by extracting and highlighting the white matter tracts from magnetic resonance imaging (MRI) with tractography, which improved preoperative planning beyond using state-of-the-art neuronavigation techniques alone. Once the trajectory was set, the model was integrated with the neuronavigation system, and the planned approach was referenced throughout the procedure to evacuate the clots without further injuring the brain. The patient tolerated the procedure well and was doing well 11 months after his spontaneous ICH.",2022,Journal of neurosurgery. Case lessons,,LIKELY_ADVANCE_CONFIRM,,,,,,,,,
4538,TA-19,36592275,10.1007/7854_2022_401,Using Extended Reality to Study the Experience of Presence.,"Extended reality (XR), encompassing various forms of virtual reality (VR) and augmented reality (AR), has become a powerful experimental tool in consciousness research due to its capability to create holistic and immersive experiences of oneself and surrounding environments through simulation. One hallmark of a successful XR experience is when it elicits a strong sense of presence, which can be thought of as a subjective sense of reality of the self and the world. Although XR research has shed light on many factors that may influence presence (or its absence) in XR environments, there remains much to be discovered about the detailed and diverse phenomenology of presence, and the neurocognitive mechanisms that underlie it. In this chapter, we analyse the concept of presence and relate it to the way in which humans may generate and maintain a stable sense of reality during both natural perception and virtual experiences. We start by reviewing the concept of presence as developed in XR research, covering both factors that may influence presence and potential ways of measuring presence. We then discuss the phenomenological characteristics of presence in human consciousness, drawing on clinical examples where presence is disturbed. Next, we describe two experiments using XR that investigated the effects of sensorimotor contingency and affordances on a specific form of presence related to the sense of objects as really existing in the world, referred to as 'objecthood'. We then go beyond perceptual presence to discuss the concept of 'conviction about reality', which corresponds to people's beliefs about the reality status of their perceptual experiences. We finish by exploring how the novel XR method of 'Substitutional Reality' can allow experimental investigation of these topics, opening new experimental directions for studying presence beyond the 'as-if' experience of fully simulated environments.",2023,Current topics in behavioral neurosciences,,LIKELY_ADVANCE_CONFIRM,,,,,,,,,
4539,TA-19,36590712,10.1016/j.xjon.2022.08.006,Location matters: Offset in tissue-engineered vascular graft implantation location affects wall shear stress in porcine models.,"Although surgical simulation using computational fluid dynamics has advanced, little is known about the accuracy of cardiac surgical procedures after patient-specific design. We evaluated the effects of discrepancies in location for patient-specific simulation and actual implantation on hemodynamic performance of patient-specific tissue-engineered vascular grafts (TEVGs) in porcine models. Magnetic resonance angiography and 4-dimensional (4D) flow data were acquired in porcine models (n = 11) to create individualized TEVGs. Graft shapes were optimized and manufactured by electrospinning bioresorbable material onto a metal mandrel. TEVGs were implanted 1 or 3 months postimaging, and postoperative magnetic resonance angiography and 4D flow data were obtained and segmented. Displacement between intended and observed TEVG position was determined through center of mass analysis. Hemodynamic data were obtained from 4D flow analysis. Displacement and hemodynamic data were compared using linear regression. Patient-specific TEVGs were displaced between 1 and 8 mm during implantation compared with their surgically simulated, intended locations. Greater offset between intended and observed position correlated with greater wall shear stress (WSS) in postoperative vasculature (P < .01). Grafts that were implanted closer to their intended locations showed decreased WSS. Patient-specific TEVGs are designed for precise locations to help optimize hemodynamic performance. However, if TEVGs were implanted far from their intended location, worse WSS was observed. This underscores the importance of not only patient-specific design but also precision-guided implantation to optimize hemodynamics in cardiac surgery and increase reproducibility of surgical simulation.",2022,JTCVS open,,PRIORITY_VERIFY,,,,,,,,,
4540,TA-19,36590529,10.1016/j.heliyon.2022.e12115,A novel motionless calibration method for augmented reality surgery navigation system based on optical tracker.,"Augmented reality (AR) surgery navigation systems display the pre-operation planned virtual model at the accurate position in the real surgical scene to assist the operation. Accurate calibration of the mapping relationship between the virtual coordinate and the real world is the key to the virtual-real fusion effect. Former calibration methods require the doctor user to conduct complex manual procedures before usage. This paper introduces a novel motionless virtual-real calibration method. The method only requires to take a mixed reality image containing both virtual and real marker balls using the built-in forward camera of the AR glasses. The mapping relationship between the virtual and real spaces is calculated by using the camera coordinate system as a transformation medium. The composition and working process of the AR navigation system is introduced, and then the mathematical principle of the calibration is designed. The feasibility of the proposed calibration scheme is verified with a verification experiment, and the average registration accuracy of the scheme is around 5.80mm, which is of same level of formerly reported methods. The proposed method is convenient and rapid to implement, and the calibration accuracy is not dependent on the user experience. Further, it can potentially realize the real-time update of the registration transformation matrix, which can improve the AR fusion accuracy when the AR glasses moves. This motionless calibration method has great potential to be applied in future clinical navigation research.",2022,Heliyon,,LIKELY_ADVANCE_CONFIRM,,,,,,,,,
4541,TA-19,36590155,10.3389/fmedt.2022.1076755,The role of artificial intelligence in surgical simulation.,"Artificial Intelligence (AI) plays an integral role in enhancing the quality of surgical simulation, which is increasingly becoming a popular tool for enriching the training experience of a surgeon. This spans the spectrum from facilitating preoperative planning, to intraoperative visualisation and guidance, ultimately with the aim of improving patient safety. Although arguably still in its early stages of widespread clinical application, AI technology enables personal evaluation and provides personalised feedback in surgical training simulations. Several forms of surgical visualisation technologies currently in use for anatomical education and presurgical assessment rely on different AI algorithms. However, while it is promising to see clinical examples and technological reports attesting to the efficacy of AI-supported surgical simulators, barriers to wide-spread commercialisation of such devices and software remain complex and multifactorial. High implementation and production costs, scarcity of reports evidencing the superiority of such technology, and intrinsic technological limitations remain at the forefront. As AI technology is key to driving the future of surgical simulation, this paper will review the literature delineating its current state, challenges, and prospects. In addition, a consolidated list of FDA/CE approved AI-powered medical devices for surgical simulation is presented, in order to shed light on the existing gap between academic achievements and the universal commercialisation of AI-enabled simulators. We call for further clinical assessment of AI-supported surgical simulators to support novel regulatory body approved devices and usher surgery into a new era of surgical education.",2022,Frontiers in medical technology,,PRIORITY_VERIFY,,,,,,,,,
4542,TA-19,36589144,10.1007/s11747-022-00919-x,From tablet to table: How augmented reality influences food desirability.,"Augmented reality (AR) technology has generated enormous industry investment and buzz, with the food and beverage sector quickly embracing this technology in an effort to enhance the customer experience. However, academic research has only just begun to empirically explore how and why this technology might influence consumer judgements and behaviors in such contexts. Across two field studies involving consequential behavior and two controlled laboratory studies, we find that AR's unique ability to visually superimpose objects onto a real-time environment increases consumers' ability to mentally simulate consuming a pictured food, which in turn increases their desire and purchase likelihood of the food item. Further, we find the increased mental simulation produced by AR is itself preceded and driven by an increased sense of personal relevance of the food items. The online version contains supplementary material available at 10.1007/s11747-022-00919-x.",2023,Journal of the Academy of Marketing Science,,LIKELY_ADVANCE_CONFIRM,,,,,,,,,
4543,TA-19,36588749,10.3389/fdgth.2022.814226,Design recommendations for active games.,"Active gaming is a form of video gaming that requires full body motion or varying degrees of physical activity to play a game. While active gaming has regained momentum, the design and specific components of active games that make them engaging are limited. This study identifies, analyzes, and categorizes specific design mechanics and features used in active games. It answers the question: Which, if any, game mechanics and features can a panel of experts in the academic, health, and game industry agree on as valuable and impactful to the construction of successful and engaging active games? Using a Delphi study, nine experts answered questions related to active gaming. They reached an agreement on 20 of the 21 inquiries regarding game design focused on motivation, social influence, and flow. Their feedback offers recommendations on the design of future active games and identifies emerging trends. This study shares their notes and translates the findings into specific recommendations for developers on the design of active games. The field of active gaming has matured; there are pockets of experts in design, research, and implementation. Active gaming has maintained continuity; however, player enthusiasm and engagement in these types of games are consistently an issue. Through better game design and newer types of active games, players' interest will persist. These guidelines can inform developers working with newer technologies, such as mobile devices, enhanced game consoles, and virtual and augmented reality platforms, to create active games that inspire gamers to play.",2022,Frontiers in digital health,,LIKELY_ADVANCE_CONFIRM,,,,,,,,,
4544,TA-19,40477806,10.1007/s12008-022-01092-9,Strategies to reduce visual attention changes while learning and training in extended reality environments.,"Computer-Based training (CBT) is a widely used strategy in interactive learning and skills training to provide the trainee with information while in training. Extended Reality (XR) is a set of technologies used in the fourth industrial revolution for this purpose. However, an important XR limitation is the cognitive overload in trainees due to continuous changes in attention. The effects of the changes in attention on cognitive load have been studied in environments such as printed material and desktop PC's. However, such effects are not yet fully known on XR platforms. This study's aim was to identify strategies to reduce the changes in attention in instructional/educational materials, which use extended reality to present information to trainees. The presented information can guide the use of combined strategies to reduce the cognitive overload generated by XR display platforms. Therefore, an extensive literature review was carried out. From a set of 1946 articles, 53 studies were selected. The selected studies evaluated the cognitive load in instructional materials that used XR as a visualization platform. The results showed three strategy groups: those associated with the spatial integration of information, those associated with the use of visual features and those associated with the content segmentation. Effects of this strategies in the user performance and user cognitive load are discussed.",2023,International journal on interactive design and manufacturing,,LIKELY_ADVANCE_CONFIRM,,,,,,,,,
4545,TA-19,38588155,10.1353/tech.2023.a903972,"Visions of Control: The Head-Up Display, Perceptual Labor, and a Lesson for Augmented Reality.","Traditional workplace studies focus on the bodily integration of familiar technologies like the desktop computer and smartphone. To better understand augmented reality (AR) technologies that provide new ways to perform daily tasks, this article turns to an overlooked yet critical forerunner of AR: the head-up display (HUD). Extensive archival research and oral histories show that the HUD caused pilots to depend on a single interface, curtailing their autonomy for integrating disparate information that could inform critical, often lethal decision-making processes. This history provides evidence that once a single device subsumes many functions of a work environment, adaptive articulation work can drive information workers to undertake increasingly insulated information practices. The HUD's isolating and insulating perceptual legacy suggests that AR will similarly train users in many contexts how to trust interactive data overlays in ways that preclude cross-checking alternative data sources that could inform decision-making processes.",2023,Technology and culture,,LIKELY_ADVANCE_CONFIRM,,,,,,,,,
4546,TA-19,38487569,10.1080/21681163.2022.2152372,Towards Reducing Visual Workload in Surgical Navigation: Proof-of-concept of an Augmented Reality Haptic Guidance System.,"The integration of navigation capabilities into the operating room has enabled surgeons take on more precise procedures guided by a pre-operative plan. Traditionally, navigation information based on this plan is presented using monitors in the surgical theater. But the monitors force the surgeon to frequently look away from the surgical area. Alternative technologies, such as augmented reality, have enabled surgeons to visualize navigation information in-situ. However, burdening the visual field with additional information can be distracting. In this work, we propose integrating haptic feedback into a surgical tool handle to enable surgical guidance capabilities. This property reduces the amount of visual information, freeing surgeons to maintain visual attention over the patient and the surgical site. To investigate the feasibility of this guidance paradigm we conducted a pilot study with six subjects. Participants traced paths, pinpointed locations and matched alignments with a mock surgical tool featuring a novel haptic handle. We collected quantitative data, tracking user's accuracy and time to completion as well as subjective cognitive load. Our results show that haptic feedback can guide participants using a tool to sub-millimeter and sub-degree accuracy with only little training. Participants were able to match a location with an average error of 0.82 mm, desired pivot alignments with an average error of 0.83° and desired rotations to 0.46°.",2023,Computer methods in biomechanics and biomedical engineering. Imaging & visualization,,LIKELY_ADVANCE_CONFIRM,,,,,,,,,
4547,TA-19,38314592,,Quantitative evaluation f stereoscopic augmented reality visualization using an optical see-through head-mounted display.,"The authors of the current study aimed to propose a calibration method for accurate augmented reality visualisation using an optical see-through head-mounted display, and to qualitatively evaluate visualisation accuracy for the application in computer assisted surgery. An adaptation of stereo single-point active alignment method was proposed as the calibration procedure together with verification. Three tests were performed: display of points in 3D space, on the plane and on the surface of a skull phantom on inexperience users (5 participants) and experienced users (17 participants). The highest accuracy of visualization was obtained for skull phantom visualisation for an inexperienced user (3.00 mm, std 0.75 mm), while the lowest accuracy was obtained in a 3D visualisation test for an inexperienced user (22.95 mm, std 18.04 mm). The largest error was related to the depth component and amounted to 18.49 mm, std 18.10 mm for an inexperienced user. It is possible to achieve relatively high visualisation accuracy (less than 5 mm for visualisation in space) for selected users but providing it for the group of inexperienced users seems to remain a major challenge. The accuracy of point indication can be substantially and statistically significantly increased by visualising objects on surfaces. The proposed methods and obtained results can serve as a basis for further implementation of augmented reality visualisation on an optical see-through head-mounted display in applications requiring high-quality augmented reality guidance of manual tasks.",2023,Acta of bioengineering and biomechanics,,LIKELY_ADVANCE_CONFIRM,,,,,,,,,
4548,TA-19,36583721,10.1002/ca.23995,A scoping review on the trends of digital anatomy education.,"Digital technologies are changing the landscape of anatomy education. To reveal the trend of digital anatomy education across medical science disciplines, searches were performed using PubMed, EMBASE, and MEDLINE bibliographic databases for research articles published from January 2010 to June 2021 (inclusive). The search was restricted to publications written in English language and to articles describing teaching tools in undergraduate and postgraduate anatomy and pre-vocational clinical anatomy training courses. Among 156 included studies across six health disciplines, 35% used three-dimensional (3D) digital printing tools, 24.2% augmented reality (AR), 22.3% virtual reality (VR), 11.5% web-based programs, and 4.5% tablet-based apps. There was a clear discipline-dependent preference in the choice and employment of digital anatomy education. AR and VR were the more commonly adopted digital tools for medical and surgical anatomy education, while 3D printing is more broadly used for nursing, allied health and dental health education compared to other digital resources. Digital modalities were predominantly adopted for applied interactive anatomy education and primarily in advanced anatomy curricula such as regional anatomy and neuroanatomy. Moreover, there was a steep increase in VR anatomy combining digital simulation for surgical anatomy training. There is a consistent increase in the adoption of digital modalities in anatomy education across all included health disciplines. AR and VR anatomy incorporating digital simulation will play a more prominent role in medical education of the future. Combining multimodal digital resources that supports blended and interactive learning will further modernize anatomy education, moving medical education further away from its didactic history.",2023,"Clinical anatomy (New York, N.Y.)",SECONDARY_OR_COMMENTARY_TITLE,LIKELY_ADVANCE_CONFIRM,,,,,,,,,
4549,TA-19,36580435,10.1093/pubmed/fdac157,Positive impact of the COVID-19 pandemic: meaningful learning using augmented reality for children.,,2023,"Journal of public health (Oxford, England)",ABSTRACT_MISSING,LIKELY_ADVANCE_CONFIRM,,,,,,,,,
4550,TA-19,36576839,10.1097/PRS.0000000000009758,Intraoperative Navigation in Plastic Surgery with Augmented Reality: A Preclinical Validation Study.,,2023,Plastic and reconstructive surgery,ABSTRACT_MISSING,LIKELY_ADVANCE_CONFIRM,,,,,,,,,
4551,TA-19,36574615,10.1021/acs.jpca.2c07746,Full-Dimensional Quantum Dynamics Studies of Ro-vibrationally Inelastic Scattering of H2O with Ar: A Benchmark Test of the Rigid-Rotor Approximation.,"While the rigid-rotor (RR) approximation is usually considered to be accurate for describing pure rotationally inelastic scattering involving diatoms in their ground or low-lying vibrational states, its validity in scattering involving polyatomic molecules has not been fully examined. The existence of soft/anharmonic vibrational modes in polyatomic molecules could make rotational-vibrational energy transfer rather efficient, thus undermining the premise of the RR approximation. In this work, we conduct a benchmark test of the RR approximation in the rotationally inelastic scattering of the H2O(v2 = 0, 1) + Ar system by comparing with full-dimensional quantum scattering calculations. We demonstrate that the error in the RR rate coefficient for v2 = 0 is less than 5%, while it can reach up to 20% for some initial states within the v2 = 1 manifold. These results indicate that the RR approximation gradually deteriorates with increasing quantum number v2. Vibrational relaxation dynamics of this system was also studied, and it is found that transitions from initial states with a large rotational quantum number of projection on the a principal axis are more efficient. These results shed valuable light on ro-vibrationally inelastic scattering involving polyatomic molecules.",2023,The journal of physical chemistry. A,,PRIORITY_VERIFY,,,,,,,,,
4552,TA-19,36573300,10.31616/asj.2022.0436,"Recent Updates on Minimally Invasive Spine Surgery: Techniques, Technologies, and Indications.","A number of minimally invasive spine surgeries (MISSs) have been developed to address the drawbacks of open spine surgery. Their advantages include small skin incisions, reduction in tissue damage, quick recovery, and short hospital stay. However, the clinical outcomes are comparable to open surgery. There was a cap on the number of indications that could be set for all spinal illnesses. The indications for MISSs have been expanding owing to mechanical and technological advances in medical equipment. Thus, this review presents the various MISSs developed to date, surgical indications, surgical techniques, and their advantages and disadvantages.",2022,Asian spine journal,,PRIORITY_VERIFY,,,,,,,,,
4553,TA-19,36573214,10.1007/s43681-022-00252-7,Replika in the Metaverse: the moral problem with empathy in 'It from Bit'.,"This paper assesses claims of computational empathy in relation to existing social open-ended chatbots and intention that these chatbots will feature in emergent mixed reality contexts, recently given prominence due to interest in the Metaverse. Against the background of increasing loneliness within society and use of chatbots as a potential remedy for this, the paper considers two leading current social chatbots, Replika and Microsoft's Xiaoice, their technical underpinnings, empathetic claims and properties that have scope to scale into the Metaverse (if it coheres). Finding scope for human benefit from social chatbots, the paper highlights problematic reliance on self-disclosure to sustain the existence of chatbots. The paper progresses to situate Microsoft's empathetic computing framework in relation to philosophical ideas that inform Metaverse speculation and construction, including Wheeler's 'It from Bit' thesis that all aspects of existence may be computed, Chalmers' philosophical championing that virtual realities are genuine realities, Bostrom's proposal and provocation that we might already be living in a simulation, and longtermist belief that future complex simulations need to be protected from decisions made today. Given claims for current and nascent social chatbots, belief in bit-based possible and projected futures, and industrial buy-in to these philosophies, this paper answers whether computational empathy is real or not. The paper finds when diverse accounts of empathy are accounted for, whilst something is irrevocably lost in an 'It from Bit' account of empathy, the missing components are not accuracy or even human commonality of experience, but the moral dimension of empathy.",2022,AI and ethics,,LIKELY_ADVANCE_CONFIRM,,,,,,,,,
4554,TA-19,36572593,10.1016/j.wombi.2022.12.004,"A qualitative exploration of women's and their partners' experiences of birth trauma in Australia, utilising critical feminist theory.","Many women in Australia emerge from childbirth describing their experience as traumatic. Birth trauma can be both physical and psychological, with long-lasting and intergenerational impacts. To explore women's and their partners' experiences of birth trauma in Australia and consider the role of gender using a feminist theoretical lens. We used a descriptive phenomenological and constructivist/interpretivist approach and two frameworks (WHO Quality of Care framework; socio-ecological model) to explore experiences of traumatic birth. Participants were recruited through social media using purposive sampling. Data were collected through online in-depth interviews. Data were analysed thematically, considering gender and power dynamics using critical feminist theory. 24 women and 4 male partners were interviewed. We identified 8 themes, including: Individual: birth grief and best laid plans; breastfeeding to regain identity after trauma. Interpersonal: impact of trauma on bonding with baby; partner trauma. Institutional: inadequate consent processes; to debrief or not to debrief. Community: more than a healthy baby. Policy: an augmented reality. Findings highlighted the impact of patriarchal maternity care systems and policies in undermining women's sense of control during birth, evident in high levels of labour augmentation and inadequate consent processes. This study draws attention to how gender shapes how birth trauma is expressed within both women's and their partners' identities as parents, their relationships, and society. Recommendations include the development of women-centred policies for obtaining informed consent and training in trauma-informed care in maternity services. Further research must include the voices of women from diverse backgrounds.",2023,Women and birth : journal of the Australian College of Midwives,,LIKELY_ADVANCE_CONFIRM,,,,,,,,,
4555,TA-19,36571000,10.3389/fpsyg.2022.1063659,To explore the impact of augmented reality digital picture books in environmental education courses on environmental attitudes and environmental behaviors of children from different cultures.,"Environmental education has long been closely related to sustainable development. In this study, in response to the United Nations Sustainable Development Goals (SDGs), an augmented reality (AR) digital picture book was created using the unique natural ecosystem of Taiwan's Orchid Island as a source of self-efficacy for science learning. Interactive environmental education learning through AR drawing was used to determine whether students' science learning self-efficacy and environmental attitudes significantly influenced the environmental behavioral skills of culturally diverse children. In this study, 26 elementary sixth-grade Taiwanese students and 26 elementary sixth-grade Japanese students were invited to participate in an extended reality drawing activity as an environmental education curriculum. Based on the sample size of 52, the survey results were accurate with a sampling error of 3.8% with a confidence level of 95%. A questionnaire survey was administered to the 52 students after the event. After the valid questionnaire samples were collected, a partial least squares structural equation modeling (PLS-SEM) analysis was conducted with Smart PLS 3.0 on the small sample. The results of the study showed that students who had a better self-efficacy in science learning were more likely to engage in conservation actions related to the natural environment in their daily lives. In this study, the constructs of environmental behavior were further discussed and the hypothesis model was validated using the quantitative empirical method. The results of the study revealed good reliability, convergent validity, and discriminant validity of the constructs in the hypothesis model, and the hypothesis model itself was validated. In the validated model, students' science learning self-efficacy affects the sustainability of their environmental behaviors, but only through the role of environmental attitudes. However, the environmental attitudes construct plays a fully mediating role in the model.",2022,Frontiers in psychology,,LIKELY_ADVANCE_CONFIRM,,,,,,,,,
4556,TA-19,36569471,10.3389/fnhum.2022.955534,"Different Markov chains modulate visual stimuli processing in a Go-Go experiment in 2D, 3D, and augmented reality.","The introduction of Augmented Reality (AR) has attracted several developments, although the people's experience of AR has not been clearly studied or contrasted with the human experience in 2D and 3D environments. Here, the directional task was applied in 2D, 3D, and AR using simplified stimulus in video games to determine whether there is a difference in human answer reaction time prediction using context stimulus. Testing of the directional task adapted was also done. Research question: Are the main differences between 2D, 3D, and AR able to be predicted using Markov chains? Methods: A computer was fitted with a digital acquisition card in order to record, test and validate the reaction time (RT) of participants attached to the arranged RT for the theory of Markov chain probability. A Markov chain analysis was performed on the participants' data. Subsequently, the way certain factors influenced participants RT amongst the three tasks time on the accuracy of the participants was sought in the three tasks (environments) were statistically tested using ANOVA. Results: Markov chains of order 1 and 2 successfully reproduced the average reaction time by participants in 3D and AR tasks, having only 2D tasks with the variance predicted with the current state. Moreover, a clear explanation of delayed RT in every environment was done. Mood and coffee did not show significant differences in RTs on a simplified videogame. Gender differences were found in 3D, where endogenous directional goals are in 3D, but no gender differences appeared in AR where exogenous AR buttons can explain the larger RT that compensate for the gender difference. Our results suggest that unconscious preparation of selective choices is not restricted to current motor preparation. Instead, decisions in different environments and gender evolve from the dynamics of preceding cognitive activity can fit and improve neurocomputational models.",2022,Frontiers in human neuroscience,,LIKELY_ADVANCE_CONFIRM,,,,,,,,,
4557,TA-19,36566980,10.1016/j.wneu.2022.12.086,Head-Mounted Augmented Reality in the Planning of Cerebrovascular Neurosurgical Procedures: A Single-Center Initial Experience.,"Augmented reality (AR) technology has played an increasing role in cerebrovascular neurosurgery over the last 2 decades. Hence, we aim to evaluate the technical and educational value of head-mounted AR in cerebrovascular procedures. This is a single-center retrospective study of patients who underwent open surgery for cranial and spinal cerebrovascular lesions between April and August 2022. In all cases, the Medivis Surgical AR platform and HoloLens 2 were used for preoperative and intraoperative (preincision) planning. Surgical plan adjustment due to the use of head-mounted AR and subjective educational value of the tool were recorded. A total of 33 patients and 35 cerebrovascular neurosurgical procedures were analyzed. Procedures included 12 intracranial aneurysm clippings, 6 brain and 1 spinal arteriovenous malformation resections, 2 cranial dural arteriovenous fistula obliterations, 3 carotid endarterectomies, two extracranial-intracranial direct bypasses, two encephaloduroangiosynostosis for Moyamoya disease, 1 biopsy of the superficial temporal artery, 2 microvascular decompressions, 2 cavernoma resections, 1 combined intracranial aneurysm clipping and encephaloduroangiosynostosis for Moyamoya disease, and 1 percutaneous feeder catheterization for arteriovenous malformation embolization. Minor changes in the surgical plan were recorded in 16 of 35 procedures (45.7%). Subjective educational value was scored as ""very helpful"" for cranial, spinal arteriovenous malformations, and carotid endarterectomies; ""helpful"" for intracranial aneurysm, dural arteriovenous fistulas, direct bypass, encephaloduroangiosynostosis, and superficial temporal artery-biopsy; and ""not helpful"" for cavernoma resection and microvascular decompression. Head-mounted AR can be used in cerebrovascular neurosurgery as an adjunctive tool that might influence surgical strategy, enable 3-dimensional understanding of complex anatomy, and provide great educational value in selected cases.",2023,World neurosurgery,,LIKELY_ADVANCE_CONFIRM,,,,,,,,,
4558,TA-19,36566183,10.1186/s12938-022-01059-7,Object recognition and localization enhancement in visual prostheses: a real-time mixed reality simulation.,"Blindness is a main threat that affects the daily life activities of any human. Visual prostheses have been introduced to provide artificial vision to the blind with the aim of allowing them to restore confidence and independence. In this article, we propose an approach that involves four image enhancement techniques to facilitate object recognition and localization for visual prostheses users. These techniques are clip art representation of the objects, edge sharpening, corner enhancement and electrode dropout handling. The proposed techniques are tested in a real-time mixed reality simulation environment that mimics vision perceived by visual prostheses users. Twelve experiments were conducted to measure the performance of the participants in object recognition and localization. The experiments involved single objects, multiple objects and navigation. To evaluate the performance of the participants in objects recognition, we measure their recognition time, recognition accuracy and confidence level. For object localization, two metrics were used to measure the performance of the participants which are the grasping attempt time and the grasping accuracy. The results demonstrate that using all enhancement techniques simultaneously gives higher accuracy, higher confidence level and less time for recognizing and grasping objects in comparison to not applying the enhancement techniques or applying pair-wise combinations of them. Visual prostheses could benefit from the proposed approach to provide users with an enhanced perception.",2022,Biomedical engineering online,,LIKELY_ADVANCE_CONFIRM,,,,,,,,,
4559,TA-19,36562619,10.1227/neu.0000000000002293,Improved Accuracy and Lowered Learning Curve of Ventricular Targeting Using Augmented Reality-Phantom and Cadaveric Model Testing.,"Augmented reality (AR) has demonstrated significant potential in neurosurgical cranial, spine, and teaching applications. External ventricular drain (EVD) placement remains a common procedure, but with error rates in targeting between 10% and 40%. To evaluate Novarad VisAR guidance system for the placement of EVDs in phantom and cadaveric models. Two synthetic ventricular phantom models and a third cadaver model underwent computerized tomography imaging and registration with the VisAR system (Novarad). Root mean square (RMS), angular error (γ), and Euclidian distance were measured by multiple methods for various standard EVD placements. Computerized tomography measurements on a phantom model (0.5-mm targets showed a mean Euclidean distance error of 1.20 ± 0.98 mm and γ of 1.25° ± 1.02°. Eight participants placed EVDs in lateral and occipital burr holes using VisAR in a second phantom anatomic ventricular model (mean RMS: 3.9 ± 1.8 mm, γ: 3.95° ± 1.78°). There were no statistically significant differences in accuracy for postgraduate year level, prior AR experience, prior EVD experience, or experience with video games ( P > .05). In comparing EVDs placed with anatomic landmarks vs VisAR navigation in a cadaver, VisAR demonstrated significantly better RMS and γ, 7.47 ± 0.94 mm and 7.12° ± 0.97°, respectively ( P ≤ .05). The novel VisAR AR system resulted in accurate placement of EVDs with a rapid learning curve, which may improve clinical treatment and patient safety. Future applications of VisAR can be expanded to other cranial procedures.",2023,Neurosurgery,,LIKELY_ADVANCE_CONFIRM,,,,,,,,,
4560,TA-19,36561572,10.3389/fsurg.2022.1049685,High fidelity simulation of the endoscopic transsphenoidal approach: Validation of the UpSurgeOn TNS Box.,"Endoscopic endonasal transsphenoidal surgery is an established technique for the resection of sellar and suprasellar lesions. The approach is technically challenging and has a steep learning curve. Simulation is a growing training tool, allowing the acquisition of technical skills pre-clinically and potentially resulting in a shorter clinical learning curve. We sought validation of the UpSurgeOn Transsphenoidal (TNS) Box for the endoscopic endonasal transsphenoidal approach to the pituitary fossa. Novice, intermediate and expert neurosurgeons were recruited from multiple centres. Participants were asked to perform a sphenoidotomy using the TNS model. Face and content validity were evaluated using a post-task questionnaire. Construct validity was assessed through post-hoc blinded scoring of operative videos using a Modified Objective Structured Assessment of Technical Skills (mOSAT) and a Task-Specific Technical Skill scoring system. Fifteen participants were recruited of which n = 10 (66.6%) were novices and n = 5 (33.3%) were intermediate and expert neurosurgeons. Three intermediate and experts (60%) agreed that the model was realistic. All intermediate and experts (n = 5) strongly agreed or agreed that the TNS model was useful for teaching the endonasal transsphenoidal approach to the pituitary fossa. The consensus-derived mOSAT score was 16/30 (IQR 14-16.75) for novices and 29/30 (IQR 27-29) for intermediate and experts (p < 0.001, Mann-Whitney U). The median Task-Specific Technical Skill score was 10/20 (IQR 8.25-13) for novices and 18/20 (IQR 17.75-19) for intermediate and experts (p < 0.001, Mann-Whitney U). Interrater reliability was 0.949 (CI 0.983-0.853) for OSATS and 0.945 (CI 0.981-0.842) for Task-Specific Technical Skills. Suggested improvements for the model included the addition of neuro-vascular anatomy and arachnoid mater to simulate bleeding vessels and CSF leak, respectively, as well as improvement in materials to reproduce the consistency closer to that of human tissue and bone. The TNS Box simulation model has demonstrated face, content, and construct validity as a simulator for the endoscopic endonasal transsphenoidal approach. With the steep learning curve associated with endoscopic approaches, this simulation model has the potential as a valuable training tool in neurosurgery with further improvements including advancing simulation materials, dynamic models (e.g., with blood flow) and synergy with complementary technologies (e.g., artificial intelligence and augmented reality).",2022,Frontiers in surgery,,LIKELY_ADVANCE_CONFIRM,,,,,,,,,
4561,TA-19,36559961,10.3390/s22249591,Augmented Reality to Compensate for Navigation Inaccuracies.,"This study aims to report on the capability of microscope-based augmented reality (AR) to evaluate registration and navigation accuracy with extracranial and intracranial landmarks and to elaborate on its opportunities and obstacles in compensation for navigation inaccuracies. In a consecutive single surgeon series of 293 patients, automatic intraoperative computed tomography-based registration was performed delivering a high initial registration accuracy with a mean target registration error of 0.84 ± 0.36 mm. Navigation accuracy is evaluated by overlaying a maximum intensity projection or pre-segmented object outlines within the recent focal plane onto the in situ patient anatomy and compensated for by translational and/or rotational in-plane transformations. Using bony landmarks (85 cases), there was two cases where a mismatch was seen. Cortical vascular structures (242 cases) showed a mismatch in 43 cases and cortex representations (40 cases) revealed two inaccurate cases. In all cases, with detected misalignment, a successful spatial compensation was performed (mean correction: bone (6.27 ± 7.31 mm), vascular (3.00 ± 1.93 mm, 0.38° ± 1.06°), and cortex (5.31 ± 1.57 mm, 1.75° ± 2.47°)) increasing navigation accuracy. AR support allows for intermediate and straightforward monitoring of accuracy, enables compensation of spatial misalignments, and thereby provides additional safety by increasing overall accuracy.",2022,"Sensors (Basel, Switzerland)",,LIKELY_ADVANCE_CONFIRM,,,,,,,,,
4562,TA-19,36559946,10.3390/s22249578,Guided Depth Completion with Instance Segmentation Fusion in Autonomous Driving Applications.,"Pixel-level depth information is crucial to many applications, such as autonomous driving, robotics navigation, 3D scene reconstruction, and augmented reality. However, depth information, which is usually acquired by sensors such as LiDAR, is sparse. Depth completion is a process that predicts missing pixels' depth information from a set of sparse depth measurements. Most of the ongoing research applies deep neural networks on the entire sparse depth map and camera scene without utilizing any information about the available objects, which results in more complex and resource-demanding networks. In this work, we propose to use image instance segmentation to detect objects of interest with pixel-level locations, along with sparse depth data, to support depth completion. The framework utilizes a two-branch encoder-decoder deep neural network. It fuses information about scene available objects, such as objects' type and pixel-level location, LiDAR, and RGB camera, to predict dense accurate depth maps. Experimental results on the KITTI dataset showed faster training and improved prediction accuracy. The proposed method reaches a convergence state faster and surpasses the baseline model in all evaluation metrics.",2022,"Sensors (Basel, Switzerland)",,LIKELY_ADVANCE_CONFIRM,,,,,,,,,
4563,TA-19,36558667,10.1364/OE.476965,360-degree mixed reality volumetric display using an asymmetric diffusive holographic optical element.,"Volumetric display technique has a great advantage of displaying realistic three-dimensional contents with a 360-degree viewing angle. However, most volumetric displays cannot provide mixed reality because their screens inside the displays obstruct the external scene. We design a 360-degree mixed-reality volumetric display using an asymmetric diffusive holographic optical element (ADHOE). The ADHOE has wavelength selectivity, and it diffuses the light with the only specific wavelength for the virtual object, so it is possible to optically combine the virtual object and the real scene. Also, the ADHOE has different vertical and horizontal diffusing angles, and it is suitable for a horizontal-parallax-only application. In our system, the parallax images are generated by the DMD, and they are projected sequentially on the ADHOE. The ADHOE is shaped as a slanted curved surface with respect to the optical axis, and some annoying color dispersion is observed due to the mismatch between the diffraction peak points of two different wavelengths. In order to solve this problem, the carrier frequency is applied to green elemental images and the proper Fourier filter cuts off the unwanted diffraction peak points. The Fourier transform with 2f optics is built to record the ADHOE where the angular spectral bandwidth is determined by adjusting the width of the incident object light. A 360-degree see-through display with ADHOE is implemented and the feasibility of mixed reality is verified successfully.",2022,Optics express,,LIKELY_ADVANCE_CONFIRM,,,,,,,,,
4564,TA-19,36558596,10.1364/OE.477750,Tracking registration of optical see-through augmented reality based on the Riemannian manifold constraint.,"Two three-dimensional tracking registration methods combined with Riemannian manifold object constraints are proposed to solve problems of low accuracy and instability of three-dimensional tracking registration in sparse and complex scenes. A deep convolution neural network is used to extract three-dimensional instance objects from the location by analyzing reasons that affect registration accuracy in sparse and complex scenes. The three-dimensional tracking registration model is established according to the Riemannian manifold constraint relationship of instance objects in different states. The stability of the three-dimensional tracking registration algorithm is improved by combining inertial sensors, and cumulative error is optimized using instance object labels to improve algorithm robustness. The proposed algorithm can effectively improve the accuracy of three-dimensional tracking registration. It can improve the performance of augmented reality systems and be applied to power system navigation, medical, and other fields.",2022,Optics express,,LIKELY_ADVANCE_CONFIRM,,,,,,,,,
4565,TA-19,36556268,10.3390/jpm12122047,Application of Augmented Reality to Maxillary Resections: A Three-Dimensional Approach to Maxillofacial Oncologic Surgery.,"In the relevant global context, although virtual reality, augmented reality, and mixed reality have been emerging methodologies for several years, only now have technological and scientific advances made them suitable for revolutionizing clinical care and medical settings through the provision of advanced features and improved healthcare services. Over the past fifteen years, tools and applications using augmented reality (AR) have been designed and tested in the context of various surgical and medical disciplines, including maxillofacial surgery. The purpose of this paper is to show how a marker-less AR guidance system using the Microsoft® HoloLens 2 can be applied in mandible and maxillary demolition surgery to guide maxillary osteotomies. We describe three mandibular and maxillary oncologic resections performed during 2021 using AR support. In these three patients, we applied a marker-less tracking method based on recognition of the patient's facial profile. The surgeon, using HoloLens 2 smart glasses, could see the virtual surgical planning superimposed on the patient's anatomy. We showed that performing osteotomies under AR guidance is feasible and viable, as demonstrated by comparison with osteotomies performed using CAD-CAM cutting guides. This technology has advantages and disadvantages. However, further research is needed to improve the stability and robustness of the marker-less tracking method applied to patient face recognition.",2022,Journal of personalized medicine,,LIKELY_ADVANCE_CONFIRM,,,,,,,,,
4566,TA-19,36556038,10.3390/jcm11247422,"Single-Stage Revision Reverse Shoulder Arthroplasty: Preoperative Planning, Surgical Technique, and Mixed Reality Execution.","Revision shoulder arthroplasty is increasing with the number of primary shoulder replacements rising globally. Complex primary and revisions of shoulder arthroplasties pose specific challenges for the surgeon, which must be addressed preoperatively and intraoperatively. This article aimed to present strategies for the management of revision of shoulder arthroplasties through a single-stage approach. Preoperatively, patient factors, such as age, comorbidities, and bone quality, should be considered. The use of planning software can aid in accurately evaluating implants in situ and predict bony anatomy that will remain after explantation during the revision surgery. The planning from such software can then be executed with the help of mixed reality technology to allow accurate implant placement. Single-stage revision is performed in two steps (debridement as first step, implantation and reconstruction as the second step), guided by the following principles: adequate debridement while preserving key soft tissue attachments (i.e., rotator cuff, pectoralis major, latissimus dorsi, deltoid), restoration of glenoid joint line using bone grafting, restoration of humeral length, reconstruction and/or reattachment of soft tissues, and strict compliance with the postoperative antibiotic regimen. Preliminary results of single-stage revision shoulder arthroplasty show improvement in patient outcomes (mean 1 year), successful treatment of infection for those diagnosed with periprosthetic joint infection, and improved cost-benefit parameters for the healthcare system.",2022,Journal of clinical medicine,,LIKELY_ADVANCE_CONFIRM,,,,,,,,,
4567,TA-19,36554616,10.3390/ijerph192416734,Digital Forms of Commensality in the 21st Century: A Scoping Review.,"The social act of eating together has been influenced and mediated by technologies in recent decades. This phenomenon has been investigated in different academic fields, but the topic is still in an incipient dimension, and there is a lack of consensus regarding terminology and definitions. The study aimed to characterize the main scientific findings regarding digital forms of commensality in the 21st century and to identify possible relationships between these practices and public health. A scoping review was conducted to identify papers published in different languages between 2001 and 2021. A total of 104 publications that combined commensality and technology in all contexts were included. Most studies were qualitative; from the Design and Technology field; used social media and video platforms or prototypes/augmented reality gadgets; and used different terms to refer to digital forms of commensality, allowing the analysis of the construction of field definitions over time. The intersections with health were observed from impacts on family/community engagement, culinary skills development, and mental health and eating habits. These practices also structured specific social interactions, such as virtual food communities and commensality, during the COVID-19 pandemic. This paper indicates the consistent growth of these practices and recommends the development of future research for theoretically and longitudinally deeper evaluations of the impacts of these new ways of eating together, especially regarding their effects on human health.",2022,International journal of environmental research and public health,SECONDARY_OR_COMMENTARY_TITLE,LIKELY_ADVANCE_CONFIRM,,,,,,,,,
4568,TA-19,36553130,10.3390/diagnostics12123123,Computer-Aided Breast Surgery Framework Using a Markerless Augmented Reality Method.,"This study proposes a markerless Augmented Reality (AR) surgical framework for breast lesion removal using a depth sensor and 3D breast Computed Tomography (CT) images. A patient mesh in the real coordinate system is acquired through a patient 3D scan using a depth sensor for registration. The patient mesh on the virtual coordinate system is obtained by contrast-based skin segmentation in 3D mesh generated from breast CT scans. Then, the nipple area is detected based on the gradient in the segmented skin area. The region of interest (ROI) is set based on the detection result to select the vertices in the virtual coordinate system. The mesh on the real and virtual coordinate systems is first aligned by matching the center of mass, and the Iterative Closest Point (ICP) method is applied to perform more precise registration. Experimental results of 20 patients' data showed 98.35 ± 0.71% skin segmentation accuracy in terms of Dice Similarity Coefficient (DSC) value, 2.79 ± 1.54 mm nipple detection error, and 4.69 ± 1.95 mm registration error. Experiments using phantom and patient data also confirmed high accuracy in AR visualization. The proposed method in this study showed that the 3D AR visualization of medical data on the patient's body is possible by using a single depth sensor without having to use markers.",2022,"Diagnostics (Basel, Switzerland)",,LIKELY_ADVANCE_CONFIRM,,,,,,,,,
4569,TA-19,36547767,10.1007/s11548-022-02809-7,Phantom study on surgical performance in augmented reality laparoscopy.,"Only a few studies have evaluated Augmented Reality (AR) in in vivo simulations compared to traditional laparoscopy; further research is especially needed regarding the most effective AR visualization technique. This pilot study aims to determine, under controlled conditions on a 3D-printed phantom, whether an AR laparoscope improves surgical outcomes over conventional laparoscopy without augmentation. We selected six surgical residents at a similar level of training and had them perform a laparoscopic task. The participants repeated the experiment three times, using different 3D phantoms and visualizations: Floating AR, Occlusion AR, and without any AR visualization (Control). Surgical performance was determined using objective measurements. Subjective measures, such as task load and potential application areas, were collected with questionnaires. Differences in operative time, total touching time, and SurgTLX scores showed no statistical significance ([Formula: see text]). However, when assessing the invasiveness of the simulated intervention, the comparison revealed a statistically significant difference ([Formula: see text]). Participants felt AR could be useful for various surgeries, especially for liver, sigmoid, and pancreatic resections (100%). Almost all participants agreed that AR could potentially lead to improved surgical parameters, such as operative time (83%), complication rate (83%), and identifying risk structures (83%). According to our results, AR may have great potential in visceral surgery and based on the objective measures of the study, may improve surgeons' performance in terms of an atraumatic approach. In this pilot study, participants consistently took more time to complete the task, had more contact with the vascular tree, were significantly more invasive, and scored higher on the SurgTLX survey than with AR.",2023,International journal of computer assisted radiology and surgery,,LIKELY_ADVANCE_CONFIRM,,,,,,,,,
4570,TA-19,36547484,10.3390/jimaging8120319,Remote Training for Medical Staff in Low-Resource Environments Using Augmented Reality.,"This work aims to leverage medical augmented reality (AR) technology to counter the shortage of medical experts in low-resource environments. We present a complete and cross-platform proof-of-concept AR system that enables remote users to teach and train medical procedures without expensive medical equipment or external sensors. By seeing the 3D viewpoint and head movements of the teacher, the student can follow the teacher's actions on the real patient. Alternatively, it is possible to stream the 3D view of the patient from the student to the teacher, allowing the teacher to guide the student during the remote session. A pilot study of our system shows that it is easy to transfer detailed instructions through this remote teaching system and that the interface is easily accessible and intuitive for users. We provide a performant pipeline that synchronizes, compresses, and streams sensor data through parallel efficiency.",2022,Journal of imaging,,LIKELY_ADVANCE_CONFIRM,,,,,,,,,
4571,TA-19,36545794,10.1002/ase.2244,Utilizing the metaverse in anatomy and physiology.,"Of the many disruptive technologies being introduced within modern curricula, the metaverse, is of particular interest for its ability to transform the environment in which students learn. The modern metaverse refers to a computer-generated world which is networked, immersive, and allows users to interact with others by engaging a number of senses (including eyesight, hearing, kinesthesia, and proprioception). This multisensory involvement allows the learner to feel part of the virtual environment, in a way that somewhat resembles real-world experiences. Socially, it allows learners to interact with others in real-time regardless of where on earth they are located. This article outlines 20 use-cases where the metaverse could be employed within a health sciences, medicine, anatomy, and physiology disciplines, considering the benefits for learning and engagement, as well as the potental risks.",2023,Anatomical sciences education,,PRIORITY_VERIFY,,,,,,,,,
4572,TA-19,38322048,10.59390/CVGG3853,The Creation of High-Resolution Brain Cross-sections for 3D Printing and Virtual Reality Applications.,"Technologies such as 3D printing and virtual/augmented reality have great potential for improving the teaching of highly spatial topics such as neuroanatomy. We created a set of 3D printed and virtual brain cross-sections using a high-resolution MRI dataset. These resources have been made freely available via online repositories. We also report a pilot study of the use of both the physical and virtual specimens in the classroom. Students completed a lab exercise where they used either the 3D printed or virtual brain sections to order a set of axial slices from dorsal to ventral. They then labeled the different structures that they found useful in determining the slices' positions. We measured the students' ability to localize 2D brain cross-sections before and after the lab exercise. Overall, we saw pre- to post-test increases in accuracy on a brain cross-sections task compared to a lecture-based neuroanatomy instruction.",2022,"Journal of undergraduate neuroscience education : JUNE : a publication of FUN, Faculty for Undergraduate Neuroscience",,LIKELY_ADVANCE_CONFIRM,,,,,,,,,
4573,TA-19,36544056,10.3758/s13428-022-02046-5,"Reliability of repeated exposure to the human elevated plus-maze in virtual reality: Behavioral, emotional, and autonomic responses.","Approach-avoidance conflicts are a hallmark of anxiety-related behaviors. A gold standard for assessing anxiety-related behaviors in rodents is the elevated plus-maze (EPM), which was recently translated to humans using immersive virtual reality. Repeated behavioral testing is particularly interesting for clinical and pharmacological research in humans but could be limited by habituation effects. Here, we tested whether comparable strategies that are used in rodents (different environments and inter-trial interval of 28 days) are sufficient to avoid habituation or sensitization effects on the EPM, making it possible to perform repeated measurement of anxiety-related behavior in humans. Moreover, we developed two novel virtual environments for repeated testing to explore whether a scenario resembling the real world is superior to a video game-like EPM in terms of lifelike physiological, emotional, and behavioral responses. On a behavioral level, no significant differences but a high correlation between first and repeated exposure to the human EPM independent of EPM version were found. On a psychophysiological level, salivary alpha-amylase, skin-conductance, and respiratory frequency increased at first and second exposure independent of EPM version. However, at repeated exposure, skin-conductance and heart rate showed indicators for anticipatory anxiety and a small sensitization effect, while no effect of real-world resemblance on these physiological measures was found. This was also reflected in slightly higher subjective anxiety levels at second exposure, although subjective anxiety still correlated strongly between first and second exposure. In conclusion, the human EPM can be used for longitudinal assessments of human anxiety-related behavior when strategies to avoid habituation and sensitization are considered.",2024,Behavior research methods,,PRIORITY_VERIFY,,,,,,,,,
4574,TA-19,36537230,10.1080/02688697.2022.2152429,Usability of mixed reality in awake craniotomy planning.,"This study aimed to describe our institutional use of a commercially available mixed reality viewer within a multi-disciplinary planning workflow for awake craniotomy surgery and to report an assessment of its usability. Three Tesla MRI scans, including 32-direction diffusion tensor sequences, were reconstructed with BrainLab Elements auto-segmentation software. Magic Leap mixed reality viewer headsets were registered to a shared virtual viewing space to display image reconstructions. System Usability Scale was used to assess the usability of the mixed reality system. The awake craniotomy planning workflow utilises the mixed reality viewer to facilitate a stepwise discussion through four progressive anatomical layers; the skin, cerebral cortex, subcortical white matter tracts and tumour with surrounding vasculature. At each stage relevant members of the multi-disciplinary team review key operative considerations, including patient positioning, cortical and subcortical speech mapping protocols and surgical approaches to the tumour.The mixed reality system was used for multi-disciplinary awake craniotomy planning in 10 consecutive procedures over a 5-month period. Ten participants (2 Anaesthetists, 5 Neurosurgical trainees, 2 Speech therapists, 1 Neuropsychologist) completed System Usability Scale assessments, reporting a mean score of 71.5. Feedback highlighted the benefit of being able to rehearse important steps in the procedure, including patient positioning and anaesthetic access and visualising the testing protocol for cortical and subcortical speech mapping. This study supports the use of mixed reality for multidisciplinary planning for awake craniotomy surgery, with an acceptable degree of usability of the interface. We highlight the need to consider the requirements of non-technical, non-neurosurgical team members when involving mixed reality activities.",2024,British journal of neurosurgery,,LIKELY_ADVANCE_CONFIRM,,,,,,,,,
4575,TA-19,36536802,10.1016/j.techfore.2021.121415,Has Covid-19 accelerated opportunities for digital entrepreneurship? An Indian perspective.,"Covid-19 has challenged many businesses to orient themselves towards digital solutions for their survival. Due to the rising digital wave during Covid-19, there has been a plethora of opportunities for aspiring entrepreneurs to enter the market. Hence, this study focuses on understanding emerging areas and technologies for digital entrepreneurship. This study adopted a qualitative approach with semi-structured interviews through the lens of the diffusion of innovations theory. A total of 23 entrepreneurs responded and presented their views on Covid-19-induced opportunities for digital entrepreneurship. A structured process of open, axial, and selective coding was adopted for the thematic analysis. The study presents a framework based on four promising propositions. Results of the thematic analysis indicate the emergence of digital entrepreneurship opportunities in technology (EdTech, FinTech, cybersecurity), healthcare (diagnostics, virtual care, fitness), entertainment (over the top, gaming, social media), and e-commerce (contactless delivery, payment methods, augmented reality). In this study, entrepreneurs presented their views based on their experience with the platform or technology they operated. To this end, the present study offers implications both for scholars and entrepreneurs working in and aspiring to digital entrepreneurship along with future scope of research.",2022,Technological forecasting and social change,SECONDARY_OR_COMMENTARY_TITLE,LIKELY_ADVANCE_CONFIRM,,,,,,,,,
4576,TA-19,36533824,10.3791/64667,Usability Evaluation of Augmented Reality: A Neuro-Information-Systems Study.,"This study introduces an experimental paradigm for a usability test of emerging technologies in a management information system (MIS). The usability test included both subjective and objective evaluations. For the subjective evaluation, a usability questionnaire and a NASA-TLX scale were adopted. For the objective evaluation, methods of Neuro-Information-Systems (NeuroIS) were used. From a NeuroIS perspective, this study used mobile fNIRS and eye tracking glasses for multimodal measurements, which solved the problem of ecological validity of cognitive neuroscience tools used in real-world behavior experiments. This study used Augmented Reality (AR) integrated into the Internet of Things (IoT) as an experimental object. Comparing the differences in the neuroimaging data, the physiological data, the usability questionnaire, and the NASA-TLX scale data between the two information-search modes (AR versus a website), information search with AR had a higher efficiency and a lower cognitive load compared with information search with a website during the process of consumption decision-making. The usability experiment results demonstrate that AR, as an emerging technology in retail, can effectively enhance consumer experiences and increase their purchase intention. The experimental paradigm, combining both subjective and objective evaluations in this study, could be applied to a usability test for emerging technologies, such as augmented reality, virtual reality, artificial intelligence, wearable technology, robotics, and big data. It provides a practical experimental solution for the user experience in human-computer-interactions with the adoption of emerging technologies.",2022,Journal of visualized experiments : JoVE,,LIKELY_ADVANCE_CONFIRM,,,,,,,,,
4577,TA-19,36532795,10.1007/s10639-022-11487-6,Exploring the effect of improved learning performance: A mobile augmented reality learning system.,"Students are commonly in a high cognitive load state when they encounter sophisticated knowledge. Whether the novel augmented reality (AR) technology can be utilized in an online learning course to explain complicated scientific concepts in a more understandable manner to students during the COVID-19 period is an unaddressed issue. This study aims to investigate the influences of reducing the physical touch or face-to-face teaching/learning practices via using mobile augmented reality learning systems (MARLS) on students' perceived learning effectiveness. The information feedback viewpoint, flow theory, and cognitive load theory are integrated to examine the effects of the information feedback of MARLS on students' learning effectiveness. This study recruited 204 participants from ten universities to complete a learning task via a MARLS and fill out a questionnaire to collect data for the proposed research model. The empirical results revealed information feedback positively and significantly affected flow experience, perceived learning effectiveness, and continued intention. The improved learning performance of learners was positively related to their continued intention. Also, the extraneous cognitive load negatively and significantly moderated the relationship between information feedback and perceived learning effectiveness. This study proposes meaningful implications and suggestions for future research based on the findings of this experiment.",2023,Education and information technologies,,LIKELY_ADVANCE_CONFIRM,,,,,,,,,
4578,TA-19,36532413,10.1007/s40670-022-01635-5,"Incorporating Mixed Reality for Knowledge Retention in Physiology, Anatomy, Pathology, and Pharmacology Interdisciplinary Education: A Randomized Controlled Trial.","Disease education is a fundamental component in health science and medicine curricula, as it prepares students for their progression into health profession careers. However, this requires an ability to integrate concepts across multiple disciplines. Technology-enhanced interventions may bridge this gap, and this study assessed the effectiveness of a textbook-style or a three-dimensional mixed reality (MR, a hybrid of augmented and virtual reality) HoloLens resource for student learning and knowledge retention using asthma as a model of disease. Sixty-seven first-year undergraduate health science and medical students were randomized into two groups to complete a lesson on the physiology, anatomy, pathology, and pharmacology of asthma, delivered through either a textbook-style (n = 34) or MR (n = 33) resource. Participants took part in the study in small groups and completed the intervention and surveys in separate areas of a large laboratory space. A pre-test prior to the lesson included multiple-choice questions, with the post-test having additional multiple-choice questions to assess learning. A follow-up test to assess retention was performed two weeks later. Pre- and post-test scores revealed increased learning across both the textbook (p = 0.001) and MR (p = 0.05) interventions, although higher test results were obtained by those using the textbook-style resource (p < 0.05). There was no difference between groups in knowledge retention scores. Although the textbook-style resource was more effective for increasing test results, participants perceived MR as more favorable, highlighting the experience as enjoyable and useful. This study presents MR as an option for integration in cases where educators wish to enhance student enjoyment of the learning experience. However, the results suggest that traditional text-based resources persist as a fundamental delivery mode within a modern curriculum.",2022,Medical science educator,,LIKELY_ADVANCE_CONFIRM,,,,,,,,,
4579,TA-19,36532389,10.1007/s40670-022-01659-x,Mind Power: Thought-controlled Augmented Reality for Basic Science Education.,"The integration of augmented reality (AR) and brain-computer interface (BCI) technologies holds a tremendous potential to improve learning, communication, and teamwork in basic science education. The current study presents a novel interface technology solution to enable AR-BCI interoperability and allow learners to control digital objects in AR using neural commands.",2022,Medical science educator,,LIKELY_ADVANCE_CONFIRM,,,,,,,,,
4580,TA-19,36532382,10.1007/s40670-022-01620-y,Frequently Used Conceptual Frameworks and Design Principles for Extended Reality in Health Professions Education.,"Health professions education (HPE) has witnessed a dramatic increase in the use of extended reality (XR), but there is limited evidence that conceptual frameworks are being effectively employed in the design and implementation of XR. This paper introduces commonly utilized conceptual frameworks that can support the integration of XR into the learning process and design principles that can be helpful for the development and evaluation of XR educational applications. Each framework and design principle is summarized briefly, followed by a description of its applicability to XR for HPE and an example of such application.",2022,Medical science educator,,LIKELY_ADVANCE_CONFIRM,,,,,,,,,
4581,TA-19,36530861,10.1007/s10209-022-00957-w,Digital media in intergenerational communication: Status quo and future scenarios for the grandparent-grandchild relationship.,"Communication technologies play an important role in maintaining the grandparent-grandchild (GP-GC) relationship. Based on Media Richness Theory, this study investigates the frequency of use (RQ1) and perceived quality (RQ2) of established media as well as the potential use of selected innovative media (RQ3) in GP-GC relationships with a particular focus on digital media. A cross-sectional online survey and vignette experiment were conducted in February 2021 among N = 286 university students in Germany (mean age 23 years, 57% female) who reported on the direct and mediated communication with their grandparents. In addition to face-to-face interactions, non-digital and digital established media (such as telephone, texting, video conferencing) and innovative digital media, namely augmented reality (AR)-based and social robot-based communication technologies, were covered. Face-to-face and phone communication occurred most frequently in GP-GC relationships: 85% of participants reported them taking place at least a few times per year (RQ1). Non-digital established media were associated with higher perceived communication quality than digital established media (RQ2). Innovative digital media received less favorable quality evaluations than established media. Participants expressed doubts regarding the technology competence of their grandparents, but still met innovative media with high expectations regarding improved communication quality (RQ3). Richer media, such as video conferencing or AR, do not automatically lead to better perceived communication quality, while leaner media, such as letters or text messages, can provide rich communication experiences. More research is needed to fully understand and systematically improve the utility, usability, and joy of use of different digital communication technologies employed in GP-GC relationships.",2022,Universal access in the information society,,LIKELY_ADVANCE_CONFIRM,,,,,,,,,
4582,TA-19,36530689,10.3389/fpubh.2022.1030574,"Harnessing public health with ""metaverse"" technology.",,2022,Frontiers in public health,ABSTRACT_MISSING,PRIORITY_VERIFY,,,,,,,,,
4583,TA-19,36530470,10.1007/s12652-022-04496-3,Revisiting natural user interaction in virtual world.,"Natural user interaction in virtual environment is a prominent factor in any mixed reality applications. In this paper, we revisit the assessment of natural user interaction via a case study of a virtual aquarium. Viewers with the wearable headsets are able to interact with virtual objects via head orientation, gaze, gesture, and visual markers. The virtual environment is operated on both Google Cardboard and HoloLens, the two popular wireless head-mounted displays. Evaluation results reveal the preferences of users over different natural user interaction methods.",2023,Journal of ambient intelligence and humanized computing,,LIKELY_ADVANCE_CONFIRM,,,,,,,,,
4584,TA-19,36528576,10.1186/s12909-022-03946-y,Mixed reality simulation for peripheral intravenous catheter placement training.,"Despite the advantages of simulation-based training, trainees are typically unable to view internal anatomical structures. This limitation can be overcome by using mixed reality (MR) wherein 3-D virtual anatomical images can be projected. This study was designed to evaluate the efficacy of an MR trainer for peripheral intravenous catheter (PIVC) placement. Sixty-two participants used projected images of arm veins to place a PIVC in a mannequin arm. Participants were evaluated using a checklist on their ability to successfully place the PIVC. Participants completed a survey to elicit demographic information and perceptions of the trainer. A follow-up survey at two-weeks assessed clinical experiences with PIVC placement since using the MR trainer. First attempt catheter placement was successful in 48 (77.4%) cases. Only 11 (17.7%) and 3 (4.8%) of participants caused 'extravasation' and 'hematoma' formation on their first attempt, respectively. Fifty-nine participants (95.2%) agreed that ability to see internal structures was useful, and 58 (93.5%, respectively) agreed that the interactivity promoted learning and that MR should be included in training. Results of this study showed that use of a novel MR trainer for PIVC placement appears to provide an environment conducive to successful learning. Most participants were successful at PIVC placement on their first attempt and an overwhelming number found it helpful in identifying landmarks and confirming correct needle angles for insertion. Given the increasing emphasis on simulation training, highly immersive MR tools appear to offer promise to close the gap between classroom instruction and clinical experience.",2022,BMC medical education,,LIKELY_ADVANCE_CONFIRM,,,,,,,,,
4585,TA-19,36524288,10.1002/ase.2241,Application of HoloLens-based augmented reality and three-dimensional printed anatomical tooth reference models in dental education.,"Tooth anatomy is fundamental knowledge used in everyday dental practice to reconstruct the occlusal surface during cavity fillings. The main objective of this project was to evaluate the suitability of two types of anatomical tooth reference models used to support reconstruction of the occlusal anatomy of the teeth: (1) a three-dimensional (3D)-printed model and (2) a model displayed in augmented reality (AR) using Microsoft HoloLens. The secondary objective was to evaluate three aspects impacting the outcome: clinical experience, comfort of work, and other variables. The tertiary objective was to evaluate the usefulness of AR in dental education. Anatomical models of crowns of three different molars were made using cone beam computed tomography image segmentation, printed with a stereolithographic 3D-printer, and then displayed in the HoloLens. Each participant reconstructed the occlusal anatomy of three teeth. One without any reference materials and two with an anatomical reference model, either 3D-printed or holographic. The reconstruction work was followed by the completion of an evaluation questionnaire. The maximum Hausdorff distances (Hmax) between the superimposed images of the specimens after the procedures and the anatomical models were then calculated. The results showed that the most accurate but slowest reconstruction was achieved with the use of 3D-printed reference models and that the results were not affected by other aspects considered. For this method, the Hmax was observed to be 630 μm (p = 0.004). It was concluded that while AR models can be helpful in dental anatomy education, they are not suitable replacements for physical models.",2023,Anatomical sciences education,,LIKELY_ADVANCE_CONFIRM,,,,,,,,,
4586,TA-19,36523011,10.1364/OE.473078,Expansion of a vertical effective viewing zone for an optical 360° holographic display.,"Cylindrical holography, as a promising 360° display technology, has already attracted a lot of attention. In a previous study, an optical 360° cylindrical holography has been achieved in the visible spectrum using a planar spatial light modulator (SLM) and a 45° conical mirror. Although the 360° viewing zone is successfully achieved in the horizontal direction, in the previous study, the vertical viewing zone remains as narrow as the planar holography, and its expansion is not only necessary but also potential due to the waste of vertical viewing zone in application scenarios such as tabletop and ceiling. In this paper, we propose a method of expanding the vertical effective viewing zone for optical 360° holographic display by using a conical mirror with a base angle of less than 45°. The proposed method can expand the vertical effective viewing zone by shifting the wasted vertical viewing zone into an effective vertical viewing zone from the base to the top angle direction of the conical mirror, which is up to two times theoretically. The feasibility and effectiveness of the proposed method are demonstrated by optical experiments. We believe that it would be promising in the field of augmented reality.",2022,Optics express,,LIKELY_ADVANCE_CONFIRM,,,,,,,,,
4587,TA-19,36522958,10.1364/OE.476821,Quantitative analysis on self-focusing properties of H-PDLC flexible curved radius gratings.,"In general, the shape of traditional holographic grating is fixed and immutable, the period will not change after fabrication, this means that the modulation effect on the light field is unalterable. However, traditional grating cannot satisfy all requirements of current optical systems. In order to increase the versatility of holographic grating, a flexible curved radius grating (FCRG) which consists of holographic polymer-dispersed liquid crystal (H-PDLC) was proposed. The FCRG has an important self-focusing property that it can be adjusted the focal length by changing its own radius of curvature correspondingly. In this paper, we use the scalar diffraction theory to analysis the interference and diffraction processes for FCRG under different conditions, then a relationship equation has been deduced to express quantitatively about FCRG between its radius and focal length. According to the relationship, a tunable holographic element is achieved for the function of mechanically-controlled self-focusing effect. Experiments show that the FCRG has two conjugated focusing effects on the positive first-order and negative first-order, both two effects can achieve focus-adjusted ability by changing their radius of curvature. The FCRG provides a way for the coupler of curved waveguide display system for augmented reality in the future.",2022,Optics express,,LIKELY_ADVANCE_CONFIRM,,,,,,,,,
4588,TA-19,36522875,10.1364/OE.475634,Method for parallelism measurement of geometrical waveguides based on the combination of an autocollimator and a testing telescope.,"Augmented reality (AR) is desperately needed in the Metaverse. The geometrical waveguide receives increased attention in AR technology as achieving high resolution, full-color display, etc. However, the stray light and ghost image problems resulting from the parallelism errors severely deteriorate the imaging quality. According to the light propagation of the waveguide, a measuring system based on the combination of the autocollimator and the testing telescope (CAT) method was proposed to measure the parallelism errors of the partially reflective mirror array (PRMA). The results indicated that this method could measure the parallelism errors precisely with the maximum repeatability of 0.63 ' ' . The method could decouple the coupling of the parallelism errors of the PRMA and the substrate surfaces to imaging quality effectively. The precise parallelism measuring is expected to contribute to mass production and low cost by promoting the waveguide design and fabrication.",2022,Optics express,,LIKELY_ADVANCE_CONFIRM,,,,,,,,,
4589,TA-19,36522597,10.1007/978-3-031-17135-2_8,Virtual Reality for Anatomy and Surgical Teaching.,"The COVID-19 pandemic has led to significant challenges when it comes to the delivery of education across multiple domains. There has been a shift in paradigm towards the use of new innovative methods for the delivery of training within medicine and surgery. In this chapter, there is an outline of one such innovative method, the use of virtual reality for anatomy and surgical teaching. At all levels of training, undergraduate through to postgraduate specialty-based training, conventional methods of learning anatomy have had to be adapted due to difficulties encountered during the pandemic. The importance of hands-on cadaveric anatomy experience in surgical training cannot be understated. The decline in face-to-face sessions, as well as a reduction in bedside training due to the prioritisation of service provision and diminishing time spent in theatre have meant less exposure for trainees when it comes to learning procedural skills. Virtual Reality in Medicine and Surgery, a free for trainee resource utilising virtual reality technology, delivered 51-week courses with the aim to ensure high-quality training still occurred. The authors believe there is immense potential for immersive technology when it comes to the future of training within medicine and surgery.",2023,Advances in experimental medicine and biology,,PRIORITY_VERIFY,,,,,,,,,
4590,TA-19,36520753,10.1364/JOSAA.473989,Binocular holographic display based on the holographic optical element.,"Due to the limited pixel pitch of the spatial light modulator (SLM), the field of view (FOV) is insufficient to meet binocular observation needs. Here, an optimized controlling light method of a binocular holographic three-dimensional (3D) display system based on the holographic optical element (HOE) is proposed. The synthetic phase-only hologram uploaded onto the SLM is generated with the layer-based angular spectrum diffraction theory, and two different reference waves are introduced to separate the left view and the right view of the 3D scene. The HOE with directional controlling light parameters is employed to guide binocular information into the left-eye and the right-eye viewing zones simultaneously. Optical experiments verify that the proposed system can achieve binocular holographic augmented reality 3D effect successfully with real physical depth, which can eliminate the accommodation-vergence conflict and visual fatigue problem. For each perspective, the FOV is 8.7° when the focal length of the HOE is 10 cm. The width of the viewing zone is 2.3 cm when the viewing distance is 25 cm.",2022,"Journal of the Optical Society of America. A, Optics, image science, and vision",,LIKELY_ADVANCE_CONFIRM,,,,,,,,,
4591,TA-19,36519880,10.1227/ons.0000000000000439,In-Human Report of S2 Alar-Iliac Screw Placement Using Augmented Reality Assistance.,"S2 alar-iliac (S2AI) screws provide spinopelvic fixation with the advantages of minimized dissection, easier rod contouring, and decreased symptomatic screw-head prominence. However, placement of S2AI screws may be challenging because of the anatomy of the lumbosacral junction. Augmented reality is a nascent technology that may enhance placement of S2AI screws. To report the first in-human placement of augmented reality (AR)-assisted S2 alar-iliac screws and evaluate the accuracy of screw placement. A retrospective review was performed of patients who underwent AR-assisted S2AI screw placement. All surgeries were performed by 2 neurosurgeons using an AR head-mounted display (Xvision, Augmedics). Screw accuracy was analyzed in a blinded fashion by an independent neuroradiologist using the cortical breach grading scale. Twelve patients underwent AR-assisted S2AI screw placement for a total of 23 screws. Indications for surgery included deformity, degenerative disease, and tumor. Twenty-two screws (95.6%) were accurate-defined as grade 0 or grade 1. Twenty-one screws (91.3%) were classified as grade 0, 1 screw (4.3%) was grade 1, and 1 screw (4.3%) was grade 3. All breaches were asymptomatic. AR-assisted S2AI screw placement had an overall accuracy rate of 95.6% (grade 0 and grade 1 screws) in a cohort of 12 patients and 23 screws. This compares favorably with freehand and robotic placement. 1,2 AR enables spine surgeons to both better visualize anatomy and accurately place spinal instrumentation. Future studies are warranted to research the learning curve and cost analysis of AR-assisted spine surgery.",2023,"Operative neurosurgery (Hagerstown, Md.)",,LIKELY_ADVANCE_CONFIRM,,,,,,,,,
4592,TA-19,36519414,10.1002/lary.30515,Augmented Reality in Otology/Neurotology: A Scoping Review with Implications for Practice and Education.,"To determine how augmented reality (AR) has been applied to the field of otology/neurotology, examine trends and gaps in research, and provide an assessment of the future potential of this technology within surgical practice and education. PubMed, EMBASE, and Cochrane Library were assessed from their inceptions through October 2022. A manual bibliography search was also conducted. A scoping review was conducted and reported according to PRISMA-ScR guidelines. Data from studies describing the application of AR to the field of otology/neurotology were evaluated, according to a priori inclusion/exclusion criteria. Exclusion criteria included non-English language articles, abstracts, letters/commentaries, conference papers, and review articles. Eighteen articles covering a diverse range of AR platforms were included. Publication dates spanned from 2007 to 2022 and the rate of publication increased over this time. Six of 18 studies were case series in human patients although the remaining were proof of concepts in cadaveric/artificial/animal models. The most common application of AR was for surgical navigation (14 of 18 studies). Computed tomography was the most common source of input data. Few studies noted potential applications to surgical training. Interest in the application of AR to otology/neurotology is growing based on the number of recent publications that use a broad range of hardware, software, and AR platforms. Large gaps in research such as the need for submillimeter registration error must be addressed prior to adoption in the operating room and for educational purposes. N/A Laryngoscope, 133:1786-1795, 2023.",2023,The Laryngoscope,SECONDARY_OR_COMMENTARY_TITLE,LIKELY_ADVANCE_CONFIRM,,,,,,,,,
4593,TA-19,36516445,10.1021/acsami.2c13391,Computational Characterization of Zr-Oxide MOFs for Adsorption Applications.,"Zr-oxide secondary building units construct metal-organic framework (MOF) materials with excellent gas adsorption properties and high mechanical, thermal, and chemical stability. These attributes have led Zr-oxide MOFs to be well-recognized for a wide range of applications, including gas storage and separation, catalysis, as well as healthcare domain. Here, we report structure search methods within the Cambridge Structural Database (CSD) to create a curated subset of 102 Zr-oxide MOFs synthesized to date, bringing a unique record for all researchers working in this area. For the identified structures, we manually corrected the proton topology of hydroxyl and water molecules on the Zr-oxide nodes and characterized their textural properties, Brunauer-Emmett-Teller (BET) area, and topology. Importantly, we performed systematic periodic density functional theory (DFT) calculations comparing 25 different combinations of basis sets and functionals to calculate framework partial atomic charges for use in gas adsorption simulations. Through experimental verification of CO2 adsorption in selected Zr-oxide MOFs, we demonstrate the sensitivity of CO2 adsorption predictions at the Henry's regime to the choice of the DFT method for partial charge calculations. We characterized Zr-MOFs for their CO2 adsorption performance via high-throughput grand canonical Monte Carlo (GCMC) simulations and revealed how the chemistry of the Zr-oxide node could have a significant impact on CO2 uptake predictions. We found that the maximum CO2 uptake is obtained for structures with the heat of adsorption values >25 kJ/mol and the largest cavity diameters of ca. 6-7 Å. Finally, we introduced augmented reality (AR) visualizations as a means to bring adsorption phenomena alive in porous adsorbents and to dynamically explore gas adsorption sites in MOFs.",2022,ACS applied materials & interfaces,,LIKELY_ADVANCE_CONFIRM,,,,,,,,,
4594,TA-19,36514632,10.7759/cureus.31257,Immersive Surgical Anatomy of the Far-Lateral Approach.,"The far-lateral (FL) approach is a classic neurosurgical technique that enables access to the craniocervical junction, which includes the lower clivus, the anterior foramen magnum, and the first two cervical vertebrae. The FL approach also provides access to the inferior cranial nerves (i.e., CN IX, CN X, CN XI, and CN XII), distal portions of the vertebral artery (VA), and inferior basilar trunk. Recent advances in three-dimensional (3D) technology as well as dissections allow for a better understanding of the spatial relationships between anatomical landmarks and neurovascular structures encountered during neurosurgical procedures. This study aims to create a collection of volumetric models (VMs) obtained from cadaveric dissections that depict the FL approach's relevant anatomy and surgical techniques. We describe the relevant multilayer anatomy involved in the FL approach and discuss modifications of this approach as well. Five embalmed heads and two dry skulls were used to record and simulate the FL approach. Relevant steps and anatomy of the FL approach were recorded using 3D scanning technology (e.g., photogrammetry and structured light scanning) to construct high-resolution VMs. Images and VMs were generated to demonstrate major anatomical landmarks for the FL approach. The interactive models allow for clear visualization of the surgical anatomy and windows in 3D and extended reality, rendering a closer look at the nuances of the topography experienced in the laboratory. VMs can be valuable resources for surgical planning and anatomical education by accurately depicting important landmarks.",2022,Cureus,,LIKELY_ADVANCE_CONFIRM,,,,,,,,,
4595,TA-19,36514478,10.1049/htl2.12036,A systematic comparison of the accuracy of monocular RGB tracking and LiDAR for neuronavigation.,"With the advent of augmented reality (AR), the use of AR-guided systems in the field of medicine has gained traction. However, the wide-scale adaptation of these systems requires highly accurate and reliable tracking. In this work, the tracking accuracy of two technology platforms, LiDAR and Vuforia, are developed and rigorously tested for a catheter placement neurological procedure. Several experiments (900) are performed for each technology across various combinations of catheter lengths and insertion trajectories. This analysis shows that the LiDAR platform outperformed Vuforia; which is the state-of-the-art in monocular RGB tracking solutions. LiDAR had 75% less radial distance error and 26% less angle deviation error. Results provide key insights into the value and utility of LiDAR-based tracking in AR guidance systems.",2022,Healthcare technology letters,,LIKELY_ADVANCE_CONFIRM,,,,,,,,,
4596,TA-19,36513886,10.1007/s10278-022-00750-4,Correction: A Dedicated Tool for Presurgical Mapping of Brain Tumors and Mixed-Reality Navigation During Neurosurgery.,,2023,Journal of digital imaging,ABSTRACT_MISSING,LIKELY_ADVANCE_CONFIRM,,,,,,,,,
4597,TA-19,36511413,10.1098/rstb.2021.0443,New Approaches to 3D Vision.,"New approaches to 3D vision are enabling new advances in artificial intelligence and autonomous vehicles, a better understanding of how animals navigate the 3D world, and new insights into human perception in virtual and augmented reality. Whilst traditional approaches to 3D vision in computer vision (SLAM: simultaneous localization and mapping), animal navigation (cognitive maps), and human vision (optimal cue integration) start from the assumption that the aim of 3D vision is to provide an accurate 3D model of the world, the new approaches to 3D vision explored in this issue challenge this assumption. Instead, they investigate the possibility that computer vision, animal navigation, and human vision can rely on partial or distorted models or no model at all. This issue also highlights the implications for artificial intelligence, autonomous vehicles, human perception in virtual and augmented reality, and the treatment of visual disorders, all of which are explored by individual articles. This article is part of a discussion meeting issue 'New approaches to 3D vision'.",2023,"Philosophical transactions of the Royal Society of London. Series B, Biological sciences",,LIKELY_ADVANCE_CONFIRM,,,,,,,,,
4598,TA-19,36507017,10.3389/fpsyg.2022.1037400,Augmented reality for chemistry education to promote the use of chemical terminology in teacher trainings.,"Chemistry as a whole is divided into three levels. The macroscopic level describes real, observable phenomena of the material world. The submicroscopic level focuses on particles. The representative level includes pictorial and symbolic representations to visualize substance in its nature. Students often have problems separating these levels and conceptually transfer each of the three levels to the other. Therefore, teachers need to use chemical terminology correctly when teaching the substance-particle concept. Augmented reality (AR) connects the real and virtual worlds. The observer physically moves in a real environment that integrates virtual elements. This can be effective for learning when chemical processes that are invisible are made visible. The simultaneous presentation should avoid split attention and offers new possibilities to interactively deal with multiple external representations ((M)ER). The question arises whether AR has a positive effect on the use of technical language. With an AR app on the tablet and on the hololens, chemical processes of a real experiment are represented by AR visualizations. In this study, the chemistry terminology of chemistry teachers (N = 30) was captured using a pre-post survey. Each test includes five tasks elaborated by thinking aloud. Therefore, the AR app was piloted. The thinking-aloud protocols to acquire the use of the chemical terminology are evaluated in MAXQDA.",2022,Frontiers in psychology,,LIKELY_ADVANCE_CONFIRM,,,,,,,,,
4599,TA-19,36504953,10.3389/fpubh.2022.1040018,Extended reality as a means to enhance public health education.,"Technology has transformed the classroom and learning environments. From electronic whiteboards to tablet computers, educators now have access to a multitude of tools that enhance the learning experience. Educational technologies that rely on extended reality (XR) such as augmented and virtual reality are being used, or suggested for use, in various settings and often focus on technical fields such as medicine, dentistry, and aviation. Here, we propose that XR can be used in public health education to better prepare both undergraduate and graduate trainees for real world, complex public health scenarios that require public engagement, investigative skills, and critical decision making. Several opportunities for XR use are outlined that provide perspective on how XR can supplement traditional classroom instruction methods by providing an immersive, participatory training environment. XR offers an opportunity for public health students to gain confidence, have repeated simulated exposures in a safe and equitable environment, and build competency in critical functions they will likely perform as future public health professionals.",2022,Frontiers in public health,,LIKELY_ADVANCE_CONFIRM,,,,,,,,,
4600,TA-19,36502192,10.3390/s22239487,Design of Audio-Augmented-Reality-Based O&M Orientation Training for Visually Impaired Children.,"Orientation and Mobility training (O&M) is a specific program that teaches people with vision loss to orient themselves and travel safely within certain contexts. State-of-the-art research reveals that people with vision loss expect high-quality O&M training, especially at early ages, but the conventional O&M training methods involve tedious programs and require a high participation of professional trainers. However, there is an insufficient number of excellent trainers. In this work, we first interpret and discuss the relevant research in recent years. Then, we discuss the questionnaires and interviews we conducted with visually impaired people. On the basis of field investigation and related research, we propose the design of a training solution for children to operate and maintain direction based on audio augmented reality. We discuss how, within the perceptible scene created by EasyAR's map-aware framework, we created an AR audio source tracing training that simulates a social scene to strengthen the audiometric identification of the subjects, and then to verify the efficiency and feasibility of this scheme, we implemented the application prototype with the required hardware and software and conducted the subsequential experiments with blindfolded children. We confirm the high usability of the designed approach by analyzing the results of the pilot study. Compared with other orientation training studies, the method we propose makes the whole training process flexible and entertaining. At the same time, this training process does not involve excessive economic costs or require professional skills training, allowing users to undergo training at home or on the sports ground rather than having to go to rehabilitation sites or specified schools. Furthermore, according to the feedback from the experiments, the approach is promising in regard to gamification.",2022,"Sensors (Basel, Switzerland)",,LIKELY_ADVANCE_CONFIRM,,,,,,,,,
4601,TA-19,36502113,10.3390/s22239411,Path Generator with Unpaired Samples Employing Generative Adversarial Networks.,"Interactive technologies such as augmented reality have grown in popularity, but specialized sensors and high computer power must be used to perceive and analyze the environment in order to obtain an immersive experience in real time. However, these kinds of implementations have high costs. On the other hand, machine learning has helped create alternative solutions for reducing costs, but it is limited to particular solutions because the creation of datasets is complicated. Due to this problem, this work suggests an alternate strategy for dealing with limited information: unpaired samples from known and unknown surroundings are used to generate a path on embedded devices, such as smartphones, in real time. This strategy creates a path that avoids virtual elements through physical objects. The authors suggest an architecture for creating a path using imperfect knowledge. Additionally, an augmented reality experience is used to describe the generated path, and some users tested the proposal to evaluate the performance. Finally, the primary contribution is the approximation of a path produced from a known environment by using an unpaired dataset.",2022,"Sensors (Basel, Switzerland)",,LIKELY_ADVANCE_CONFIRM,,,,,,,,,
4602,TA-19,36496588,10.3390/foods11233780,Deconstructing Immersion in the Experience Economy Framework for Immersive Dining Experiences through Mixed Reality.,"In this study, we test the immersive character in an interactive content narrative developed for Microsoft HoloLens 2 mixed reality glasses in the dining context. We use retrospective think aloud protocol (RTAP) and galvanic skin response (GSR) to explore different types of immersion that can be created through interactive content narratives. Leaning on the core dimensions of the experience economy, we expand the current understanding on the role of immersion through integration of four immersive experience facilitators. The study revealed that these immersive experience facilitators occur simultaneously and can be enhanced through interactive content narrative design. Perceived novelty and curiosity were identified as key determinants to keep consumers engaged in the immersive experience and engage with the content. The study verifies the use of galvanic skin response in combination with retrospective think aloud protocol as a suitable approach to measure emotional engagement potential in interpreting consumers' recollection of immersive experiences.",2022,"Foods (Basel, Switzerland)",,LIKELY_ADVANCE_CONFIRM,,,,,,,,,
4603,TA-19,36494668,10.1186/s12984-022-01101-8,Naturalistic visualization of reaching movements using head-mounted displays improves movement quality compared to conventional computer screens and proves high usability.,"The relearning of movements after brain injury can be optimized by providing intensive, meaningful, and motivating training using virtual reality (VR). However, most current solutions use two-dimensional (2D) screens, where patients interact via symbolic representations of their limbs (e.g., a cursor). These 2D screens lack depth cues, potentially deteriorating movement quality and increasing cognitive load. Head-mounted displays (HMDs) have great potential to provide naturalistic movement visualization by incorporating improved depth cues, reduce visuospatial transformations by rendering movements in the space where they are performed, and preserve eye-hand coordination by showing an avatar-with immersive VR (IVR)-or the user's real body-with augmented reality (AR). However, elderly populations might not find these novel technologies usable, hampering potential motor and cognitive benefits. We compared movement quality, cognitive load, motivation, and system usability in twenty elderly participants (>59 years old) while performing a dual motor-cognitive task with different visualization technologies: IVR HMD, AR HMD, and a 2D screen. We evaluated participants' self-reported cognitive load, motivation, and usability using questionnaires. We also conducted a pilot study with five brain-injured patients comparing the visualization technologies while using an assistive device. Elderly participants performed straighter, shorter duration, and smoother movements when the task was visualized with the HMDs than screen. The IVR HMD led to shorter duration movements than AR. Movement onsets were shorter with IVR than AR, and shorter for both HMDs than the screen, potentially indicating facilitated reaction times due to reduced cognitive load. No differences were found in the questionnaires regarding cognitive load, motivation, or usability between technologies in elderly participants. Both HMDs proved high usability in our small sample of patients. HMDs are a promising technology to be incorporated into neurorehabilitation, as their more naturalistic movement visualization improves movement quality compared to conventional screens. HMDs demonstrate high usability, without decreasing participants' motivation, and might potentially lower cognitive load. Our preliminary clinical results suggest that brain-injured patients may especially benefit from more immersive technologies. However, larger patient samples are needed to draw stronger conclusions.*.",2022,Journal of neuroengineering and rehabilitation,,LIKELY_ADVANCE_CONFIRM,,,,,,,,,
4604,TA-19,36482468,10.1186/s12984-022-01100-9,Augmented reality for stroke rehabilitation during COVID-19.,"The lack of the rehabilitation professionals is a global issue and it is becoming more serious during COVID-19. An Augmented Reality Rehabilitation System (AR Rehab) was developed for virtual training delivery. The virtual training was integrated into the participants' usual care to reduce the human trainers' effort so that the manpower scarcity can be eased. This also resulted in the reduction of the contact rate in pandemics. To investigate the feasibility of the AR Rehab-based virtual training when integrated into the usual care in a real-world pandemic setting, by answering questions of whether the integrated trials can help fulfill the training goal and whether the trials can be delivered when resources are limited because of COVID-19. Chronic stroke participants were randomly assigned to either a centre-based group (AR-Centre) or a home-based group (AR-Home) for a trial consisting of 20 sessions delivered in a human-machine integrated intervention. The trial of the AR-Centre was human training intensive with 3/4 of each session delivered by human trainers (PTs/OTs/Assistants) and 1/4 delivered by the virtual trainer (AR Rehab). The trial of the AR-Home was virtual training intensive with 1/4 and 3/4 of each session delivered by human and virtual trainers, respectively. Functional assessments including Fugl-Meyer Assessment for Upper Extremity (FMA-UE) and Lower Extremity (FMA-LE), Functional Ambulation Category (FAC), Berg Balance Scale (BBS), Barthel Index (BI) of Activities of Daily Living (ADL), and Physical Component Summary (SF-12v2 PCS) and Mental Component Summary (SF-12v2 MCS) of the 12-Item Short Form Health Survey (SF-12v2), were conducted before and after the intervention. User experience (UX) using questionnaires were collected after the intervention. Time and human resources required to deliver the human and virtual training, respectively, and the proportion of participants with clinical significant improvement were also used as supplementary measures. There were 129 patients from 10 rehabilitation centres enrolled in the integrated program with 39 of them were selected for investigation. Significant functional improvement in FMA-UE (AR-Centre: p = 0.0022, AR-Home: p = 0.0043), FMA-LE (AR-Centre: p = 0.0007, AR-Home: p = 0.0052), SF-12v2 PCS (AR-Centre: p = 0.027, AR-Home: p = 0.036) were observed in both groups. Significant improvement in balance ability (BBS: p = 0.0438), and mental components (SF-12v2 MCS: p = 0.017) were found in AR-Centre group, while activities of daily living (BI: p = 0.0007) was found in AR-Home group. Contact rate was reduced by 30.75-72.30% within AR-All, 0.00-60.00% within AR-Centre, and 75.00-90.00% within AR-Home. The human-machine integrated mode was effective and efficient to reduce the human rehabilitation professionals' effort while fulfilling the training goals. It eased the scarcity of manpower and reduced the contact rate during the pandemics.",2022,Journal of neuroengineering and rehabilitation,,LIKELY_ADVANCE_CONFIRM,,,,,,,,,
4605,TA-19,36479700,10.1002/jdd.13151,A pilot study of local anesthesia training using a mixed-reality haptic fidelity model.,"One of the most difficult local anesthetic blocks to master in dentistry is the inferior alveolar nerve block (IANB). Historically, dental students have practiced local anesthesia on one another. At the University of Colorado, these practice sessions have been limited to one required laboratory session. The predictability and confidence of student IANB success have not been high in the past. Therefore, the objective of this study was to investigate the impact of a novel IANB simulator, built on a three dimensional (3D)-printed mixed-reality haptic model, for second-year dental students to practice on prior to their laboratory session. Thirty-nine student participants volunteered to practice with the IANB simulator. Participants were divided into two groups, Group A and Group B. Self-reported confidence and injection-specific accuracy were measured during IANB simulator practice and the laboratory session. During lab, partner numbness was assessed as a measure of IANB success. Groups A (n = 20) and B (n = 19) practiced with the simulator before and after laboratory, respectively. Injection domains were not assessed during Group B's practice with the IANB simulator. Self-reported confidence increased for both groups (p < 0.001). However, for anesthetic success, Group A exhibited significantly greater success (52.6%) than Group B (17.6%) (p = 0.029). Self-reported confidence in performing an IANB improved and higher anesthetic success was achieved for Group A. Further investigation is necessary to determine the long-term impact of using the IANB simulator in dental education.",2023,Journal of dental education,,LIKELY_ADVANCE_CONFIRM,,,,,,,,,
4606,TA-19,36472903,10.2196/40727,"A Novel Scenario-Based, Mixed-Reality Platform for Training Nontechnical Skills of Battlefield First Aid: Prospective Interventional Study.","Although battlefield first aid (BFA) training shares many common features with civilian training, such as the need to address technical skills and nontechnical skills (NTSs), it is more highly scenario-dependent. Studies into extended reality show clear benefits in medical training; however, the training effects of extended reality on NTSs, including teamwork and decision-making in BFA, have not been fully proven. The current study aimed to create and test a scenario-based, mixed-reality platform suitable for training NTSs in BFA. First, using next-generation modeling technology and an animation synchronization system, a 10-person offensive battle drill was established. Decision-making training software addressing basic principles of tactical combat casualty care was constructed and integrated into the scenarios with Unreal Engine 4 (Epic Games). Large-space teamwork and virtual interaction systems that made sense in the proposed platform were developed. Unreal Engine 4 and software engineering technology were used to combine modules to establish a mixed-reality BFA training platform. A total of 20 Grade 4 medical students were recruited to accept BFA training with the platform. Pretraining and posttraining tests were carried out in 2 forms to evaluate the training effectiveness: one was knowledge acquisition regarding the NTS and the other was a real-world, scenario-based test. In addition, the students were asked to rate their agreement with a series of survey items on a 5-point Likert scale. A battlefield geographic environment, tactical scenarios, scenario-based decision software, large-space teamwork, and virtual interaction system modules were successfully developed and combined to establish the mixed-reality training platform for BFA. The posttraining score of the students' knowledge acquisition was significantly higher than that of pretraining (t=-12.114; P≤.001). Furthermore, the NTS score and the total score that the students obtained in the real-world test were significantly higher than those before training (t=-17.756 and t=-21.354, respectively; P≤.001). However, there was no significant difference between the scores of technical skills that the students obtained before and after training. A posttraining survey revealed that the students found the platform helpful in improving NTSs for BFA, and they were confident in applying BFA skills after training. However, most trainees thought that the platform was not helpful for improving the technical skills of BFA, and 45% (9/20) of the trainees were not satisfied with the simulation effect. A scenario-based, mixed-reality platform was constructed in this study. In this platform, interaction of the movement of multiple players in a large space and the interaction of decision-making by the trainees between the real world and the virtual world were accomplished. The platform could improve the NTSs of BFA. Future works, including improvement of the simulation effects and development of a training platform that could effectively improve both the technical skills and NTSs of BFA, will be carried out.",2022,JMIR serious games,,LIKELY_ADVANCE_CONFIRM,,,,,,,,,
4607,TA-19,36468075,10.3389/fsurg.2022.1018030,"Augmented reality hologram combined with pre-bent distractor enhanced the accuracy of distraction vector transfer in maxillary distraction osteogenesis, a study based on 3D printed phantoms.","Vector control is a significant concern in maxillary distraction osteogenesis (DO). Distraction vector planning on the patient's 3D-printed skull phantom is more intuitive for surgeons and cost-efficient than virtual surgical planning. However, the accuracy of transferring the planned vector to intraoperative (vector transfer) according to the shape of the pre-bent footplate alone is relatively limited. The application of augmented reality (AR) in surgical navigation has been studied for years. However, few studies have focused on its role in maxillary DO vector transfer. This study aimed to evaluate the accuracy of AR surgical navigation combined with the pre-bent distractor in vector transfer by comparing it with the pre-bent distractor alone. Ten patients with maxillary hypoplasia were enrolled with consent, and three identical 3D-printed skull phantoms were manufactured based on per patient's corresponding pre-operative CT data. Among these, one phantom was for pre-operative planning (n = 10), while and the other two were for the AR+Pre-bending group (n = 10) and the Pre-bending group (n = 10) for the experimental surgery, respectively. In the Pre-bending group, the distraction vector was solely determined by matching the shape of footplates and maxillary surface. In the AR+Pre-bending group, the distractors were first confirmed to have no deformation. Then AR surgical navigation was applied to check and adjust the vector in addition to the steps as in the Pre-bending Group. For the angular deviation of the distraction vector, the AR+Pre-bending group was significantly smaller than the Pre-bending group in spatial (p < 0.001), x-y plane (p = 0.002), and y-z plane (p < 0.001), and there were no significant differences in the x-z plane (p = 0.221). The AR+Pre-bending group was more accurate in deviations of the Euclidean distance (p = 0.004) and the y-axis (p = 0.011). In addition, the AR+Pre-bending group was more accurate for the distraction result. In this study based on 3D printed skull phantoms, the AR surgical navigation combined with the pre-bent distractor enhanced the accuracy of vector transfer in maxillary DO, compared with the pre-bending technique alone.",2022,Frontiers in surgery,,LIKELY_ADVANCE_CONFIRM,,,,,,,,,
4608,TA-19,36467709,10.1007/s00779-022-01699-5,Re-invigorating the photo album: augmenting printed photobooks with digital media.,"The photo album emerged in the late 1800s as place to collect portrait photos of visitors to a home, and was later appropriated by Kodak as a visual chronology of family history. With digital photography, the album has largely been replaced by online repositories of images shared on social media, and the selective printing of photobooks. In this paper, we present a 'next-generation paper' authoring system for annotating photobooks with multimedia content viewed on a nearby smartphone. We also report the results of a trial of this system, by nine travellers who used it to make augmented photobooks following a trip. These findings show that the augmented physical-and-digital photobook can heighten awareness of the multisensory aspects of travel, enrich memories, and enhance social interaction around photos. The social and technical implications for the future of the photo album are discussed.",2023,Personal and ubiquitous computing,,PRIORITY_VERIFY,,,,,,,,,
4609,TA-19,36466346,10.3389/fbioe.2022.974021,Assessment of a novel patient-specific 3D printed multi-material simulator for endoscopic sinus surgery.,"Background: Three-dimensional (3D) printing is an emerging tool in the creation of anatomical models for surgical training. Its use in endoscopic sinus surgery (ESS) has been limited because of the difficulty in replicating the anatomical details. Aim: To describe the development of a patient-specific 3D printed multi-material simulator for use in ESS, and to validate it as a training tool among a group of residents and experts in ear-nose-throat (ENT) surgery. Methods: Advanced material jetting 3D printing technology was used to produce both soft tissues and bony structures of the simulator to increase anatomical realism and tactile feedback of the model. A total of 3 ENT residents and 9 ENT specialists were recruited to perform both non-destructive tasks and ESS steps on the model. The anatomical fidelity and the usefulness of the simulator in ESS training were evaluated through specific questionnaires. Results: The tasks were accomplished by 100% of participants and the survey showed overall high scores both for anatomy fidelity and usefulness in training. Dacryocystorhinostomy, medial antrostomy, and turbinectomy were rated as accurately replicable on the simulator by 75% of participants. Positive scores were obtained also for ethmoidectomy and DRAF procedures, while the replication of sphenoidotomy received neutral ratings by half of the participants. Conclusion: This study demonstrates that a 3D printed multi-material model of the sino-nasal anatomy can be generated with a high level of anatomical accuracy and haptic response. This technology has the potential to be useful in surgical training as an alternative or complementary tool to cadaveric dissection.",2022,Frontiers in bioengineering and biotechnology,,PRIORITY_VERIFY,,,,,,,,,
4610,TA-19,36465415,10.1007/s10639-022-11434-5,Virtual field trips in hydrological field laboratories: The potential of virtual reality for conveying hydrological engineering content.,"With the start of the COVID-19 pandemic and the resulting contact restrictions, conducting field trips to hydrological research basins became close to impossible. Hydrological field knowledge is an essential part of hydrological education and research. In order to impart this knowledge to students of hydrological engineering subjects in times or situations where on-site exploration is not possible, the VR4Hydro tool was developed. VR4Hydro is a virtual reality platform built from 360° panoramas that allows users to interactively explore the Gersprenz River basin in Germany. The following study seeks to investigate the applicability of performing virtual field trips in the context of hydrological education by evaluating user experience. Sixteen students of the subject engineering hydrology were asked to document their experiences with VR4Hydro using a qualitative approach by answering a series of multiple-choice questions as well as long-answer text questions. The analysis and discussion of the results showed that virtual excursions generally met with great interest among users. The majority rated the virtual tour as a valuable addition to traditional teaching methods. All students found the tool particularly appealing in cases where external circumstances did not allow for a real excursion. The findings of this study show that the application of virtual field trips (VFT) in hydrological engineering can be a valuable supplement to real field trips to improve the interest and learning outcome of students.",2023,Education and information technologies,,PRIORITY_VERIFY,,,,,,,,,
4611,TA-19,36460844,10.1007/978-3-031-13021-2_2,"Emerging Imaging Techniques in Anatomy: For Teaching, Research and Clinical Practice.","Visualisation plays a key role in anatomy, where the depiction of gross anatomical structures is essential in understanding and conceptualising content during research and medical teaching. Technology has allowed us to utilise imaging techniques for the visualisation of anatomical features, pathology and correlating physiological functions in a non-invasive manner which is atypical to traditional forms of anatomical investigation. These imaging methods develop integration between anatomy and clinically oriented medical study as well as biomechanics. The progressive research in anatomy can benefit from the vast field of biomechanics which allows for precise and conclusive results regarding the biomechanical integrity of anatomical structures and allows for intricate planning of procedures. 3D imaging techniques have enhanced the modelling of internal structures which are especially essential when implemented as diagnostic tools. An integration of these modalities into medical training accommodates for a more clinically orientated and immediate visualisation as produced when utilising ultrasound imaging which has the added advantage of 3D modelling and manipulation. Immersive technology has revolutionised teaching and learning particularly during the new age of hybrid education. Visualisation in anatomy has many clinical and educational applications which can optimise research, create interactive learning experiences and aid medical practise.",2023,Advances in experimental medicine and biology,,PRIORITY_VERIFY,,,,,,,,,
4612,TA-19,36459607,10.1109/TVCG.2022.3225844,Vox-Surf: Voxel-Based Implicit Surface Representation.,"Virtual content creation and interaction play an important role in modern 3D applications. Recovering detailed 3D models from real scenes can significantly expand the scope of its applications and has been studied for decades in the computer vision and computer graphics community. In this work, we propose Vox-Surf, a voxel-based implicit surface representation. Our Vox-Surf divides the space into finite sparse voxels, where each voxel is a basic geometry unit that stores geometry and appearance information on its corner vertices. Due to the sparsity inherited from the voxel representation, Vox-Surf is suitable for almost any scene and can be easily trained end-to-end from multiple view images. We utilize a progressive training process to gradually cull out empty voxels and keep only valid voxels for further optimization, which greatly reduces the number of sample points and improves inference speed. Experiments show that our Vox-Surf representation can learn fine surface details and accurate colors with less memory and faster rendering than previous methods. The resulting fine voxels can also be considered as the bounding volumes for collision detection, which is useful in 3D interactions. We also show the potential application of Vox-Surf in scene editing and augmented reality. The source code is publicly available at https://github.com/zju3dv/Vox-Surf.",2024,IEEE transactions on visualization and computer graphics,,LIKELY_ADVANCE_CONFIRM,,,,,,,,,
4613,TA-19,36457082,10.1186/s12891-022-06013-1,Augmented reality-assisted systematic mapping of anterolateral thigh perforators.,"In soft tissue reconstructive surgery, perforator localization and flap harvesting have always been critical challenges, but augmented reality (AR) has become a dominant technology to help map perforators. The lateral circumflex femoral artery (LCFA) and its perforators were reconstructed by CTA in consecutive patients (N = 14). Then, the anterolateral thigh perforators and the points from which the perforators emerged from the deep fascia were marked and projected onto the skin surface. As the virtual images were projected onto patients according to bony markers, the courses of the LCFA and its perforators were depicted on the skin surface for intraoperative guidance. Finally, the locations of the emergence points were verified by intraoperative findings and compared to those determined by handheld Doppler ultrasound. The sources, locations, and numbers of perforators were determined by CTA. The perforators and their emergence points were accurately mapped on the skin surface by a portable projector to harvest the anterolateral thigh perforator flap. During the operation, the accuracy of the CTA & AR method was 90.2% (37/41), and the sensitivity reached 97.4% (37/38), which were much higher than the corresponding values of Doppler ultrasound. Additionally, the differences between the AR-marked points and the intraoperative findings were much smaller than those seen with Doppler ultrasound (P < 0.001). Consequently, all of the flaps were well designed and survived, and only one complication occurred. Augmented reality, namely, CTA combined with projection in this study, plays a vital and reliable role in locating the perforator emergence points and guiding the procedure to harvest flaps and has fewer potential risks.",2022,BMC musculoskeletal disorders,,LIKELY_ADVANCE_CONFIRM,,,,,,,,,
4614,TA-19,36456113,10.14444/8274,Visible Light Navigation in Spine Surgery: My Experience With My First 150 Cases.,"Technological innovations have revolutionized spine surgery. There are a variety of image-guidance systems and navigation options including robotics and augmented reality. These devices provide the opportunity for increased safety and efficiency in surgery. There are advantages and disadvantages to each approach to spinal instrumentation. In this article, the author reviews his experience with visible light navigation using a 7-dimensional (7D) machine vision system and reviews the use, strengths, and weaknesses of this method of spinal navigation.This study is a retrospective cohort investigation of 150 consecutive patients who underwent spinal instrumentation placement utilizing visible light navigation. The objective was to determine the utility of the navigation system and its strengths and weaknesses as well as to assess patient safety when screw placement is performed with visible light navigation in place of C-arm localization. Visible light navigation was found to be effective and efficient, enhancing screw placement and decreasing surgical time. There were no complications in this series of patients and no instances of symptomatic screw malposition.",2022,International journal of spine surgery,,LIKELY_ADVANCE_CONFIRM,,,,,,,,,
4615,TA-19,36454316,10.1089/tmj.2022.0360,Real-Time Interactive Digital Health Care System for Postoperative Breast Cancer Patients: A Randomized Controlled Trial.,"Introduction: Limited range of motion (ROM) of the shoulder occurs commonly after breast cancer surgery, resulting in reduced quality of life and difficulty with activities of daily living. Physical exercise is effective in postoperative breast cancer patients, but no study has assessed the effects of augmented reality (AR)-based telerehabilitation. Therefore, this study aimed to investigate the effect of hospital-home linked rehabilitation therapy using an AR-based digital health care system (UINCARE Home+) in postoperative patients with breast cancer. Methods: This study was a prospective, multicenter, assessor-blinded, randomized controlled trial. Patients who underwent breast cancer surgery were assigned to either the UINCARE Home+ (intervention) group or the brochure-based home rehabilitation (control) group for an 8-week intervention. The study outcomes were the change in ROM of the affected shoulder, pain in the affected shoulder (Numerical Rating Scale [NRS]), functional outcomes (Disabilities of the Arm, Shoulder, and Hand questionnaire [QuickDASH] score), and quality of life (Functional Assessment of Cancer Therapy-Breast [FACT-B] and EuroQoL 5-Dimension 5-Level [EQ-5D-5L] scores), all of which were measured at enrollment and at 4, 8, and 12 weeks thereafter. Results: A total of 100 participants were enrolled in the study (n = 50 in each groups). In both groups, active and passive ROM, NRS, and the QuickDASH, FACT-B, and EQ-5D-5L scores showed significant improvements from baseline to 12 weeks (p < 0.001), but no group differences were detected. Discussion: A home-based exercise program with an AR system improved shoulder dysfunction in breast cancer patients and could be used in conjunction with a traditional hospital-based rehabilitation program. Trial Registration: ClinicalTrials.gov ID: NCT04316156.",2023,Telemedicine journal and e-health : the official journal of the American Telemedicine Association,,LIKELY_ADVANCE_CONFIRM,,,,,,,,,
4616,TA-19,36454187,10.1089/soro.2021.0209,A Flexible Iontronic Capacitive Sensing Array for Hand Gesture Recognition Using Deep Convolutional Neural Networks.,"Hand gesture recognition, one of the most popular research topics in human-machine interaction, is extensively used in visual and augmented reality, sign language translation, prosthesis control, and so on. To improve the flexibility and interactivity of wearable gesture sensing interfaces, flexible electronic systems for gesture recognition have been widely studied. However, these systems are limited in terms of wearability, stability, scalability, and robustness. Herein, we report a flexible wearable hand gesture recognition system that is based on an iontronic capacitive pressure sensing array and deep convolutional neural networks. The entire capacitive array is integrated into a flexible silicone wristband and can be comfortably and conveniently wrapped around the wrist. The pressure sensing array, which is composed of an iontronic film sandwiched between two flexible screen-printed electrode arrays, exhibits a high sensitivity (775.8 kPa-1), fast response time (65 ms), and high durability (over 6000 cycles). Image processing techniques and deep convolutional neural networks are applied for sensor signal feature extraction and hand gesture recognition. Several contexts such as intertrial test (average accuracy of 99.9%), intersession rewearing (average accuracy of 93.2%), electrode shift (average accuracy of 83.2%), and different arm positions during measurement (average accuracy of 93.1%) are evaluated.",2023,Soft robotics,,LIKELY_ADVANCE_CONFIRM,,,,,,,,,
4617,TA-19,36448618,10.1177/15533506221142960,Can a Wireless Full-HD Head Mounted Display System Improve Knee Arthroscopy Performance? - A Randomized Study Using a Knee Simulator.,"Our prototype wireless full-HD Augmented Reality Head-Mounted Display (AR-HMD) aims to eliminate surgeon head turning and reduce theater clutter. Learning and performance versus TV Monitors (TVM) is evaluated in simulated knee arthroscopy. 19 surgeons and 19 novices were randomized into either the control group (A) or intervention group (B) and tasked to perform 5 simulated loose-body retrieval procedures on a bench-top knee arthroscopy simulator. A cross-over study design was adopted whereby subjects alternated between devices during trials 1-3, deemed the ""Unfamiliar"" phase, and then used the same device consecutively in trials 4-5, to assess performance in a more ""Familiarized"" state. Measured outcomes were time-to-completion and incidence of bead drops. In the unfamiliar phase, HMD had 67% longer mean time-to-completion than TVM (194.7 ± 152.6s vs 116.7 ± 78.7s, P < .001). Once familiarized, HMD remained inferior to TVM, with 48% longer completion times (133.8 ± 123.3s vs 90.6 ± 55s, P = .052). Cox regression revealed device type (OR = 0.526, CI 0.391-0.709, P < .001) and number of procedure repetitions (OR = 1.186, CI 1.072-1.311, P = .001) are significantly and independently related to faster time-to-completion. However, experience is not a significant factor (OR = 1.301, CI 0.971-1.741, P = .078). Bead drops were similar between the groups in both unfamiliar (HMD: 27 vs TVM: 22, P = .65) and familiarized phases (HMD: 11 vs TVM: 17, P = .97). Arthroscopic procedures continue to be better performed under conventional TVM. However, similar quality levels can be reached by HMD when given more time. Given the theoretical advantages, further research into improving HMD designs is advocated.",2023,Surgical innovation,,LIKELY_ADVANCE_CONFIRM,,,,,,,,,
4618,TA-19,36443623,10.1007/s13760-022-02147-0,The effects of augmented and virtual reality gait training on balance and gait in patients with Parkinson's disease.,"Augmented reality (AR) and virtual reality (VR) facilitate motor learning by enabling the practice of task-specific activities in a rich environment. Therefore, AR and VR gait training may improve balance and gait in Parkinson's Disease (PD). Thirty patients with PD were randomly divided into study (n = 15) and control (n = 15) groups. The study group was given AR and VR gait training combined with conventional training. The control group was given conventional training only. The training was applied to both groups 3 days a week for 6 weeks. Motor symptoms with the Unified Parkinson Disease Rating Scale-Motor Examination (UPDRS-III), balance with posturography and Berg Balance Scale (BBS), perceived balance confidence with Activity-Specific Balance Confidence Scale (ABC), gait with spatio-temporal gait analysis, and functional mobility with Timed Up and Go Test (TUG) were assessed. At the end of the study; UPDRS-III, posturography measurements, BBS, ABC, spatio-temporal gait parameters, and TUG improved in the study group (p < 0.05), while BBS, ABC, and only spatial gait parameters (except for step width) improved in the control group (p < 0.05). There was no change in posturography measurement, temporal gait parameters, and TUG in control group (p > 0.05). When the developed parameters in both groups were compared, the amount of improvement in BBS and ABC was found similar (p > 0.05), while the improvement in the other parameters was found higher in the study group (p < 0.05). It was concluded that AR and VR gait training provides the opportunity to practice walking with different tasks in increasingly difficult environments, thus improving balance and walking by facilitating motor learning.",2023,Acta neurologica Belgica,,LIKELY_ADVANCE_CONFIRM,,,,,,,,,
4619,TA-19,36442856,10.1002/advs.202205588,Meniscus-Guided Micro-Printing of Prussian Blue for Smart Electrochromic Display.,"Using energy-saving electrochromic (EC) displays in smart devices for augmented reality makes cost-effective, easily producible, and efficiently operable devices for specific applications possible. Prussian blue (PB) is a metal-organic coordinated compound with unique EC properties that limit EC display applications due to the difficulty in PB micro-patterning. This work presents a novel micro-printing strategy for PB patterns using localized crystallization of FeFe(CN)6 on a substrate confined by the acidic-ferric-ferricyanide ink meniscus, followed by thermal reduction at 120 °C, thereby forming PB. Uniform PB patterns can be obtained by manipulating printing parameters, such as the concentration of FeCl3 ·K3 Fe(CN)6 , printing speed, and pipette inner diameter. Using a 0.1 M KCl (pH 4) electrolyte, the printed PB pattern is consistently and reversibly converted to Prussian white (CV potential range: -0.2-0.5 V) with 200 CV cycles. The PB-based EC display with a navigation function integrated into a smart contact lens is able to display directions to a destination to a user by receiving GPS coordinates in real time. This facile method for forming PB micro-patterns could be used for advanced EC displays and various functional devices.",2023,"Advanced science (Weinheim, Baden-Wurttemberg, Germany)",,LIKELY_ADVANCE_CONFIRM,,,,,,,,,
4620,TA-19,36442536,10.1016/j.joms.2022.10.017,Computer-Assisted Preoperative Simulation and Augmented Reality for Extraction of Impacted Supernumerary Teeth: A Clinical Case Report of Two Cases.,"Delayed eruption, malocclusion, poor oral hygiene, and formation of follicular cysts are some complications associated with an impacted supernumerary tooth (ST). Although surgical extraction is one of the methods to prevent these complications, it can also lead to fractured roots or has a risk of permanent injury to young teeth and gingiva. Recently, computer-assisted preoperative simulation has been helpful in planning the surgery for precise extraction of impacted ST guided with 3-dimensional images. Herein, we present 2 cases of extraction of severely impacted ST guided by preoperative computer-assisted simulation and intraoperative augmented reality. While being minimally invasive, the augmented reality-guided system can precisely highlight the tooth position. The therapeutic aspects of these procedures have also been discussed.",2023,Journal of oral and maxillofacial surgery : official journal of the American Association of Oral and Maxillofacial Surgeons,,LIKELY_ADVANCE_CONFIRM,,,,,,,,,
4621,TA-19,36440160,10.1021/acsomega.2c04655,A Sensor-Integrated Face Mask Using Au@SnO2 Nanoparticle Modified Fibers and Augmented Reality Technology.,"In this work, we develop a wireless sensor-integrated face mask using Au@SnO2 nanoparticle-modified conductive fibers based on augmented reality (AR) technology. AR technology enables the overlay of real objects and environments with virtual 3D objects and allows virtual interactions with real objects to create desired meanings. With the help of the AR system, the size of the mask could be precisely estimated and then manufactured using 3D printing technology. The body temperature sensor and respiratory sensor were integrated into the mask so that vital parameters of the human body could be continuously monitored without removing the personal protective equipment. Furthermore, the outer part of the mask consists of conductive fabric modified with Au@SnO2 core-shell nanoparticle additives, which enhanced the filtration efficiency of airborne aerosols. A significant improvement in the filtration efficiency of particulate matter 2.5 was observed after applying an external voltage to the conductive textiles. A smartwatch with a heart rate sensor was paired with the mask to display sensor data on the mask through wireless transmission. Therefore, this sensor-integrated mask system with AR technology provides the first line of defense to combat global threats from pathogens and air pollutants.",2022,ACS omega,,LIKELY_ADVANCE_CONFIRM,,,,,,,,,
4622,TA-19,36439013,10.4103/jehp.jehp_1798_21,The effect of modern technology app on the self-regulation skills of students with disabilities.,"Augmented reality (AR) is capable of facilitating constructive learning through the provision of a learner-centered environment, making for more flexible learning and providing a more distinct experience of learning. AR technology has a significant influence on the teaching approach provided to students with learning disabilities, particularly on their level of self-regulation, and this premise is what motivated the present study. The research is a quasi-experimental study that adopted a pre- and post-test control group design, involving 24 students who have disabilities. The students were divided into AR group and control group, and data were then exposed to the descriptive statistics and paired sample t test. The results showed that AR technology has a significant effect on the enhancement of the self-regulation of students with learning disabilities. The study indicated a significant effect of AR app on the self-regulation skills of students. The study, therefore, encouraged decision academicians to implement technology approaches in the disability setting.",2022,Journal of education and health promotion,,LIKELY_ADVANCE_CONFIRM,,,,,,,,,
4623,TA-19,36437814,10.1155/2022/9835620,Retracted: Clinical and Imaging Analysis of Cerebral Infarction Caused by Spontaneous Cerebral Artery Dissection Based on Augmented Reality Technology.,[This retracts the article DOI: 10.1155/2021/6671121.].,2022,Journal of healthcare engineering,,LIKELY_ADVANCE_CONFIRM,,,,,,,,,
4624,TA-19,36433528,10.3390/s22228931,The Dynamic Target Motion Perception Mechanism of Tactile-Assisted Vision in MR Environments.,"In the mixed reality (MR) environment, the task of target motion perception is usually undertaken by vision. This approach suffers from poor discrimination and high cognitive load when the tasks are complex. This cannot meet the needs of the air traffic control field for rapid capture and precise positioning of the dynamic targets in the air. Based on this problem, we conducted a multimodal optimization study on target motion perception judgment by controlling the hand tactile sensor to achieve the use of tactile sensation to assist vision in MR environment. This allows it to adapt to the requirements of future development-led interactive tasks under the mixed reality holographic aviation tower. Motion perception tasks are usually divided into urgency sensing for multiple targets and precise position tracking for single targets according to the number of targets and task division. Therefore, in this paper, we designed experiments to investigate the correlation between tactile intensity-velocity correspondence and target urgency, and the correlation between the PRS (position, rhythm, sequence) tactile indication scheme and position tracking. We also evaluated it through comprehensive experiment. We obtained the following conclusions: (1) high, higher, medium, lower, and low tactile intensities would bias human visual cognitive induction to fast, faster, medium, slower, and slow motion targets. Additionally, this correspondence can significantly improve the efficiency of the participants' judgment of target urgency; (2) under the PRS tactile indication scheme, position-based rhythm and sequence cues can improve the judgment effect of human tracking target dynamic position, and the effect of adding rhythm cues is better. However, when adding rhythm and sequence cues at the same time, it can cause clutter; (3) tactile assisted vision has a good improvement effect on the comprehensive perception of dynamic target movement. The above findings are useful for the study of target motion perception in MR environments and provide a theoretical basis for subsequent research on the cognitive mechanism and quantitative of tactile indication in MR environment.",2022,"Sensors (Basel, Switzerland)",,LIKELY_ADVANCE_CONFIRM,,,,,,,,,
4625,TA-19,36433353,10.3390/s22228756,Digitizing a Therapeutic: Development of an Augmented Reality Dual-Task Training Platform for Parkinson's Disease.,"Augmented reality (AR) may be a useful tool for the delivery of dual-task training. This manuscript details the development of the Dual-task Augmented Reality Treatment (DART) platform for individuals with Parkinson's disease (PD) and reports initial feasibility, usability, and efficacy of the DART platform in provoking dual-task interference in individuals with PD. The DART platform utilizes the head-mounted Microsoft HoloLens2 AR device to deliver concurrent motor and cognitive tasks. Biomechanical metrics of gait and cognitive responses are automatically computed and provided to the supervising clinician. To assess feasibility, individuals with PD (N = 48) completed a bout of single-task and dual-task walking using the DART platform. Usability was assessed by the System Usability Scale (SUS). Dual-task interference was assessed by comparing single-task walking and walking during an obstacle course while performing a cognitive task. Average gait velocity decreased from 1.06 to 0.82 m/s from single- to dual-task conditions. Mean SUS scores were 81.3 (11.3), which placed the DART in the ""good"" to ""excellent"" category. To our knowledge, the DART platform is the first to use a head-mounted AR system to deliver a dual-task paradigm and simultaneously provide biomechanical data that characterize cognitive and motor performance. Individuals with PD were able to successfully use the DART platform with satisfaction, and dual-task interference was provoked. The DART platform should be investigated as a platform to treat dual-task declines associated with PD.",2022,"Sensors (Basel, Switzerland)",,LIKELY_ADVANCE_CONFIRM,,,,,,,,,
4626,TA-19,36433181,10.3390/s22228585,Collection of a Continuous Long-Term Dataset for the Evaluation of Wi-Fi-Fingerprinting-Based Indoor Positioning Systems.,"Indoor positioning and navigation have been attracting interest from the research community for quite some time. Nowadays, new fields, such as the Internet of Things, Industry 4.0, and augmented reality, are increasing the demand for indoor positioning solutions capable of delivering specific positioning performances not only in simulation but also in the real world; hence, validation in real-world environments is essential. However, collecting real-world data is a time-consuming and costly endeavor, and many research teams lack the resources to perform experiments across different environments, which are required for high-quality validation. Publicly available datasets are a solution that provides the necessary resources to perform this type of validation and to promote research work reproducibility. Unfortunately, for different reasons, and despite some initiatives promoting data sharing, the number and diversity of datasets available are still very limited. In this paper, we introduce and describe a new public dataset which has the unique characteristic of being collected over a long period (2+ years), and it can be used for different Wi-Fi-based positioning studies. In addition, we also describe the solution (Wireless Sensor Network (WSN) + mobile unit) developed to collect this dataset, allowing researchers to replicate the method and collect similar datasets in other spaces.",2022,"Sensors (Basel, Switzerland)",,LIKELY_ADVANCE_CONFIRM,,,,,,,,,
4627,TA-19,36429385,10.3390/ijerph192214667,"Acute Effects of Augmented Reality Exergames versus Cycle Ergometer on Reaction Time, Visual Attention, and Verbal Fluency in Community Older Adults.","This study aims to investigate the acute effects of an augmented reality session and a cycle ergometer session compared to no exercise on the reaction times, cognitive flexibility, and verbal fluency of older adults. Each participant did a familiarization with cognitive tests and the following three sessions: cycle ergometer, no exercise (control group), and augmented reality exergame (Portable Exergame Platform for Elderly) sessions. The participants were randomized in a within-group design into one of six possible combinations. Each moment had a 30 min duration, and after the session, the participants performed a Trail Making Test, a verbal fluency test, and a Deary-Liewald reaction time task. The data were analyzed with a one-way ANOVA with a Bonferroni adjustment. The analysis between the no exercise, cycle ergometer, and augmented reality sessions showed no significant differences in the cognitive measurements. One session of the cycle ergometer exercise or the augmented reality exergames does not acutely improve the reaction times, cognitive flexibility, or verbal fluency in the elderly.",2022,International journal of environmental research and public health,,LIKELY_ADVANCE_CONFIRM,,,,,,,,,
4628,TA-19,36429238,10.3390/foods11223646,Designing Immersive Sustainable Food Experiences in Augmented Reality: A Consumer Participatory Co-Creation Approach.,"In light of the current debate on the impact of our current food system on climate change and related mitigation strategies, addressing the acceptance of sustainability aspects within consumer behavioral issues is of vital importance. However, the field remains mute on how those strategies can be designed and employed effectively to stimulate sustainable food consumption behavior. Immersive narrative design is a promising approach to engaging consumers in this context. Within this study, we shed light on how to create immersive, impactful, interactive narratives in augmented reality (AR) together with consumers. We propose a novel approach to how those stories can be planned, utilizing participatory design methods. Within a step-wise process, we develop the storyboard together with consumers. In the next step, we evaluate multiple approaches with AR application developers on how this storyline can be enhanced in AR considering the perspective of various stakeholders like developers, behavioral scientists, and consumers. Finally, we propose a conceptual framework for how immersive narratives can be designed and validated in a collaborative, multidimensional approach for impactful AR narrative content designs to stimulate sustainable food behavior for consumers.",2022,"Foods (Basel, Switzerland)",,LIKELY_ADVANCE_CONFIRM,,,,,,,,,
4629,TA-19,36421532,10.3390/e24111677,Point Cloud Geometry Compression Based on Multi-Layer Residual Structure.,"Point cloud data are extensively used in various applications, such as autonomous driving and augmented reality since it can provide both detailed and realistic depictions of 3D scenes or objects. Meanwhile, 3D point clouds generally occupy a large amount of storage space that is a big burden for efficient communication. However, it is difficult to efficiently compress such sparse, disordered, non-uniform and high dimensional data. Therefore, this work proposes a novel deep-learning framework for point cloud geometric compression based on an autoencoder architecture. Specifically, a multi-layer residual module is designed on a sparse convolution-based autoencoders that progressively down-samples the input point clouds and reconstructs the point clouds in a hierarchically way. It effectively constrains the accuracy of the sampling process at the encoder side, which significantly preserves the feature information with a decrease in the data volume. Compared with the state-of-the-art geometry-based point cloud compression (G-PCC) schemes, our approach obtains more than 70-90% BD-Rate gain on an object point cloud dataset and achieves a better point cloud reconstruction quality. Additionally, compared to the state-of-the-art PCGCv2, we achieve an average gain of about 10% in BD-Rate.",2022,"Entropy (Basel, Switzerland)",,LIKELY_ADVANCE_CONFIRM,,,,,,,,,
4630,TA-19,36418760,10.1007/s10916-022-01891-3,Assessment of Core Surgical Skills Using a Mixed Reality Headset - The MoTOR Study.,"Surgical skill assessment utilises direct observation and feedback by an expert which is potentially subjective, therefore obtaining objective data for hand and eye tracking is essential. Our aim was to evaluate a wearable mixed reality (MR) headset in these domains. Participants with differing levels of surgical expertise [novice (N), intermediate (I) & expert (E)] performed 4 simulated surgical tasks; 2 general dexterity (tasks 1&2) and 2 surgical skills (tasks 3&4) wearing the MR headset capturing their hand and eye movements (median & range). Metrics included hand path length and the speed of each index or thumb tip. Gaze data were also captured. Participant demographics, prior expertise and current experience were captured with an electronic survey. Data were analysed with a Shapiro-Wilk test or ANOVA as appropriate. A p-value of < 0.05 was significant. Thirty-six participants were analysed (N = 18, I = 8, E = 8). Tasks 1&2 revealed 2 speed outcomes (left index and left-hand speed) which were significant. For tasks 3&4, various outcomes were significant: path length for left hand (N:45 cm vs. I:31 cm vs. E:27 cm, p = 0.03) and right hand (N:48 cm vs. I:29 cm vs. E:28 cm, p = 0.01) and total time (N:456s vs. I:292 vs. E: 245, p = 0.0002). With left-hand-tying, average path length (N:61 cm vs. I:39 vs. E:36, p = 0.04), average speed (N:11 cm/s vs. I:23 vs. E:24, p = 0.03), and total time (N:156s vs. I:43 vs. E:37, p = 0.003) were significant. The gaze-tracking was not statistically significant. The MR headset can be utilised as a valid tool for surgical performance assessment. Outcomes including path length and speed can be valuable metrics captured by the MR Headset during the task completion for detecting surgical proficiency.",2022,Journal of medical systems,,LIKELY_ADVANCE_CONFIRM,,,,,,,,,
4631,TA-19,36418295,10.1038/s41467-022-34494-0,Electro-active metaobjective from metalenses-on-demand.,"Switchable metasurfaces can actively control the functionality of integrated metadevices with high efficiency and on ultra-small length scales. Such metadevices include active lenses, dynamic diffractive optical elements, or switchable holograms. Especially, for applications in emerging technologies such as AR (augmented reality) and VR (virtual reality) devices, sophisticated metaoptics with unique functionalities are crucially important. In particular, metaoptics which can be switched electrically on or off will allow to change the routing, focusing, or functionality in general of miniaturized optical components on demand. Here, we demonstrate metalenses-on-demand made from metallic polymer plasmonic nanoantennas which are electrically switchable at CMOS (complementary metal-oxide-semiconductor) compatible voltages of ±1 V. The nanoantennas exhibit plasmonic resonances which can be reversibly switched ON and OFF via the applied voltage, utilizing the optical metal-to-insulator transition of the metallic polymer. Ultimately, we realize an electro-active non-volatile multi-functional metaobjective composed of two metalenses, whose unique optical states can be set on demand. Overall, our work opens up the possibility for a new level of electro-optical elements for ultra-compact photonic integration.",2022,Nature communications,,LIKELY_ADVANCE_CONFIRM,,,,,,,,,
4632,TA-19,36417837,10.1016/j.cmpb.2022.107240,Highlight removal for endoscopic images based on accelerated adaptive non-convex RPCA decomposition.,"Highlights always occur in endoscopic images due to their special imaging environment. It not only increases the difficulty of observation and diagnosis from surgeons, but also influences the performance of Mixed/Augmented Reality techniques in surgery navigation. In this paper, we propose a novel accelerated adaptive non-convex robust principal component analysis method (AANC-RPCA) to remove highlights in endoscopic images. We first detect absolute highlight pixels of the enhanced endoscopic images with adaptive threshold segmentation. The quasi-convex function is proposed to approximate a new non-convex objective function. With detected highlight pixels and quasi-convex function, it introduces gradient to shrink sparse matrix and obtains a faster speed of convergence. Then we divide the image into multiple blocks and perform the parallel computation to enhance the efficiency. Finally, we design a weighted template that decays outward with dilation and linear filtering to reconstruct the endoscopic images. Our approach is almost independent of hyper-parameters and can achieve adaptive decomposition. It has been verified on multiple types of endoscopic images through experiments and clinical blind tests. The results demonstrate that our method can obtain the best performance for the recovered images with more details in a shorter time (about 3-5 times). Coupled with the user study, both the quantitative and qualitative results indicate that our approach has the potential to be highly useful in endoscopy images. Compared with the existing highlight removal approaches, our method obtains the SOTA results and has the potential to be applied in the various medical processing processes.",2023,Computer methods and programs in biomedicine,,LIKELY_ADVANCE_CONFIRM,,,,,,,,,
4633,TA-19,36416320,10.7518/hxkq.2022.06.008,Application of mixed reality-based surgical navigation system in craniomaxillofacial trauma bone reconstruction.,"This study aimed to build a surgical navigation system based on mixed reality (MR) and optical positioning technique and evaluate its clinical applicability in craniomaxillofacial trauma bone reconstruction. Me-thods We first integrated the software and hardware platforms of the MR-based surgical navigation system and explored the system workflow. The systematic error, target registration error, and osteotomy application error of the system were then analyzed via 3D printed skull model experiment. The feasibility of the MR-based surgical navigation system in craniomaxillofacial trauma bone reconstruction was verified via zygomatico-maxillary complex (ZMC) reduction experiment of the skull model and preliminary clinical study. The system error of this MR-based surgical navigation system was 1.23 mm±0.52 mm, the target registration error was 2.83 mm±1.18 mm, and the osteotomy application error was 3.13 mm±1.66 mm. Virtual surgical planning and the reduction of the ZMC model were successfully conducted. In addition, with the guidance of the MR-based navigation system, the frontal bone defect was successfully reconstructed, and the clinical outcome was satisfactory. The MR-based surgical navigation system has its advantages in virtual reality fusion effect and dynamic navigation stability. It provides a new method for doctor-patient communications, education, preoperative planning, and intraoperative navigation in craniomaxillofacial surgery.",2022,Hua xi kou qiang yi xue za zhi = Huaxi kouqiang yixue zazhi = West China journal of stomatology,,LIKELY_ADVANCE_CONFIRM,,,,,,,,,
4634,TA-19,36414716,10.1186/s40658-022-00506-7,Preoperative SPECT/CT + intraoperative CT fusion enabling surgical augmented reality to target sentinel lymph node in endometrial cancer.,"To establish a proof-of-concept study using a phantom model to allow the fusion of preoperative single-photon emission computed tomography (SPECT) combined with computed tomography (CT), also known as SPECT/CT, with intraoperative CT, enabling the application of an augmented reality (AR) surgical guidance system for pelvic sentinel lymph node (SLN) detection in endometrial cancer patients. A three-dimensional (3D) pelvic phantom model printed in a gelatin-based scaffold including a radiopaque pelvis, a vascular tree mimicking the iliac vessels, two 3D-printed fillable spheres representing the target pelvic sentinel lymph nodes, and a calibration board was developed. A planar with SPECT/CT lymphoscintigraphy and CT were performed independently on the model. We performed all the necessary steps to achieve the fusion between SPECT/CT and CT. Then, we performed a laparoscopy of the pelvic anatomy on the phantom model to assess in real time the overlay of the recording on the anatomical structures and AR guidance system performance. We have successfully completed all the steps needed to fuse the two imaging procedures. This allowed us to apply, in real time, our surgical guidance system with the coverage rate of the visible surface by the augmented reality surface, respectively, on the left SLN 99.48% and on the right SLN 99.42%. Co-registration and real-time fusion between a preoperative SPECT/CT and intraoperative CT are feasible. The metric performance of our guidance system is excellent in relation to possible SPECT/CT and CT fusion. Based on our results, we are able to translate the technology to patients, and we initiated a clinical study to evaluate the accuracy of the AR guidance system for endometrial cancer surgery, with a correlation with indocyanine green (ICG)-based technique, representing the gold standard today in the intraoperative detection of SLN in endometrial cancers, despite various limitations.",2022,EJNMMI physics,,LIKELY_ADVANCE_CONFIRM,,,,,,,,,
4635,TA-19,36412648,10.3390/vision6040067,Visual Field Loss: Integrating Overlayed Information to Increase the Effective Field of View.,"Visual field loss is a debilitating impairment that can impact normal daily activities. The advancement of augmented and virtual realities brings opportunities for potential substitutive technologies for visual field loss. Here we outline a conceptual approach to increasing the amount of useful information by overlaying the blind field into the sighted field. In this proof-of-concept experiment, 33 observers were allocated to either a left or right blind condition (with a simulated scotoma). All observers completed a line bisection task in all three conditions (baseline, scotoma, manipulation), with the baseline condition always completed first. The scotoma condition (baseline with the addition of a simulated scotoma) and the manipulated condition (baseline with the addition of a simulated scotoma, and a ""minified window overlay"") were randomised in order of presentation. Predictably, our results show that a simulated scotoma impaired performance on the task. However, observers were able to make use the overlay to improve their estimation of the line's midpoint. Our results show that a substitutive augmentation of this type improved accuracy in estimating the midpoint of a line with a (simulated) scotoma.",2022,"Vision (Basel, Switzerland)",,PRIORITY_VERIFY,,,,,,,,,
4636,TA-19,36403714,10.1016/j.cireng.2022.11.002,Robotic cholecystectomy and transcystic common bile duct exploration with augmented reality glasses and indocyanine green in a patient with a cystic duct cyst.,,2023,Cirugia espanola,ABSTRACT_MISSING,LIKELY_ADVANCE_CONFIRM,,,,,,,,,
4637,TA-19,36403570,10.4069/kjwhn.2022.09.13,The effects of maternal-child nursing clinical practicum using virtual reality on nursing students' competencies: a systematic review.,"This study aimed to investigate the effects of virtual reality used in maternal-child nursing clinical practicums on nursing students' competencies through a systematic review. The inclusion criteria were peer-reviewed papers in English or Korean presenting analytic studies of maternal-child nursing practicums using virtual reality. An electronic literature search of the Cochrane Library, CINAHL, EMBASE, ERIC, PubMed, and Research Information Sharing System databases was performed using combinations of the keywords ""nursing student,"" ""virtual reality,"" ""augmented reality,"" ""mixed reality,"" and ""virtual simulation"" from February 4 to 15, 2022. Quality appraisal was performed using the RoB 2 and ROBINS-I tools for randomized controlled trials (RCTs) and non-RCTs, respectively. Of the seven articles identified, the RCT study (n=1) was deemed to have a high risk of bias, with some items indeterminable due to a lack of reported details. Most of the non-RCT studies (n=6) had a moderate or serious risk of bias related to selection and measurement issues. Clinical education using virtual reality had positive effects on knowledge, skills, satisfaction, self-efficacy, and needs improvement; however, it did not affect critical thinking or self-directed learning. This study demonstrated that using virtual reality for maternal-child nursing clinical practicums had educational effects on a variety of students' competencies. Considering the challenges of providing direct care in clinical practicums, virtual reality can be a viable tool that supplements maternal-child nursing experience. Greater rigor and fuller reporting of study details are required for future research.",2022,Korean journal of women health nursing,SECONDARY_OR_COMMENTARY_TITLE,LIKELY_ADVANCE_CONFIRM,,,,,,,,,
4638,TA-19,36400491,10.1016/j.scijus.2022.04.004,Extended reality (XR) virtual practical and educational eGaming to provide effective immersive environments for learning and teaching in forensic science.,"Online virtual learning resources have been available for learning and teaching in forensic science for some years now, but the recent global COVID-19 related periods of irregular lockdown have necessitated the rapid development of these for teaching, learning and CPD activities. However, these resources do need to be carefully constructed and grounded in pedagogic theory to be effective. This article details eXtended Reality (XR) learning and teaching environments to facilitate effective online teaching and learning for forensic geoscientists. The first two case studies discussed in this article make use of Thinglink software to produce virtual learning and teaching XR resources through an internet system, which was delivered to undergraduate students in 2021. Case one details a range of XR virtual laboratory-based equipment resources, providing a consistent, reliable and asynchronous learning and teaching experience, whilst the second case study presents an XR virtual learning applied geophysics resource developed for a 12-week CPD training programme. This programme involves recorded equipment video resources, accompanying datasets and worksheets for users to work through. Both case studies were positively received by learners, but there were issues encountered by learners with poor internet connections or computer skills, or who do not engage well with online learning. A third case study showcases an XR educational forensic geoscience eGame that was developed to take the user through a cold case search investigation, from desktop study through to field reconnaissance and multi-staged site investigations. Pedagogic research was undertaken with user questionnaires and interviews, providing evidence that the eGame was an effective learning and teaching tool. eGame users highly rated the eGame and reported that they raised awareness and understanding of the use of geophysics equipment and best practice of forensic geoscience search phased investigations. These types of XR virtual learning digital resources, whilst costly to produce in terms of development time and staff resource, provide a complementary virtual learning experience to in-situ practical sessions, and allow learners to asynchronously familiarise themselves with equipment, environments and techniques resulting in more efficient use of in situ time. The XR resources also allow learners to reinforce learning post in-situ sessions. Finally, XR resources can provide a more inclusive and authentic experience for learners who cannot attend or complete work synchronously.",2022,Science & justice : journal of the Forensic Science Society,,LIKELY_ADVANCE_CONFIRM,,,,,,,,,
4639,TA-19,36398612,10.1002/jdd.13131,Utilizing an organizational development framework as a road map for creating a technology-driven agile curriculum in predoctoral dental education.,"The landscape of dental education is undergoing a paradigm shift from both the learner's and teacher's perspectives. Evolving technologies, including artificial intelligence, virtual reality, augmented reality, and mixed reality, are providing synergistic opportunities to create new and exciting educational platforms. The evolution of these platforms will likely play a significant role in dental education. This is especially true in the wake of calamities like the COVID-19 pandemic during which educational activities had to be shutdown or moved online. This experience demonstrated that it is prudent to develop curricula that are both agile and efficient via creating hybrid courses that provide effective learning experiences regardless of the mode of delivery. Although there is growing interest in incorporating technology into dental education, there are few examples of how to actually manage the implementation of technology into the curriculum. In this paper, we provide a road map for incorporating technology into the dental curriculum to create agility and discuss challenges and possible solutions.",2023,Journal of dental education,,LIKELY_ADVANCE_CONFIRM,,,,,,,,,
4640,TA-19,36385239,10.1007/s13239-022-00646-y,The Role of Immersion for Improving Extended Reality Analysis of Personalized Flow Simulations.,"Computational models of flow in patient-derived arterial geometries have become a key paradigm of biomedical research. These fluid models are often challenging to visualize due to high spatial heterogeneity and visual complexity. Virtual immersive environments can offer advantageous visualization of spatially heterogeneous and complex systems. However, as different VR devices offer varying levels of immersion, there remains a crucial lack of understanding regarding what level of immersion is best suited for interactions with patient-specific flow models. We conducted a quantitative user evaluation with multiple VR devices testing an important use of hemodynamic simulations-analysis of surface parameters within complex patient-specific geometries. This task was compared for the semi-immersive zSpace 3D monitor and the fully immersive HTC Vive system. The semi-immersive device was more accurate than the fully immersive device. The two devices showed similar results for task duration and performance (accuracy/duration). The accuracy of the semi-immersive device was also higher for arterial geometries of greater complexity and branching. This assessment demonstrates that the level of immersion plays a significant role in the accuracy of assessing arterial flow models. We found that the semi-immersive VR device was a generally optimal choice for arterial visualization.",2023,Cardiovascular engineering and technology,,LIKELY_ADVANCE_CONFIRM,,,,,,,,,
4641,TA-19,36384816,10.1186/s12984-022-01104-5,Gaze-contingent display technology can help to reduce the ipsilesional attention bias in hemispatial neglect following stroke.,"Hemispatial neglect results from unilateral brain damage and represents a disabling unawareness for objects in the hemispace opposite the brain lesion (contralesional). The patients' attentional bias for ipsilesional hemispace represents a hallmark of neglect, which results from an imbalanced attentional priority map in the brain. The aim of this study was to investigate whether gaze-contingent display (GCD) technology, reducing the visual salience of objects in ipsilesional hemispace, is able to rebalance this map and increase awareness and exploration of objects in the neglected contralesional hemispace. Using remote eye-tracking, we recorded gaze positions in 19 patients with left hemispatial neglect following right-hemisphere stroke and 22 healthy control subjects, while they were watching static naturalistic scenes. There were two task conditions, free viewing (FV) or goal-directed visual search (VS), and four modification conditions including the unmodified original picture, a purely static modification and two differently strong modifications with an additional gaze-contingent mask (GC-LOW, GC-HIGH), that continuously reduced color saturation and contrast of objects in the right hemispace. The patients' median gaze position (Center of Fixation) in the original pictures was markedly deviated to the right in both tasks (FV: 6.8° ± 0.8; VS: 5.5° ± 0.7), reflecting the neglect-typical ipsilesional attention bias. GC modification significantly reduced this bias in FV (GC-HIGH: d = - 3.2 ± 0.4°; p < 0.001). Furthermore, in FV and VS, GC modification increased the likelihood to start visual exploration in the (neglected) left hemifield by about 20%. This alleviation of the ipsilesional fixation bias was not associated with an improvement in detecting left-side targets, in contrast, the GC mask even decreased and slowed the detection of right-side targets. Subjectively, patients found the intervention pleasant and most of the patients did not notice any modification. GCD technology can be used to positively influence visual exploration patterns in patients with hemispatial neglect. Despite an alleviation of the neglect-related ipsilesional fixation bias, a concomitant functional benefit (improved detection of contralesional targets) was not achieved. Future studies may investigate individualized GCD-based modifications as augmented reality applications during the activities of daily living.",2022,Journal of neuroengineering and rehabilitation,,LIKELY_ADVANCE_CONFIRM,,,,,,,,,
4642,TA-19,36379063,10.1088/1748-3190/aca308,The perceived effects of augmented trail sensing and mood recognition abilities in a human-fish biohybrid system.,"The use of technologies to enhance human and animal perception has been explored in pioneering research about artificial life and biohybrid systems. These attempts have revealed that augmented sensing abilities can emerge from new interactions between individuals within or across species. Nevertheless, the diverse effects of different augmented capabilities have been less examined and compared. In this work, we built a human-fish biohybrid system that enhanced the vision of the ornamental fish by projecting human participants onto the arena background. In contrast, human participants were equipped with a mixed-reality device, which visualized individual fish trails (representing situation-oriented perceptions) and emotions (representing communication-oriented perceptions). We investigated the impacts of the two enhanced perceptions on the human side and documented the perceived effects from three aspects. First, both augmented perceptions considerably increase participants' attention toward ornamental fish, and the impact of emotion recognition is more potent than trail sense. Secondly, the frequency of human-fish interactions increases with the equipped perceptions. The mood recognition ability on the human side can indirectly promote the recorded positive mood of fish. Thirdly, most participants mentioned that they felt closer to those fish which had mood recognition ability, even if we added some mistakes in the accuracy of mood recognition. In contrast, the addition of trail sensing ability does not lead to a similar effect on the mental bond. These findings reveal several aspects of different perceived effects between the enhancements of communication-oriented and situation-oriented perceptions.",2022,Bioinspiration & biomimetics,,LIKELY_ADVANCE_CONFIRM,,,,,,,,,
4643,TA-19,36378324,10.1007/s00264-022-05619-3,Next step trauma and orthopaedic surgery: integration of augmented reality for reduction and nail implantation of tibial fractures.,"There is a tremendous scope of hardware and software development going on in augmented reality (AR), also in trauma and orthopaedic surgery. However, there are only a few systems available for intra-operative 3D imaging and guidance, most of them rely on peri- and intra-operative X-ray imaging. Especially in complex situations such as pelvic surgery or multifragmentary multilevel fractures, intra-operative 3D imaging and implant tracking systems have proven to be of great advantage for the outcome of the surgery and can help reduce X-ray exposure, at least for the surgical team (Ochs et al. in Injury 41:1297 1305, 2010). Yet, the current systems do not provide the ability to have a dynamic live view from the perspective of the surgeon. Our study describes a prototype AR-based system for live tracking which does not rely on X-rays. A protype live-view intra-operative guidance system using an AR head-mounted device (HMD) was developed and tested on the implantation of a medullary nail in a tibia fracture model. Software algorithms that allow live view and tracking of the implant, fracture fragments and soft tissue without the intra-operative use of X-rays were derived. The implantation of a medullar tibia nail is possible while only relying on AR-guidance and live view without the intra-operative use of X-rays. The current paper describes a feasibility study with a prototype of an intra-operative dynamic live tracking and imaging system that does not require intra-operative use of X-rays and dynamically adjust to the perspective of the surgeons due to an AR HMD. To our knowledge, the current literature does not describe any similar systems. This could be the next step in surgical imaging and education and a promising way to improve patient care.",2023,International orthopaedics,,LIKELY_ADVANCE_CONFIRM,,,,,,,,,
4644,TA-19,36377507,10.1080/00140139.2022.2146207,A comfort analysis of AR glasses on physical load during long-term wearing.,"The present study investigated the effect of the physical load of augmented reality (AR) glasses on subjective assessments for an extended duration of a video viewing task. Ninety-six subjects were recruited for this test and were divided by spectacle use, sex, age, and body mass index (BMI). Four glasses frame weights were assessed. To investigate their effectiveness, a novel prototype adopting three design interventions, (1) adjustable frame width, (2) ergonomic temples, and (3) fixed centre of gravity, was designed with regard to subjective discomfort ratings (nose, ear, and overall). Subjective discomfort in all regions was significantly increased with increasing physical load on the nose. In addition, non-spectacle users, women, older users, and participants in the middle BMI category reported higher discomfort than other groups. This finding could have important implications for the ergonomic design of AR glasses and could help to identify design considerations relevant to the emerging wearable display industry. Practitioner summary: This research aims to explore the influence of the physical load of augmented reality (AR) glasses. It found that discomfort was increased with added nose load. Non-spectacle users, women, older users, and participants in the middle BMI category were more sensitive to discomfort. The results have important implications for glasses-type wearables' design.",2023,Ergonomics,,LIKELY_ADVANCE_CONFIRM,,,,,,,,,
4645,TA-19,36375385,10.1016/j.nedt.2022.105629,The effects of an augmented reality application developed for paediatric first aid training on the knowledge and skill levels of nursing students: An experimental controlled study.,"The purpose of the present research was to develop an augmented reality paediatric first aid training system to investigate the effects of such a system on the knowledge, skill levels, and self-confidence of nursing students in first-aid practices. This controlled experiment was conducted at a junior college. Ninety-five fourth-year nursing students participated in this study; 46 in the experimental group and 49 in the control group. Data were collected using the Paediatric First Aid Knowledge Scale, Visual Analogue Scale of Self-Confidence and First Aid Practice Evaluation Checklist and pre- and post-test analyses were performed. The experimental group used the augmented reality application for paediatric first aid training, while the control group used a traditional method. There was no statistically significant difference between the students' pre-test scores in both groups, indicating that the students had similar levels of knowledge of paediatric first aid before the intervention. The post-test of the paediatric first aid knowledge results showed that students in the experimental group significantly outperformed those in the control group (p < .05). A significant difference was found in the first aid skills between the groups (p < .001). Additionally, the students in the experimental group stated that the augmented reality application significantly improved their self-confidence in performing paediatric emergency care (p < .001). The augmented reality application had a positive effect on the knowledge and skill levels of nursing students regarding first aid practices. This study suggests that augmented reality is a valuable teaching tool in many areas of nursing education.",2023,Nurse education today,,LIKELY_ADVANCE_CONFIRM,,,,,,,,,
4646,TA-19,36372053,10.1016/j.concog.2022.103432,Is this my foot? Experimentally induced disownership in individuals with body integrity dysphoria.,"In body integrity dysphoria (BID), otherwise healthy individuals feel like a part of their physical body does not belong to them despite normal sensorimotor functioning. Theoretical and empirical evidence suggested aweakened integration of the affected body part into higher-order multisensory cortical body networks. Here, we used a multisensory stimulation paradigm in mixed reality to modulate and investigate multisensory processing underlying body (dis)ownership in individuals with BID of the lower limb. In 20 participants with BID, delay perception and body ownership were measured after introducing delays between the visual and tactile information of viewed stroking applied to affected and unaffected body parts. Unlike predicted, delay perception did not differ between the two body parts. However, specifically for the affected limb, ownership was lower and more strongly modulated by delay. These findings might be following the idea of a stronger dependency on online bottom up sensory signals in BID.",2022,Consciousness and cognition,,LIKELY_ADVANCE_CONFIRM,,,,,,,,,
4647,TA-19,36369515,10.1038/s41598-022-22428-1,Eye problems and musculoskeletal pain in Pokémon Go players.,"Individuals benefit from Pokémon Go (PG) gaming because this mobile augmented reality geolocation video game provides an attractive opportunity to increase physical activity outdoors and socialize. However, based on gaming and electronic media studies, intense involvement with PG is likely related to adverse phenomena, such as arm pain or eye-related problems. We aimed to test how PG use (problematic vs. non-problematic gaming and gaming time) is related to physical symptoms (pain in three body regions and computer vision syndrome). To dissect game-specific effects, we controlled for general problematic smartphone use, phubbing, and electronic media usage. PG players (N = 455) completed an online survey. We found that PG players with problematic game use reported more pain and vision problems. Problematic PG use was a better predictor of physical symptoms than PG gaming time and variables related to electronic media use. Problematic PG use and problematic smartphone use were correlated but independent predictors of physical symptoms. We conclude that the type of participation rather than the time spent playing predicts poorer physical health among PG players.",2022,Scientific reports,,LIKELY_ADVANCE_CONFIRM,,,,,,,,,
4648,TA-19,36367913,10.1109/TIP.2022.3220404,Confusing Image Quality Assessment: Toward Better Augmented Reality Experience.,"With the development of multimedia technology, Augmented Reality (AR) has become a promising next-generation mobile platform. The primary value of AR is to promote the fusion of digital contents and real-world environments, however, studies on how this fusion will influence the Quality of Experience (QoE) of these two components are lacking. To achieve better QoE of AR, whose two layers are influenced by each other, it is important to evaluate its perceptual quality first. In this paper, we consider AR technology as the superimposition of virtual scenes and real scenes, and introduce visual confusion as its basic theory. A more general problem is first proposed, which is evaluating the perceptual quality of superimposed images, i.e., confusing image quality assessment. A ConFusing Image Quality Assessment (CFIQA) database is established, which includes 600 reference images and 300 distorted images generated by mixing reference images in pairs. Then a subjective quality perception experiment is conducted towards attaining a better understanding of how humans perceive the confusing images. Based on the CFIQA database, several benchmark models and a specifically designed CFIQA model are proposed for solving this problem. Experimental results show that the proposed CFIQA model achieves state-of-the-art performance compared to other benchmark models. Moreover, an extended ARIQA study is further conducted based on the CFIQA study. We establish an ARIQA database to better simulate the real AR application scenarios, which contains 20 AR reference images, 20 background (BG) reference images, and 560 distorted images generated from AR and BG references, as well as the correspondingly collected subjective quality ratings. Three types of full-reference (FR) IQA benchmark variants are designed to study whether we should consider the visual confusion when designing corresponding IQA algorithms. An ARIQA metric is finally proposed for better evaluating the perceptual quality of AR images. Experimental results demonstrate the good generalization ability of the CFIQA model and the state-of-the-art performance of the ARIQA model. The databases, benchmark models, and proposed metrics are available at: https://github.com/DuanHuiyu/ARIQA.",2022,IEEE transactions on image processing : a publication of the IEEE Signal Processing Society,,LIKELY_ADVANCE_CONFIRM,,,,,,,,,
4649,TA-19,36366677,10.1364/OE.474795,Flicker-free dual-volume augmented reality display using a pixelated interwoven integral floating technique with a geometric phase lens.,"A geometric phase (GP) integral floating display can provide multifocal three-dimensional (3D) augmented reality (AR) images with enhanced depth expression by switching the focal modes of the GP lens via polarization control. However, using temporal multiplexing to switch between the focal modes of GP optics causes flickering as each 3D AR image is fully presented in different frames and their temporal luminance profile becomes easily recognizable, particularly as the number of available focal modes increases. Here, we propose a novel integral floating technique to generate pixelated interwoven 3D AR images; a half of each image is spatially mixed with another and presented in both focal modes simultaneously to resolve the flickering issue. The principle was verified via experimental demonstration and optically measured data.",2022,Optics express,,LIKELY_ADVANCE_CONFIRM,,,,,,,,,
4650,TA-19,36366245,10.3390/s22218548,Reflection-Aware Generation and Identification of Square Marker Dictionaries.,"Square markers are a widespread tool to find correspondences for camera localization because of their robustness, accuracy, and detection speed. Their identification is usually based on a binary encoding that accounts for the different rotations of the marker; however, most systems do not consider the possibility of observing reflected markers. This case is possible in environments containing mirrors or reflective surfaces, and its lack of consideration is a source of detection errors, which is contrary to the robustness expected from square markers. This is the first work in the literature that focuses on reflection-aware square marker dictionaries. We present the derivation of the inter-marker distance of a reflection-aware dictionary and propose new algorithms for generating and identifying such dictionaries. Additionally, part of the proposed method can be used to optimize preexisting dictionaries to take reflection into account. The experimentation carried out demonstrates how our proposal greatly outperforms the most popular predefined dictionaries in terms of inter-marker distance and how the optimization process significantly improves them.",2022,"Sensors (Basel, Switzerland)",,PRIORITY_VERIFY,,,,,,,,,
4651,TA-19,36366067,10.3390/s22218369,3D Reconstruction Using 3D Registration-Based ToF-Stereo Fusion.,"Depth sensing is an important issue in many applications, such as Augmented Reality (AR), eXtended Reality (XR), and Metaverse. For 3D reconstruction, a depth map can be acquired by a stereo camera and a Time-of-Flight (ToF) sensor. We used both sensors complementarily to improve the accuracy of 3D information of the data. First, we applied a generalized multi-camera calibration method that uses both color and depth information. Next, depth maps of two sensors were fused by 3D registration and reprojection approach. Then, hole-filling was applied to refine the new depth map from the ToF-stereo fused data. Finally, the surface reconstruction technique was used to generate mesh data from the ToF-stereo fused pointcloud data. The proposed procedure was implemented and tested with real-world data and compared with various algorithms to validate its efficiency.",2022,"Sensors (Basel, Switzerland)",,LIKELY_ADVANCE_CONFIRM,,,,,,,,,
4652,TA-19,36365988,10.3390/s22218290,Augmented Reality Based Interactive Cooking Guide.,"Cooking at home is a critical survival skill. We propose a new cooking assistance system in which a user only needs to wear an all-in-one augmented reality (AR) headset without having to install any external sensors or devices in the kitchen. Utilizing the built-in camera and cutting-edge computer vision (CV) technology, the user can direct the AR headset to recognize available food ingredients by simply looking at them. Based on the types of the recognized food ingredients, suitable recipes are suggested accordingly. A step-by-step video tutorial providing details of the selected recipe is then displayed with the AR glasses. The user can conveniently interact with the proposed system using eight kinds of natural hand gestures without needing to touch any devices throughout the entire cooking process. Compared with the deep learning models ResNet and ResNeXt, experimental results show that the YOLOv5 achieves lower accuracy for ingredient recognition, but it can locate and classify multiple ingredients in one shot and make the scanning process easier for users. Twenty participants test the prototype system and provide feedback via two questionnaires. Based on the analysis results, 19 of the 20 participants would recommend others to use the proposed system, and all participants are overall satisfied with the prototype system.",2022,"Sensors (Basel, Switzerland)",,LIKELY_ADVANCE_CONFIRM,,,,,,,,,
4653,TA-19,36365844,10.3390/s22218146,A Mixed-Reality Tele-Operation Method for High-Level Control of a Legged-Manipulator Robot.,"In recent years, legged (quadruped) robots have been subject of technological study and continuous development. These robots have a leading role in applications that require high mobility skills in complex terrain, as is the case of Search and Rescue (SAR). These robots stand out for their ability to adapt to different terrains, overcome obstacles and move within unstructured environments. Most of the implementations recently developed are focused on data collecting with sensors, such as lidar or cameras. This work seeks to integrate a 6DoF arm manipulator to the quadruped robot ARTU-R (A1 Rescue Tasks UPM Robot) by Unitree to perform manipulation tasks in SAR environments. The main contribution of this work is focused on the High-level control of the robotic set (Legged + Manipulator) using Mixed-Reality (MR). An optimization phase of the robotic set workspace has been previously developed in Matlab for the implementation, as well as a simulation phase in Gazebo to verify the dynamic functionality of the set in reconstructed environments. The first and second generation of Hololens glasses have been used and contrasted with a conventional interface to develop the MR control part of the proposed method. Manipulations of first aid equipment have been carried out to evaluate the proposed method. The main results show that the proposed method allows better control of the robotic set than conventional interfaces, improving the operator efficiency in performing robotic handling tasks and increasing confidence in decision-making. On the other hand, Hololens 2 showed a better user experience concerning graphics and latency time.",2022,"Sensors (Basel, Switzerland)",,LIKELY_ADVANCE_CONFIRM,,,,,,,,,
4654,TA-19,36365816,10.3390/s22218118,HoloKinect: Holographic 3D Video Conferencing.,"Recent world events have caused a dramatic rise in the use of video conferencing solutions such as Zoom and FaceTime. Although 3D capture and display technologies are becoming common in consumer products (e.g., Apple iPhone TrueDepth sensors, Microsoft Kinect devices, and Meta Quest VR headsets), 3D telecommunication has not yet seen any appreciable adoption. Researchers have made great progress in developing advanced 3D telepresence systems, but often with burdensome hardware and network requirements. In this work, we present HoloKinect, an open-source, user-friendly, and GPU-accelerated platform for enabling live, two-way 3D video conferencing on commodity hardware and a standard broadband internet connection. A Microsoft Azure Kinect serves as the capture device and a Looking Glass Portrait multiscopically displays the final reconstructed 3D mesh for a hologram-like effect. HoloKinect packs color and depth information into a single video stream, leveraging multiwavelength depth (MWD) encoding to store depth maps in standard RGB video frames. The video stream is compressed with highly optimized and hardware-accelerated video codecs such as H.264. A search of the depth and video encoding parameter space was performed to analyze the quantitative and qualitative losses resulting from HoloKinect's lossy compression scheme. Visual results were acceptable at all tested bitrates (3-30 Mbps), while the best results were achieved with higher video bitrates and full 4:4:4 chroma sampling. RMSE values of the recovered depth measurements were low across all settings permutations.",2022,"Sensors (Basel, Switzerland)",,PRIORITY_VERIFY,,,,,,,,,
4655,TA-19,36360538,10.3390/healthcare10112197,Simulation Training Needs of Nurses for Nursing High-Risk Premature Infants: A Cross-Sectional Study.,"Opportunities fomr clinical training in the newborn nursery and neonatal intensive care units (NICU) are becoming insufficient and limited to observation-oriented training. Premature infants admitted to the NICU require specialized and highly sophisticated care. Therefore, this descriptive cross-sectional study aimed to understand nurses' educational needs for establishing a high-risk premature infant nursing simulation training program. It used a descriptive cross-sectional design. We conducted a survey involving 99 newborn nursery and NICU nurses; data were analyzed using descriptive statistics, a paired t-test, an Importance-Performance Analysis (IPA), a Borich needs analysis, and the locus for focus to confirm educational priorities. The scores indicating the importance of nursing high-risk premature infants were higher than those of performance. Results indicated that the highest educational need was in the ""treatment and procedure"" domain. After deriving the priority of educational needs using the Borich needs analysis and the locus for focus, ""maintenance of various tubes"" showed the highest priority. By identifying the training priorities for high-risk premature infants nursing using various analytical frameworks, an extended reality simulation program met nurses' high-risk premature infant nursing educational needs. Training for high-risk premature infants treatment and procedures-maintaining various tubes-is highly demanded by nurses and should be prioritized.",2022,"Healthcare (Basel, Switzerland)",,LIKELY_ADVANCE_CONFIRM,,,,,,,,,
4656,TA-19,36360350,10.3390/children9111622,Development and Application of AR-Based Assessment System for Infant Airway Obstruction First Aid Training.,"Airway obstruction refers to suffocation caused by blockage of the airway due to a foreign body and is a common cause of accidental death in infants below one year of age. However, the current infant CPR manikins used for training in first aid for foreign body airway obstruction can only be applied to one single scenario. Furthermore, trainees' first aid skills cannot be recorded and quantified with a digital system and, consequently, assessment of their skills is difficult to conduct. This study aims to overcome the technical limitations by developing an AR-based assessment system for training in first aid for infant airway obstruction. With this assessment system, trainees can learn first aid more efficiently and correctly and conduct a quantitative assessment of their skills digitally. For instructors, the time required for assessment, potential human error, and the cost of training can also be reduced. The system can be a practical learning tool that helps trainees assess emergencies and integrate their knowledge and skills.",2022,"Children (Basel, Switzerland)",,LIKELY_ADVANCE_CONFIRM,,,,,,,,,
4657,TA-19,36358899,10.3390/biom12111548,Clinical Applications of Mixed Reality and 3D Printing in Congenital Heart Disease.,"Understanding the anatomical features and generation of realistic three-dimensional (3D) visualization of congenital heart disease (CHD) is always challenging due to the complexity and wide spectrum of CHD. Emerging technologies, including 3D printing and mixed reality (MR), have the potential to overcome these limitations based on 2D and 3D reconstructions of the standard DICOM (Digital Imaging and Communications in Medicine) images. However, very little research has been conducted with regard to the clinical value of these two novel technologies in CHD. This study aims to investigate the usefulness and clinical value of MR and 3D printing in assisting diagnosis, medical education, pre-operative planning, and intraoperative guidance of CHD surgeries through evaluations from a group of cardiac specialists and physicians. Two cardiac computed tomography angiography scans that demonstrate CHD of different complexities (atrial septal defect and double outlet right ventricle) were selected and converted into 3D-printed heart models (3DPHM) and MR models. Thirty-four cardiac specialists and physicians were recruited. The results showed that the MR models were ranked as the best modality amongst the three, and were significantly better than DICOM images in demonstrating complex CHD lesions (mean difference (MD) = 0.76, p = 0.01), in enhancing depth perception (MD = 1.09, p = 0.00), in portraying spatial relationship between cardiac structures (MD = 1.15, p = 0.00), as a learning tool of the pathology (MD = 0.91, p = 0.00), and in facilitating pre-operative planning (MD = 0.87, p = 0.02). The 3DPHM were ranked as the best modality and significantly better than DICOM images in facilitating communication with patients (MD = 0.99, p = 0.00). In conclusion, both MR models and 3DPHM have their own strengths in different aspects, and they are superior to standard DICOM images in the visualization and management of CHD.",2022,Biomolecules,,LIKELY_ADVANCE_CONFIRM,,,,,,,,,
4658,TA-19,36354878,10.3390/jimaging8110305,Towards a Low-Cost Monitor-Based Augmented Reality Training Platform for At-Home Ultrasound Skill Development.,"Ultrasound education traditionally involves theoretical and practical training on patients or on simulators; however, difficulty accessing training equipment during the COVID-19 pandemic has highlighted the need for home-based training systems. Due to the prohibitive cost of ultrasound probes, few medical students have access to the equipment required for at home training. Our proof of concept study focused on the development and assessment of the technical feasibility and training performance of an at-home training solution to teach the basics of interpreting and generating ultrasound data. The training solution relies on monitor-based augmented reality for displaying virtual content and requires only a marker printed on paper and a computer with webcam. With input webcam video, we performed body pose estimation to track the student's limbs and used surface tracking of printed fiducials to track the position of a simulated ultrasound probe. The novelty of our work is in its combination of printed markers with marker-free body pose tracking. In a small user study, four ultrasound lecturers evaluated the training quality with a questionnaire and indicated the potential of our system. The strength of our method is that it allows students to learn the manipulation of an ultrasound probe through the simulated probe combined with the tracking system and to learn how to read ultrasounds in B-mode and Doppler mode.",2022,Journal of imaging,,LIKELY_ADVANCE_CONFIRM,,,,,,,,,
4659,TA-19,36354875,10.3390/jimaging8110302,HAPPY: Hip Arthroscopy Portal Placement Using Augmented Reality.,"Correct positioning of the endoscope is crucial for successful hip arthroscopy. Only with adequate alignment can the anatomical target area be visualized and the procedure be successfully performed. Conventionally, surgeons rely on anatomical landmarks such as bone structure, and on intraoperative X-ray imaging, to correctly place the surgical trocar and insert the endoscope to gain access to the surgical site. One factor complicating the placement is deformable soft tissue, as it can obscure important anatomical landmarks. In addition, the commonly used endoscopes with an angled camera complicate hand-eye coordination and, thus, navigation to the target area. Adjusting for an incorrectly positioned endoscope prolongs surgery time, requires a further incision and increases the radiation exposure as well as the risk of infection. In this work, we propose an augmented reality system to support endoscope placement during arthroscopy. Our method comprises the augmentation of a tracked endoscope with a virtual augmented frustum to indicate the reachable working volume. This is further combined with an in situ visualization of the patient anatomy to improve perception of the target area. For this purpose, we highlight the anatomy that is visible in the endoscopic camera frustum and use an automatic colorization method to improve spatial perception. Our system was implemented and visualized on a head-mounted display. The results of our user study indicate the benefit of the proposed system compared to baseline positioning without additional support, such as an increased alignment speed, improved positioning error and reduced mental effort. The proposed approach might aid in the positioning of an angled endoscope, and may result in better access to the surgical area, reduced surgery time, less patient trauma, and less X-ray exposure during surgery.",2022,Journal of imaging,,LIKELY_ADVANCE_CONFIRM,,,,,,,,,
4660,TA-19,36350392,10.1007/s00330-022-09220-5,Learning how to perform ultrasound-guided interventions with and without augmented reality visualization: a randomized study.,"Augmented reality (AR), which entails overlay of in situ images onto the anatomy, may be a promising technique for assisting image-guided interventions. The purpose of this study was to investigate and compare the learning experience and performance of untrained operators in puncture of soft tissue lesions, when using AR ultrasound (AR US) compared with standard US (sUS). Forty-four medical students (28 women, 16 men) who had completed a basic US course, but had no experience with AR US, were asked to perform US-guided biopsies with both sUS and AR US, with a randomized selection of the initial modality. The experimental setup aimed to simulate biopsies of superficial soft tissue lesions, such as for example breast masses in clinical practice, by use of a turkey breast containing olives. Time to puncture(s) and success (yes/no) of the biopsies was documented. All participants completed questionnaires about their coordinative skills and their experience during the training. Despite having no experience with the AR technique, time to puncture did not differ significantly between AR US and sUS (median [range]: 17.0 s [6-60] and 14.5 s [5-41], p = 0.16), nor were there any gender-related differences (p = 0.22 and p = 0.50). AR US was considered by 79.5% of the operators to be the more enjoyable means of learning and performing US-guided biopsies. Further, a more favorable learning curve was achieved using AR US. Students considered AR US to be the preferable and more enjoyable modality for learning how to obtain soft tissue biopsies; however, they did not perform the biopsies faster than when using sUS. • Performance of standard and augmented reality US-guided biopsies was comparable • A more favorable learning curve was achieved using augmented reality US. • Augmented reality US was the preferred technique and was considered more enjoyable.",2023,European radiology,,LIKELY_ADVANCE_CONFIRM,,,,,,,,,
4661,TA-19,36348749,10.1097/GOX.0000000000004656,The Role of Augmented Reality in the Next Phase of Surgical Education.,"Concomitant with such a shift toward competency-based curricula, there has been increasing adoption of surgical simulation coupled with virtual, mixed, and augmented reality. These technologies have become more commonplace across multiple surgical disciplines, in domains such as preoperative planning, surgical education, and intraoperative navigation. However, there is a relative paucity of literature pertaining to the application of this technology to plastic surgery education. This review outlines the advantages of mixed and augmented reality in the pursuit of an ideal simulation environment, their benefits for the education of plastic surgery trainees, and their role in standardized assessments. In addition, we offer practical solutions to commonly encountered problems with this technology. Augmented reality has tremendous untapped potential in the next phase of plastic surgery education, and we outline steps toward broader implementation to enhance the learning environment for our trainees and to improve patient outcomes.",2022,Plastic and reconstructive surgery. Global open,,LIKELY_ADVANCE_CONFIRM,,,,,,,,,
4662,TA-19,36345961,10.1080/07853890.2022.2140451,Augmented reality as a novel approach for addiction treatment: development of a smoking cessation app.,"Augmented reality (AR) is a rapidly developing technology that has substantial potential as a novel approach for addiction treatment, including tobacco use. AR can facilitate the delivery of cue exposure therapy (CET) such that individuals can experience the treatment in their natural environments as viewed via a smartphone screen, addressing the limited generalizbility of extinction learning. Previously, our team developed a basic AR app for smoking cessation and demonstrated the necessary mechanisms for CET. Specifically, we showed that the AR smoking cues, compared to neutral cues, elicited substantial cue reactivity (i.e. increased urge) and that repeated exposure to the AR smoking cues reduced urge (i.e. extinction) in a laboratory setting. Here we report the next step in the systematic development of the AR app, in which we assessed the usability and acceptability of the app among daily smokers in their natural environments. Daily smokers (N = 23, 78.3% female, Mean Age = 43.4, Mean Cigarettes/Day = 14.9), not actively quitting, were instructed to use the AR app in locations and situations where they smoke (e.g. home, bar) at least 5 times per day over one week. The study is registered in clinicaltrials.gov (NCT04101422). Results indicated high usability and acceptability. Most of the participants (73.9%) used the AR app on at least 5 days. Participants found the AR cues realistic and well-integrated in their natural environments. The AR app was perceived as easy to use (Mean = 4.1/5) and learn (mean of 2 days to learn). Overall satisfaction with the app was also high. Secondary analyses found that 56.5% reported reduced smoking, with an average 26% reduction in cigarettes per day at follow-up. These findings set the stage for a randomized controlled trial testing the AR app as an adjuvant therapy for treating tobacco dependence, with potential applicability to other substances. KEY MESSAGEThis study found that the augmented reality (AR) smartphone application that utlized cue exposure treatment for smoking cessation was perceived as easy to use and learn in the natural, day-to-day environment of daily smokers. Findings set the stage for a larger clinical trial testing the AR app as an adjuvant therapy for treating tobacco dependence, with potential applicability to other addictive behaviors.",2022,Annals of medicine,,LIKELY_ADVANCE_CONFIRM,,,,,,,,,
4663,TA-19,36343526,10.1016/j.nepr.2022.103489,Perceptions and concerns about sustainable healthcare of nursing students trained in sustainability and health: A cohort study.,"To describe nursing students' perceptions of sustainable health education in the nursing curriculum and their concerns about sustainable healthcare and the impact of climate change on nursing. Sustainable health education involves education on the impact of climate change on health and the impact of healthcare on the environment. The effectiveness of sustainable health education in improving attitudes, knowledge and skills in sustainable healthcare has been demonstrated. However, there is a need to study students' perceptions of this and their concerns about achieving sustainable healthcare from the use and disposal of healthcare resources. A cohort study with an inductive content analysis of open-ended questions included in a survey. The study was carried out with undergraduate nursing students throughout their four-year undergraduate academic program using scenario-based learning and augmented reality related to sustainability, climate change and health. As students were exposed to three educational interventions, they completed a survey of open-ended questions about their perceptions of their environmental sustainability training in the nursing curriculum, their concerns about the resources' used in healthcare and their perceptions of the impact of climate change on the nursing profession. Students identified content in the nursing degree program on climate change and health and hospital waste segregation. They also demanded more content on 'low environmental impact nursing care' when their clinical practice training increased. Students were concerned about the excessive and unnecessary use of materials in healthcare, especially in the post-pandemic period, the lack of environmental awareness of healthcare professionals and the lack of power to change the situation. They recognised the lack of proper waste segregation in healthcare settings, no recycling bins and little reuse of materials. They were also concerned about the polluting disposal of material. They perceived important impacts of climate change on nursing, such as patient care due to increased pollution-related diseases, including foetal malformations and new health care needs arising from weather conditions. Finally, students were concerned about the impact this will have on nursing care work and require 'nursing leadership in environmental awareness'. Students demand more training in low environmental impact healthcare and innovative educational practices are effective in this regard. Appropriate Sustainable Healthcare Education can make future health professionals more environmentally aware and enable them to lead the shift towards climate-smart care. Students demand more training in low environmental impact healthcare and perceive significant impacts of climate change on nursing.",2022,Nurse education in practice,,LIKELY_ADVANCE_CONFIRM,,,,,,,,,
4664,TA-19,36338636,10.3389/fsurg.2022.948388,Case report: Resection of a massive primary sacrococcygeal mature teratoma in an adult using 3-dimensional reconstruction and mixed reality technology.,"Teratomas are rare neoplasms that arise from pluripotent germ cells. Sacrococcygeal teratomas are often diagnosed in infants but are rare in adults; a mature teratoma can contain hair, teeth, bony tissue, and other mature tissue types. Herein, we report for the first time a patient with a teratoma containing intact bones that formed a pseudoarthrosis. A 49-year-old woman was admitted to hospital after a massive life-long sciatic tumor had begun to grow larger over the past year. A 16 cm × 25 cm solid mass with a clear boundary was palpable in the sacrococcygeal region. Radiography, computed tomography, and magnetic resonance imaging indicated a sacrococcygeal teratoma, although blood alpha-fetoprotein levels were normal. The teratoma was completely excised using 3-dimensional reconstruction mixed reality (MR) technology with no notable complications. Postoperative pathological examination of the excised lesion confirmed a mature teratoma. Interestingly, two intact irregular bones that formed a pseudoarthrosis were isolated; one was 11 cm and the other 6 cm. The patient is currently healthy and has experienced no recurrences. Sacrococcygeal teratomas are rare, especially in adults, and often comprised lots of components, such as fat, bony tissue. However, it's first reported that formation of pseudoarthrosis in this case so far. It is difficult for surgeons to achieve complete excision without complications owing to the complex anatomic structure of the sacrum. The 3-dimensional reconstruction and mixed reality (MR) technology based on computed tomography can provide spatial visualization, which allows surgeons to examine the teratoma at different angles preoperatively. Combining 3-dimensional reconstruction and mixed reality (MR) technology in this case facilitated complete resection and prevented recurrence.",2022,Frontiers in surgery,,LIKELY_ADVANCE_CONFIRM,,,,,,,,,
4665,TA-19,36337859,10.3389/fnhum.2022.986928,A separable convolutional neural network-based fast recognition method for AR-P300.,"Augmented reality-based brain-computer interface (AR-BCI) has a low signal-to-noise ratio (SNR) and high real-time requirements. Classical machine learning algorithms that improve the recognition accuracy through multiple averaging significantly affect the information transfer rate (ITR) of the AR-SSVEP system. In this study, a fast recognition method based on a separable convolutional neural network (SepCNN) was developed for an AR-based P300 component (AR-P300). SepCNN achieved single extraction of AR-P300 features and improved the recognition speed. A nine-target AR-P300 single-stimulus paradigm was designed to be administered with AR holographic glasses to verify the effectiveness of SepCNN. Compared with four classical algorithms, SepCNN significantly improved the average target recognition accuracy (81.1%) and information transmission rate (57.90 bits/min) of AR-P300 single extraction. SepCNN with single extraction also attained better results than classical algorithms with multiple averaging.",2022,Frontiers in human neuroscience,,LIKELY_ADVANCE_CONFIRM,,,,,,,,,
4666,TA-19,36329023,10.1038/s41467-022-34235-3,Self-healable printed magnetic field sensors using alternating magnetic fields.,"We employ alternating magnetic fields (AMF) to drive magnetic fillers actively and guide the formation and self-healing of percolation networks. Relying on AMF, we fabricate printable magnetoresistive sensors revealing an enhancement in sensitivity and figure of merit of more than one and two orders of magnitude relative to previous reports. These sensors display low noise, high resolution, and are readily processable using various printing techniques that can be applied to different substrates. The AMF-mediated self-healing has six characteristics: 100% performance recovery; repeatable healing over multiple cycles; room-temperature operation; healing in seconds; no need for manual reassembly; humidity insensitivity. It is found that the above advantages arise from the AMF-induced attraction of magnetic microparticles and the determinative oscillation that work synergistically to improve the quantity and quality of filler contacts. By virtue of these advantages, the AMF-mediated sensors are used in safety application, medical therapy, and human-machine interfaces for augmented reality.",2022,Nature communications,,LIKELY_ADVANCE_CONFIRM,,,,,,,,,
4667,TA-19,36324858,10.1016/j.tipsro.2022.10.003,Screen-based digital learning methods in radiation oncology and medical education.,"The field of radiation oncology is rapidly advancing through technological and biomedical innovation backed by robust research evidence. In addition, cancer professionals are notoriously time-poor, meaning there is a need for high quality, accessible and tailored oncological education programs. Digital learning (DL) is well-placed to cater to these needs, as it provides teaching options that can be delivered flexibly and on-demand from anywhere in the world. The evidence for usage of these techniques in medical education has expanded rapidly in recent years. However, there remains many reservations in the oncological community to adopting and developing DL, largely due to a poor familiarity with the pedagogical evidence base. This article will review the application of the screen-based DL tools that are at educators' disposal. It will summarize best-practice in developing tailored, made-for-screen videos, gamification, and infographics. It also reviews data behind the following practical tips of 1) strategically combining text with graphics to decrease cognitive load, 2) engaging users through use of interactive elements in digital content, and 3) maximizing impact through thoughtful organization of animations/images. Overall, the digital space evolving is well placed to cater to the evolving educational needs of oncology learners. This review and its practical tips aim to inspire further development in this arena, production of high-yield educational products, use of engaging delivery methods and programs that are tailored to individual learning needs.",2022,Technical innovations & patient support in radiation oncology,,PRIORITY_VERIFY,,,,,,,,,
4668,TA-19,36317584,10.1111/ahe.12879,Extended reality veterinary medicine case studies for diagnostic veterinary imaging instruction: Assessing student perceptions and examination performance.,"Educational technologies in veterinary medicine aim to train veterinarians faster and improve clinical outcomes. COVID-19 pandemic, shifted face-to-face teaching to online, thus, the need to provide effective education remotely was exacerbated. Among recent technology advances for veterinary medical education, extended reality (XR) is a promising teaching tool. This study aimed to develop a case resolution approach for radiographic anatomy studies using XR technology and assess students' achievement of differential diagnostic skills. Learning objectives based on Bloom's taxonomy keywords were used to develop four clinical cases (3 dogs/1 cat) of spinal injuries utilizing CT scans and XR models and presented to 22 third-year veterinary medicine students. Quantitative assessment (ASMT) of 7 questions probing 'memorization', 'understanding and application', 'analysis' and 'evaluation' was given before and after contact with XR technology as well as qualitative feedback via a survey. Mean ASMT scores increased during case resolution (pre 51.6% (±37%)/post 60.1% (± 34%); p < 0.01), but without significant difference between cases (Kruskal-Wallis H = 2.18, NS). Learning objectives were examined for six questions (Q1-Q6) across cases (C1-4): Memorization improved sequentially (Q1, 2 8/8), while Understanding and Application (Q3,4) showed the greatest improvement (26.7%-76.9%). Evaluation and Analysis (Q5,6) was somewhat mixed, improving (5/8), no change (3/8) and declining (1/8).Positive student perceptions suggest that case studies' online delivery was well received stimulating learning in diagnostic imaging and anatomy while developing visual-spatial skills that aid understanding cross-sectional images. Therefore, XR technology could be a useful approach to complement radiological instruction in veterinary medicine.",2023,"Anatomia, histologia, embryologia",,LIKELY_ADVANCE_CONFIRM,,,,,,,,,
4669,TA-19,36311918,10.3389/fsurg.2022.971776,"The web of clinical data, bioengineering, augmented reality and robotic in vascular surgery.",,2022,Frontiers in surgery,ABSTRACT_MISSING,LIKELY_ADVANCE_CONFIRM,,,,,,,,,
4670,TA-19,36310686,10.1016/j.cvdhj.2022.07.072,Early preclinical experience of a mixed reality ultrasound system with active GUIDance for NEedle-based interventions: The GUIDE study.,"Use of ultrasound (US) to facilitate vascular access has increased compared to landmark-based procedures despite ergonomic challenges and need for extrapolation of 2-dimensional images to understand needle position. The MantUS™ system (Sentiar, Inc.,) uses a mixed reality (MxR) interface to display US images and integrate real-time needle tracking. The purpose of this prospective preclinical study was to evaluate the feasibility and usability of MantUS in a simulated environment. Participants were recruited from pediatric cardiology and critical care. Access was obtained in 2 vascular access training models: a femoral access model and a head and neck model for a total of 4 vascular access sites under 2 conditions-conventional US and MantUS. Participants were randomized for order of completion. Videos were obtained, and quality of access including time required, repositions, number of attempts, and angle of approach were quantified. Use of MantUS resulted in an overall reduction in number of needle repositions (P = .03) and improvement in quality of access as measured by distance (P <.0001) and angle of elevation (P = .006). These findings were even more evident in the right femoral vein (RFV) access site, which was a simulated anatomic variant with a deeper more oblique vascular course. Use of MantUS resulted in faster time to access (P = .04), fewer number of both access attempts (P = .02), and number of needle repositions (P <.0001) compared to conventional US. Postparticipant survey showed high levels of usability (87%) and a belief that MantUS may decrease adverse outcomes (73%) and failed access attempts (83%). Use of MantUS improved vascular access among all comers, including the quality of access. This improvement was even more notable in the vascular variant (RFV). MantUS readily benefited users by providing improved spatial understanding. Further development of MantUS will focus on improving user interface and experience, with larger clinical usage and in-human studies.",2022,Cardiovascular digital health journal,,LIKELY_ADVANCE_CONFIRM,,,,,,,,,
4671,TA-19,36309954,10.1007/s11701-022-01465-y,Video labelling robot-assisted radical prostatectomy and the role of artificial intelligence (AI): training a novice.,"Video labelling is the assigning of meaningful information to raw videos. With the evolution of artificial intelligence and its intended incorporation into the operating room, video datasets can be invaluable tools for education and the training of intelligent surgical workflow systems through computer vision. However, the process of manual labelling of video datasets can prove costly and time-consuming for already busy practising surgeons. Twenty-five robot-assisted radical prostatectomy (RARP) procedures were recorded on Proximie, an augmented reality platform, anonymised and access given to a novice, who was trained to develop the knowledge and skills needed to accurately segment a full-length RARP procedure on a video labelling platform. A labelled video was subsequently randomly selected for assessment of accuracy by four practising urologists. Of the 25 videos allocated, 17 were deemed suitable for labelling, and 8 were excluded on the basis of procedure length and video quality. The labelled video selected for assessment was graded for accuracy of temporal labelling, with an average score of 93.1%, and a range of 85.6-100%. The self-training of a novice in the accurate segmentation of a surgical video to the standard of a practising urologist is feasible and practical for the RARP procedure. The assigning of temporal labels on a video labelling platform was also studied and proved feasible throughout the study period.",2023,Journal of robotic surgery,,LIKELY_ADVANCE_CONFIRM,,,,,,,,,
4672,TA-19,36308146,10.4103/ijo.IJO_1593_22,"Assessment of a high-fidelity, virtual reality-based, manual small-incision cataract surgery simulator: A face and content validity study.","To establish the face and content validity of the HelpMeSee Eye Surgery Simulator - a virtual reality-based cataract surgery simulator for manual small-incision cataract surgery (MSICS). The face and content validity were assessed on the sclero-corneal tunnel construction course. A questionnaire with 11 questions focused on the visual realism, with resemblance to real life surgery, and the training value of the simulator was developed. Thirty-five experienced MSICS surgeons participated in the study. Responses were recorded using a seven-point scoring system. Overall, 74.3% (26/35) of the respondents agreed that the overall visual representation of the eye and the instruments in the simulator were realistic. The task of injecting a visco-elastic through the paracentesis was reported to be the most visually realistic task with a mean score of 5.78 (SD: 1.09; range: 2-7). With regard to content validity, 77.1% (27/35) of the subjects felt agreed that the errors and complications represented throughout the entire tunnel construction module were similar to those encountered in real life; the task of entering the anterior chamber with the keratome had a mean score of 5.54 (SD: 0.98; range 1-7), being rated the highest in that aspect. Overall, 94.3% (33/35) of the subjects agreed that the simulator would be useful in developing hand-eye co-ordination. A similar number of 94.3% (33/35) agreed that based on their experience, they would recommend cataract surgical training on this simulator. The results suggest that the HelpMeSee Eye Surgery Simulator appears to have sufficient face and content validity for cataract surgical training.",2022,Indian journal of ophthalmology,,PRIORITY_VERIFY,,,,,,,,,
4673,TA-19,36304296,10.3389/fbinf.2022.997082,Challenges of intracellular visualization using virtual and augmented reality.,"Microscopy image observation is commonly performed on 2D screens, which limits human capacities to grasp volumetric, complex, and discrete biological dynamics. With the massive production of multidimensional images (3D + time, multi-channels) and derived images (e.g., restored images, segmentation maps, and object tracks), scientists need appropriate visualization and navigation methods to better apprehend the amount of information in their content. New modes of visualization have emerged, including virtual reality (VR)/augmented reality (AR) approaches which should allow more accurate analysis and exploration of large time series of volumetric images, such as those produced by the latest 3D + time fluorescence microscopy. They include integrated algorithms that allow researchers to interactively explore complex spatiotemporal objects at the scale of single cells or multicellular systems, almost in a real time manner. In practice, however, immersion of the user within 3D + time microscopy data represents both a paradigm shift in human-image interaction and an acculturation challenge, for the concerned community. To promote a broader adoption of these approaches by biologists, further dialogue is needed between the bioimaging community and the VR&AR developers.",2022,Frontiers in bioinformatics,,LIKELY_ADVANCE_CONFIRM,,,,,,,,,
4674,TA-19,36304263,10.3389/fbinf.2022.863676,Bioinformatics and the Metaverse: Are We Ready?,"COVID-19 forced humanity to think about new ways of working globally without physically being present with other people, and eXtended Reality (XR) systems (defined as Virtual Reality, Augmented Reality and Mixed Reality) offer a potentially elegant solution. Previously seen as mainly for gaming, commercial and research institutions are investigating XR solutions to solve real world problems from training, simulation, mental health, data analysis, and studying disease progression. More recently large corporations such as Microsoft and Meta have announced they are developing the Metaverse as a new paradigm to interact with the digital world. This article will look at how visualization can leverage the Metaverse in bioinformatics research, the pros and cons of this technology, and what the future may hold.",2022,Frontiers in bioinformatics,,LIKELY_ADVANCE_CONFIRM,,,,,,,,,
4675,TA-19,36301782,10.1109/TBME.2022.3217481,Autostereoscopic 3D Augmented Reality Navigation for Laparoscopic Surgery: A Preliminary Assessment.,"Since Augmented Reality (AR) and 3D visualization have proven to be of great significance to the safety and effectiveness of surgical outcomes, will autostereoscopic 3D AR without glasses bring new opportunities for surgical navigation of laparoscopic surgery? We used the CPD-based deformation registration algorithm and the proposed virtual view generation algorithm, realizing a deformable autostereoscopic 3D AR navigation framework for laparoscopic surgery. The depth perception and user experience of the 3D AR navigation were evaluated compared with the 2D AR display using an in-vitro porcine heart and offline clinical partial nephrectomy laparoscopic images. The autostereoscopic 3D AR allowed participants to have a more consistent spatial perception as well as a shorter measuring time than 2D AR with significant difference of p < 0.05. It can also improve relative depth perception for smaller distance separation of objects < = 3.28 mm. However, the autostereoscopic 3D AR perceived a worse experience compared to 2D AR in the user experience. Autostereoscopic 3D AR shows a more efficient and robust sense of spatial scale than 2D AR with better potential to shorten the operating time and improve surgical outcomes than 2D AR, but image blur and distortion are issues that must be solved to improve the perception effect. High precise registration and high fluency visualization requirements could make autostereoscopic 3D AR navigation for soft tissue more challenging. Our work lays a theoretical foundation for the further development of laparoscopic surgical navigation.",2023,IEEE transactions on bio-medical engineering,,LIKELY_ADVANCE_CONFIRM,,,,,,,,,
4676,TA-19,36298994,10.1364/OE.472288,Neural distortion fields for spatial calibration of wide field-of-view near-eye displays.,"We propose a spatial calibration method for wide field-of-view (FoV) near-eye displays (NEDs) with complex image distortions. Image distortions in NEDs can destroy the reality of the virtual object and cause sickness. To achieve distortion-free images in NEDs, it is necessary to establish a pixel-by-pixel correspondence between the viewpoint and the displayed image. Designing compact and wide-FoV NEDs requires complex optical designs. In such designs, the displayed images are subject to gaze-contingent, non-linear geometric distortions, which explicit geometric models can be difficult to represent or computationally intensive to optimize. To solve these problems, we propose neural distortion field (NDF), a fully-connected deep neural network that implicitly represents display surfaces complexly distorted in spaces. NDF takes spatial position and gaze direction as input and outputs the display pixel coordinate and its intensity as perceived in the input gaze direction. We synthesize the distortion map from a novel viewpoint by querying points on the ray from the viewpoint and computing a weighted sum to project output display coordinates into an image. Experiments showed that NDF calibrates an augmented reality NED with 90° FoV with about 3.23 pixel (5.8 arcmin) median error using only 8 training viewpoints. Additionally, we confirmed that NDF calibrates more accurately than the non-linear polynomial fitting, especially around the center of the FoV.",2022,Optics express,,LIKELY_ADVANCE_CONFIRM,,,,,,,,,
4677,TA-19,36298947,10.1364/OE.474644,Real-time realistic computer-generated hologram with accurate depth precision and a large depth range.,"Holographic display is an ideal technology for near-eye display to realize virtual and augmented reality applications, because it can provide all depth perception cues. However, depth performance is sacrificed by exiting computer-generated hologram (CGH) methods for real-time calculation. In this paper, volume representation and improved ray tracing algorithm are proposed for real-time CGH generation with enhanced depth performance. Using the single fast Fourier transform (S-FFT) method, the volume representation enables a low calculation burden and is efficient for Graphics Processing Unit (GPU) to implement diffraction calculation. The improved ray tracing algorithm accounts for accurate depth cues in complex 3D scenes with reflection and refraction, which is represented by adding extra shapes in the volume. Numerical evaluation is used to verify the depth precision. And experiments show that the proposed method can provide a real-time interactive holographic display with accurate depth precision and a large depth range. CGH of a 3D scene with 256 depth values is calculated at 30fps, and the depth range can be hundreds of millimeters. Depth cues of reflection and refraction images can also be reconstructed correctly. The proposed method significantly outperforms existing fast methods by achieving a more realistic 3D holographic display with ideal depth performance and real-time calculation at the same time.",2022,Optics express,,LIKELY_ADVANCE_CONFIRM,,,,,,,,,
4678,TA-19,36298376,10.3390/s22208026,Development of Augmented-Reality-Based Magnetic Field Visualization System as an Educational Tool.,"Electromagnetism is a difficult subject to learn because the phenomenon is not observed directly and does not have a perceivable, concrete image. The visualization of the phenomenon will greatly help beginners understand electromagnetics. This paper proposes an augmented-reality-based visualization system of the magnetic flux density around current-generating objects. The system can be realized with a portable magnetic field sensor and a familiar device-a smartphone. The effectiveness of the system is verified through experiments, and our findings suggest that the system can effectively help an operator gain an intuitive understanding of the magnetic flux density.",2022,"Sensors (Basel, Switzerland)",,PRIORITY_VERIFY,,,,,,,,,
4679,TA-19,36298139,10.3390/s22207788,An Augmented Reality Serious Game for Learning Intelligent Wheelchair Control: Comparing Configuration and Tracking Methods.,"This work proposes an augmented reality serious game (ARSG) for supporting individuals with motor disabilities while controlling robotic wheelchairs. A racing track was used as the game narrative; this included restriction areas, static and dynamic virtual objects, as well as obstacles and signs. To experience the game, a prior configuration of the environment, made through a smartphone or a computer, was required. Furthermore, a visualization tool was developed to exhibit user performance while using the ARSG. Two user studies were conducted with 10 and 20 participants, respectively, to compare (1) how different devices enable configuring the ARSG, and (2) different tracking capabilities, i.e., methods used to place virtual content on the real-world environment while the user interacts with the game and controls the wheelchair in the physical space: C1-motion tracking using cloud anchors; C2-offline motion tracking. Results suggest that configuring the environment with the computer is more efficient and accurate, in contrast to the smartphone, which is characterized as more engaging. In addition, condition C1 stood out as more accurate and robust, while condition C2 appeared to be easier to use.",2022,"Sensors (Basel, Switzerland)",,LIKELY_ADVANCE_CONFIRM,,,,,,,,,
4680,TA-19,36296054,10.3390/mi13101701,Enhanced Visualisation of Normal Anatomy with Potential Use of Augmented Reality Superimposed on Three-Dimensional Printed Models.,"Anatomical knowledge underpins the practice of many healthcare professions. While cadaveric specimens are generally used to demonstrate realistic anatomy, high cost, ethical considerations and limited accessibility can often impede their suitability for use as teaching tools. This study aimed to develop an alternative to traditional teaching methods; a novel teaching tool using augmented reality (AR) and three-dimensional (3D) printed models to accurately demonstrate normal ankle and foot anatomy. An open-source software (3D Slicer) was used to segment a high-resolution magnetic resonance imaging (MRI) dataset of a healthy volunteer ankle and produce virtual bone and musculature objects. Bone and musculature were segmented using seed-planting and interpolation functions, respectively. Virtual models were imported into Unity 3D, which was used to develop user interface and achieve interactability prior to export to the Microsoft HoloLens 2. Three life-size models of bony anatomy were printed in yellow polylactic acid and thermoplastic polyurethane, with another model printed in white Visijet SL Flex with a supporting base attached to its plantar aspect. Interactive user interface with functional toggle switches was developed. Object recognition did not function as intended, with adequate tracking and AR superimposition not achieved. The models accurately demonstrate bony foot and ankle anatomy in relation to the associated musculature. Although segmentation outcomes were sufficient, the process was highly time consuming, with effective object recognition tools relatively inaccessible. This may limit the reproducibility of augmented reality learning tools on a larger scale. Research is required to determine the extent to which this tool accurately demonstrates anatomy and ascertain whether use of this tool improves learning outcomes and is effective for teaching anatomy.",2022,Micromachines,,LIKELY_ADVANCE_CONFIRM,,,,,,,,,
4681,TA-19,36292514,10.3390/healthcare10102067,Effects of Augmented Reality-Based Dual-Task Program on Physical Ability by Cognitive Stage with Developmental Disabilities.,"People diagnosed with developmental disabilities are less likely to participate in physical activities even if they are provided opportunities. This study aimed to examine the effects of dual-task exercise-based augmented reality (AR) on muscle strength, muscle endurance, balance ability, and flexibility among people with developmental disabilities. Twenty-seven patients with developmental disabilities were included in the study. The intervention was based on an AR-based rehabilitation program and lasted for 8 weeks. The results showed a statistically significant improvement in muscle strength, muscle endurance, balance ability, and flexibility after the intervention (p < 0.05). The AR-based dual-task program increased interest and motivation in the high-cognitive-stage groups, while less interest and motivation were observed in the low-cognitive-stage groups. Our results suggest that an AR-based dual-task program can be an effective method to improve physical ability in patients with high cognitive levels.",2022,"Healthcare (Basel, Switzerland)",,LIKELY_ADVANCE_CONFIRM,,,,,,,,,
4682,TA-19,36292426,10.3390/healthcare10101981,Effects of Augmented Reality Game-Based Cognitive-Motor Training on Restricted and Repetitive Behaviors and Executive Function in Patients with Autism Spectrum Disorder.,"Restricted and repetitive behaviors (RRBs) and executive dysfunction are widely acknowledged as core features and hallmarks in patients with autism spectrum disorder (ASD). This study aimed to investigate the effects of augmented reality (AR) using motivational games with cognitive-motor exercises on RRBs, executive function (EF), attention, and reaction time in patients with ASD. Twenty-four patients (range from 6 to 18 years) diagnosed with ASD were recruited from local social welfare centers and randomly allocated to the AR game-based cognitive-motor training group (study group) or the conventional cognitive training group (control group). Both groups completed 30 min training sessions, twice a week for four weeks. Outcome measures were conducted before and after the intervention. As a result, improvements were observed in all the subscales of the RRBs in the study group except for self-injurious and ritualistic behavior. Significant improvements were observed in EF and reaction time in the study group, which was significantly higher compared to the control group. With the present findings, we can suggest that cognitive-motor training using AR game-based content generates positive effects on improving executive function reaction time and accuracy of responses and has a limited effect on RRBs in patients with ASD. This can be proposed as a complementary intervention associated with individualized daily management.",2022,"Healthcare (Basel, Switzerland)",,LIKELY_ADVANCE_CONFIRM,,,,,,,,,
4683,TA-19,36292263,10.3390/healthcare10101815,Augmented Reality Surgical Navigation System for External Ventricular Drain.,"Augmented reality surgery systems are playing an increasing role in the operating room, but applying such systems to neurosurgery presents particular challenges. In addition to using augmented reality technology to display the position of the surgical target position in 3D in real time, the application must also display the scalpel entry point and scalpel orientation, with accurate superposition on the patient. To improve the intuitiveness, efficiency, and accuracy of extra-ventricular drain surgery, this paper proposes an augmented reality surgical navigation system which accurately superimposes the surgical target position, scalpel entry point, and scalpel direction on a patient's head and displays this data on a tablet. The accuracy of the optical measurement system (NDI Polaris Vicra) was first independently tested, and then complemented by the design of functions to help the surgeon quickly identify the surgical target position and determine the preferred entry point. A tablet PC was used to display the superimposed images of the surgical target, entry point, and scalpel on top of the patient, allowing for correct scalpel orientation. Digital imaging and communications in medicine (DICOM) results for the patient's computed tomography were used to create a phantom and its associated AR model. This model was then imported into the application, which was then executed on the tablet. In the preoperative phase, the technician first spent 5-7 min to superimpose the virtual image of the head and the scalpel. The surgeon then took 2 min to identify the intended target position and entry point position on the tablet, which then dynamically displayed the superimposed image of the head, target position, entry point position, and scalpel (including the scalpel tip and scalpel orientation). Multiple experiments were successfully conducted on the phantom, along with six practical trials of clinical neurosurgical EVD. In the 2D-plane-superposition model, the optical measurement system (NDI Polaris Vicra) provided highly accurate visualization (2.01 ± 1.12 mm). In hospital-based clinical trials, the average technician preparation time was 6 min, while the surgeon required an average of 3.5 min to set the target and entry-point positions and accurately overlay the orientation with an NDI surgical stick. In the preparation phase, the average time required for the DICOM-formatted image processing and program import was 120 ± 30 min. The accuracy of the designed augmented reality optical surgical navigation system met clinical requirements, and can provide a visual and intuitive guide for neurosurgeons. The surgeon can use the tablet application to obtain real-time DICOM-formatted images of the patient, change the position of the surgical entry point, and instantly obtain an updated surgical path and surgical angle. The proposed design can be used as the basis for various augmented reality brain surgery navigation systems in the future.",2022,"Healthcare (Basel, Switzerland)",,LIKELY_ADVANCE_CONFIRM,,,,,,,,,
4684,TA-19,36290910,10.3390/bios12100772,An Electric Wheelchair Manipulating System Using SSVEP-Based BCI System.,"Most people with motor disabilities use a joystick to control an electric wheelchair. However, those who suffer from multiple sclerosis or amyotrophic lateral sclerosis may require other methods to control an electric wheelchair. This study implements an electroencephalography (EEG)-based brain-computer interface (BCI) system and a steady-state visual evoked potential (SSVEP) to manipulate an electric wheelchair. While operating the human-machine interface, three types of SSVEP scenarios involving a real-time virtual stimulus are displayed on a monitor or mixed reality (MR) goggles to produce the EEG signals. Canonical correlation analysis (CCA) is used to classify the EEG signals into the corresponding class of command and the information transfer rate (ITR) is used to determine the effect. The experimental results show that the proposed SSVEP stimulus generates the EEG signals because of the high classification accuracy of CCA. This is used to control an electric wheelchair along a specific path. Simultaneous localization and mapping (SLAM) is the mapping method that is available in the robotic operating software (ROS) platform that is used for the wheelchair system for this study.",2022,Biosensors,,LIKELY_ADVANCE_CONFIRM,,,,,,,,,
4685,TA-19,36290503,10.3390/bioengineering9100537,"Development of a CT-Compatible, Anthropomorphic Skull and Brain Phantom for Neurosurgical Planning, Training, and Simulation.","Neurosurgical procedures are complex and require years of training and experience. Traditional training on human cadavers is expensive, requires facilities and planning, and raises ethical concerns. Therefore, the use of anthropomorphic phantoms could be an excellent substitute. The aim of the study was to design and develop a patient-specific 3D-skull and brain model with realistic CT-attenuation suitable for conventional and augmented reality (AR)-navigated neurosurgical simulations. The radiodensity of materials considered for the skull and brain phantoms were investigated using cone beam CT (CBCT) and compared to the radiodensities of the human skull and brain. The mechanical properties of the materials considered were tested in the laboratory and subsequently evaluated by clinically active neurosurgeons. Optimization of the phantom for the intended purposes was performed in a feedback cycle of tests and improvements. The skull, including a complete representation of the nasal cavity and skull base, was 3D printed using polylactic acid with calcium carbonate. The brain was cast using a mixture of water and coolant, with 4 wt% polyvinyl alcohol and 0.1 wt% barium sulfate, in a mold obtained from segmentation of CBCT and T1 weighted MR images from a cadaver. The experiments revealed that the radiodensities of the skull and brain phantoms were 547 and 38 Hounsfield units (HU), as compared to real skull bone and brain tissues with values of around 1300 and 30 HU, respectively. As for the mechanical properties testing, the brain phantom exhibited a similar elasticity to real brain tissue. The phantom was subsequently evaluated by neurosurgeons in simulations of endonasal skull-base surgery, brain biopsies, and external ventricular drain (EVD) placement and found to fulfill the requirements of a surgical phantom. A realistic and CT-compatible anthropomorphic head phantom was designed and successfully used for simulated augmented reality-led neurosurgical procedures. The anatomic details of the skull base and brain were realistically reproduced. This phantom can easily be manufactured and used for surgical training at a low cost.",2022,"Bioengineering (Basel, Switzerland)",,LIKELY_ADVANCE_CONFIRM,,,,,,,,,
4686,TA-19,36288973,10.2176/jns-nmc.2022-0116,Evolution and Revolution of Imaging Technologies in Neurosurgery.,"We understand only a small fraction of the events happening in our brains; therefore, despite all the progress made thus far, a whole array of questions remains. Nonetheless, neurosurgeons invented new tools to circumvent the challenges that had plagued their predecessors. With the manufacturing boom of the 20th century, technological innovations blossomed enabling the neuroscientific community to study and operate upon the living brain in finer detail and with greater precision while avoiding harm to the nervous system. The purpose of this chronological review is to 1) raise awareness among future neurosurgeons about the latest advances in the field, 2) become familiar with innovations such as augmented reality (AR) that should be included in education given their ready applicability in surgical training, and 3) be comfortable with customizing these technologies to real-life cases like in the case of mixed reality.",2022,Neurologia medico-chirurgica,,LIKELY_ADVANCE_CONFIRM,,,,,,,,,
4687,TA-19,36286367,10.3390/jimaging8100273,An Augmented Reality-Based Interaction Scheme for Robotic Pedicle Screw Placement.,"Robot-assisted surgery is becoming popular in the operation room (OR) for, e.g., orthopedic surgery (among other surgeries). However, robotic executions related to surgical steps cannot simply rely on preoperative plans. Using pedicle screw placement as an example, extra adjustments are needed to adapt to the intraoperative changes when the preoperative planning is outdated. During surgery, adjusting a surgical plan is non-trivial and typically rather complex since the available interfaces used in current robotic systems are not always intuitive to use. Recently, thanks to technical advancements in head-mounted displays (HMD), augmented reality (AR)-based medical applications are emerging in the OR. The rendered virtual objects can be overlapped with real-world physical objects to offer intuitive displays of the surgical sites and anatomy. Moreover, the potential of combining AR with robotics is even more promising; however, it has not been fully exploited. In this paper, an innovative AR-based robotic approach is proposed and its technical feasibility in simulated pedicle screw placement is demonstrated. An approach for spatial calibration between the robot and HoloLens 2 without using an external 3D tracking system is proposed. The developed system offers an intuitive AR-robot interaction approach between the surgeon and the surgical robot by projecting the current surgical plan to the surgeon for fine-tuning and transferring the updated surgical plan immediately back to the robot side for execution. A series of bench-top experiments were conducted to evaluate system accuracy and human-related errors. A mean calibration error of 3.61 mm was found. The overall target pose error was 3.05 mm in translation and 1.12∘ in orientation. The average execution time for defining a target entry point intraoperatively was 26.56 s. This work offers an intuitive AR-based robotic approach, which could facilitate robotic technology in the OR and boost synergy between AR and robots for other medical applications.",2022,Journal of imaging,,LIKELY_ADVANCE_CONFIRM,,,,,,,,,
4688,TA-19,36286350,10.3390/jimaging8100255,AR-Supported Supervision of Conditional Autonomous Robots: Considerations for Pedicle Screw Placement in the Future.,"Robotic assistance is applied in orthopedic interventions for pedicle screw placement (PSP). While current robots do not act autonomously, they are expected to have higher autonomy under surgeon supervision in the mid-term. Augmented reality (AR) is promising to support this supervision and to enable human-robot interaction (HRI). To outline a futuristic scenario for robotic PSP, the current workflow was analyzed through literature review and expert discussion. Based on this, a hypothetical workflow of the intervention was developed, which additionally contains the analysis of the necessary information exchange between human and robot. A video see-through AR prototype was designed and implemented. A robotic arm with an orthopedic drill mock-up simulated the robotic assistance. The AR prototype included a user interface to enable HRI. The interface provides data to facilitate understanding of the robot's ""intentions"", e.g., patient-specific CT images, the current workflow phase, or the next planned robot motion. Two-dimensional and three-dimensional visualization illustrated patient-specific medical data and the drilling process. The findings of this work contribute a valuable approach in terms of addressing future clinical needs and highlighting the importance of AR support for HRI.",2022,Journal of imaging,,LIKELY_ADVANCE_CONFIRM,,,,,,,,,
4689,TA-19,36285466,10.7874/jao.2022.00234,Systematic Review and Meta-Analysis of the Application of Virtual Reality in Hearing Disorders.,"Trendy technologies, such as artificial intelligence, virtual reality (VR), and augmented reality (AR) are being increasingly used for hearing loss, tinnitus, and vestibular disease. Thus, we conducted this systematic review and meta-analysis to identify the possible benefits of the use of VR and AR technologies in patients with hearing loss, tinnitus, and/or vestibular dysfunction, with the aim of suggesting potential applications of these technologies for both researchers and clinicians. Published articles from 1968 to 2022 were gathered from six electronic journal databases. Applying our specified inclusion and/or exclusion criteria, 23 studies were analyzed. As only one article on hearing loss and two articles on tinnitus were found, 20 studies on vestibular dysfunction were only finally included for the meta-analysis. Standardized mean differences (SMDs) were chosen as estimates to compare the studies. A funnel plot and Egger's regression analysis were used to identify any risk of bias. High heterogeneity (I2: 83%, τ2: 0.5431, p<0.01) was identified across the studies on vestibular dysfunction. VR-based rehabilitation was significantly effective for individuals with vestibular disease (SMDs: 0.03, 95% confidence interval [CI]: -0.08 to 0.15, p<0.05). A subgroup analysis revealed that only improvement in the subjective questionnaire was meaningful and statistically significant (SMDs: -0.66, 95% CI: -1.10 to -0.22). VR-based vestibular rehabilitation showed potential for subjective rating measures like Dizziness Handicap Index. The negative effect of aging on vestibular disease was indirectly confirmed. More clinical trials and an evidence-based approach are needed to confirm the implementation of state-of-the-art technology for hearing loss and tinnitus, representative diseases in neurotology.",2022,Journal of audiology & otology,SECONDARY_OR_COMMENTARY_TITLE,LIKELY_ADVANCE_CONFIRM,,,,,,,,,
4690,TA-19,36284824,10.1007/s10639-022-11364-2,"Comparing approaches for selection, development, and deployment of extended reality (XR) teaching applications: A case study at The University of Newcastle Australia.","The use of extended reality (XR) technology in education offers many advantages for transferring knowledge and practical skills training at the higher education level. As a result, many Universities over the past 5 + years have undertaken pilot programs to both develop XR content and assess how to best implement it within existing teaching and learning systems. Unfortunately, very few of these efforts have included structured evaluation or documentation. As such, limited published evidence exists to inform processes and approaches that may assist or hinder broad scale implementation. This leads many Universities to unnecessarily commit significant time and resources to testing identical or similar approaches, resulting in repeated identification of the same or similar challenges. In response to this situation, The University of Newcastle, Australia decided to systematically document the approach for selection, development and implementation of four new virtual-reality (VR) teaching applications. The current paper contains a detailed intrinsic case study, outlining the process and critical elements that shaped the selection of suitable teaching content, software development, hardware solutions and implementation. Details are provided on how decisions were made, what components were considered helpful, challenges identified, and important lessons outlined. These findings will be useful to organisations and individuals as they look to develop pathways and processes to integrate XR technology, particularly within their existing training and educational frameworks. The online version contains supplementary material available at 10.1007/s10639-022-11364-2.",2023,Education and information technologies,,LIKELY_ADVANCE_CONFIRM,,,,,,,,,
4691,TA-19,36284594,10.3171/2021.10.FOCVID2157,Microscope-based augmented reality with diffusion tensor imaging and fluorescein in insular glioma resection.,"Maximal safe resection is the goal of insular glioma surgery. The combination of intraoperative augmented reality (AR) diffusion tensor imaging (DTI) fiber tracking with fluorescein dye (F) helps achieve this goal throughout a microscope-based visualization of the tumor and white matter fiber tracts. The aim of the present video article was to show the technical key aspects of DTI-F microscope-based AR-assisted surgery during the gross-total resection of an insular Berger-Sanai type I+IV high-grade glioma in a 63-year-old patient, performed through a pterional transsylvian approach. The video can be found here: https://stream.cadmore.media/r10.3171/2021.10.FOCVID2157.",2022,Neurosurgical focus: Video,,LIKELY_ADVANCE_CONFIRM,,,,,,,,,
4692,TA-19,36284590,10.3171/2021.10.FOCVID21172,Augmented-reality template guided transorbital approach for intradural tumors.,"For ""minimally invasive"" approaches to a deep-lying skull base lesion, the bone opening must be precisely placed and adequately wide to accomplish the surgical goal. Surgical rehearsal in virtual reality (VR) can generate navigation-integrated augmented reality (AR) templates to ensure precise surgical openings. In this video, the authors used AR templates for the transpalpebral, transorbital approach for intradural tumors. VR renderings of patient-specific anatomy were used in surgical rehearsal. The optimal openings were saved and, at surgery, projected into the eyepiece of the navigation-tracked microscope. The template enhanced the planning of the incision and soft-tissue exposure and guided the drill toward the target. The video can be found here: https://stream.cadmore.media/r10.3171/2021.10.FOCVID21172.",2022,Neurosurgical focus: Video,,LIKELY_ADVANCE_CONFIRM,,,,,,,,,
4693,TA-19,36280109,10.1016/j.jormas.2022.10.017,Augmented reality guided in reconstruction of mandibular defect with fibular flap: A cadaver study.,"Augmented reality (AR) navigation has been developed in recent years and can overcome some limitations of existing technologies. This study aimed to investigate a novel method of fibula free flap (FFF) osteotomy based on AR technology through a cadaver study. One mandible, seven fibulas, and seven lower limb specimens underwent computed tomography (CT) examination. We used the professional software Proplan CMF 3.0 to design a defective mandible model and created fourteen virtual reconstruction plans using the fibulas and lower limb specimens. The AR-based intraoperative guidance software prototype was developed using the Unity Real-Time Development Platform, and virtual plans were transferred into this software prototype. We used AR-based surgical navigation to guide the FFF osteotomy and used these fibular segments to reconstruct the defective mandible model. After reconstruction, all segments were scanned by CT. Osteotomy accuracy was evaluated by measuring the length and angular deviation between the virtual plan and the final result. The reconstruction precision was reflected by the volume overlap rate and average surface distance between the planned and obtained reconstruction. The length difference, angular deviation, volume overlap rate and average surface distance of the in vitro group were 1.03±0.68 mm, 5.04±2.61°, 95.35±1.81%, and 1.02±0.27 mm, respectively. Those of the in vivo group were 1.18±0.84 mm, 5.45±1.47°, 95.31±2.09%, and 1.22±0.12 mm. Due to the ideal result of cadaver experiments, an AR-based FFF osteotomy guided system may become a novel approach to assist FFF osteotomy for the reconstruction of defective mandibles.",2023,"Journal of stomatology, oral and maxillofacial surgery",,LIKELY_ADVANCE_CONFIRM,,,,,,,,,
4694,TA-19,36279345,10.1109/TVCG.2022.3216712,Metameric Inpainting for Image Warping.,"Image-warping, a per-pixel deformation of one image into another, is an essential component in immersive visual experiences such as virtual reality or augmented reality. The primary issue with image warping is disocclusions, where occluded (and hence unknown) parts of the input image would be required to compose the output image. We introduce a new image warping method, Metameric image inpainting - an approach for hole-filling in real-time with foundations in human visual perception. Our method estimates image feature statistics of disoccluded regions from their neighbours. These statistics are inpainted and used to synthesise visuals in real-time that are less noticeable to study participants, particularly in peripheral vision. Our method offers speed improvements over the standard structured image inpainting methods while improving realism over colour-based inpainting such as push-pull. Hence, our work paves the way towards future applications such as depth image-based rendering, 6-DoF 360 rendering, and remote render-streaming.",2023,IEEE transactions on visualization and computer graphics,,LIKELY_ADVANCE_CONFIRM,,,,,,,,,
4695,TA-19,36276884,10.1016/j.apjon.2022.100135,A scoping review of deep learning in cancer nursing combined with augmented reality: The era of intelligent nursing is coming.,"Artificial intelligence has been developing greatly in the field of medicine. As a new research hotspot of artificial intelligence, deep learning (DL) has been widely applied in the fields of cancer risk assessment, symptom recognition, and cancer detection. Therefore, nursing care issues in terms of consuming time and energy, lower accuracy, and lower efficiency can be solved with applying DL in caring cancer patients. In addition, augmented reality (AR) has great navigation potential through combining computer-generated virtual elements with the real world. Thus, DL ​+ ​AR may facilitate patients with cancer to possess a brand-new model of nursing care that is more intelligent, mobile, and adapted to the information age, compared to traditional nursing. With the advent of the era of intelligent nursing, future nursing models can not only learn from the DL ​+ ​AR model to meet the needs of patients with cancer but also reduce nursing workload, save healthcare resources, and improve work efficiency, the quality of nursing care, as well as the quality of life for cancer patients.",2022,Asia-Pacific journal of oncology nursing,SECONDARY_OR_COMMENTARY_TITLE,LIKELY_ADVANCE_CONFIRM,,,,,,,,,
4696,TA-19,36275980,10.1155/2022/3688797,Interactive Display of Images in Digital Exhibition Halls under Artificial Intelligence and Mixed Reality Technology.,"The attractiveness of traditional exhibition halls to young people is gradually decreasing. Combining modern digital technology to improve the display effect of the exhibition hall can effectively enhance the effect of cultural publicity. This article introduces the technology of image interaction and mixed reality (MR) to improve the historical and cultural propaganda level of the Shaanxi exhibition hall. The advantages of MR technology in applying digital exhibition halls are theoretically expounded. A theoretical plan for Shaanxi history and culture-related display areas is designed using artificial intelligence combined with  MR  technology. In addition, the survey respondent's evaluation of the effect of the new exhibition hall is obtained using a questionnaire survey. The survey results show that 97% of people like the history and culture of Shaanxi but only 13% of the people say they know or know very well about the history and culture of Shaanxi. In addition, 60% of the tourists say they are satisfied with the cultural experience of Shaanxi, and only 27% of the tourists are very satisfied. Also, 96% of tourists are willing to experience Shaanxi's history and culture through digital exhibition halls, and 93% are willing to participate in cultural experience activities based on MR technology. The survey results prove that tourists are satisfied with the effect of the new exhibition hall. Tourists want to add a distinctive form of cultural experience to the exhibition hall. They are willing to accept digital exhibition halls incorporating MR technology and are very happy to participate in the exhibition method of image interaction. This shows that the use of image interactive display based on MR technology in the layout of the exhibition hall is recognized by people and has strong feasibility. This article has reference significance for the digital upgrade of the exhibition hall and the development of the cultural tourism industry.",2022,Computational intelligence and neuroscience,,LIKELY_ADVANCE_CONFIRM,,,,,,,,,
4697,TA-19,36274998,10.46374/volxxiv_issue3_qian,Assessing Pediatric Life Support Skills Using Augmented Reality Medical Simulation With Eye Tracking: A Pilot Study.,"Augmented reality (AR) and eye tracking are promising adjuncts for medical simulation, but they have remained distinct tools. The recently developed Chariot Augmented Reality Medical (CHARM) Simulator combines AR medical simulation with eye tracking. We present a novel approach to applying eye tracking within an AR simulation to assess anesthesiologists during an AR pediatric life support simulation. The primary aim was to explore clinician performance in the simulation. Secondary outcomes explored eye tracking as a measure of shockable rhythm recognition and participant satisfaction. Anesthesiology residents, pediatric anesthesiology fellows, and attending pediatric anesthesiologists were recruited. Using CHARM, they participated in a pediatric crisis simulation. Performance was scored using the Anesthesia-centric Pediatric Advanced Life Support (A-PALS) scoring instrument, and eye tracking data were analyzed. The Simulation Design Scale measured participant satisfaction. Nine each of residents, fellows, and attendings participated for a total of 27. We were able to successfully progress participants through the AR simulation as demonstrated by typical A-PALS performance scores. We observed no differences in performance across training levels. Eye tracking data successfully allowed comparisons of time to rhythm recognition across training levels, revealing no differences. Finally, simulation satisfaction was high across all participants. While the agreement between A-PALS score and gaze patterns is promising, further research is needed to fully demonstrate the use of AR eye tracking for medical training and assessment. Physicians of multiple training levels were satisfied with the technology.",2022,The journal of education in perioperative medicine : JEPM,,LIKELY_ADVANCE_CONFIRM,,,,,,,,,
4698,TA-19,36273191,10.1186/s40814-022-01187-w,Clinical feasibility and preliminary outcomes of a novel mixed reality system to manage phantom pain: a pilot study.,"To assess the clinical feasibility of a virtual mirror therapy system in a pilot sample of patients with phantom pain. Our Mixed reality system for Managing Phantom Pain (Mr. MAPP) mirrors the preserved limb to visualize the amputated limb virtually and perform exercises. Seven patients with limb loss and phantom pain agreed to participate and received the system for 1-month home use. Outcome measures were collected at baseline and 1 month. Four (of seven recruited) participants completed the study, which was temporarily suspended due to COVID-19 restrictions. At 1 month, in-game data showed a positive trend, but pain scores showed no clear trends. Functioning scores improved for 1 participant. Mr. MAPP is feasible and has the potential to improve pain and function in patients with phantom pain. Clinical Trials Registration, NCT04529083.",2022,Pilot and feasibility studies,,LIKELY_ADVANCE_CONFIRM,,,,,,,,,
4699,TA-19,36269910,10.1109/TNSRE.2022.3215695,Augmented Reality Driven Steady-State Visual Evoked Potentials for Wheelchair Navigation.,"Medically oriented Brain Computer Interfaces (BCIs) have been proposed as a promising approach addressed to individuals suffering from severe paralysis. Steady-State Visual Evoked Potentials (SSVEPs) in particular have been proven successful in many different applications, achieving high information throughput with short or even no training. However, efficient electric wheelchair navigation combining high accuracy and comfort is still not demonstrated. In this paper, we propose the use of an SSVEP-based universal control system featuring augmented reality (AR) glasses in an attempt to increase ease of use and patient acceptability without making compromises on BCI performance. The system received positive user-feedback, reaching a mean accuracy of 90%. Merits and pitfalls of the system proposed are also addressed.",2022,IEEE transactions on neural systems and rehabilitation engineering : a publication of the IEEE Engineering in Medicine and Biology Society,,LIKELY_ADVANCE_CONFIRM,,,,,,,,,
4700,TA-19,36269364,10.1007/s00405-022-07699-8,Augmented reality during parotid surgery: real-life evaluation of voice control of a head mounted display.,"Augmented Reality can improve surgical planning and performance in parotid surgery. For easier application we implemented a voice control manual for our augmented reality system. The aim of the study was to evaluate the feasibility of the voice control in real-life situations. We used the HoloLens 1® (Microsoft Corporation) with a special speech recognition software for parotid surgery. The evaluation took place in a audiometry cubicle and during real surgical procedures. Voice commands were used to display various 3D structures of the patient with the HoloLens 1®. Commands had different variations (male/female, 65 dB SPL)/louder, various structures). In silence, 100% of commands were recognized. If the volume of the operation room (OR) background noise exceeds 42 dB, the recognition rate decreases significantly, and it drops below 40% at > 60 dB SPL. With constant speech volume at 65 dB SPL male speakers had a significant better recognition rate than female speakers (p = 0.046). Higher speech volumes can compensate this effect. The recognition rate depends on the type of background noise. Mixed OR noise (52 dB(A)) reduced the detection rate significantly compared to single suction noise at 52 dB(A) (p ≤ 0.00001). The recognition rate was significantly better in the OR than in the audio cubicle (p = 0.00013 both genders, 0.0086 female, and 0.0036 male). The recognition rate of voice commands can be enhanced by increasing the speech volume and by singularizing ambient noises. The detection rate depends on the loudness of the OR noise. Male voices are understood significantly better than female voices.",2023,European archives of oto-rhino-laryngology : official journal of the European Federation of Oto-Rhino-Laryngological Societies (EUFOS) : affiliated with the German Society for Oto-Rhino-Laryngology - Head and Neck Surgery,,LIKELY_ADVANCE_CONFIRM,,,,,,,,,
4701,TA-19,36268331,10.1016/j.amsu.2022.104511,Telesurgery's potential role in improving surgical access in Africa.,"An estimated five billion people worldwide lack access to surgical care, while LMICs including African nations require an additional 143 million life-saving surgical procedures each year.African hospitals are under-resourced and understaffed, causing global attention to be focused on improving surgical access in the continent. The African continent saw its first telesurgery application when the United States Army Special Operations Forces in Somalia used augmented reality to stabilize lifethreatening injuries.Various studies have been conducted since the first telesurgery implementation in 2001 to further optimize its application.In context of a relative shortage of healthcare resources and personnel telesurgery can considerably improve quality and access to surgical services in Africa.telesurgery can provide remote African regions with access to knowledge and tools that were previously unavailable, driving innovative research and professional growth of surgeons in the region.At the same time, telesurgery allows less trained surgeons in remote areas with lower social determinants of health, such as access, to achieve better health outcomes. However, lack of stable internet access, expensive equipment costs combined with low expenditure on healthcare limits expansive utilization of telesurgery in Africa. Regional and international policies aimed at overcoming these obstacles can improve access, optimize surgical care and thereby reduce disease burden associated with surgical conditions in Africa.",2022,Annals of medicine and surgery (2012),,LIKELY_ADVANCE_CONFIRM,,,,,,,,,
4702,TA-19,36267969,10.3389/fonc.2022.921607,Development and feasibility evaluation of an AR-assisted radiotherapy positioning system.,"The aim of this study is to develop an augmented reality (AR)-assisted radiotherapy positioning system based on HoloLens 2 and to evaluate the feasibility and accuracy of this method in the clinical environment. The obtained simulated computed tomography (CT) images of an ""ISO cube"", a cube phantom, and an anthropomorphic phantom were reconstructed into three-dimensional models and imported into the HoloLens 2. On the basis of the Vuforia marker attached to the ""ISO cube"" placed at the isocentric position of the linear accelerator, the correlation between the virtual and real space was established. First, the optimal conditions to minimize the deviation between virtual and real objects were explored under different conditions with a cube phantom. Then, the anthropomorphic phantom-based positioning was tested under the optimal conditions, and the positioning errors were evaluated with cone-beam CT. Under the normal light intensity, the registration and tracking angles are 0°, the distance is 40 cm, and the deviation reached a minimum of 1.4 ± 0.3 mm. The program would not run without light. The hologram drift caused by the light change, camera occlusion, and head movement were 0.9 ± 0.7 mm, 1.0 ± 0.6 mm, and 1.5 ± 0.9 mm, respectively. The anthropomorphic phantom-based positioning errors were 3.1 ± 1.9 mm, 2.4 ± 2.5 mm, and 4.6 ± 2.8 mm in the X (lateral), Y (vertical), and Z (longitudinal) axes, respectively, and the angle deviation of Rtn was 0.26 ± 0.14°. The AR-assisted radiotherapy positioning based on HoloLens 2 is a feasible method with certain advantages, such as intuitive visual guidance, radiation-free position verification, and intelligent interaction. Hardware and software upgrades are expected to further improve accuracy and meet clinicalbrendaannmae requirements.",2022,Frontiers in oncology,,LIKELY_ADVANCE_CONFIRM,,,,,,,,,
4703,TA-19,36266100,10.1016/j.tibtech.2022.09.005,Extended reality gives digital agricultural biotechnology a new dimension.,"Facing up to the global challenges of designing climate-resilient biotech crops involves a great deal of out-of-the-box thinking. Extended reality is coming of age in digital agricultural biotechnology. Here, we seek to stimulate technological innovation by empowering future innovators, researchers, academics, and startups to think and partner creatively.",2023,Trends in biotechnology,,LIKELY_ADVANCE_CONFIRM,,,,,,,,,
4704,TA-19,36266050,10.14444/8273,Augmented Reality in Spine Surgery: Current State of the Art.,"Augmented reality (AR) is the superimposition of a virtual environment on the real world. The use of AR in spine surgery continues to grow, with multiple companies and products becoming available. The proposed benefits of AR include decreased attention shift, decreased line-of-site interruption, opportunity for more minimally invasive approaches, decreased radiation exposure to the operative team, and improved pedicle screw accuracy. In this review, we examine our institutional experiences with utilization and implementation of some of the current AR products.",2022,International journal of spine surgery,,LIKELY_ADVANCE_CONFIRM,,,,,,,,,
4705,TA-19,36259629,10.1111/ahe.12876,Students' performance in teaching neuroanatomy using traditional and technology-based methods.,"The use of digital teaching resources became widespread and very helpful during the COVID-19 pandemic as an alternative to a traditional course with cadavers. Technologies such as augmented reality (AR), virtual reality (VR), 3D models, video lectures and other online resources enable three-dimensional visualization of the anatomical structures and allow students to learn more interactively. The aim of this study was to compare students' performance in the traditional anatomical courses in teaching neuroanatomy and technology-based learning methods such as video lectures, 3D models and 3D printed specimens. Four groups of first-year students of Veterinary Faculty established for the practical classes during the academic year 2021/2022 took part in this research. The total number of students participating in this research was 72. Each group attended separately the theoretical lecture with a demonstration based on a different technique; the control group used formalized specimens, while the three experimental groups used video lectures, 3D models and 3D printed specimens, respectively. Subsequently, all groups completed the same questionnaire testing their short-term memory of the neuroanatomical structures. After four weeks students were tested for their long-term memory of the neuroanatomy lecture with the follow-up test containing an identical list of questions. The test scores using video lectures and 3D printed models were significantly higher compared with the group that learned in the traditional way. This study suggests that alternative approaches such as technology-based digital methods can facilitate memorization of anatomical terms and structures in a more interactive and sensory engaging way of learning.",2023,"Anatomia, histologia, embryologia",,LIKELY_ADVANCE_CONFIRM,,,,,,,,,
4706,TA-19,36258588,10.1364/OE.473679,Correcting the wavelength-induced phase deviation of Pancharatnam-Berry lenses.,"Liquid-crystal-based Pancharatnam-Berry optical elements are widely used in virtual reality and augmented reality. However, the mismatch between exposure wavelength and operating wavelength leads to an undesirable phase deviation to the lenses, which in turn causes severe aberration especially when the f-number is small. To overcome the mismatched wavelength problem and to obtain a nearly ideal lens phase profile, a new exposure method using two template lenses with different focal lengths is proposed and experimentally validated. Our results indicate that such a lens indeed exhibits a better imaging performance than that fabricated by traditional interference method.",2022,Optics express,,LIKELY_ADVANCE_CONFIRM,,,,,,,,,
4707,TA-19,36258467,10.1364/OE.475296,Nanophotonic detector array to enable direct thermal infrared vision.,"Detection of infrared (IR) photons in a room-temperature IR camera is carried out by a two-dimensional array of microbolometer pixels which exhibit temperature-sensitive resistivity. When IR light coming from the far-field is focused onto this array, microbolometer pixels are heated up in proportion to the temperatures of the far-field objects. The resulting resistivity change of each pixel is measured via on-chip electronic readout circuit followed by analog to digital (A/D) conversion, image processing, and presentation of the final IR image on a separate information display screen. In this work, we introduce a new nanophotonic detector as a minimalist alternative to microbolometer such that the final IR image can be presented without using the components required for A/D conversion, image processing and display. In our design, the detector array is illuminated with visible laser light and the reflected light itself carries the IR image which can be directly viewed. We numerically demonstrate this functionality using a resonant waveguide grating structure made of typical materials such as silicon carbide, silicon nitride, and silica for which lithography techniques are well-developed. We clarify the requirements to tackle the issues of fabrication nonuniformities and temperature drifts in the detector array. We envision a potential near-eye display device for direct IR vision based on timely use of diffractive optical waveguides in augmented reality headsets and tunable visible laser sources. Our work indicates a way to achieve thermal IR vision for suitable use cases with lower cost, smaller form factor, and reduced power consumption compared to the existing thermal IR cameras.",2022,Optics express,,LIKELY_ADVANCE_CONFIRM,,,,,,,,,
4708,TA-19,36258394,10.1364/OE.470833,Perspective clipping and fast rendering of light field images for holographic stereograms using RGBD data.,"The production of holographic stereogram (HS) requires a huge amount of light field data. How to efficiently clip and render these image data remains a challenge in the field. This work focuses on the perspective clipping and fast rendering algorithm for light field images using RGBD data without explicit 3D reconstruction. The RGBD data is expanded to RGBDθ data by introducing a light cone for each point, which gives a new degree of freedom for light field image rendering. Using the light cone and perspective coherence, the visibility of 3D image points can be clipped programmatically. Optical imaging effects including mirror imaging and half mirror imaging effects of 3D images can also be rendered with the help of light cones during the light field rendering process. The perspective coherence is also used to accelerate the rendering, which has been shown to be on average 168% faster than traditional DIBR algorithms. A homemade holographic printing system was developed to make the HSs using the rendered light field images. The vivid 3D effects of the HS have validated the effectiveness of the proposed method. It can also be used in holographic dynamic 3D display, augmented reality, virtual reality, and other fields.",2022,Optics express,SECONDARY_OR_COMMENTARY_TITLE,LIKELY_ADVANCE_CONFIRM,,,,,,,,,
4709,TA-19,36257198,10.1016/j.cmpb.2022.107173,Deep learning-based framework for automatic cranial defect reconstruction and implant modeling.,"This article presents a robust, fast, and fully automatic method for personalized cranial defect reconstruction and implant modeling. We propose a two-step deep learning-based method using a modified U-Net architecture to perform the defect reconstruction, and a dedicated iterative procedure to improve the implant geometry, followed by an automatic generation of models ready for 3-D printing. We propose a cross-case augmentation based on imperfect image registration combining cases from different datasets. Additional ablation studies compare different augmentation strategies and other state-of-the-art methods. We evaluate the method on three datasets introduced during the AutoImplant 2021 challenge, organized jointly with the MICCAI conference. We perform the quantitative evaluation using the Dice and boundary Dice coefficients, and the Hausdorff distance. The Dice coefficient, boundary Dice coefficient, and the 95th percentile of Hausdorff distance averaged across all test sets, are 0.91, 0.94, and 1.53 mm respectively. We perform an additional qualitative evaluation by 3-D printing and visualization in mixed reality to confirm the implant's usefulness. The article proposes a complete pipeline that enables one to create the cranial implant model ready for 3-D printing. The described method is a greatly extended version of the method that scored 1st place in all AutoImplant 2021 challenge tasks. We freely release the source code, which together with the open datasets, makes the results fully reproducible. The automatic reconstruction of cranial defects may enable manufacturing personalized implants in a significantly shorter time, possibly allowing one to perform the 3-D printing process directly during a given intervention. Moreover, we show the usability of the defect reconstruction in a mixed reality that may further reduce the surgery time.",2022,Computer methods and programs in biomedicine,,LIKELY_ADVANCE_CONFIRM,,,,,,,,,
4710,TA-19,36256688,10.1080/17483107.2022.2129846,A randomized controlled pilot study examining immediate effects of embodying a virtual reality superhero in people with chronic low back pain.,"In virtual reality, avatar embodiment can spur perceptions and behaviours related the avatars' characteristics. We tested whether embodying superhero-like avatars can change self-perceptions in people with chronic low back pain (CLBP). A non-blinded pilot randomized controlled trial. Participants were randomly allocated to embody a superhero (VR-SH, n = 20) or a neutral, non-superhero (VR-Play, n = 10) avatar. Primary outcomes related to body image (e.g., self-perceived vulnerability) and pain intensity were assessed at baseline, during exposure, immediately after and at one-week follow-up. Fear of movement, strength and patient impression of change were also recorded. The VR-SH group reported gains in body image during (p < .001, ηp2=0.71) and immediately after (p < .001, ηp2=0.66) VR, whereas the VR-Play group reported small gains during VR (p = .021, ηp2=0.46) but not immediately after (p = .076, ηp2=0.31). Pain, strength and fear of movement did not change and there were no sustained effects at follow-up (all ps > .05). A greater proportion of people in the VR-SH group reported at least minimal improvement at follow-up (7/20 vs. 1/10). A VR-SH session produced temporary positive effects on body image. Future research may consider whether larger and sustained effects can be obtained with multisession exposures or explore combined interventions. Implications for rehabilitationPhysical confidence and bodily trust can be significantly enhanced in people with chronic back pain using virtual reality.These positive body image effects may have implications for rehabilitation, such as in enhancing confidence with movementWhether a multisession intervention might produce more robust effects and changes in pain is yet to be determined.",2024,Disability and rehabilitation. Assistive technology,,PRIORITY_VERIFY,,,,,,,,,
4711,TA-19,36256346,10.1364/AO.462563,Subwavelength dielectric grating structures with tunable higher order resonance for achromatic augmented reality display.,"Color non-uniformities caused by a dispersion effect can seriously affect the image quality for a diffractive waveguide display system. In this work, we propose a subwavelength multilayered dielectric grating structure by a rigorous coupled wave analysis as a novel coupling grating, to the best of our knowledge, for waveguide-based near-eye displays to overcome the ""rainbow"" effect. Such a grating structure exhibits a tunable high-efficiency resonance in first-order diffraction due to resonant coupling of incident light with the grating structure. A further analysis of the resonant behaviors helps us get a clear understanding of the underlying physics for the mode excitation and resonant coupling process. The first-order resonance with a diffraction efficiency of more than 60% can be achieved with the resonant angle continuously shifted to get a large field of view. The resonant angle, diffraction efficiency, and spectral linewidth can be easily tuned by the geometrical parameters of the grating structure.",2022,Applied optics,,LIKELY_ADVANCE_CONFIRM,,,,,,,,,
4712,TA-19,36255791,10.1364/AO.460816,Low-stray-light gratings fabricated with scanning exposure method based on Lloyd's mirror for a high-contrast near-eye display in augmented reality.,"The stray light of gratings lowers the image contrast of augmented reality display devices based on lightguide gratings. We propose to reduce the stray light of gratings fabricated with the scanning exposure method in a Lloyd's mirror interferometer setup. The photoresist-coated substrate is moved in the longitudinal direction parallel to the exposure interference fringes during exposure to average out the laser speckle-induced noise. A phase locking module is designed to compensate for the unwanted lateral displacement caused by the straightness error and vibration of the translation stage. The stability and accuracy of phase locking in the Lloyd's mirror interferometer are analyzed with control system theory. Low-stray-light lightguide gratings were fabricated successfully. The stray light level was decreased by more than 50%, and the imaging contrast was increased from 65% to 85%.",2022,Applied optics,,LIKELY_ADVANCE_CONFIRM,,,,,,,,,
4713,TA-19,36255717,10.52198/22.STI.41.OS1615,Validation of a Prototype Augmented Reality Navigation System for Total Hip Replacement.,"Assistive technologies are becoming more common in total hip replacement (THR) procedures, improving surgeons' abilities to achieve target implant orientations. These systems can be large, absorbing limited space in the operating theatre, and they can add complexity to surgery. We developed a small footprint prototype system that can assist in the accurate placement of implant components using augmented reality (AR) technology into preoperatively planned positions. This technology augments the 3D pelvis and the cup in its target position and displays the real-time position of instruments. The accuracy of the developed prototype system was assessed through a cadaveric study, comparing the achieved implant positions to the preoperative target. All cadavers received preoperative 3D planning to identify the target cup position and orientation. Cadaveric surgeries were completed using the AR system to achieve the target cup placement. Postoperative computed tomography (CT) was used to measure the achieved component position for each hip. The mean absolute deviation (range) from target acetabular placement to the achieved acetabular placement was 2.9° (-8.7 to 3.3°), 3.0° (-5.7 to 7°) and 1.6mm (-1.2 to 3.5mm) for inclination, anteversion, and depth, respectively. Sixty-six percent of results were within +/-5° of the preoperative target orientation. We present a cadaver validation study on a small footprint prototype system using augmented reality to enable accurate cup placement and provide additional information intraoperatively. Our results are comparable with reported results for image-based navigation from the literature.",2022,Surgical technology international,,LIKELY_ADVANCE_CONFIRM,,,,,,,,,
4714,TA-19,36253604,10.1007/s11548-022-02774-1,Using multiple images and contours for deformable 3D-2D registration of a preoperative CT in laparoscopic liver surgery.,"Laparoscopic liver resection is a challenging procedure because of the difficulty to localise inner structures such as tumours and vessels. Augmented reality overcomes this problem by overlaying preoperative 3D models on the laparoscopic views. It requires deformable registration of the preoperative 3D models to the laparoscopic views, which is a challenging task due to the liver flexibility and partial visibility. We propose several multi-view registration methods exploiting information from multiple views simultaneously in order to improve registration accuracy. They are designed to work on two scenarios: on rigidly related views and on non-rigidly related views. These methods exploit the liver's anatomical landmarks and texture information available in all the views to constrain registration. We evaluated the registration accuracy of our methods quantitatively on synthetic and phantom data, and qualitatively on patient data. We measured 3D target registration errors in mm for the whole liver for the quantitative case, and 2D reprojection errors in pixels for the qualitative case. The proposed rigidly related multi-view methods improve registration accuracy compared to the baseline single-view method. They comply with the 1 cm oncologic resection margin advised for hepatocellular carcinoma interventions, depending on the available registration constraints. The non-rigidly related multi-view method does not provide a noticeable improvement. This means that using multiple views with the rigidity assumption achieves the best overall registration error.",2022,International journal of computer assisted radiology and surgery,,LIKELY_ADVANCE_CONFIRM,,,,,,,,,
4715,TA-19,36247775,10.3389/fneur.2022.994586,The feasibility of mixed reality-based upper extremity self-training for patients with stroke-A pilot study.,"Mixed reality (MR), which combines virtual reality and tangible objects, can be used for repetitive training by patients with stroke, allowing them to be immersed in a virtual environment while maintaining their perception of the real world. We developed an MR-based rehabilitation board (MR-board) for the upper limb, particularly for hand rehabilitation, and aimed to demonstrate the feasibility of the MR-board as a self-training rehabilitation tool for the upper extremity in stroke patients. The MR-board contains five gamified programs that train upper-extremity movements by using the affected hand and six differently shaped objects. We conducted five 30-min training sessions in stroke patients using the MR-board. The sensor measured hand movement and reflected the objects to the monitor so that the patients could check the process and results during the intervention. The primary outcomes were changes in the Box and Block Test (BBT) score, and the secondary outcomes were changes in the Fugl-Meyer assessment and Wolf Motor Function Test (WMFT) scores. Evaluations were conducted before and after the intervention. In addition, a usability test was performed to assess the patient satisfaction with the device. Ten patients with hemiplegic stroke were included in the analysis. The BBT scores and shoulder strength in the WMFT were significantly improved (p < 0.05), and other outcomes were also improved after the intervention. In addition, the usability test showed high satisfaction (4.58 out of 5 points), and patients were willing to undergo further treatment sessions. No safety issues were observed. The MR-board is a feasible intervention device for improving upper limb function. Moreover, this instrument could be an effective self-training tool that provides training routines for stroke patients without the assistance of a healthcare practitioner. This study was registered with the Clinical Research Information Service (CRIS: KCT0004167).",2022,Frontiers in neurology,,LIKELY_ADVANCE_CONFIRM,,,,,,,,,
4716,TA-19,36246711,10.12669/pjms.38.7.4777,Application evaluation of mixed-reality holographic imaging technology in the surgical treatment of spinal cord glioma.,"To investigate the application effect of mixed reality (MR) holographic imaging technology in the clinical surgical treatment of spinal cord glioma. The clinical data of 53 patients with spinal cord glioma who underwent surgical treatment in the Neurosurgery Department of our hospital from January 2017 to May 2020 were retrospectively studied. All the patients were divided into two groups according to different assistive technologies during the surgery: the observation group and the control group, with 30 cases and 23 cases respectively. Patients in the observation group received MR holographic imaging technology intraoperatively, while those in the control group received ultrasound. The surgical conditions of the two groups: the rate of complete resection of tumor lesions and the evaluation accuracy of complete resection were compared. Patients were followed up for 12 months in the outpatient department after surgery, and the recovery of postoperative spinal physiological function was evaluated based on imaging review and MMS scale grading, and the recurrence was obtained. There was no statistical significance in the basic clinical conditions between the two groups (P>0.05), and the total tumor resection rate in the experimental group was 96.67%, and that in the control group was 82.61%, showing a statistically significant difference (P<0.05). Based on enhanced MRI examination as the standard, the evaluation accuracy of intraoperative complete tumor resection in the experimental group was 93.33%, significantly higher than that in the control group (73.54%), with a statistical significance (P<0.05). The incidence of postoperative complications was 3.33% in the experimental group and 21.74% in the control group, with a statistically significant difference (P<0.05). Postoperative follow-up showed that good recovery rate of spinal cord function in the experimental group was 56.70%, and that in the control group was 41.09%, with a statistically significant difference (P<0.05). The recurrence rate was 0 in the experimental group and 4.34% in the control group at follow-up, with no statistically significant difference (P>0.05). With the application of MR holographic imaging technology in the surgical treatment of spinal cord glioma, critical clinical value can be realized. Specifically, the resection degree of spinal cord glioma can be displayed in real time, accurately, and three-dimensionally, the effect of surgical resection can be improved, surgical complications can be diminished, and the recovery of spinal cord function can be accelerated.",2022,Pakistan journal of medical sciences,,LIKELY_ADVANCE_CONFIRM,,,,,,,,,
4717,TA-19,36246493,10.3389/frobt.2022.927660,Design and realization of a novel haptic graspable interface for augmenting touch sensations.,"A novel haptic grasper that renders touch sensations to the user in 3-DoF (degrees of freedom), namely linear, rotary, and grasping motions, is presented. The touch sensations of the grasper include the combination of kinesthetic and tactile modalities such as stiffness, texture, and shape. The device is equipped with two swappable modular segments that provide stiffness and shape sensations. To increase the haptic fidelity, the textural surfaces that surround the outer surface of the segments are equipped with vibro-actuators underneath them. These vibro-actuators contribute to increasing the number of perceivable textures by varying amplitude, frequency, duration, and envelope of vibrations. The proposed device is characterized in terms of stiffness, shape and texture rendering capabilities. The experimental results validate the effectiveness of the developed haptic grasper in virtual/remote interactions. Also, the user studies and statistical analysis demonstrate that the users could perceive the high-fidelity haptic feedback with the unified sensations of kinesthetic and tactile cues.",2022,Frontiers in robotics and AI,,PRIORITY_VERIFY,,,,,,,,,
4718,TA-19,36245750,10.1016/j.xops.2022.100164,Evolution and Applications of Artificial Intelligence to Cataract Surgery.,"Despite significant recent advances in artificial intelligence (AI) technology within several ophthalmic subspecialties, AI seems to be underutilized in the diagnosis and management of cataracts. In this article, we review AI technology that may soon become central to the cataract surgical pathway, from diagnosis to completion of surgery. This review describes recent advances in AI in the preoperative, intraoperative, and postoperative phase of cataract surgery, demonstrating its impact on the pathway and the surgical team. A systematic search of PubMed was conducted to identify relevant publications on the topic of AI for cataract surgery. Articles of high quality and relevance to the topic were selected. Before surgery, diagnosis and grading of cataracts through AI-based image analysis has been demonstrated in several research settings. Optimal intraocular lens (IOL) power to achieve the desired postoperative refraction can be calculated with a higher degree of accuracy using AI-based modeling compared with traditional IOL formulae. During surgery, innovative AI-based video analysis tools are in development, promoting a paradigm shift for documentation, storage, and cataloging libraries of surgical videos with applications for teaching and training, complication review, and surgical research. Situation-aware computer-assisted devices can be connected to surgical microscopes for automated video capture and cloud storage upload. Artificial intelligence-based software can provide workflow analysis, tool detection, and video segmentation for skill evaluation by the surgeon and the trainee. Mixed reality features, such as real-time intraoperative warnings, may have a role in improving surgical decision-making with the key aim of reducing complications by recognizing surgical risks in advance and alerting the operator to them. For the management of patient flow through the pathway, AI-based mathematical models generating patient referral patterns are in development, as are simulations to optimize operating room use. In the postoperative phase, AI has been shown to predict the posterior capsule status with reasonable accuracy, and can therefore improve the triage pathway in the treatment of posterior capsular opacification. Artificial intelligence for cataract surgery will be as relevant as in other subspecialties of ophthalmology and will eventually constitute a future cornerstone for an enhanced cataract surgery pathway.",2022,Ophthalmology science,,LIKELY_ADVANCE_CONFIRM,,,,,,,,,
4719,TA-19,36242473,10.1364/OE.468647,Planar Alvarez tunable lens based on polymetric liquid crystal Pancharatnam-Berry optical elements.,"Virtual reality (VR) and augmented reality (AR) have widespread applications. The vergence-accommodation conflict (VAC), which causes 3D visual fatigue, has become an urgent challenge for VR and AR displays. Alvarez lenses, with precise and continuously tunable focal length based on the lateral shift of its two sub-elements, are a promising candidate as the key electro-optical component in vari-focal AR display systems to solve the VAC problem. In this paper, we propose and fabricate a compact Alvarez lens based on planar polymetric liquid crystal Pancharatnam-Berry optical elements. It can provide continuous diopter change from -1.4 D to 1.4 D at the wavelength of 532 nm with the lateral shift ranging from -5 mm to 5 mm. We also demonstrate an AR display system using this proposed Alvarez lens, where virtual images are augmented on the real world at different depths.",2022,Optics express,,LIKELY_ADVANCE_CONFIRM,,,,,,,,,
4720,TA-19,36242431,10.1364/OE.468078,Holographic near-eye display system with large viewing area based on liquid crystal axicon.,"In this paper, a liquid crystal axicon based holographic near-eye display system with large viewing area is proposed. The viewing area of the system is extended by implementing the liquid crystal axicon. The error diffusion algorithm is used to calculate the computer-generated hologram (CGH). When incident on the liquid crystal axicon placed at the back focal plane of Fourier lens, the reconstruction light modulated by the CGH is deflected into two directions resulting in a viewing area extension. Meanwhile, to illustrate the potential of the proposed system, two-dimensional viewing area extension is demonstrated. It combines the frequency spectrum shift with the proposed system and achieves a double expansion of the horizontal viewing area and three-times expansion of the vertical viewing area. Feasibility of the proposed system is verified by optical experiments. The proposed system has potential applications in holographic augmented reality (AR) display.",2022,Optics express,,LIKELY_ADVANCE_CONFIRM,,,,,,,,,
4721,TA-19,36242248,10.1364/OE.465842,Compact full-color augmented reality near-eye display using freeform optics and a holographic optical combiner.,"We develop a compact full-color augmented reality near-eye display system with a multicolor holographic optical combiner and a freeform relay system. The digital image is produced by a full-color micro organic light-emitting diode (Micro-OLED) display module. The freeform relay system includes four freeform optics and a holographic optical mirror, which are employed to correct both the monochromatic and chromatic aberrations caused by the holographic optical combiner. The two multicolor holographic mirrors have a three-layer laminated structure and are delicately fabricated to yield an improved diffractive efficiency and a reduced efficiency difference for red, green, and blue colors. The high degrees of freedom of freeform optics, and the thin and light nature of the holographic optical combiner yield a compact form factor near-eye display system with a diagonal field of view (FOV) of 20° and the eye-box of 5 mm × 5 mm. Two prototypes are built to demonstrate the feasibility of the proposed display system.",2022,Optics express,,LIKELY_ADVANCE_CONFIRM,,,,,,,,,
4722,TA-19,36242211,10.1364/OE.469126,Enhanced diffraction efficiency with angular selectivity by inserting an optical interlayer into a diffractive waveguide for augmented reality displays.,"The overall efficiency and image uniformity are important criteria for augmented reality display. The conventional in-coupling grating design intending to improve only the first-order diffraction efficiency without considering the multiple interactions with diffracted light in the waveguide is insufficient. In this work, the back-coupling loss (BCL) on the in-coupling surface relief grating, and the power of light arriving at the out-coupling grating over that of incident light (denoted as optical efficiency in waveguide, OEW) are introduced for the design of in-coupling grating. A simple and effective method to increase diffraction efficiency with unique angular selectivity is demonstrated by inserting an interlayer between the waveguide and grating. The optimized average OEW and its uniformity under a field of view of 40° are increased from 8.02% and 24.83% to 8.34% and 35.02% by introducing a region-selective MgF2 interlayer.",2022,Optics express,,LIKELY_ADVANCE_CONFIRM,,,,,,,,,
4723,TA-19,36239994,10.2196/39513,Mixed Reality Prototype of Multimodal Screening for Early Detection of Cognitive Impairments in Older Adults: Protocol Development and Usability Study.,"The early diagnosis of cognitive impairments is an important step in the adequate management of dementia. The project ""Smart Cognition & Behaviour Screening powered by Augmented Reality"" (SCOBES-AR) aims to develop a multimodal screening tool (MST) for the early detection of cognitive impairments using augmented and virtual reality. The first project phase selected validated assessments for combination with the MST and tested it in 300 healthy older adults. This study established a protocol for the implementation and usability of a mixed reality (MR)-enhanced multidisciplinary screening tool for the early detection of cognitive impairments in older adults. The developed MST will be partially enhanced by MR, which is a combination of augmented reality (AR) and virtual reality (VR). This MR-enhanced prototype of the screening tool (MR-MST) will be tested and compared to the previously developed MST. The usability of the prototype will also be examined. This single-center observational crossover design study screens 100 healthy participants (aged 60-75 years) for cognitive decline using a specially developed MST (assessment of cognitive functions, olfactory sensitivity, nutritional preferences, gait parameters, reaction times, and activities of daily living) and an MR-enhanced MST in which the assessments of cognitive functions, reaction time, activities of daily living, and gait will be performed using tailor-made software and AR and VR hardware. The results of the MR-enhanced MST will be compared to those without MR. The usability of the developed MR-enhanced MST will be tested on 10 investigators and 10 test participants using observed summative evaluation and the codiscovery method, and on 2 usability experts using the codiscovery and cognitive walkthrough methods. This study was funded by the Austrian Research Promotion Agency (grant 866873) and received approval from the ethics committee of the Medical University of Graz. The MR-MST and the experimental protocol for this study were developed. All participants gave written informed consent. As of July 15, 2022, a total of 70 participants have been screened. Data analysis and dissemination are scheduled for completion by September 2023. The development and testing of the MR-MST is an important step toward the establishment of the best practice procedure for the implementation of AR and VR in the screening of cognitive declines in older adults. It will help improve our knowledge of the usability and applicability of the developed prototype and promote further advancement in AR and VR technologies to be used in therapeutic settings. DERR1-10.2196/39513.",2022,JMIR research protocols,,LIKELY_ADVANCE_CONFIRM,,,,,,,,,
4724,TA-19,36237005,10.1364/OE.462384,Uniformity improvement of two-dimensional surface relief grating waveguide display using particle swarm optimization.,"Augmented reality head-mounted displays (AR-HMDs) based on diffractive waveguides have been a challenging and rewarding research topic focusing on near-eye displays. The size of the exit pupil and uniformity of the image illuminance are two important factors that affect the display performance of the diffractive waveguide. In this paper, a novel method for optimizing high uniformity of two-dimensional (2D) diffractive waveguide is proposed. A straight-line 2D surface relief grating (SRG) waveguide with divided grating regions is designed. An illuminance uniformity evaluation model of the energy propagation process is established, and non-sequential ray tracing is utilized to optimize the diffraction efficiency of multi-regions grating to achieve illuminance uniformity distribution. Then, the uniformity distribution of the diffraction efficiency in different fields of view (FOVs) is realized by combining the particle swarm optimization (PSO) algorithm and rigorous couple wave analysis (RCWA) to optimize the grating structural parameters, which further ensures the uniformity of the exit pupil illuminance and angular illuminance. The waveguide with exit pupil expansion (EPE) has exit pupil size of 16 mm × 14 mm at an eye relief (ERF) of 20 mm, exit pupil illuminance uniformity of 91%, and angular uniformity illuminance of 64%.",2022,Optics express,,LIKELY_ADVANCE_CONFIRM,,,,,,,,,
4725,TA-19,36236977,10.1364/OE.469794,Liquid crystal lens set in augmented reality systems and virtual reality systems for rapidly varifocal images and vision correction: erratum.,"We have an addendum for our previous paper [Opt. Express30, 22768 (2022)10.1364/OE.461378] cite previous prior works from the N. A. Riza lab that earlier reported a high speed lens based on digital polarization switching in cascade with birefringent fixed and tunable optical beamforming elements and its application for volumetric displays.",2022,Optics express,,LIKELY_ADVANCE_CONFIRM,,,,,,,,,
4726,TA-19,36236727,10.3390/s22197628,Application of Wearable Computer and ASR Technology in an Underground Mine to Support Mine Supervision of the Heavy Machinery Chamber.,"Systems that use automatic speech recognition in industry are becoming more and more popular. They bring benefits especially in cases when the user's hands are often busy or the environment does not allow the use of a keyboard. However, the accuracy of algorithms is still a big challenge. The article describes the attempt to use ASR in the underground mining industry as an improvement in the records of work in the heavy machinery chamber by a foreman. Particular attention was paid to the factors that in this case will have a negative impact on speech recognition: the influence of the environment, specialized mining vocabulary, and the learning curve. First, the foreman's workflow and documentation were recognized. This allowed for the selection of functionalities that should be included in the application. A dictionary of specialized mining vocabulary and a source database were developed which, in combination with the string matching algorithms, aim to improve correct speech recognition. Text mining analysis, machine learning methods were used to create functionalities that provide assistance in registering information. Finally, the prototype of the application was tested in the mining environment and the accuracy of the results were presented.",2022,"Sensors (Basel, Switzerland)",,PRIORITY_VERIFY,,,,,,,,,
4727,TA-19,36236723,10.3390/s22197622,Three-Dimensional Engine-Based Geometric Model Optimization Algorithm for BIM Visualization with Augmented Reality.,"Building information modeling (BIM), a common technology contributing to information processing, is extensively applied in construction fields. BIM integration with augmented reality (AR) is flourishing in the construction industry, as it provides an effective solution for the lifecycle of a project. However, when applying BIM to AR data transfer, large and complicated models require large storage spaces, increase the model transfer time and data processing workload during rendering, and reduce visualization efficiency when using AR devices. The geometric optimization of the model using mesh reconstruction is a potential solution that can reduce the required storage while maintaining the shape of the components. In this study, a 3D engine-based mesh reconstruction algorithm that can pre-process BIM shape data and implement an AR-based full-size model is proposed, which is likely to increase the efficiency of decision making and project processing for construction management. As shown in the experimental validation, the proposed algorithm significantly reduces the number of vertices, triangles, and storage for geometric models while maintaining the overall shape. Moreover, the model elements and components of the optimized model have the same visual quality as the original model; thus, a high performance can be expected for BIM visualization in AR devices.",2022,"Sensors (Basel, Switzerland)",,LIKELY_ADVANCE_CONFIRM,,,,,,,,,
4728,TA-19,36236444,10.3390/s22197346,Point Cloud Completion Network Applied to Vehicle Data.,"With the development of autonomous driving, augmented reality, and other fields, it is becoming increasingly important for machines to more accurately and comprehensively perceive their surrounding environment. LiDAR is one of the most important tools used by machines to obtain information about the surrounding environment. However, because of occlusion, the point cloud data obtained by LiDAR are not the complete shape of the object, and completing the incomplete point cloud shape is of great significance for further data analysis, such as classification and segmentation. In this study, we examined the completion of a 3D point cloud and improved upon the FoldingNet auto-encoder. Specifically, we used the encoder-decoder architecture to design our point cloud completion network. The encoder part uses the transformer module to enhance point cloud feature extraction, and the decoder part changes the 2D lattice used by the A network into a 3D lattice so that the network can better fit the shape of the 3D point cloud. We conducted experiments on point cloud datasets sampled from the ShapeNet car-category CAD models to verify the effectiveness of the various improvements made to the network.",2022,"Sensors (Basel, Switzerland)",,LIKELY_ADVANCE_CONFIRM,,,,,,,,,
4729,TA-19,36236331,10.3390/s22197230,Performance of QR Code Detectors near Nyquist Limits.,"For the interacting with real world, augmented reality devices need lightweight yet reliable methods for recognition and identification of physical objects. In that regard, promising possibilities are offered by supporting computer vision with 2D barcode tags. These tags, as high contrast and visually well-defined objects, can be used for finding fiducial points in the space or to identify physical items. Currently, QR code readers have certain demands towards the size and visibility of the codes. However, the increase of resolution of built-in cameras makes it possible to identify smaller QR codes in the scene. On the other hand, growing resolutions cause the increase to the computational effort of tag location. Therefore, resolution reduction in decoders is a common trade-off between processing time and recognition capabilities. In this article, we propose the simulation method of QR codes scanning near limits that stem from Shannon's theorem. We analyze the efficiency of three publicly available decoders versus different size-to-sampling ratios (scales) and MTF characteristics of the image capture subsystem. The MTF we used is based on the characteristics of real devices, and it was modeled using Gaussian low-pass filtering. We tested two tasks-decoding and locating-and-decoding. The findings of the work are several-fold. Among others, we identified that, for practical decoding, the QR-code module should be no smaller than 3-3.5 pixels, regardless of MTF characteristics. We confirmed the superiority of Zbar in practical tasks and the worst recognition capabilities of OpenCV. On the other hand, we identified that, for borderline cases, or even below Nyquist limit where the other decoders fail, OpenCV is still capable of decoding some information.",2022,"Sensors (Basel, Switzerland)",,LIKELY_ADVANCE_CONFIRM,,,,,,,,,
4730,TA-19,36233457,10.3390/jcm11195590,Use of Neuronavigation and Augmented Reality in Transsphenoidal Pituitary Adenoma Surgery.,"The aim of this study was to report on the clinical experience with microscope-based augmented reality (AR) in transsphenoidal surgery compared to the classical microscope-based approach. AR support was established using the head-up displays of the operating microscope, with navigation based on fiducial-/surface- or automatic intraoperative computed tomography (iCT)-based registration. In a consecutive single surgeon series of 165 transsphenoidal procedures, 81 patients underwent surgery without AR support and 84 patients underwent surgery with AR support. AR was integrated straightforwardly within the workflow. ICT-based registration increased AR accuracy significantly (target registration error, TRE, 0.76 ± 0.33 mm) compared to the landmark-based approach (TRE 1.85 ± 1.02 mm). The application of low-dose iCT protocols led to a significant reduction in applied effective dosage being comparable to a single chest radiograph. No major vascular or neurological complications occurred. No difference in surgical time was seen, time to set-up patient registration prolonged intraoperative preparation time on average by twelve minutes (32.33 ± 13.35 vs. 44.13 ± 13.67 min), but seems justifiable by the fact that AR greatly and reliably facilitated surgical orientation and increased surgeon comfort and patient safety, not only in patients who had previous transsphenoidal surgery but also in cases with anatomical variants. Automatic intraoperative imaging-based registration is recommended.",2022,Journal of clinical medicine,,LIKELY_ADVANCE_CONFIRM,,,,,,,,,
4731,TA-19,36227229,10.1227/ons.0000000000000358,Three-Dimensional Modeling and Augmented Reality and Virtual Reality Simulation of Fiber Dissection of the Cerebellum and Brainstem.,"Surgeons must understand the complex anatomy of the cerebellum and brainstem and their 3-dimensional (3D) relationships with each other for surgery to be successful. To the best of our knowledge, there have been no fiber dissection studies combined with 3D models, augmented reality (AR), and virtual reality (VR) of the structure of the cerebellum and brainstem. In this study, we created freely accessible AR and VR simulations and 3D models of the cerebellum and brainstem. To create 3D models and AR and VR simulations of cadaveric dissections of the human cerebellum and brainstem and to examine the 3D relationships of these structures. Ten cadaveric cerebellum and brainstem specimens were prepared in accordance with the Klingler's method. The cerebellum and brainstem were dissected under the operating microscope, and 2-dimensional and 3D images were captured at every stage. With a photogrammetry tool (Qlone, EyeCue Vision Technologies, Ltd.), AR and VR simulations and 3D models were created by combining several 2-dimensional pictures. For the first time reported in the literature, high-resolution, easily accessible, free 3D models and AR and VR simulations of cerebellum and brainstem dissections were created. Fiber dissection of the cerebellum-brainstem complex and 3D models with AR and VR simulations are a useful addition to the goal of training neurosurgeons worldwide.",2022,"Operative neurosurgery (Hagerstown, Md.)",,LIKELY_ADVANCE_CONFIRM,,,,,,,,,
4732,TA-19,36227194,10.1227/ons.0000000000000361,Three-Dimensional Modeling and Augmented and Virtual Reality Simulations of the White Matter Anatomy of the Cerebrum.,"An understanding of the anatomy of white matter tracts and their 3-dimensional (3D) relationship with each other is important for neurosurgical practice. The fiber dissection technique contributes to this understanding because it involves removing the brain's white matter tracts to reveal their anatomic organization. Using this technique, we built freely accessible 3D models and augmented and virtual reality simulations of white matter tracts. To define the white matter tracts of cadaveric human brains through fiber dissection and to make 2-dimensional and 3D images of the white matter tracts and create 3D models and augmented and virtual reality simulations. Twenty cadaveric brain specimens were prepared in accordance with the Klingler method. Brain hemispheres were dissected step-by-step from lateral-to-medial and medial-to-lateral directions. Three-dimensional models and augmented reality and virtual reality simulations were built with photogrammetry. High-resolution 3D models and augmented reality and virtual reality simulations of the white matter anatomy of the cerebrum were obtained. These models can be freely shifted and rotated on different planes, projected on any real surface, visualized from both front and back, and viewed from various angles at various magnifications. To our knowledge, this is the first detailed study integrating various technologies (3D modeling, augmented reality, and virtual reality) for high-resolution 3D visualization of dissected white matter fibers of the entire human cerebrum.",2022,"Operative neurosurgery (Hagerstown, Md.)",,LIKELY_ADVANCE_CONFIRM,,,,,,,,,
4733,TA-19,36225849,10.1097/GOX.0000000000004567,Virtual Planning and Mixed Reality for the Thin Anterolateral Thigh Perforator Flap.,,2022,Plastic and reconstructive surgery. Global open,ABSTRACT_MISSING,LIKELY_ADVANCE_CONFIRM,,,,,,,,,
4734,TA-19,36225544,10.1155/2022/7423411,Cloud Computing Image Processing Application in Athlete Training High-Resolution Image Detection.,"The rapid development of Internet of things mobile application technology and artificial intelligence technology has given birth to a lot of services that can meet the needs of modern life, such as augmented reality technology, face recognition services, and language recognition and translation, which are often applied to various fields, and some other aspects of information communication and processing services. It has been used on various mobile phone, computer, or tablet user clients. Terminal equipment is subject to the ultralow latency and low energy consumption requirements of the above-mentioned applications. Therefore, the gap between resource-demanding application services and resource-limited mobile devices will bring great problems to the current and future development of IoT mobile applications. Based on the local image features of depth images, this paper designs an image detection method for athletes' motion posture. First, according to the characteristics of the local image, the depth image of the athlete obtained through Kinect is converted into bone point data. Next, a 3-stage exploration algorithm is used to perform block matching calculations on the athlete's bone point image to predict the athlete's movement posture. At the same time, using the characteristics of the Euclidean distance of the bone point image, the movement behavior is recognized. According to the experimental results, for some external environmental factors, such as sun illumination and other factors, the image detection method designed in this paper can effectively avoid their interference and influence and show the movement posture of athletes, showing excellent accuracy and robustness in predicting the movement posture of athletes and action recognition. This method can simplify a series of calibration tasks in the initial stage of 3D video surveillance and infer the posture of the observation target and recognize it in real time. The one that has good application values has specific reference values for the same job.",2022,Computational intelligence and neuroscience,,LIKELY_ADVANCE_CONFIRM,,,,,,,,,
4735,TA-19,36225028,10.1364/OE.459226,Full-color micro-display by heterogeneous integration of InGaN blue/green dual-wavelength and AlGaInP red LEDs.,"A full-color micro-display via bonding of a InGaN blue/green dual-wavelength light-emitting diode (LED) array and a AlGaInP red LED array is demonstrated. The micro-display has a 120 µm pixel pitch, and each pixel consists of 40 µm × 120 µm red/green/blue (R/G/B) subpixels. The red LED array was integrated with the blue/green dual-wavelength LED array by Au/In flip-chip bonding to achieve full-color emission. Full-color images presented by the micro-display have high brightness and a wide color gamut. This heterogeneous integration technology using conventional LED materials shows the feasibility of a cost-effective approach for reliable high-performance full-color LED micro-displays in virtual reality (VR) and augmented reality (AR) devices.",2022,Optics express,,LIKELY_ADVANCE_CONFIRM,,,,,,,,,
4736,TA-19,36224967,10.1364/OE.461378,Liquid crystal lens set in augmented reality systems and virtual reality systems for rapidly varifocal images and vision correction.,"The major challenges of augmented reality (AR) systems and virtual reality (VR) systems are varifocal images for vergence-accommodation conflict (VAC) and vision corrections. In this paper, we design a liquid crystal (LC) lens set consisting of three LC lenses for varifocal images and vision corrections in AR and VR. Four operating modes of such a LC lens set present three electrically tunable lens powers: 0, -0.79 diopters, -2 diopters, and -3.06 diopters by means of manipulation of polarization of incident light using electrically tunable half-wave-plates. The response time is fast(< 50 ms). We also demonstrate AR and VR systems by adopting the LC lens set to exhibit functions of varifocal images and vision corrections which enable to solve VAC as well as vision problem in AR and VR.",2022,Optics express,,LIKELY_ADVANCE_CONFIRM,,,,,,,,,
4737,TA-19,36224902,10.1364/OE.459553,Metasurface-based Fourier lens fed by compact plasmonic optical antennas for wide-angle beam steering.,"A Fourier lens can perform the Fourier transform of an incident wavefront at the focal plane. This paper reports a metasurface-based Fourier lens fed by compact plasmonic optical antennas for wide-angle beam steering. The metasurface, composed of six elements with different configurations covering the 2π phase range, features a large field-of-view (FOV) of ±50°. A novel plasmonic optical antenna for broadside radiation is then designed as the feed source of the metasurface. The proposed antenna has ultra-compact size of 0.77λ × 1.4λ, and achieves a high directivity of 9.6 dB and radiation efficiency of over 80% at the wavelength of 1550 nm. Full-wave simulations are carried out to evaluate the performances of the designed metasurface-assisted beam steering device. The results show that this device can achieve a maximum directivity of 21.5 dB at broadside radiation. Compared to conventional Yagi-Uda antenna feed, a directivity enhancement of about 2.7 dB can be obtained, exhibiting a great superiority of the proposed feed antenna. In addition, a large beam steering range of ±50° can be achieved with an acceptable gain drop of 2.83 dB. With the advantages of wide beam steering range, good radiation characteristics, small footprint, and ease of integration, the proposed metasurface-assisted beam steering device would be a promising candidate for integrated photonic applications, including wireless optical communications, light detection and ranging, and augmented reality.",2022,Optics express,,LIKELY_ADVANCE_CONFIRM,,,,,,,,,
4738,TA-19,36224834,10.1364/OE.459752,Deep learning-enabled image content-adaptive field sequential color LCDs with mini-LED backlight.,"The mini-LED as the backlight of field sequential color LCD (FSC-LCD) enables high contrast, thin volume, and theoretically tripled light efficiency and resolution. However, color breakup (CBU) induced by a relative speed between an observer and the display severely limits the application of FSC-LCDs. Several driving algorithms have been proposed for CBU suppression, but their performance depends on image content. Moreover, their performance plateaus with increasing image segment number, preventing taking advantage of the massive segments introduced by mini-LEDs. Therefore, this study proposes an image content-adaptive driving algorithm for mini-LED FSC-LCDs. Deep learning-based image classification accurately determines the best FSC algorithm with the lowest CBU. In addition, the algorithm is heterogeneous that the image classification is independently performed in each segment, guaranteeing minimized CBU in all segments. We perform objective and subjective validation. Compared with the currently best algorithm, the proposed algorithm improves the performance in suppressing CBU by more than 20% using two evaluation metrics, supported by experiment-based subjective evaluation. Mini-LED FSC-LCDs driven by the proposed algorithm with outstanding CBU suppression can be ideal for display systems requiring high brightness and high resolution, such as head-up displays, virtual reality, and augmented reality displays.",2022,Optics express,,LIKELY_ADVANCE_CONFIRM,,,,,,,,,
4739,TA-19,36224791,10.1364/OE.455433,Tailored resonant waveguide gratings for augmented reality.,"We explore the use of tailored resonant waveguide gratings (RWG) embedded in a glass-like matrix as angularly tolerant tri-band reflection filters under oblique excitation. Through inverse design we optimize 1D grating structures to support multi-frequency narrowband resonances in an otherwise transparent background, ideally suited for augmented reality applications. In particular, we show theoretically and experimentally that a single RWG can be tailored to provide reflection levels larger than 50% under p-polarized excitation at three distinct wavelengths of choice, over a narrow bandwidth and within a substantial angular range around 58° incidence, while simultaneously eliminating ghost reflections from the glass/air interface. Similar performance can be achieved for s-polarization by cascading two RWG's. Moreover, we demonstrate that these metrics of performance are maintained when the devices are fabricated using roll-to-roll techniques, as required for large-area industrial fabrication. Overall, these devices show exciting potential as large-area transparent heads-up displays, due to their ease of fabrication and material compatibility.",2022,Optics express,,LIKELY_ADVANCE_CONFIRM,,,,,,,,,
4740,TA-19,36221671,10.1364/OE.459217,Chromatic aberration correction in bi-focal augmented reality display by the multi-layer Pancharatnam-Berry phase lens.,"Chromatic aberration is a main obstacle for the commercial application of augmented reality displays. The current digital and optical compensation methods of reducing the chromatic aberration suffer from processing time, power consumption or complex design. Here, a simple strategy of chromatic aberration correction in bi-focal augmented reality near-eye display based on multi-layer Pancharatnam-Berry phase lens has been demonstrated and verified by experimental results. The multi-layer Pancharatnam-Berry phase lens, as a part of optical combiner, is fabricated by three liquid crystal polymer phase lenses with central wavelength in red, green, and blue, respectively. The multi-layer Pancharatnam-Berry phase lens can effectively reduce the chromatic aberration in both convex and concave mode of bi-focal augmented reality system, where the color breakup of virtual images captured in bi-focal augmented reality display is significantly alleviated. Comparing to the value of ΔK = 1.3 m-1 in single green Pancharatnam-Berry phase lens, the multi-layer Pancharatnam-Berry phase lens system significantly reduce the ΔK to 0.45 m-1 with reduction of 65.4%, which finally decreases the longitudinal chromatic aberration and improve the quality of images. The proposed broadband multi-layer Pancharatnam-Berry phase lens can benefit augmented reality displays and find widespread application in the near-eye displays.",2022,Optics express,,LIKELY_ADVANCE_CONFIRM,,,,,,,,,
4741,TA-19,36221447,10.1364/OE.456824,Pixelated volume holographic optical element for augmented reality 3D display.,"Augmented reality (AR) three-dimensional (3D) display is the hardware entrance of metaverse and attracts great interest. The fusion of physical world with 3D virtual images is non-trivial. In this paper, we proposed an AR 3D display based on a pixelated volume holographic optical element (P-VHOE). The see-through combiner is prepared by spatial multiplexing. A prototype of AR 3D display with high diffraction efficiency (78.59%), high transmission (>80%) and non-repeating views is realized. Virtual 3D objects with high fidelity in depth is reconstructed by P-VHOE, with a complex wavelet structural similarity (CW-SSIM) value of 0.9882. The proposed prototype provides an efficient solution for a compact glasses-free AR 3D display. Potential applications include window display, exhibition, education, teleconference.",2022,Optics express,,LIKELY_ADVANCE_CONFIRM,,,,,,,,,
4742,TA-19,36219771,10.1097/BOT.0000000000002504,Improving Cephalad Lag Screw Placement in the Femoral Head During Cephalomedullary Nailing Using a Novel Augmented Reality System.,"To measure the effect of a novel augmented reality software designed to aid in lag screw placement into the femoral head for cephalomedullary nails. Retrospective cohort study. Single Level I trauma center. Between November 2017 and December 2020, 114 consecutive patients with a hip fracture that underwent repair with a cephalomedullary nail by one of 2 orthopaedic trauma surgeons were reviewed. Fracture classifications included OTA/AO 31-A1, 31-A2, 31-A3, and 31-B3. The first 57 patients underwent fracture repair without the software (control) and the subsequent 57 patients underwent repair with use of the augmented reality software (AR). Tip apex distance (TAD) and femoral head zone (AP: superior, center, inferior; Lateral: anterior, center, posterior) were measured using standardized techniques. The mean TAD was lower for the AR versus control cohort (10.7 ± 2.9 mm vs. 15.4 ± 3.8 mm; P < 0.001). TAD <10 mm for AR versus control: 25 (43.9%) versus 3 (5.3%), P < 0.001. TAD <15 mm for AR versus control: 50 (87.7%) versus 44 (77.2%), P < 0.001. On the AP view, center position was achieved in 50.9% versus 7.0% of cases for the AR versus control cohort, respectively. On the lateral view, center position was achieved in 68.4% versus 12.3% of cases for the AR versus control cohort, respectively. This study suggests that use of the novel augmented reality software for assistance in lag screw positioning within the femoral head improves overall TAD and ability to achieve the center-center position. Therapeutic Level III. See Instructions for Authors for a complete description of levels of evidence.",2023,Journal of orthopaedic trauma,,LIKELY_ADVANCE_CONFIRM,,,,,,,,,
4743,TA-19,36216825,10.1038/s41377-022-00985-4,InGaN micro-light-emitting diodes monolithically grown on Si: achieving ultra-stable operation through polarization and strain engineering.,"Micro or submicron scale light-emitting diodes (µLEDs) have been extensively studied recently as the next-generation display technology. It is desired that µLEDs exhibit high stability and efficiency, submicron pixel size, and potential monolithic integration with Si-based complementary metal-oxide-semiconductor (CMOS) electronics. Achieving such µLEDs, however, has remained a daunting challenge. The polar nature of III-nitrides causes severe wavelength/color instability with varying carrier concentrations in the active region. The etching-induced surface damages and poor material quality of high indium composition InGaN quantum wells (QWs) severely deteriorate the performance of µLEDs, particularly those emitting in the green/red wavelength. Here we report, for the first time, µLEDs grown directly on Si with submicron lateral dimensions. The µLEDs feature ultra-stable, bright green emission with negligible quantum-confined Stark effect (QCSE). Detailed elemental mapping and numerical calculations show that the QCSE is screened by introducing polarization doping in the active region, which consists of InGaN/AlGaN QWs surrounded by an AlGaN/GaN shell with a negative Al composition gradient along the c-axis. In comparison with conventional GaN barriers, AlGaN barriers are shown to effectively compensate for the tensile strain within the active region, which significantly reduces the strain distribution and results in enhanced indium incorporation without compromising the material quality. This study provides new insights and a viable path for the design, fabrication, and integration of high-performance µLEDs on Si for a broad range of applications in on-chip optical communication and emerging augmented reality/mixed reality devices, and so on.",2022,"Light, science & applications",,LIKELY_ADVANCE_CONFIRM,,,,,,,,,
4744,TA-19,36216702,10.1016/j.bjps.2022.06.105,Preliminary reports of augmented-reality assisted craniofacial bone fracture reduction.,"Zygomaticomaxillary complex fractures involve four fracture ends. It is difficult to fully expose the operative area through a main coronal incision, an intraoral incision, and an eyelid incision. To address the partial visual field loss in craniofacial fracture reduction, we attempted to use an augmented reality (AR) navigation system. Patients with zygomaticomaxillary complex fractures underwent three-dimensional (3D) computed tomography (CT) modeling before surgery, and preoperative plans were designed. The control team used traditional optical navigation to perform the surgery. The experimental team used an AR navigation system. From May 2019 to December 2019, 10 patients with zygomaticomaxillary complex fractures were included in this study. Data were collected after surgery and analyzed. There was a significant difference between the two groups in the fracture point error (1.35 vs. 1.61, P = 0.02) and fracture reduction time (15.40 vs. 20.40, P = 0.03). However, there was no difference in the operative duration (6.60 vs. 6.65, P = 0.92), blood loss volume (620.00 vs. 580.00, P = 0.83), or incidence of complications. The AR navigation system used by the research team has good auxiliary effects for reducing zygomaticomaxillary complex fractures. The new surgical method has better accuracy and a shorter reduction time than the traditional surgical method.",2022,"Journal of plastic, reconstructive & aesthetic surgery : JPRAS",,LIKELY_ADVANCE_CONFIRM,,,,,,,,,
4745,TA-19,36216413,10.1136/bmjopen-2022-061580,Effect of an augmented reality active video game for gait training in children with cerebral palsy following single-event multilevel surgery: protocol for a randomised controlled trial.,"In paediatric rehabilitation, fun and motivation are also critical keys to successful therapy. A variety of interventions have shown positive effects, high level of interest, compliance and engagement with active video game (AVG).This seems to be an interesting approach for the postoperative gait rehabilitation of children with cerebral palsy (CP). In this study, we will investigate if an overground gait training (GT) delivered through an AVG can improve walking capacity and anaerobic performance. This study is a randomised clinical controlled trial. A total of 14 children and adolescents in the age of 10-18 years with CP will be included. The minimum time between surgery and inclusion will be 7 weeks. The test group will participate in the GT programme with Augmented Reality Rehabilitation of Walking-Cerebral Palsy AVG, control group will receive GT on a treadmill. The primary outcome is the 6-Min Walk Test assessing walking capacity; secondary outcomes are the Muscle Power Sprint Test for anaerobic performance and Shuttle Run Test for physical fitness level. Satisfaction is tested with the Physical Activity Enjoyment Scale. The findings will be disseminated by publications in peer-reviewed journals and conferences. This study received agreement from French ethic committee (Comité de Protection des Personnes Sud-Est VI-Number 2020-A02959-30). NCT04837105.",2022,BMJ open,,LIKELY_ADVANCE_CONFIRM,,,,,,,,,
4746,TA-19,36212106,10.1038/s41578-022-00501-5,Materials and devices for immersive virtual reality.,"The metaverse may change the way we live and interact with one another, and its potential applications range from entertainment to health care. Extended reality is the main technology to realize the highly realistic, interactive and immersive metaverse experience, and wearable electronic devices and materials are at its core.",2022,Nature reviews. Materials,,LIKELY_ADVANCE_CONFIRM,,,,,,,,,
4747,TA-19,36212085,10.1097/GOX.0000000000004554,A Successful Outcome after Lymphaticovenular Anastomosis Using a Contralateral Augmented Reality Mapping Technique in a Lymphedema Patient Secondary to a Mycobacterium abscessus Infection.,We report a case of extremity lymphedema after a Mycobacterium abscessus infection in a 43-year-old man with anti-interferon-γ autoantibody syndrome. Lymphaticovenular anastomosis was performed using the contralateral healthy or less severe limb as a mirror image to map the lymph vessels in the edematous limb. A satisfying outcome was provided after the surgery. No report of lymphedema caused by this condition has been previously reported in the literature.,2022,Plastic and reconstructive surgery. Global open,,LIKELY_ADVANCE_CONFIRM,,,,,,,,,
4748,TA-19,36211880,10.3389/fpsyg.2022.1016519,Effects of extended reality on language learning: A meta-analysis.,"In recent years, there has been increasing use of extended reality (XR) in language learning. Many scholars have conducted empirical research on the relationship between the two, but conclusions have been inconsistent, which calls for an organization and reanalysis of relevant literature. Articles published between 2000 and 2022 on the impact of XR on language learning were retrieved from the Web of Science and Scopus databases, and 17 of them (including 21 independent samples and 993 subjects) were included in this meta-analysis. The findings indicate that XR could promote language learning (effect size = 0.825). The moderating effects of education level, target language, and technology type were also tested, and the results indicate that the target language type significantly moderated the effect of XR technology on language learning (Q = 30.563, p < 0.001). Moreover, based on the subgroup analysis, several research questions worthy of further exploration in this field are discussed. Some suggestions are provided, noting that these technologies should be personally designed for learners and learning objects when applied in order to improve the effects of language learning.",2022,Frontiers in psychology,SECONDARY_OR_COMMENTARY_TITLE,LIKELY_ADVANCE_CONFIRM,,,,,,,,,
4749,TA-19,36211703,10.3389/fpubh.2022.923271,Development and evaluation of two brief digital health promotion game booths utilizing augmented reality and motion detection to promote well-being at a gerontechnology summit in Hong Kong.,"The acceleration of population aging calls for simple and effective interventions catered for older people. Gerontechnology, the combination of gerontology and technology, can promote quality of life in older adults. However, public health-related events incorporating information communication technology (ICT) for older people have seldom been evaluated. We reported the development and evaluation of two simple and brief digital health promotion games hosted at the annual Hong Kong Gerontech and Innovation Expo cum Summit (GIES) in 2018 and 2019 to promote well-being. Two game booths (Dinosaur Augmented Reality photo-taking in 2018, Sit-and-Stand fitness challenge in 2019) were designed by our interdisciplinary team. Four gaming technologies were employed: augmented reality, chroma key (green screen), motion detection and 3D modeling. Immediately after the game, we administered a brief questionnaire survey to assess participant satisfaction, happiness and perceived benefits, and collected qualitative data through observations and informal interviews. Majority of 1,186 and 729 game booth participants in 2018 and 2019, respectively, were female (73.4% and 64.7%) and older adults (65.5 and 65.2%). Overall satisfaction toward the game booths was high (4.64 ± 0.60 and 4.54 ± 0.68 out of 5), with females and older adults reporting higher scores. Average personal and family happiness of participants in 2018 were 8.2 and 8.0 (out of 10). 90.3 and 18.4% of participants in 2019 chose one or more personal (e.g. enhance healthy living habits 62.4%, enhance personal happiness 61.6%) and family (e.g. enhance family happiness 15.6%, improve family relationships 10.8%) benefits of the game booth, respectively. Participants showed enthusiasm toward the technologies, and pride in their physical abilities in the fitness challenge. Our report on the development and evaluation of brief game interventions with ICT showed high satisfaction and immediate perceived benefits in community participants. Females and older adults reported higher satisfaction. Simple tools measuring happiness and perceived benefits showed positive results. Older adults were receptive and enthusiastic about the new technologies. Our findings can inform researchers and organizers of similar events. More research on simple and enjoyable ICT interventions is needed to attract older adults and promote their well-being. The research protocol was registered at the National Institutes of Health (Identifier number: NCT03960372) on May 23, 2019.",2022,Frontiers in public health,,LIKELY_ADVANCE_CONFIRM,,,,,,,,,
4750,TA-19,36208173,10.1093/jtm/taac113,Predicting the natural history of artificial intelligence in travel medicine.,,2023,Journal of travel medicine,ABSTRACT_MISSING,PRIORITY_VERIFY,,,,,,,,,
