screening_ordinal,batch_id,pmid,doi,title,abstract,year,journal,risk_flags,reviewer_prompt,suggested_reason_code,primary_decision,primary_reason_code,primary_screener,decision_timestamp,evidence_note,decision_version,second_verification_state,adjudication_state
5751,TA-24,33936998,10.21037/qims-20-597,Mixed reality and three dimensional printed models for resection of maxillary tumor: a case report.,"In the field of oral and maxillofacial surgery, many institutions have recently begun using three-dimensional printers to create three-dimensional models and mixed reality in a variety of diseases. Here, we report the actual situation model which we made using three-dimensional printer from virtual operation data and the resection that was performed while grasping a maxillary benign tumor and neighboring three-dimensional structure by designing an application for Microsoft® HoloLens, and using Mixed Reality surgery support during the procedure.",2021,Quantitative imaging in medicine and surgery,,LIKELY_ADVANCE_CONFIRM,,,,,,,,,
5752,TA-24,33935605,10.1109/ismar50242.2020.00097,An Intelligent Augmented Reality Training Framework for Neonatal Endotracheal Intubation.,"Neonatal Endotracheal Intubation (ETI) is a critical resuscitation skill that requires tremendous practice of trainees before clinical exposure. However, current manikin-based training regimen is ineffective in providing satisfactory real-time procedural guidance for accurate assessment due to the lack of see-through visualization within the manikin. The training efficiency is further reduced by the limited availability of expert instructors, which inevitably results in a long learning curve for trainees. To this end, we propose an intelligent Augmented Reality (AR) training framework that provides trainees with a complete visualization of the ETI procedure for real-time guidance and assessment. Specifically, the proposed framework is capable of capturing the motions of the laryngoscope and the manikin and offer 3D see-through visualization rendered to the head-mounted display (HMD). Furthermore, an attention-based Convolutional Neural Network (CNN) model is developed to automatically assess the ETI performance from the captured motions as well as identify regions of motions that significantly contribute to the performance evaluation. Lastly, augmented user-friendly feedback is delivered with interpretable results with the ETI scoring rubric through the color-coded motion trajectory that classifies highlighted regions that need more practice. The classification accuracy of our machine learning model is 84.6%.",2020,International Symposium on Mixed and Augmented Reality : (ISMAR) [proceedings]. IEEE and ACM International Symposium on Mixed and Augmented Reality,,LIKELY_ADVANCE_CONFIRM,,,,,,,,,
5753,TA-24,33931445,10.1126/sciadv.abe5112,Metaform optics: Bridging nanophotonics and freeform optics.,"The demand for high-resolution optical systems with a compact form factor, such as augmented reality displays, sensors, and mobile cameras, requires creating new optical component architectures. Advances in the design and fabrication of freeform optics and metasurfaces make them potential solutions to address the previous needs. Here, we introduce the concept of a metaform-an optical surface that integrates the combined benefits of a freeform optic and a metasurface into a single optical component. We experimentally realized a miniature imager using a metaform mirror. The mirror is fabricated via an enhanced electron beam lithography process on a freeform substrate. The design degrees of freedom enabled by a metaform will support a new generation of optical systems.",2021,Science advances,,LIKELY_ADVANCE_CONFIRM,,,,,,,,,
5754,TA-24,33930063,10.1371/journal.pone.0250558,An integrated augmented reality surgical navigation platform using multi-modality imaging for guidance.,"An integrated augmented reality (AR) surgical navigation system that potentially improves intra-operative visualization of concealed anatomical structures. Integration of real-time tracking technology with a laser pico-projector allows the surgical surface to be augmented by projecting virtual images of lesions and critical structures created by multimodality imaging. We aim to quantitatively and qualitatively evaluate the performance of a prototype interactive AR surgical navigation system through a series of pre-clinical studies. Four pre-clinical animal studies using xenograft mouse models were conducted to investigate system performance. A combination of CT, PET, SPECT, and MRI images were used to augment the mouse body during image-guided procedures to assess feasibility. A phantom with machined features was employed to quantitatively estimate the system accuracy. All the image-guided procedures were successfully performed. The tracked pico-projector correctly and reliably depicted virtual images on the animal body, highlighting the location of tumour and anatomical structures. The phantom study demonstrates the system was accurate to 0.55 ± 0.33mm. This paper presents a prototype real-time tracking AR surgical navigation system that improves visualization of underlying critical structures by overlaying virtual images onto the surgical site. This proof-of-concept pre-clinical study demonstrated both the clinical applicability and high precision of the system which was noted to be accurate to <1mm.",2021,PloS one,,LIKELY_ADVANCE_CONFIRM,,,,,,,,,
5755,TA-24,33928229,10.1093/abt/tbaa021,Augmented reality in scientific visualization and communications: a new dawn of looking at antibody interactions.,"The use of augmented reality (AR) in providing three-dimensional (3D) visual support and image depth have been applied in education, tourism, historical studies, and medical training. In research and development, there has been a slow but growing use of AR tools in chemical and drug discovery, but little has been implemented for whole 3D antibody structures (IgE, IgM, IgA, IgG, and IgD) and in communicating their interactions with the antigens or receptors in publications. Given that antibody interactions can vary significantly between different monoclonal antibodies, a convenient and easy to use 3D visualization can convey structural mechanisms clearer to readers, especially in how residues may interact with one another. While this was previously constrained to the use of stereo images on printed material or molecular visualization software on the computer, the revolution of smartphone and phablets now allows visualization of whole molecular structures on-the-go, allowing rotations, zooming in and out, and even animations without complex devices or the training of visual prowess. While not yet as versatile as molecular visualization software on the computer, such technology is an improvement from stereo-images and bridges the gap with molecular visualization tools. In this report, we discuss the use of AR and how they can be employed in the holistic view of antibodies and the future of the technology for better scientific communication.",2020,Antibody therapeutics,,LIKELY_ADVANCE_CONFIRM,,,,,,,,,
5756,TA-24,33924773,10.3390/s21093061,A Navigation and Augmented Reality System for Visually Impaired People.,"In recent years, we have assisted with an impressive advance in augmented reality systems and computer vision algorithms, based on image processing and artificial intelligence. Thanks to these technologies, mainstream smartphones are able to estimate their own motion in 3D space with high accuracy. In this paper, we exploit such technologies to support the autonomous mobility of people with visual disabilities, identifying pre-defined virtual paths and providing context information, reducing the distance between the digital and real worlds. In particular, we present ARIANNA+, an extension of ARIANNA, a system explicitly designed for visually impaired people for indoor and outdoor localization and navigation. While ARIANNA is based on the assumption that landmarks, such as QR codes, and physical paths (composed of colored tapes, painted lines, or tactile pavings) are deployed in the environment and recognized by the camera of a common smartphone, ARIANNA+ eliminates the need for any physical support thanks to the ARKit library, which we exploit to build a completely virtual path. Moreover, ARIANNA+ adds the possibility for the users to have enhanced interactions with the surrounding environment, through convolutional neural networks (CNNs) trained to recognize objects or buildings and enabling the possibility of accessing contents associated with them. By using a common smartphone as a mediation instrument with the environment, ARIANNA+ leverages augmented reality and machine learning for enhancing physical accessibility. The proposed system allows visually impaired people to easily navigate in indoor and outdoor scenarios simply by loading a previously recorded virtual path and providing automatic guidance along the route, through haptic, speech, and sound feedback.",2021,"Sensors (Basel, Switzerland)",,LIKELY_ADVANCE_CONFIRM,,,,,,,,,
5757,TA-24,33922079,10.3390/s21092931,A Projector-Based Augmented Reality Navigation System for Computer-Assisted Surgery.,"In the medical field, guidance to follow the surgical plan is crucial. Image overlay projection is a solution to link the surgical plan with the patient. It realizes augmented reality (AR) by projecting computer-generated image on the surface of the target through a projector, which can visualize additional information to the scene. By overlaying anatomical information or surgical plans on the surgery area, projection helps to enhance the surgeon's understanding of the anatomical structure, and intuitively visualizes the surgical target and key structures of the operation, and avoid the surgeon's sight diversion between monitor and patient. However, it still remains a challenge to project the surgical navigation information on the target precisely and efficiently. In this study, we propose a projector-based surgical navigation system. Through the gray code-based calibration method, the projector can be calibrated with a camera and then be integrated with an optical spatial locator, so that the navigation information of the operation can be accurately projected onto the target area. We validated the projection accuracy of the system through back projection, with average projection error of 3.37 pixels in x direction and 1.51 pixels in y direction, and model projection with an average position error of 1.03 ± 0.43 mm, and carried out puncture experiments using the system with correct rate of 99%, and qualitatively analyzed the system's performance through the questionnaire. The results demonstrate the efficacy of our proposed AR system.",2021,"Sensors (Basel, Switzerland)",,LIKELY_ADVANCE_CONFIRM,,,,,,,,,
5758,TA-24,33920480,10.3390/s21082698,Full-Color See-Through Three-Dimensional Display Method Based on Volume Holography.,"We propose a full-color see-through three-dimensional (3D) display method based on volume holography. This method is based on real object interference, avoiding the device limitation of spatial light modulator (SLM). The volume holography has a slim and compact structure, which realizes 3D display through one single layer of photopolymer. We analyzed the recording mechanism of volume holographic gratings, diffraction characteristics, and influencing factors of refractive index modulation through Kogelnik's coupled-wave theory and the monomer diffusion model of photopolymer. We built a multiplexing full-color reflective volume holographic recording optical system and conducted simultaneous exposure experiment. Under the illumination of white light, full-color 3D image can be reconstructed. Experimental results show that the average diffraction efficiency is about 53%, and the grating fringe pitch is less than 0.3 μm. The reconstructed image of volume holography has high diffraction efficiency, high resolution, strong stereo perception, and large observing angle, which provides a technical reference for augmented reality.",2021,"Sensors (Basel, Switzerland)",,LIKELY_ADVANCE_CONFIRM,,,,,,,,,
5759,TA-24,33920452,10.3390/s21082697,Validity of Hololens Augmented Reality Head Mounted Display for Measuring Gait Parameters in Healthy Adults and Children with Cerebral Palsy.,"Serious games are a promising approach to improve gait rehabilitation for people with gait disorders. Combined with wearable augmented reality headset, serious games for gait rehabilitation in a clinical setting can be envisaged, allowing to evolve in a real environment and provide fun and feedback to enhance patient's motivation. This requires a method to obtain accurate information on the spatiotemporal gait parameters of the playing patient. To this end, we propose a new algorithm called HoloStep that computes spatiotemporal gait parameters using only the head pose provided by an augmented reality headset (Hololens). It is based on the detection of peaks associated to initial contact event, and uses a combination of locking distance, locking time, peak amplitude detection with custom thresholds for children with CP. The performance of HoloStep was compared during a walking session at comfortable speed to Zeni's reference algorithm, which is based on kinematics and a full 3D motion capture system. Our study included 62 children with cerebral palsy (CP), classified according to Gross Motor Function Classification System (GMFCS) between levels I and III, and 13 healthy participants (HP). Metrics such as sensitivity, specificity, accuracy and precision for step detection with HoloStep were above 96%. The Intra-Class Coefficient between steps length calculated with HoloStep and the reference was 0.92 (GMFCS I), 0.86 (GMFCS II/III) and 0.78 (HP). HoloStep demonstrated good performance when applied to a wide range of gait patterns, including children with CP using walking aids. Findings provide important insights for future gait intervention using augmented reality games for children with CP.",2021,"Sensors (Basel, Switzerland)",,LIKELY_ADVANCE_CONFIRM,,,,,,,,,
5760,TA-24,33919379,10.3390/bs11050057,Enhancing Qualities of Consciousness during Online Learning via Multisensory Interactions.,"Online-learning is a feasible alternative to in-person attendance during COVID-19 pandemic. In this period, information technologies have allowed sharing experiences, but have also highlighted some limitations compared to traditional learning. Learning is strongly supported by some qualities of consciousness such as flow (intended as the optimal state of absorption and engagement activity) and sense of presence (feeling of exerting control, interacting with and getting immersed into real/virtual environments), behavioral, emotional, and cognitive engagement, together with the need for social interaction. During online learning, feelings of disconnection, social isolation, distractions, boredom, and lack of control exert a detrimental effect on the ability to reach the state of flow, the feeling of presence, the feeling of social involvement. Since online environments could prevent the rising of these learning-supporting variables, this article aims at describing the role of flow, presence, engagement, and social interactions during online sessions and at characterizing multisensory stimulations as a driver to cope with these issues. We argue that the use of augmented, mixed, or virtual reality can support the above-mentioned domains, and thus counteract the detrimental effects of physical distance. Such support could be further increased by enhancing multisensory stimulation modalities within augmented and virtual environments.",2021,"Behavioral sciences (Basel, Switzerland)",,PRIORITY_VERIFY,,,,,,,,,
5761,TA-24,33918845,10.3390/s21082644,A Deep Learning Method for 3D Object Classification and Retrieval Using the Global Point Signature Plus and Deep Wide Residual Network.,"A vital and challenging task in computer vision is 3D Object Classification and Retrieval, with many practical applications such as an intelligent robot, autonomous driving, multimedia contents processing and retrieval, and augmented/mixed reality. Various deep learning methods were introduced for solving classification and retrieval problems of 3D objects. Almost all view-based methods use many views to handle spatial loss, although they perform the best among current techniques such as View-based, Voxelization, and Point Cloud methods. Many views make network structure more complicated due to the parallel Convolutional Neural Network (CNN). We propose a novel method that combines a Global Point Signature Plus with a Deep Wide Residual Network, namely GPSP-DWRN, in this paper. Global Point Signature Plus (GPSPlus) is a novel descriptor because it can capture more shape information of the 3D object for a single view. First, an original 3D model was converted into a colored one by applying GPSPlus. Then, a 32 × 32 × 3 matrix stored the obtained 2D projection of this color 3D model. This matrix was the input data of a Deep Residual Network, which used a single CNN structure. We evaluated the GPSP-DWRN for a retrieval task using the Shapnetcore55 dataset, while using two well-known datasets-ModelNet10 and ModelNet40 for a classification task. Based on our experimental results, our framework performed better than the state-of-the-art methods.",2021,"Sensors (Basel, Switzerland)",,LIKELY_ADVANCE_CONFIRM,,,,,,,,,
5762,TA-24,33913586,10.1002/bmb.21520,"Next generation of chemistry and biochemistry conference posters: Animation, augmented reality, visitor statistics, and visitors' attention.","Every branch of science needs visitors' attention during the poster presentation session at conferences, symposiums, seminars, etc. In particular, participants in the chemistry and biochemistry conference need more visual tools to explain their research work in detail. Presence of smartphones and the ability of 2D barcodes will allow chemical reactions or processes to be shown in the form of a movie, animation or augmented reality (AR). Therefore, the next generation of posters will be more interested in this view. Here, the ability of 2D barcodes or QR codes to help researchers to catch more attention in their research work was presented during a poster presentation session. In this way, the visitors showed positive attitudes to the applicability of such tools. Also, some information including the number of poster visitors and interesting topics in the conference can be collected easily which is useful for the scientific and organizing committee of conferences. As a result, biochemistry conference posters can be presented in new ways, based on animation images or video, to capture the attention of viewers and deepen their understanding of poster concepts.",2021,Biochemistry and molecular biology education : a bimonthly publication of the International Union of Biochemistry and Molecular Biology,,LIKELY_ADVANCE_CONFIRM,,,,,,,,,
5763,TA-24,33912595,10.3389/frobt.2021.634520,Copresence With Virtual Humans in Mixed Reality: The Impact of Contextual Responsiveness on Social Perceptions.,"Virtual humans (VHs)-automated, three-dimensional agents-can serve as realistic embodiments for social interactions with human users. Extant literature suggests that a user's cognitive and affective responses toward a VH depend on the extent to which the interaction elicits a sense of copresence, or the subjective ""sense of being together."" Furthermore, prior research has linked copresence to important social outcomes (e.g., likeability and trust), emphasizing the need to understand which factors contribute to this psychological state. Although there is some understanding of the determinants of copresence in virtual reality (VR) (cf. Oh et al., 2018), it is less known what determines copresence in mixed reality (MR), a modality wherein VHs have unique access to social cues in a ""real-world"" setting. In the current study, we examined the extent to which a VH's responsiveness to events occurring in the user's physical environment increased a sense of copresence and heightened affective connections to the VH. Participants (N = 65) engaged in two collaborative tasks with a (nonspeaking) VH using an MR headset. In the first task, no event in the participant's physical environment would occur, which served as the control condition. In the second task, an event in the participants' physical environment occurred, to which the VH either responded or ignored depending on the experimental condition. Copresence and interpersonal evaluations of the VHs were measured after each collaborative task via self-reported measures. Results show that when the VH responded to the physical event, participants experienced a significant stronger sense of copresence than when the VH did not respond. However, responsiveness did not elicit more positive evaluations toward the VH (likeability and emotional connectedness). This study is an integral first step in establishing how and when affective and cognitive components of evaluations during social interactions diverge. Importantly, the findings suggest that feeling copresence with VH in MR is partially determined by the VHs' response to events in the actual physical environment shared by both interactants.",2021,Frontiers in robotics and AI,,LIKELY_ADVANCE_CONFIRM,,,,,,,,,
5764,TA-24,33910150,10.1016/j.cmpb.2021.106077,Recovering dense 3D point clouds from single endoscopic image.,"Recovering high-quality 3D point clouds from monocular endoscopic images is a challenging task. This paper proposes a novel deep learning-based computational framework for 3D point cloud reconstruction from single monocular endoscopic images. An unsupervised mono-depth learning network is used to generate depth information from monocular images. Given a single mono endoscopic image, the network is capable of depicting a depth map. The depth map is then used to recover a dense 3D point cloud. A generative Endo-AE network based on an auto-encoder is trained to repair defects of the dense point cloud by generating the best representation from the incomplete data. The performance of the proposed framework is evaluated against state-of-the-art learning-based methods. The results are also compared with non-learning based stereo 3D reconstruction algorithms. Our proposed methods outperform both the state-of-the-art learning-based and non-learning based methods for 3D point cloud reconstruction. The Endo-AE model for point cloud completion can generate high-quality, dense 3D endoscopic point clouds from incomplete point clouds with holes. Our framework is able to recover complete 3D point clouds with the missing rate of information up to 60%. Five large medical in-vivo databases of 3D point clouds of real endoscopic scenes have been generated and two synthetic 3D medical datasets are created. We have made these datasets publicly available for researchers free of charge. The proposed computational framework can produce high-quality and dense 3D point clouds from single mono-endoscopy images for augmented reality, virtual reality and other computer-mediated medical applications.",2021,Computer methods and programs in biomedicine,,LIKELY_ADVANCE_CONFIRM,,,,,,,,,
5765,TA-24,33907553,10.11909/j.issn.1671-5411.2021.03.008,A world's first attempt of mixed-reality system guided inferior vena cava filter implantation under remote guidance of 5G communication.,,2021,Journal of geriatric cardiology : JGC,ABSTRACT_MISSING,LIKELY_ADVANCE_CONFIRM,,,,,,,,,
5766,TA-24,33905332,10.1109/TVCG.2021.3076069,Design of a Pupil-Matched Occlusion-Capable Optical See-Through Wearable Display.,"State-of-the-art optical see-through head-mounted displays (OST-HMD) for augmented reality applications lack the ability to correctly render light blocking behavior between digital and physical objects, known as mutual occlusion capability. In this article, we present a novel optical architecture for enabling a high performance, occlusion-capable optical see-through head-mounted display (OCOST-HMD). The design utilizes a single-layer, double-pass architecture, creating a compact OCOST-HMD that is capable of rendering per-pixel mutual occlusion, correctly pupil-matched viewing perspective between virtual and real scenes, and a wide see-through field of view (FOV). Based on this architecture, we present a design embodiment and a compact prototype implementation. The prototype demonstrates a virtual display with an FOV of 34° by 22°, an angular resolution of 1.06 arc minutes per pixel, and an average image contrast greater than 40 percent at the Nyquist frequency of 53 cycles/mm. Furthermore, the device achieves a see-through FOV of 90° by 50°, within which about 40° diagonally is occlusion-enabled, and has an angular resolution of 1.0 arc minutes (comparable to a 20/20 vision) and a dynamic range greater than 100:1. We conclude the paper with a quantitative comparison of the key optical performance such as modulation transfer function, image contrast, and color rendering accuracy of our OCOST-HMD system with and without occlusion enabled for various lighting environments.",2022,IEEE transactions on visualization and computer graphics,,LIKELY_ADVANCE_CONFIRM,,,,,,,,,
5767,TA-24,33902546,10.1186/s12891-021-04261-1,Effectiveness of interactive augmented reality-based telerehabilitation in patients with adhesive capsulitis: protocol for a multi-center randomized controlled trial.,"As the primary treatment for adhesive capsulitis, intensive and accurate home exercise is as important as physical therapy in hospitals. Augmented reality (AR)-based telerehabilitation has been implemented recently in various musculoskeletal conditions to increase patient compliance and enable patients to exercise with the correct posture. The objective of this study is to present a protocol for investigating the additive effect of interactive AR-based telerehabilitation in comparison with the usual care for patients with adhesive capsulitis. This study presents the protocol of a prospective, multi-center, single-blinded, two-armed randomized controlled trial (RCT). One hundred patients with stage I or II adhesive capsulitis will be recruited at the physical medicine and rehabilitation clinic. Patients will be randomly divided into two groups with 1:1 allocation. The intervention group will receive 3 months of hospital-based physical therapy in conjunction with home-based telerehabilitation. The control group will receive 3 months of hospital-based physical therapy in conjunction with a home-based exercise described in a brochure provided by the hospital. The primary outcome will be the change in passive range of motion (ROM) of the affected shoulder joint from baseline to 12 weeks after baseline assessment. The secondary outcomes will be active ROM, pain measured with the numeric rating scale, shoulder pain and disability index, 36-Item Short Form Survey, EuroQoL-5D-5L, and Canadian Occupational Performance Measure. This will be the first RCT study protocol to investigate the effect of telerehabilitation in patients with adhesive capsulitis. The result of this RCT will determine whether AR-based telerehabilitation is more effective than a brochure-based home exercise program and will provide evidence of the usefulness of ""telerehabilitation"" using hardware (IoT) and software (monitoring platform) technologies to develop ""digital therapeutics"" for the future. This trial was retrospectively registered at the Clinicaltrials.gov website on 20 March 2020, with the identifier NCT04316130 .",2021,BMC musculoskeletal disorders,,LIKELY_ADVANCE_CONFIRM,,,,,,,,,
5768,TA-24,33900970,10.14444/8021,Augmented Reality Navigated Sacral-Alar-Iliac Screw Insertion.,"Sacral-alar-iliac (SAI) screws are increasingly used for lumbo-pelvic fixation procedures. Insertion of SAI screws is technically challenging, and surgeons often rely on costly and time-consuming navigation systems. We investigated the accuracy and precision of an augmented reality (AR)-based and commercially available head-mounted device requiring minimal infrastructure. A pelvic sawbone model served to drill pilot holes of 80 SAI screw trajectories by 2 surgeons, randomly either freehand (FH) without any kind of navigation or with AR navigation. The number of primary pilot hole perforations, simulated screw perforation, minimal axis/outer cortical wall distance, true sagittal cranio-caudal inclination angle (tSCCIA), true axial medio-lateral angle, and maximal screw length (MSL) were measured and compared to predefined optimal values. In total, 1/40 (2.5%) of AR-navigated screw hole trajectories showed a perforation before passing the inferior gluteal line compared to 24/40 (60%) of FH screw hole trajectories (P < .05). The differences between FH- and AR-guided holes compared to optimal values were significant for tSCCIA with -10.8° ± 11.77° and MSL -65.29 ± 15 mm vs 55.04 ± 6.76 mm (P = .001). In this study, the additional anatomical information provided by the AR headset and the superimposed operative plan improved the precision of drilling pilot holes for SAI screws in a laboratory setting compared to the conventional FH technique. Further technical development and validation studies are currently being performed to investigate potential clinical benefits of the AR-based navigation approach described here. 4.",2021,International journal of spine surgery,,LIKELY_ADVANCE_CONFIRM,,,,,,,,,
5769,TA-24,33898969,10.1016/j.wnsx.2021.100102,Development of Innovative Neurosurgical Operation Support Method Using Mixed-Reality Computer Graphics.,"In neurosurgery, it is important to inspect the spatial correspondence between the preoperative medical image (virtual space), and the intraoperative findings (real space) to improve the safety of the surgery. Navigation systems and related modalities have been reported as methods for matching this correspondence. However, because of the influence of the brain shift accompanying craniotomy, registration accuracy is reduced. In the present study, to overcome these issues, we developed a spatially accurate registration method of medical fusion 3-dimensional computer graphics and the intraoperative brain surface photograph, and its registration accuracy was measured. The subjects included 16 patients with glioma. Nonrigid registration using the landmarks and thin-plate spline methods was performed for the fusion 3-dimensional computer graphics and the intraoperative brain surface photograph, termed mixed-reality computer graphics. Regarding the registration accuracy measurement, the target registration error was measured by two neurosurgeons, with 10 points for each case at the midpoint of the landmarks. The number of target registration error measurement points was 160 in the 16 cases. The target registration error was 0.72 ± 0.04 mm. Aligning the intraoperative brain surface photograph and the fusion 3-dimensional computer graphics required ∼10 minutes on average. The average number of landmarks used for alignment was 24.6. Mixed-reality computer graphics enabled highly precise spatial alignment between the real space and virtual space. Mixed-reality computer graphics have the potential to improve the safety of the surgery by allowing complementary observation of brain surface photographs and fusion 3-dimensional computer graphics.",2021,World neurosurgery: X,,LIKELY_ADVANCE_CONFIRM,,,,,,,,,
5770,TA-24,33897795,10.5114/jcb.2021.105289,Intra-operative 3D hologram support with mixed reality technique based on CT-MRI fusion images: operation guidance for brain brachytherapy.,"The study investigated whether intra-operative 3D hologram, a computer graphics model of the brain, with mixed reality (MR) technique based on computed tomography-magnetic resonance imaging (CT-MRI) fusion images could be helpful during brachytherapy for brain metastasis. A patient with relapsed brain metastasis was reported. Pre-operative CT and MRI image fusion was performed, with software developed by our center and the Chinese University of Hong Kong. 3D polygon data segmented from pre-operative CT-MRI fusion images were registered into HoloLens (Microsoft Corporation, Redmond, WA, USA). 125I seed implantation was performed under MR guidance. Interventional surgeons could share the same hologram and move the hologram from their respective angles, while wearing the HoloLens without any monitors. The intra-operative hologram offered good visualization of the skull, tumor location, and main vessels around the tumor during brain brachytherapy of a patient with brain metastasis. The interventional surgeons could easily compare the patient's actual anatomy with the hologram before and during the brain brachytherapy procedure. D90 and V100 of post-operative plan and pre-operative plan were 131.8 Gy vs. 132.0 Gy and 94.8% vs. 94.0%, respectively. The patient's imaging findings together with clinical symptoms were greatly improved at 3 and 6 months after the implantation. This initial experience suggests that the use of the intra-operative hologram with MR technique based on CT-MRI fusion images helped in brachytherapy guidance. Further research is needed to explore the potential of this approach in neuro-navigation.",2021,Journal of contemporary brachytherapy,,LIKELY_ADVANCE_CONFIRM,,,,,,,,,
5771,TA-24,33895460,10.1016/j.compbiomed.2021.104402,Augmented reality based navigation for distal interlocking of intramedullary nails utilizing Microsoft HoloLens 2.,"The distal interlocking of intramedullary nail remains a technically demanding procedure. Existing augmented reality based solutions still suffer from hand-eye coordination problem, prolonged operation time, and inadequate resolution. In this study, an augmented reality based navigation system for distal interlocking of intramedullary nail is developed using Microsoft HoloLens 2, the state-of-the-art optical see-through head-mounted display. A customized registration cube is designed to assist surgeons with better depth perception when performing registration procedures. During drilling, surgeons can obtain accurate and in-situ visualization of intramedullary nail and drilling path, and dynamic navigation is enabled. An intraoperative warning system is proposed to provide intuitive feedback of real-time deviations and electromagnetic disturbances. The preclinical phantom experiment showed that the reprojection errors along the X, Y, and Z axes were 1.55 ± 0.27 mm, 1.71 ± 0.40 mm, and 2.84 ± 0.78 mm, respectively. The end-to-end evaluation method indicated the distance error was 1.61 ± 0.44 mm, and the 3D angle error was 1.46 ± 0.46°. A cadaver experiment was also conducted to evaluate the feasibility of the system. Our system has potential advantages over the 2D-screen based navigation system and the pointing device based navigation system in terms of accuracy and time consumption, and has tremendous application prospects.",2021,Computers in biology and medicine,,LIKELY_ADVANCE_CONFIRM,,,,,,,,,
5772,TA-24,33892789,10.1186/s13195-021-00825-4,Remote monitoring technologies in Alzheimer's disease: design of the RADAR-AD study.,"Functional decline in Alzheimer's disease (AD) is typically measured using single-time point subjective rating scales, which rely on direct observation or (caregiver) recall. Remote monitoring technologies (RMTs), such as smartphone applications, wearables, and home-based sensors, can change these periodic subjective assessments to more frequent, or even continuous, objective monitoring. The aim of the RADAR-AD study is to assess the accuracy and validity of RMTs in measuring functional decline in a real-world environment across preclinical-to-moderate stages of AD compared to standard clinical rating scales. This study includes three tiers. For the main study, we will include participants (n = 220) with preclinical AD, prodromal AD, mild-to-moderate AD, and healthy controls, classified by MMSE and CDR score, from clinical sites equally distributed over 13 European countries. Participants will undergo extensive neuropsychological testing and physical examination. The RMT assessments, performed over an 8-week period, include walk tests, financial management tasks, an augmented reality game, two activity trackers, and two smartphone applications installed on the participants' phone. In the first sub-study, fixed sensors will be installed in the homes of a representative sub-sample of 40 participants. In the second sub-study, 10 participants will stay in a smart home for 1 week. The primary outcome of this study is the difference in functional domain profiles assessed using RMTs between the four study groups. The four participant groups will be compared for each RMT outcome measure separately. Each RMT outcome will be compared to a standard clinical test which measures the same functional or cognitive domain. Finally, multivariate prediction models will be developed. Data collection and privacy are important aspects of the project, which will be managed using the RADAR-base data platform running on specifically designed biomedical research computing infrastructure. First results are expected to be disseminated in 2022. Our study is well placed to evaluate the clinical utility of RMT assessments. Leveraging modern-day technology may deliver new and improved methods for accurately monitoring functional decline in all stages of AD. It is greatly anticipated that these methods could lead to objective and real-life functional endpoints with increased sensitivity to pharmacological agent signal detection.",2021,Alzheimer's research & therapy,,LIKELY_ADVANCE_CONFIRM,,,,,,,,,
5773,TA-24,33882293,10.1016/j.athoracsur.2021.04.014,Multidisciplinary Virtual Three-Dimensional Planning of a Forequarter Amputation With Chest Wall Resection.,"We present the case of a 74-year-old man with a history of a squamous cell carcinoma in the left axilla. The patient underwent a multidisciplinary surgical resection through an extended forequarter amputation with thoracic wall resection and reconstruction. With regard to the complexity of the case, three-dimensional virtual reality-based patient-specific reconstructions were used as a supplemental tool to conventional computed tomography imaging to plan the procedure. With this report, we aim to stimulate further research to improve and automate the workflow and to bring virtual and augmented reality reconstructions into the surgical theater of the future.",2022,The Annals of thoracic surgery,,LIKELY_ADVANCE_CONFIRM,,,,,,,,,
5774,TA-24,33880991,10.7554/eLife.65541,Creating and controlling visual environments using BonVision.,"Real-time rendering of closed-loop visual environments is important for next-generation understanding of brain function and behaviour, but is often prohibitively difficult for non-experts to implement and is limited to few laboratories worldwide. We developed BonVision as an easy-to-use open-source software for the display of virtual or augmented reality, as well as standard visual stimuli. BonVision has been tested on humans and mice, and is capable of supporting new experimental designs in other animal models of vision. As the architecture is based on the open-source Bonsai graphical programming language, BonVision benefits from native integration with experimental hardware. BonVision therefore enables easy implementation of closed-loop experiments, including real-time interaction with deep neural networks, and communication with behavioural and physiological measurement and manipulation devices.",2021,eLife,,LIKELY_ADVANCE_CONFIRM,,,,,,,,,
5775,TA-24,33878017,10.2196/26963,Effects of Self-focused Augmented Reality on Health Perceptions During the COVID-19 Pandemic: A Web-Based Between-Subject Experiment.,"Self-focused augmented reality (AR) technologies are growing in popularity and present an opportunity to address health communication and behavior change challenges. We aimed to examine the impact of self-focused AR and vicarious reinforcement on psychological predictors of behavior change during the COVID-19 pandemic. In addition, our study included measures of fear and message minimization to assess potential adverse reactions to the design interventions. A between-subjects web-based experiment was conducted to compare the health perceptions of participants in self-focused AR and vicarious reinforcement design conditions to those in a control condition. Participants were randomly assigned to the control group or to an intervention condition (ie, self-focused AR, reinforcement, self-focus AR × reinforcement, and avatar). A total of 335 participants were included in the analysis. We found that participants who experienced self-focused AR and vicarious reinforcement scored higher in perceived threat severity (P=.03) and susceptibility (P=.01) when compared to the control. A significant indirect effect of self-focused AR and vicarious reinforcement on intention was found with perceived threat severity as a mediator (b=.06, 95% CI 0.02-0.12, SE .02). Self-focused AR and vicarious reinforcement did not result in higher levels of fear (P=.32) or message minimization (P=.42) when compared to the control. Augmenting one's reflection with vicarious reinforcement may be an effective strategy for health communication designers. While our study's results did not show adverse effects in regard to fear and message minimization, utilization of self-focused AR as a health communication strategy should be done with care due to the possible adverse effects of heightened levels of fear.",2021,Journal of medical Internet research,,LIKELY_ADVANCE_CONFIRM,,,,,,,,,
5776,TA-24,33870557,10.1002/adma.202005864,Realizing Colorful Holographic Mimicry by Metasurfaces.,"Mimicry is a biological camouflage phenomenon whereby an organism can change its shape and color to resemble another object. Herein, the idea of biological mimicry and rich degrees of freedom in metasurface designs are combined to realize holographic mimicry devices. A general mathematical method, called phase matrix transformation, to accomplish the holographic mimicry process is proposed. Based on this method, a dynamic metasurface hologram is designed, which shows an image of a ""bird"" in the air, and a distinct image of a ""fish"" when the environment is changed to oil. Furthermore, to make the mimicry behavior more generic, holographic mimicry operating at dual wavelengths is also designed and experimentally demonstrated. Moreover, the fully independent phase modulation realized by phase matrix transformation makes the working efficiency of the device relatively higher than the conventional multiwavelength holographic devices with off-axis illumination or interleaved subarrays. The work potentially opens a new research paradigm interfacing bionics with nanophotonics, which may produce novel applications for optical information encryption, virtual/augmented reality (VR/AR), and military camouflage systems.",2021,"Advanced materials (Deerfield Beach, Fla.)",,LIKELY_ADVANCE_CONFIRM,,,,,,,,,
5777,TA-24,33869292,10.3389/frobt.2020.576790,OUTPUT: Choreographed and Reconfigured Human and Industrial Robot Bodies Across Artistic Modalities.,"Millions of industrial robots are used across manufacturing and research applications worldwide. Handfuls of these robots have been used in dance, installation, and theatrical art works as tools and performers. OUTPUT, a collaborative artwork presented here, employs an industrial robot as choreographic source material and dancing body in order to reframe these robots as performers and bring them into closer proximity with the general public. This OUTPUT work has existed as a performance, installation, and augmented reality application. All three formats of the work include improvisational components, where a human can dance with a representation of themselves alongside an industrial robot, facilitating an embodied and creative experience next to these sequestered machines.",2020,Frontiers in robotics and AI,,LIKELY_ADVANCE_CONFIRM,,,,,,,,,
5778,TA-24,37556248,10.1136/bmjinnov-2020-000522,Population eye health education using augmented reality and virtual reality: scalable tools during and beyond COVID-19.,,2021,BMJ innovations,ABSTRACT_MISSING,LIKELY_ADVANCE_CONFIRM,,,,,,,,,
5779,TA-24,33866682,10.1002/ase.2089,Evaluation of an Augmented Reality Application for Learning Neuroanatomy in Psychology.,"Neuroanatomy is difficult for psychology students because of spatial visualization and the relationship among brain structures. Some technologies have been implemented to facilitate the learning of anatomy using three-dimensional (3D) visualization of anatomy contents. Augmented reality (AR) is a promising technology in this field. A mobile AR application to provide the visualization of morphological and functional information of the brain was developed. A sample of 67 students of neuropsychology completed tests for visuospatial ability, anatomical knowledge, learning goals, and experience with technologies. Subsequently, they performed a learning activity using one of the visualization methods considered: a 3D method using the AR application and a two-dimensional (2D) method using a textbook to color, followed by questions concerning their satisfaction and knowledge. After using the alternative method, the students expressed their preference. The two methods improved knowledge equally, but the 3D method obtained higher satisfaction scores and was more preferred by students. The 3D method was also more preferred by the students who used this method during the activity. After controlling for the method used in the activity, associations were found between the preference of the 3D method because of its usability and experience with technologies. These results found that the AR application was highly valued by students to learn and was as effective as the textbook for this purpose.",2022,Anatomical sciences education,,LIKELY_ADVANCE_CONFIRM,,,,,,,,,
5780,TA-24,33864188,10.1007/s11548-021-02365-6,Learning effectiveness of using augmented reality technology in central venous access procedure: an experiment using phantom and head-mounted display.,"Augmented reality (AR) technology improves the learning process in interventional radiology. This study hypothesized that using AR to train for central venous access is superior to using ultrasound alone. This study used an AR central venous catheterization phantom with an internal jugular vein (IJV) and subclavian vein (SCV) made of resin body and soft tubing. Ten radiologists attempted to punctuate, using needle placement simulation, under three conditions (ultrasound-, augmented reality-, and ultrasound and AR-guided methods; US-only, AR-only, and US+AR, respectively) using a smart-glass device (HoloLens, Microsoft, Redmond, WA, USA). Subjective (anatomical understanding and self-confidence for procedure) and objective evaluations (optimized needle position and time) were recorded for each condition. The subjective IJV evaluation showed no difference among the guiding methods (p = 0.26 and p = 0.07 for anatomical understanding and self-confidence for procedure, respectively). Conversely, there were significant improvements in subjective and objective evaluations for SCV using the AR-only and US+AR methods (p < 0.05) and US+AR method (p < 0.05), respectively. The AR-only method reduced the time required to fix the needle position to puncture the SCV (p < 0.05), but its objective evaluation did not improve compared with the US-only method (p = 0.20). Adding the AR-guided method to the US-guided method improved subjective and objective evaluations in the SVC procedure. The AR technology-assisted training may be more beneficial for use in difficult procedures. Though the AR-only method saved time, no time saving is expected with AR+US method.",2021,International journal of computer assisted radiology and surgery,,LIKELY_ADVANCE_CONFIRM,,,,,,,,,
5781,TA-24,33860042,10.1155/2021/6620746,Treating Lumbar Fracture Using the Mixed Reality Technique.,"The mixed reality (MR) technique has recently been widely used in the orthopedic surgery with satisfactory results reported. However, few studies have focused on the application of MR in the Lumbar fracture (LF). In this retrospective study, our aim is to analyze some findings by investigating the feasibility of MR applied to lumbar fracture treatment. Posterior vertebrectomy has been operated on 7 patients. The MR-based intraoperative three-dimensional image-guided navigation system (MITINS) was used to assist implantation of pedicle screws. The feasibility and safety of pedicle screw implantation were assessed by postsurgery radiography. The visual analog scale (VAS) and Oswestry Disability Index (ODI) were used to assess the pain level and recovery situation before and after surgery. 57 pedicle screws were safely and precisely placed into three-dimensional lumbar models by using MITINS. No screw was found outside the pedicle of the models, and it was not necessary for the X-ray to provide extra locative information during the operation with the use of MITINS. In summary, the application of MITINS is feasible, safe, and accurate while the lumbar fracture surgery is processing, providing satisfactory assistance for spine surgeons.",2021,BioMed research international,,LIKELY_ADVANCE_CONFIRM,,,,,,,,,
5782,TA-24,33859995,10.3389/fsurg.2021.657901,Augmented Reality in Medical Practice: From Spine Surgery to Remote Assistance.,"Background: While performing surgeries in the OR, surgeons and assistants often need to access several information regarding surgical planning and/or procedures related to the surgery itself, or the accessory equipment to perform certain operations. The accessibility of this information often relies on the physical presence of technical and medical specialists in the OR, which is increasingly difficult due to the number of limitations imposed by the COVID emergency to avoid overcrowded environments or external personnel. Here, we analyze several scenarios where we equipped OR personnel with augmented reality (AR) glasses, allowing a remote specialist to guide OR operations through voice and ad-hoc visuals, superimposed to the field of view of the operator wearing them. Methods: This study is a preliminary case series of prospective collected data about the use of AR-assistance in spine surgery from January to July 2020. The technology has been used on a cohort of 12 patients affected by degenerative lumbar spine disease with lumbar sciatica co-morbidities. Surgeons and OR specialists were equipped with AR devices, customized with P2P videoconference commercial apps, or customized holographic apps. The devices were tested during surgeries for lumbar arthrodesis in a multicenter experience involving author's Institutions. Findings: A total number of 12 lumbar arthrodesis have been performed while using the described AR technology, with application spanning from telementoring (3), teaching (2), surgical planning superimposition and interaction with the hologram using a custom application for Microsoft hololens (1). Surgeons wearing the AR goggles reported a positive feedback as for the ergonomy, wearability and comfort during the procedure; being able to visualize a 3D reconstruction during surgery was perceived as a straightforward benefit, allowing to speed-up procedures, thus limiting post-operational complications. The possibility of remotely interacting with a specialist on the glasses was a potent added value during COVID emergency, due to limited access of non-resident personnel in the OR. Interpretation: By allowing surgeons to overlay digital medical content on actual surroundings, augmented reality surgery can be exploited easily in multiple scenarios by adapting commercially available or custom-made apps to several use cases. The possibility to observe directly the operatory theater through the eyes of the surgeon might be a game-changer, giving the chance to unexperienced surgeons to be virtually at the site of the operation, or allowing a remote experienced operator to guide wisely the unexperienced surgeon during a procedure.",2021,Frontiers in surgery,,LIKELY_ADVANCE_CONFIRM,,,,,,,,,
5783,TA-24,33856643,10.1007/s11548-021-02354-9,Effect of marker position and size on the registration accuracy of HoloLens in a non-clinical setting with implications for high-precision surgical tasks.,"Emerging holographic headsets can be used to register patient-specific virtual models obtained from medical scans with the patient's body. Maximising accuracy of the virtual models' inclination angle and position (ideally, ≤ 2° and ≤ 2 mm, respectively, as in currently approved navigation systems) is vital for this application to be useful. This study investigated the accuracy with which a holographic headset registers virtual models with real-world features based on the position and size of image markers. HoloLens® and the image-pattern-recognition tool Vuforia Engine™ were used to overlay a 5-cm-radius virtual hexagon on a monitor's surface in a predefined position. The headset's camera detection of an image marker (displayed on the monitor) triggered the rendering of the virtual hexagon on the headset's lenses. 4 × 4, 8 × 8 and 12 × 12 cm image markers displayed at nine different positions were used. In total, the position and dimensions of 114 virtual hexagons were measured on photographs captured by the headset's camera. Some image marker positions and the smallest image marker (4 × 4 cm) led to larger errors in the perceived dimensions of the virtual models than other image marker positions and larger markers (8 × 8 and 12 × 12 cm). ≤ 2° and ≤ 2 mm errors were found in 70.7% and 76% of cases, respectively. Errors obtained in a non-negligible percentage of cases are not acceptable for certain surgical tasks (e.g. the identification of correct trajectories of surgical instruments). Achieving sufficient accuracy with image marker sizes that meet surgical needs and regardless of image marker position remains a challenge.",2021,International journal of computer assisted radiology and surgery,,PRIORITY_VERIFY,,,,,,,,,
5784,TA-24,33856585,10.1186/s40708-021-00127-3,A serious-gamification blueprint towards a normalized attention.,"Attention is an important commodity in the human skills set. It can be trained to overcome deficits in the short term which might be based on multiple cognitive complications to entail inability to keep focus and mined wondering. On the long term, however, it might be a symptom of chronic diseases that acquire attention to include the spectra of many mental health disorders, e.g., attention deficit hyperactivity disorder (ADHD). This paper, therefore, introduces a generic reference model that guides in the design of proper treatment method for patients in short of attention to engage in a game-based environment in order to enhance the behavior of their current state of attention which may hopefully lead to a better focus. When considering the volatility of traditional cognitive behavioral therapies (CBTs), the model reflects and analyzes evolving serious games design directed for the treatment of ADHD. It serves as an instrument that spawn over a specific treatment design since it introduces essential components that depicts essential units of traditional CBT when they are modularly combined. The components will be introduced and the processes of the reference model will be elaborated as a roadmap for the formation and the operation of augmented reality treatment games.",2021,Brain informatics,,LIKELY_ADVANCE_CONFIRM,,,,,,,,,
5785,TA-24,33851903,10.1017/S1047951121001323,Anaglyph stereo virtual dissection: a novel inexpensive method for stereoscopic visualisation of intracardiac anatomy on CT angiogram.,"Three-dimensional visualisation is invaluable for evaluating cardiac anatomy. Patient-specific three-dimensional printed models of the heart are useful but require significant infrastructure. The three-dimensional virtual models, derived from 3D echocardiography, computed tomographic (CT) angiography or cardiac magnetic resonance (CMR), permit excellent visualisation of intracardiac anatomy, but viewing on a two-dimensional screen obscures the third dimension. Various forms of extended reality, such as virtual reality and augmented reality, augment the third dimension but only using expensive equipment. Herein, we report a simple technique of anaglyph stereoscopic visualisation of three-dimensional virtual cardiac models. The feasibility of achieving stereovision on a personal computer, using open-source software, and the need for inexpensive anaglyph glasses for viewing make it extremely cost-effective. Further, the retained depth perception of resulting stereo images in electronic and printed format makes sharing with other members of the team easy and effective.",2021,Cardiology in the young,,LIKELY_ADVANCE_CONFIRM,,,,,,,,,
5786,TA-24,33846955,10.1007/s12529-021-09987-9,Making of Mobile SunSmart: Co-designing a Just-in-Time Sun Protection Intervention for Children and Parents.,"In this study, we describe a participatory design process to develop a technology-based intervention for sun protection for children and their parents. Our methodology embraces and leverages the expert knowledge of the target users, children and their parents, about their sun protection practices to directly influence the design of our mobile just-in-time adaptive intervention (JITAI). The objectives of this paper are to describe our research procedures and summarize primary findings incorporated into developing our JITAI modules. We conducted 3 rounds of iterative co-design workshops with design expert KidsTeam UW children (N: 11-12) and subject expert children and their parents from local communities in California (N: 22-48). Iteratively, we thematically coded the qualitative data generated by participants in the co-design sessions to directly inform design specifications. Three themes emerged: (1) preference for non-linear educational format with less structure,; (2) situations not conducive for prioritizing sun protection; and (3) challenges, barriers, and ambiguity relating to sun protection to protect oneself and one's family. Based on the design ideas and iterative participant feedback, three categories of modules were developed: personalized and interactive data intake module, narrative-education module with augmented reality experiment, person/real-time tailored JITAI, and assessment modules. This is one of the first projects that maximally engage children and parents as co-designers to build a technology to improve sun protection with iterative and intentional design principles. Our scalable approach to design a mobile JITAI to improve sun protection will lay the foundation for future public health investigators with similar endeavors.",2021,International journal of behavioral medicine,,LIKELY_ADVANCE_CONFIRM,,,,,,,,,
5787,TA-24,33846887,10.1007/s10278-021-00436-3,Wearable Mixed-Reality Holographic Navigation Guiding the Management of Penetrating Intracranial Injury Caused by a Nail.,"Penetrating brain injury caused by a nail is an extremely rare neurosurgical emergency that poses a challenge for neurosurgeons. Nail entering the brain from the orbit and lodging within the cranial cavity is even more unusual. A 53-year-old male was found unconscious at a construction site, and brain CT revealed not only the presence of a nail beneath the inner table of the parietal bone, but also traumatic intracerebral hematoma. Consequently, accurate localization of the nail and hematoma was mandatory for surgical plan. During surgical planning, computational model reconstruction and trajectory calculation were completed using preoperative CT in 3D Slicer. Under the guidance of a head-mounted mixed-reality holographic computer, the neurosurgeon was able to visualize and interact with the hologram of the surgical plan, and intraoperative findings demonstrated that our low-cost portable wearable mixed-reality holographic navigation assisted precise localization of the nail and intracerebral hematoma, assuring less injury to the already compromised brain. After the surgery, the patient could obey commands, and postoperative imaging ruled out the possibility of brain abscess during follow-up. To the best of our knowledge, this is the first report on using a low-cost wearable mixed-reality holographic navigation to guide the management of penetrating intracranial injury caused by a nail.",2021,Journal of digital imaging,,LIKELY_ADVANCE_CONFIRM,,,,,,,,,
5788,TA-24,33845911,10.1186/s41077-021-00158-0,The use of virtual reality and augmented reality to enhance cardio-pulmonary resuscitation: a scoping review.,"Virtual reality (VR) and augmented reality (AR) have been proposed as novel methods to enhance cardio-pulmonary resuscitation (CPR) performance and increase engagement with CPR training. A scoping review was conducted to map the global evolution of these new approaches to CPR training, to assess their efficacy and determine future directions to meet gaps in current knowledge. A standardised five-stage scoping methodology was used to (1) identify the research question, (2) identify relevant studies, (3) select the studies, (4) chart the data and (5) summarise the findings. The Kirkpatrick model levels of evidence were used to chart and assess the efficacy of each intervention reported. A multi-pronged search term strategy was used to search the Web of Science, PubMed, CINAHL and EMBASE databases up to June 2020. A total of 42 articles were included in this review. The first relevant paper identified was published in 2009 and based on VR, from 2014 onwards there was a large increase in the volume of work being published regarding VR and AR uses in CPR training. This review reports Kirkpatrick level one to three evidence for the use of VR/AR-CPR. Inconsistencies in the specific language, keywords used and methodologies are highlighted. VR and AR technologies have shown great potential in the area of CPR, and there is continuing evidence of new novel applications and concepts. As VR/AR research into CPR reaches an inflection point, it is key to bring collaboration and consistency to the wider research community, to enable the growth of the area and ease of access to the wider medical community.",2021,"Advances in simulation (London, England)",SECONDARY_OR_COMMENTARY_TITLE,LIKELY_ADVANCE_CONFIRM,,,,,,,,,
5789,TA-24,33842750,10.1021/acsomega.0c05351,Refractive Indexes and Spectroscopic Properties to Design Er3+-Doped SiO2-Ta2O5 Films as Multifunctional Planar Waveguide Platforms for Optical Sensors and Amplifiers.,"This paper reports on the news about refractive index measurements and spectroscopic features of thin films, which can be applied as optical planar waveguides, focusing on their manufacturing processes, designs, and possible applications as optical amplifiers and sensors. Er3+-doped SiO2-Ta2O5 planar waveguides, with Si/Ta ratios of 90:10, 80:20, 70:30, 60:40, and 50:50, were prepared by a soft sol-gel process. Multilayer films were deposited by the dip-coating technique onto 10 μm SiO2-Si (100) p-type silicon and Si (100) silicon easily and successfully. The mechanisms of the densification process, porosity, and hydroxy group or water molecule occurrence have been accompanied by m-line and vibrational spectroscopy analyses. The thickness and refractive index values were used to understand better the influence of temperature and annealing time on the densification of the bulk films and the reduction of the pore volume as the tantalum oxide concentration increases. The refractive index shows the density of the films, and by the atomic force microscopy (AFM) technique, the films showed low surface roughness, achieving relatively high light confinement within the waveguide structure, and negligible optical loss due to surface scattering. Nanoparticle crystallization of Ta2O5 with size distribution ranging from 2.0 to 15.0 nm embedded in SiO2 was observed with size depending on annealing time and tantalum concentration. Intense and broadband emission positioned at 1550 nm, which is attributed to the 4I13/2 → 4I15/2 transition of Er3+ ions, was observed for all planar waveguides under excitation at 271, 272, and 278 nm. Depending on the porosity degree, the adsorption of H2O molecules occurs, changing the refractive index and contributing to the deactivation of excited states of Er3+ ions, making them an optical platform for use as an optical sensor for different species. Besides, the densified waveguides containing 20 or 30 mol % Ta exhibit high potential for applications as broadband optical amplifiers for wavelength division multiplexing (WDM), optical sensing, or augmented reality.",2021,ACS omega,,LIKELY_ADVANCE_CONFIRM,,,,,,,,,
5790,TA-24,33842378,10.3389/fonc.2021.663236,Augmented Reality Navigation for Stereoscopic Laparoscopic Anatomical Hepatectomy of Primary Liver Cancer: Preliminary Experience.,"Accurate determination of intrahepatic anatomy remains challenging for laparoscopic anatomical hepatectomy (LAH). Laparoscopic augmented reality navigation (LARN) is expected to facilitate LAH of primary liver cancer (PLC) by identifying the exact location of tumors and vessels. The study was to evaluate the safety and effectiveness of our independently developed LARN system in LAH of PLC. From May 2018 to July 2020, the study included 85 PLC patients who underwent three-dimensional (3D) LAH. According to whether LARN was performed during the operation, the patients were divided into the intraoperative navigation (IN) group and the non-intraoperative navigation (NIN) group. We compared the preoperative data, perioperative results and postoperative complications between the two groups, and introduced our preliminary experience of this novel technology in LAH. There were 44 and 41 PLC patients in the IN group and the NIN group, respectively. No significant differences were found in preoperative characteristics and any of the resection-related complications between the two groups (All P > 0.05). Compared with the NIN group, the IN group had significantly less operative bleeding (P = 0.002), lower delta Hb% (P = 0.039), lower blood transfusion rate (P < 0.001), and reduced postoperative hospital stay (P = 0.003). For the IN group, the successful fusion of simulated surgical planning and operative scene helped to determine the extent of resection. The LARN contributed to the identification of important anatomical structures during LAH of PLC. It reduced vascular injury and accelerated postoperative recovery, showing a potential application prospects in liver surgery.",2021,Frontiers in oncology,,LIKELY_ADVANCE_CONFIRM,,,,,,,,,
5791,TA-24,33840757,10.1097/SCS.0000000000007522,The Combined Application of Augmented Reality and Guide Template Technology in the Treatment of Nasal Deformities.,"The purpose of this study is to propose a surgical plan based on augmented reality (AR) and guide template technology for restoration of nasal deformities, and evaluate its feasibility and clinical efficacy. Patients were scanned with a FaceScan to obtain the three-dimensional (3D) facial model, and computed tomography was also performed to obtain the maxillofacial computed tomography images while wearing the artificial marker. The mirroring tool and database searching and matching technology were employed to restore the nasal deformities for a normal nose (preoperative planning model). The design of guide template for deciding the incision area was based on the preoperative planning model, which was also imported into the AR image guidance system named HuaxiAR1.0 for reconstruction of the nose contour. One week after the surgery, the postoperative 3D facial model was obtained. Then, the clinical efficacy was evaluated by comparing the difference between the preoperative planning and postoperative 3D facial model. The patients obtained satisfactory nasal shapes after surgery. Comparison of the difference between the preoperative and postoperative 3D model revealed that the maximum error was ranging from 2.24 mm to 3.10 mm with the mean error from 0.54 mm to 0.65 mm. The combined application of AR and guide template technology provides a new approach for the treatment of nasal deformities, and has a certain significance in realizing the precise repair of other craniofacial soft tissue deformities.",2021,The Journal of craniofacial surgery,,LIKELY_ADVANCE_CONFIRM,,,,,,,,,
5792,TA-24,33840367,10.1080/00140139.2021.1912398,Effects of full windshield head-up display on visual attention allocation.,"This study explores the impact of full windshield head-up display (FHUD) cues on the visual attention allocation of drivers under different scenarios. Forty-eight participants with driving experience were randomly divided into two groups and asked to drive on a preset route in various virtual driving scenarios created in advance. The full windshield highlights situational cues related to the driving task, such as lane lines, safe vehicle distance warnings, navigation guidance and pedestrian cues. Regarding the perception of situational cues, the number of fixations and mean fixation duration with FHUD were lower than those without FHUD. Furthermore, the dwell time percentage of the driver's forward view with FHUD was larger than that without FHUD, and the dwell time percentage on both sides was smaller than that without FHUD. In conclusion, FHUD may help drivers more effectively perceive cues and improve drivers' visual attention allocation. Practitioner summary: FHUD may affect drivers' attention while driving. We examined the effect of FHUD on number of fixations, fixation duration and dwell time percentage in the area of interest under different weather scenarios. Experimental results indicated that FHUD could improve drivers' visual attention allocation and help drivers more effectively perceive cues. Abbreviations: FHUD: full windshield head-up display; HUD: head-up display; HDD: head-down display; AOI: area of interests; AR: augmented reality.",2021,Ergonomics,,LIKELY_ADVANCE_CONFIRM,,,,,,,,,
5793,TA-24,33840132,10.1111/his.14383,Improving Ki67 assessment concordance by the use of an artificial intelligence-empowered microscope: a multi-institutional ring study.,"The nuclear proliferation biomarker Ki67 plays potential prognostic and predictive roles in breast cancer treatment. However, the lack of interpathologist consistency in Ki67 assessment limits the clinical use of Ki67. The aim of this article was to report a solution utilising an artificial intelligence (AI)-empowered microscope to improve Ki67 scoring concordance. We developed an AI-empowered microscope in which the conventional microscope was equipped with AI algorithms, and AI results were provided to pathologists in real time through augmented reality. We recruited 30 pathologists with various experience levels from five institutes to assess the Ki67 labelling index on 100 Ki67-stained slides from invasive breast cancer patients. In the first round, pathologists conducted visual assessment on a conventional microscope; in the second round, they were assisted with reference cards; and in the third round, they were assisted with an AI-empowered microscope. Experienced pathologists had better reproducibility and accuracy [intraclass correlation coefficient (ICC) = 0.864, mean error = 8.25%] than inexperienced pathologists (ICC = 0.807, mean error = 11.0%) in visual assessment. Moreover, with reference cards, inexperienced pathologists (ICC = 0.836, mean error = 10.7%) and experienced pathologists (ICC = 0.875, mean error = 7.56%) improved their reproducibility and accuracy. Finally, both experienced pathologists (ICC = 0.937, mean error = 4.36%) and inexperienced pathologists (ICC = 0.923, mean error = 4.71%) improved the reproducibility and accuracy significantly with the AI-empowered microscope. The AI-empowered microscope allows seamless integration of the AI solution into the clinical workflow, and helps pathologists to obtain higher consistency and accuracy for Ki67 assessment.",2021,Histopathology,,LIKELY_ADVANCE_CONFIRM,,,,,,,,,
5794,TA-24,33839856,10.1007/978-3-030-59436-7_50,Augmented Reality-Assisted Neurosurgical Drain Placement (ARANED): Technical Note.,"Many surgical procedures, such as placement of intracranial drains, are currently being performed blindly, relying on anatomical landmarks. As a result, accuracy results still have room for improvement. Neuronavigation could address this issue, but its application in an urgent setting is often impractical. Augmented reality (AR) provided through a head-worn device has the potential to tackle this problem, but its implementation should meet physicians' needs. The Surgical Augmented Reality Assistance (SARA) project aims to develop an AR solution that is suitable for preoperative planning, intraoperative visualisation and navigational support in an everyday clinical setting, using a Microsoft HoloLens. Proprietary hardware and software adaptations and dedicated navigation algorithms are applied to the Microsoft HoloLens to optimise it specifically for neurosurgical navigation. This includes a pipeline with an additional set of advanced, semi-automated algorithms responsible for image processing, hologram-to-patient registration and intraoperative tracking using infrared depth-sensing. A smooth and efficient workflow while maintaining high accuracy is prioritised. The AR solution provides a fully integrated and completely mobile navigation setup. Initial preclinical and clinical validation tests applying the solution to intracranial drain placement are described. AR has the potential to vastly increase accuracy of everyday procedures that are frequently performed without image guidance, but could still benefit from navigational support, such as intracranial drain placements. Technical development should go hand in hand with preclinical and clinical validation in order to demonstrate improvements in accuracy and clinical outcomes.",2021,Acta neurochirurgica. Supplement,,LIKELY_ADVANCE_CONFIRM,,,,,,,,,
5795,TA-24,33839337,10.1016/j.wneu.2021.03.157,Augmented Reality Fluorescence Imaging in Cerebrovascular Surgery: A Single-Center Experience with Thirty-Nine Cases.,"Several intraoperative imaging methods exist in cerebrovascular surgery to visualize and analyze the vascular anatomy flow. A new method based on multispectral fluorescence (MFL) imaging of indocyanine green (ICG) video angiography (VA) allows real-time, augmented reality (AR) visualization of blood flow superimposed on white-light microscopic images. We describe our single-center experience using MFL AR in cerebrovascular surgery. Case descriptions are provided of cerebrovascular surgery with intraoperative use of MFL AR images performed at our institution from June 2018 to April 2020. MFL superimposes the blood flow in real time on white-light microscopic images. We used MFL AR imaging as well as standard ICG-VA visualization and intraoperative digital subtraction angiography (DSA) as a control. A total of 39 cases (33 aneurysm clippings, 4 arteriovenous malformations, and 2 external carotid-internal carotid bypass surgeries), were performed using MFL technology-based AR visualization of ICG. MFL AR imaging and DSA showed a high correlation concerning aneurysm occlusion and vessel patency. In arteriovenous malformation resection surgery, MFL AR imaging facilitated early identification of the feeding arteries and draining veins. Because of increased sensitivity of MFL AR, a reduced dose of ICG could be used, allowing repeated intraoperative imaging. There were no postoperative complications, side effects, or technical problems related to the use of MFL AR imaging. MFL AR is an easy-to-use adjunct in cerebrovascular surgery and shows a high correlation with intraoperative DSA. No interruption of the surgery is necessary because MFL AR images of the blood flow are superimposed in real time on white-light microscopic images.",2021,World neurosurgery,,LIKELY_ADVANCE_CONFIRM,,,,,,,,,
5796,TA-24,33836448,10.1016/j.compbiomed.2021.104366,Impact of augmented-reality improvement in ablation catheter navigation as assessed by virtual-heart simulations of ventricular tachycardia ablation.,"Recently, an augmented reality (AR) solution allows the physician to place the ablation catheter at the designated lesion site more accurately during cardiac electrophysiology studies. The improvement in navigation accuracy may positively affect ventricular tachycardia (VT) ablation termination, however assessment of this in the clinic would be difficult. Novel personalized virtual heart technology enables non-invasive identification of optimal lesion targets for infarct-related VT. This study aims to evaluate the potential impact of such catheter navigation accuracy improvement in virtual VT ablations. 2 MRI-based virtual hearts with 2 in silico induced VTs (VT 1, VT 2) were included. VTs were terminated with virtual ""ground truth"" endocardial ablation lesions. 106 navigation error values that were previously assessed in a clinical study evaluating the improvement of ablation catheter navigation accuracy guided with AR (53 with, 53 without) were used to displace the ""ground truth"" ablation targets. The corresponding ablations were simulated based on these errors and VT termination for each simulation was assessed. In 54 VT 1 ablation simulations, smaller error with AR significantly resulted in more VT termination (25) compared to the error without AR (16) (P < 0.01). In 52 VT 2 ablation simulations, no significant difference was observed from error with (11) and without AR (13) (P = 0.58). The substrate characteristic may impact the effect of improved accuracy to an improved VT termination. Virtual heart shows that the increased catheter navigation accuracy provided by AR guidance can affect the VT termination.",2021,Computers in biology and medicine,,LIKELY_ADVANCE_CONFIRM,,,,,,,,,
5797,TA-24,33830426,10.1007/s11548-021-02355-8,Visual display for surgical targeting: concepts and usability study.,"Interactive image-guided surgery technologies enable accurate target localization while preserving critical nearby structures in many surgical interventions. Current state-of-the-art interfaces largely employ traditional anatomical cross-sectional views or augmented reality environments to present the actual spatial location of the surgical instrument in preoperatively acquired images. This work proposes an alternative, simple, minimalistic visual interface intended to assist during real-time surgical target localization. The estimated 3D pose of the interventional instruments and their positional uncertainty are intuitively presented in a visual interface with respect to the target point. A usability study with multidisciplinary participants evaluates the proposed interface projected in surgical microscope oculars against cross-sectional views. The latter was presented on a screen both stand-alone and combined with the proposed interface. The instruments were electromagnetically navigated in phantoms. The usability study demonstrated that the participants were able to detect invisible targets marked in phantom imagery with significant enhancements for localization accuracy and duration time. Clinically experienced users reached the targets with shorter trajectories. The stand-alone and multi-modal versions of the proposed interface outperformed cross-sectional views-only navigation in both quantitative and qualitative evaluations. The results and participants' feedback indicate potential to accurately navigate users toward the target with less distraction and workload. An ongoing study evaluates the proposed system in a preclinical setting for auditory brainstem implantation.",2021,International journal of computer assisted radiology and surgery,,LIKELY_ADVANCE_CONFIRM,,,,,,,,,
5798,TA-24,33829327,10.1007/s10916-021-01735-6,A Novel Suture Training System for Open Surgery Replicating Procedures Performed by Experts Using Augmented Reality.,"The surgical education environment has been changing significantly due to restricted work hours, limited resources, and increasing public concern for safety and quality, leading to the evolution of simulation-based training in surgery. Of the various simulators, low-fidelity simulators are widely used to practice surgical skills such as sutures because they are portable, inexpensive, and easy to use without requiring complicated settings. However, since low-fidelity simulators do not offer any teaching information, trainees do self-practice with them, referring to textbooks or videos, which are insufficient to learn open surgical procedures. This study aimed to develop a new suture training system for open surgery that provides trainees with the three-dimensional information of exemplary procedures performed by experts and allows them to observe and imitate the procedures during self-practice. The proposed system consists of a motion capture system of surgical instruments and a three-dimensional replication system of captured procedures on the surgical field. Motion capture of surgical instruments was achieved inexpensively by using cylindrical augmented reality (AR) markers, and replication of captured procedures was realized by visualizing them three-dimensionally at the same position and orientation as captured, using an AR device. For subcuticular interrupted suture, it was confirmed that the proposed system enabled users to observe experts' procedures from any angle and imitate them by manipulating the actual surgical instruments during self-practice. We expect that this training system will contribute to developing a novel surgical training method that enables trainees to learn surgical skills by themselves in the absence of experts.",2021,Journal of medical systems,,LIKELY_ADVANCE_CONFIRM,,,,,,,,,
5799,TA-24,33826796,10.1002/cncy.22425,Cervical cytology screening facilitated by an artificial intelligence microscope: A preliminary study.,"Cervical cytology screening is usually laborious with a heavy workload and poor diagnostic consistency. The authors have developed an artificial intelligence (AI) microscope that can provide onsite diagnostic assistance for cervical cytology screening in real time. A total of 2167 cervical cytology slides were selected from a cohort of 10,601 cases from Shenzhen Maternity and Child Healthcare Hospital, and the training data set consisted of 42,073 abnormal cervical epithelial cells. The recognition results of an AI technique were presented in a microscope eyepiece by an augmented reality technique. Potentially abnormal cells were highlighted with binary classification results in a 10× field of view (FOV) and with multiclassification results according to the Bethesda system in 20× and 40× FOVs. In addition, 486 slides were selected for the reader study to evaluate the performance of the AI microscope. In the reader study, which compared manual reading with AI assistance, the sensitivities for the detection of low-grade squamous intraepithelial lesions and high-grade squamous intraepithelial lesions were significantly improved from 0.837 to 0.923 (P < .001) and from 0.830 to 0.917 (P < .01), respectively; the κ score for atypical squamous cells of undetermined significance (ASCUS) was improved from 0.581 to 0.637; the averaged pairwise κ of consistency for multiclassification was improved from 0.649 to 0.706; the averaged pairwise κ of consistency for binary classification was improved from 0.720 to 0.798; and the averaged pairwise κ of ASCUS was improved from 0.557 to 0.639. The results of this study show that an AI microscope can provide real-time assistance for cervical cytology screening and improve the efficiency and accuracy of cervical cytology diagnosis.",2021,Cancer cytopathology,,LIKELY_ADVANCE_CONFIRM,,,,,,,,,
5800,TA-24,33826515,10.1109/TIP.2021.3070439,Hand Pose Understanding With Large-Scale Photo-Realistic Rendering Dataset.,"Hand pose understanding is essential to applications such as human computer interaction and augmented reality. Recently, deep learning based methods achieve great progress in this problem. However, the lack of high-quality and large-scale dataset prevents the further improvement of hand pose related tasks such as 2D/3D hand pose from color and depth from color. In this paper, we develop a large-scale and high-quality synthetic dataset, PBRHand. The dataset contains millions of photo-realistic rendered hand images and various ground truths including pose, semantic segmentation, and depth. Based on the dataset, we firstly investigate the effect of rendering methods and used databases on the performance of three hand pose related tasks: 2D/3D hand pose from color, depth from color and 3D hand pose from depth. This study provides insights that photo-realistic rendering dataset is worthy of synthesizing and shows that our new dataset can improve the performance of the state-of-the-art on these tasks. This synthetic data also enables us to explore multi-task learning, while it is expensive to have all the ground truth available on real data. Evaluations show that our approach can achieve state-of-the-art or competitive performance on several public datasets.",2021,IEEE transactions on image processing : a publication of the IEEE Signal Processing Society,,LIKELY_ADVANCE_CONFIRM,,,,,,,,,
5801,TA-24,33825055,10.1186/s41235-021-00293-2,When and why do people act on flawed science? Effects of anecdotes and prior beliefs on evidence-based decision-making.,"Today's citizens are expected to use evidence, frequently presented in the media, to inform decisions about health, behavior, and public policy. However, science misinformation is ubiquitous in the media, making it difficult to apply research appropriately. Across two experiments, we addressed how anecdotes and prior beliefs impact readers' ability to both identify flawed science and make appropriate decisions based on flawed science in media articles. Each article described the results of flawed research on one of four educational interventions to improve learning (Experiment 1 included articles about having a tidy classroom and exercising while learning; Experiment 2 included articles about using virtual/augmented reality and napping at school). Experiment 1 tested the impact of a single anecdote and found no significant effect on either participants' evidence evaluations or decisions to implement the learning interventions. However, participants were more likely to adopt the more plausible intervention (tidy classroom) despite identifying that it was unsupported by the evidence, suggesting effects of prior beliefs. In Experiment 2, we tested whether this intervention effect was driven by differences in beliefs about intervention plausibility and included two additional interventions (virtual reality = high plausible, napping = low plausible). We again found that participants were more likely to implement high plausible than low plausible interventions, and that evidence quality was underweighed as a factor in these decisions. Together, these studies suggest that evidence-based decisions are more strongly determined by prior beliefs than beliefs about the quality of evidence itself.",2021,Cognitive research: principles and implications,,LIKELY_ADVANCE_CONFIRM,,,,,,,,,
5802,TA-24,33820372,10.1364/OE.421879,High-performance reflection-type augmented reality 3D display using a reflective polarizer.,"We propose a high-performance reflection-type augmented reality (AR) 3D display by using a reflective polarizer (RP). The RP functions as a reflective imaging device as well as an image combiner that combines the real scenes and the 3D images reconstructed by the integral imaging display unit. Benefiting from the flawless imaging of the RP, the proposed reflection-type AR system can achieve high-definition 3D display. A prototype based on the proposed reflection-type AR structure is developed, and it presents good 3D display effects and reflection-type AR performances. The developed prototype is very compact, as thin as 3.4 mm, which makes it be a potential candidate in stomatology and vehicle AR display.",2021,Optics express,,LIKELY_ADVANCE_CONFIRM,,,,,,,,,
5803,TA-24,33820369,10.1364/OE.420375,Microscope integrated optical coherence tomography system combined with augmented reality.,"One of the disadvantages in microscope-integrated optical coherence tomography (MI-OCT) systems is that medical images acquired via different modalities are usually displayed independently. Hence, surgeons have to match two-dimensional and three-dimensional images of the same operative region subjectively. In this paper, we propose a simple registration method to overcome this problem by using guided laser points. This method combines augmented reality with an existing MI-OCT system. The basis of our idea is to introduce a guiding laser into the system, which allows us to identify fiducials in microscopic images. At first, the applied voltages of the scanning galvanometer mirror are used to calculate the fiducials' coordinates in an OCT model. After gathering data at the corresponding points' coordinates, the homography matrix and camera parameters are used to superimpose a reconstructed model on microscopic images. After performing experiments with artificial and animal eyes, we successfully obtain two-dimensional microscopic images of scanning regions with depth information. Moreover, the registration error is 0.04 mm, which is within the limits of medical and surgical errors. Our proposed method could have many potential applications in ophthalmic procedures.",2021,Optics express,,LIKELY_ADVANCE_CONFIRM,,,,,,,,,
5804,TA-24,33816967,10.7717/peerj-cs.317,Online supervised attention-based recurrent depth estimation from monocular video.,"Autonomous driving highly depends on depth information for safe driving. Recently, major improvements have been taken towards improving both supervised and self-supervised methods for depth reconstruction. However, most of the current approaches focus on single frame depth estimation, where quality limit is hard to beat due to limitations of supervised learning of deep neural networks in general. One of the way to improve quality of existing methods is to utilize temporal information from frame sequences. In this paper, we study intelligent ways of integrating recurrent block in common supervised depth estimation pipeline. We propose a novel method, which takes advantage of the convolutional gated recurrent unit (convGRU) and convolutional long short-term memory (convLSTM). We compare use of convGRU and convLSTM blocks and determine the best model for real-time depth estimation task. We carefully study training strategy and provide new deep neural networks architectures for the task of depth estimation from monocular video using information from past frames based on attention mechanism. We demonstrate the efficiency of exploiting temporal information by comparing our best recurrent method with existing image-based and video-based solutions for monocular depth reconstruction.",2020,PeerJ. Computer science,,PRIORITY_VERIFY,,,,,,,,,
5805,TA-24,33815500,10.1155/2021/9621323,Augmented Reality-Assisted Pancreaticoduodenectomy with Superior Mesenteric Vein Resection and Reconstruction.,"Pancreaticoduodenectomy (PD) with superior mesenteric vein (SMV) reconstruction are often required to achieve complete (R0) resection for pancreatic head cancer (PHC) with tumor invasion of the SMV. Augmented reality (AR) technology can be used to assist in determining the extent of SMV involvement by superimposing virtual 3-dimensional (3D) images of the pancreas and regional vasculature on the surgical field. Three patients with PHC and tumor invasion of the SMV underwent AR-assisted PD with SMV resection and reconstruction following preoperative computed tomography scanning. Preoperative imaging data were used to reconstruct 3D images of anatomical structures, including the tumor, portal vein (PV), SMV, and splenic vein (SV). Using AR software installed on a smart phone, the reconstructed 3D images were superimposed on the surgical field as viewed in a smart phone display to provide intermittent navigational assistance to the surgeon in identifying the boundaries of PHC tumor invasion for resection of the vessels involved. All patients successfully completed the operation. Intraoperative AR applications displayed virtual images of the pancreas, SMV, bile duct, common hepatic artery (CHA), and superior mesenteric artery (SMA). Two patients required end-to-end anastomosis for reconstruction of the SMV. One patient required allogenic vascular bypass to reconstruct the SMV-PV juncture with concomitant reconstruction of the SV-SMV confluence by end-to-side anastomosis of the SV and bypass vessel. Postoperative pathology confirmed R0 resections for all patients. AR navigation technology based on preoperative CT image data can assist surgeons performing PD with SMV resection and reconstruction.",2021,Gastroenterology research and practice,,LIKELY_ADVANCE_CONFIRM,,,,,,,,,
5806,TA-24,33814967,10.1007/s11042-021-10821-3,Multimedia augmented reality game for learning math.,"The traditional method for learning the multiplication tables is a repetitive and boring task. Teachers try to find new methods to motivate children in this tedious duty, and one of the lines to consider is to integrate en- tertainment into educational processes. This work presents a new multimedia interaction approach in order to allow children to practice these math opera- tions and have fun. The learning process has been gamified by means of two mini-games designed for mobile platforms, based on meromictic or repetitive learning. The genre of these mini-games have been selected according to chil- dren preferences: one turn-based fighting and other throwing-objects game. A series of proposed multiplications have to be solved during the play to per- form the player actions. Moreover, in order to support learning engagement, both have been visualized through Augmented Reality, combining real and virtual reality. This paper discusses the good results of mixing entertainment with some learning tasks, due to the engagement of the children to the mobile based games. A pilot study has been performed in order to evaluate the learn- ing effectiveness and usability of the proposal. Results support that playing the video games makes this tedious multiplication practice more enjoyable and attractive for children so they improve their math skills.",2022,Multimedia tools and applications,,LIKELY_ADVANCE_CONFIRM,,,,,,,,,
5807,TA-24,33809884,10.3390/s21062212,"Smart Assistive Architecture for the Integration of IoT Devices, Robotic Systems, and Multimodal Interfaces in Healthcare Environments.","This paper presents a new architecture that integrates Internet of Things (IoT) devices, service robots, and users in a smart assistive environment. A new intuitive and multimodal interaction system supporting people with disabilities and bedbound patients is presented. This interaction system allows the user to control service robots and devices inside the room in five different ways: touch control, eye control, gesture control, voice control, and augmented reality control. The interaction system is comprised of an assistive robotic arm holding a tablet PC. The robotic arm can place the tablet PC in front of the user. A demonstration of the developed technology, a prototype of a smart room equipped with home automation devices, and the robotic assistive arm are presented. The results obtained from the use of the various interfaces and technologies are presented in the article. The results include user preference with regard to eye-base control (performing clicks, and using winks or gaze) and the use of mobile phones over augmented reality glasses, among others.",2021,"Sensors (Basel, Switzerland)",,LIKELY_ADVANCE_CONFIRM,,,,,,,,,
5808,TA-24,33806863,10.3390/s21062234,ARETT: Augmented Reality Eye Tracking Toolkit for Head Mounted Displays.,"Currently an increasing number of head mounted displays (HMD) for virtual and augmented reality (VR/AR) are equipped with integrated eye trackers. Use cases of these integrated eye trackers include rendering optimization and gaze-based user interaction. In addition, visual attention in VR and AR is interesting for applied research based on eye tracking in cognitive or educational sciences for example. While some research toolkits for VR already exist, only a few target AR scenarios. In this work, we present an open-source eye tracking toolkit for reliable gaze data acquisition in AR based on Unity 3D and the Microsoft HoloLens 2, as well as an R package for seamless data analysis. Furthermore, we evaluate the spatial accuracy and precision of the integrated eye tracker for fixation targets with different distances and angles to the user (n=21). On average, we found that gaze estimates are reported with an angular accuracy of 0.83 degrees and a precision of 0.27 degrees while the user is resting, which is on par with state-of-the-art mobile eye trackers.",2021,"Sensors (Basel, Switzerland)",,LIKELY_ADVANCE_CONFIRM,,,,,,,,,
5809,TA-24,33806547,10.3390/diagnostics11030441,"Novel Multimodal, Multiscale Imaging System with Augmented Reality.","A novel multimodal, multiscale imaging system with augmented reality capability were developed and characterized. The system offers 3D color reflectance imaging, 3D fluorescence imaging, and augmented reality in real time. Multiscale fluorescence imaging was enabled by developing and integrating an in vivo fiber-optic microscope. Real-time ultrasound-fluorescence multimodal imaging used optically tracked fiducial markers for registration. Tomographical data are also incorporated using optically tracked fiducial markers for registration. Furthermore, we characterized system performance and registration accuracy in a benchtop setting. The multiscale fluorescence imaging facilitated assessing the functional status of tissues, extending the minimal resolution of fluorescence imaging to ~17.5 µm. The system achieved a mean of Target Registration error of less than 2 mm for registering fluorescence images to ultrasound images and MRI-based 3D model, which is within clinically acceptable range. The low latency and high frame rate of the prototype system has shown the promise of applying the reported techniques in clinically relevant settings in the future.",2021,"Diagnostics (Basel, Switzerland)",,LIKELY_ADVANCE_CONFIRM,,,,,,,,,
5810,TA-24,33805881,10.3390/nano11040836,Size-Dependent Electroluminescence and Current-Voltage Measurements of Blue InGaN/GaN µLEDs down to the Submicron Scale.,"Besides high-power light-emitting diodes (LEDs) with dimensions in the range of mm, micro-LEDs (μLEDs) are increasingly gaining interest today, motivated by the future applications of μLEDs in augmented reality displays or for nanometrology and sensor technology. A key aspect of this miniaturization is the influence of the structure size on the electrical and optical properties of μLEDs. Thus, in this article, investigations of the size dependence of the electro-optical properties of μLEDs, with diameters in the range of 20 to 0.65 μm, by current-voltage and electroluminescence measurements are described. The measurements indicated that with decreasing size leakage currents in the forward direction decrease. To take advantage of these benefits, the surface has to be treated properly, as otherwise sidewall damages induced by dry etching will impair the optical properties. A possible countermeasure is surface treatment with a potassium hydroxide based solution that can reduce such defects.",2021,"Nanomaterials (Basel, Switzerland)",,LIKELY_ADVANCE_CONFIRM,,,,,,,,,
5811,TA-24,33804253,10.3390/s21062066,Towards Aircraft Maintenance Metaverse Using Speech Interactions with Virtual Objects in Mixed Reality.,"Metaverses embedded in our lives create virtual experiences inside of the physical world. Moving towards metaverses in aircraft maintenance, mixed reality (MR) creates enormous opportunities for the interaction with virtual airplanes (digital twin) that deliver a near-real experience, keeping physical distancing during pandemics. 3D twins of modern machines exported to MR can be easily manipulated, shared, and updated, which creates colossal benefits for aviation colleges who still exploit retired models for practicing. Therefore, we propose mixed reality education and training of aircraft maintenance for Boeing 737 in smart glasses, enhanced with a deep learning speech interaction module for trainee engineers to control virtual assets and workflow using speech commands, enabling them to operate with both hands. With the use of the convolutional neural network (CNN) architecture for audio features and learning and classification parts for commands and language identification, the speech module handles intermixed requests in English and Korean languages, giving corresponding feedback. Evaluation with test data showed high accuracy of prediction, having on average 95.7% and 99.6% on the F1-Score metric for command and language prediction, respectively. The proposed speech interaction module in the aircraft maintenance metaverse further improved education and training, giving intuitive and efficient control over the operation, enhancing interaction with virtual objects in mixed reality.",2021,"Sensors (Basel, Switzerland)",,LIKELY_ADVANCE_CONFIRM,,,,,,,,,
5812,TA-24,33803836,10.3390/healthcare9030348,"Effects of Tooth Brushing Training, Based on Augmented Reality Using a Smart Toothbrush, on Oral Hygiene Care among People with Intellectual Disability in Korea.","(1) Purpose: In modern society, augmented reality (AR)-based training using a smart device has emerged as a means of resolving problems with training. Thus, this feasibility study aimed to identify the effects of tooth-brushing training, based on AR using a smart toothbrush, on oral hygiene care among people with an intellectual disability in Korea. (2) Methods: Thirty people with an intellectual disability, residing in a residential care facility, were selected. Tooth-brushing training based on AR, using a smart toothbrush, was applied in the experimental group (n = 15), and training using visual material was applied in the control group (n = 15). As an assessment of oral hygiene care, the changes in tooth-brushing performance and oral hygiene were measured. (3) Results: There were significant differences in all results after training between the two groups. (4) Conclusions: Tooth-brushing training based on AR using a smart toothbrush is more effective than training using visual material on oral hygiene care among the subjects of this feasibility study. Thus, training based on AR using a smart toothbrush could be applied to people with intellectual disabilities residing in residential care facilities as an individual tool for tooth-brushing training.",2021,"Healthcare (Basel, Switzerland)",,LIKELY_ADVANCE_CONFIRM,,,,,,,,,
5813,TA-24,33803646,10.3390/polym13060936,Holographic Recording Performance of Acrylate-Based Photopolymer under Different Preparation Conditions for Waveguide Display.,"This work proposes a green light-sensitive acrylate-based photopolymer. The effects of the preparation conditions for the waveguide applied volume holographic gratings (VHGs) were experimentally investigated. The optimum preparation conditions for holographic recording were revealed. After optimization, the peak of VHG diffraction efficiency reached 99%, the diffractive wavelength bandwidth increased from 13 nm to 22 nm, and the corresponding RIM was 0.06. To prove the wide application prospect of the acrylate-based photopolymer in head-mounted augmented reality (AR) displays, green monochromatic volume holographic waveguides were fabricated. The display results showed that the prototype was able to achieve a 28° diagonal FOV and possessed a system luminance of 300 cd/m2.",2021,Polymers,,LIKELY_ADVANCE_CONFIRM,,,,,,,,,
5814,TA-24,33802216,10.3390/s21061950,"LOCATE-US: Indoor Positioning for Mobile Devices Using Encoded Ultrasonic Signals, Inertial Sensors and Graph-Matching.","Indoor positioning remains a challenge and, despite much research and development carried out in the last decade, there is still no standard as with the Global Navigation Satellite Systems (GNSS) outdoors. This paper presents an indoor positioning system called LOCATE-US with adjustable granularity for use with commercial mobile devices, such as smartphones or tablets. LOCATE-US is privacy-oriented and allows every device to compute its own position by fusing ultrasonic, inertial sensor measurements and map information. Ultrasonic Local Positioning Systems (U-LPS) based on encoded signals are placed in critical zones that require an accuracy below a few decimeters to correct the accumulated drift errors of the inertial measurements. These systems are well suited to work at room level as walls confine acoustic waves inside. To avoid audible artifacts, the U-LPS emission is set at 41.67 kHz, and an ultrasonic acquisition module with reduced dimensions is attached to the mobile device through the USB port to capture signals. Processing in the mobile device involves an improved Time Differences of Arrival (TDOA) estimation that is fused with the measurements from an external inertial sensor to obtain real-time location and trajectory display at a 10 Hz rate. Graph-matching has also been included, considering available prior knowledge about the navigation scenario. This kind of device is an adequate platform for Location-Based Services (LBS), enabling applications such as augmented reality, guiding applications, or people monitoring and assistance. The system architecture can easily incorporate new sensors in the future, such as UWB, RFiD or others.",2021,"Sensors (Basel, Switzerland)",,LIKELY_ADVANCE_CONFIRM,,,,,,,,,
5815,TA-24,33800070,10.3390/s21051865,"Developing the Next Generation of Augmented Reality Games for Pediatric Healthcare: An Open-Source Collaborative Framework Based on ARCore for Implementing Teaching, Training and Monitoring Applications.","Augmented Reality (AR) provides an alternative to the traditional forms of interaction between humans and machines, and facilitates the access to certain technologies to groups of people with special needs like children. For instance, in pediatric healthcare, it is important to help children to feel comfortable during medical procedures and tests that may be performed on them. To tackle such an issue with the help of AR-based solutions, this article presents the design, implementation and evaluation of a novel open-source collaborative framework that enables to develop teaching, training, and monitoring pediatric healthcare applications. Specifically, such a framework allows for building collaborative applications and shared experiences for AR devices, providing functionalities for connecting with other AR devices and enabling real-time visualization and simultaneous interaction with virtual objects. Since all the communications involved in AR interactions are handled by AR devices, the proposed collaborative framework is able to operate autonomously through a Local Area Network (LAN), thus requiring no cloud or external servers. In order to demonstrate the potential of the proposed framework, a practical use case application is presented. Such an application has been designed to motivate pediatric patients and to encourage them to increase their physical activity through AR games. The presented games do not require any previous configuration, as they use ARCore automatic surface detection technology. Moreover, the AR mobile gaming framework allows multiple players to engage in the same AR experience, so children can interact and collaborate among them sharing the same AR content. In addition, the proposed AR system provides a remote web application that is able to collect and to visualize data on patient use, aiming to provide healthcare professionals with qualified data about the mobility and mood of their patients through an intuitive and user-friendly web tool. Finally, to determine the performance of the proposed AR system, this article presents its evaluation in terms of latency and processing time. The results show that both times are low enough to provide a good user experience.",2021,"Sensors (Basel, Switzerland)",,LIKELY_ADVANCE_CONFIRM,,,,,,,,,
5816,TA-24,33797689,10.1007/s11548-021-02336-x,Laparoscopic augmented reality registration for oncological resection site repair.,"Resection site repair during laparoscopic oncological surgery (e.g. laparoscopic partial nephrectomy) poses some unique challenges and opportunities for augmented reality (AR) navigation support. This work introduces an AR registration workflow that addresses the time pressure that is present during resection site repair. We propose a two-step registration process: the AR content is registered as accurately as possible prior to the tumour resection (the primary registration). This accurate registration is used to apply artificial fiducials to the physical organ and the virtual model. After the resection, these fiducials can be used for rapid re-registration (the secondary registration). We tested this pipeline in a simulated-use study with [Formula: see text] participants. We compared the registration accuracy and speed for our method and for landmark-based registration as a reference. Acquisition of and, thereby, registration with the artificial fiducials were significantly faster than the initial use of anatomical landmarks. Our method also had a trend to be more accurate in cases in which the primary registration was successful. The accuracy loss between the elaborate primary registration and the rapid secondary registration could be quantified with a mean target registration error increase of 2.35 mm. This work introduces a registration pipeline for AR navigation support during laparoscopic resection site repair and provides a successful proof-of-concept evaluation thereof. Our results indicate that the concept is better suited than landmark-based registration during this phase, but further work is required to demonstrate clinical suitability and applicability.",2021,International journal of computer assisted radiology and surgery,,LIKELY_ADVANCE_CONFIRM,,,,,,,,,
5817,TA-24,33797500,10.1097/TA.0000000000003086,A trauma patient care simulation using extended reality technology in the hybrid emergency room system.,,2021,The journal of trauma and acute care surgery,ABSTRACT_MISSING,LIKELY_ADVANCE_CONFIRM,,,,,,,,,
5818,TA-24,33793537,10.1364/OL.422559,Aberration-free pupil steerable Maxwellian display for augmented reality with cholesteric liquid crystal holographic lenses.,"Maxwellian displays offer unique features like always-in-focus quality, high efficiency, and large field-of-view, but its small eyebox remains a major challenge for augmented reality. To enlarge the eyebox, pupil steering is a promising approach. However, previous pupil steering methods generally rely on changing the incident light angle on the lens coupler, which results in serious aberrations. In this Letter, we demonstrate a pupil steerable see-through Maxwellian display incorporating novel cholesteric liquid crystal (CLC) holographic lenses. By actively modulating the polarization state of the incident light, we can schematically choose which holographic lens to function, which fundamentally eliminates the aberrations.",2021,Optics letters,,LIKELY_ADVANCE_CONFIRM,,,,,,,,,
5819,TA-24,33793185,10.1021/acsami.0c22677,"Achieving a Low-Voltage, High-Mobility IGZO Transistor through an ALD-Derived Bilayer Channel and a Hafnia-Based Gate Dielectric Stack.","Ultrahigh-resolution displays for augmented reality (AR) and virtual reality (VR) applications require a novel architecture and process. Atomic-layer deposition (ALD) enables the facile fabrication of indium-gallium zinc oxide (IGZO) thin-film transistors (TFTs) on a substrate with a nonplanar surface due to its excellent step coverage and accurate thickness control. Here, we report all-ALD-derived TFTs using IGZO and HfO2 as the channel layer and gate insulator, respectively. A bilayer IGZO channel structure consisting of a 10 nm base layer (In0.52Ga0.29Zn0.19O) with good stability and a 3 nm boost layer (In0.82Ga0.08Zn0.10O) with extremely high mobility was designed based on a cation combinatorial study of the ALD-derived IGZO system. Reducing the thickness of the HfO2 dielectric film by the ALD process offers high areal capacitance in field-effect transistors, which allows low-voltage drivability and enhanced carrier transport. The intrinsic inferior stability of the HfO2 gate insulator was effectively mitigated by the insertion of an ALD-derived 4 nm Al2O3 interfacial layer between HfO2 and the IGZO film. The optimized bilayer IGZO TFTs with HfO2-based gate insulators exhibited excellent performances with a high field-effect mobility of 74.0 ± 0.91 cm2/(V s), a low subthreshold swing of 0.13 ± 0.01 V/dec, a threshold voltage of 0.20 ± 0.24 V, and an ION/OFF of ∼3.2 × 108 in a low-operation-voltage (≤2 V) range. This promising result was due to the synergic effects of a bilayer IGZO channel and HfO2-based gate insulator with a high permittivity, which were mainly attributed to the effective carrier confinement in the boost layer with high mobility, low free carrier density of the base layer with a low VO concentration, and HfO2-induced high effective capacitance.",2021,ACS applied materials & interfaces,,LIKELY_ADVANCE_CONFIRM,,,,,,,,,
5820,TA-24,33791491,10.7861/fhj.2020-0146,The mixed reality medical ward round with the MS HoloLens 2: Innovation in reducing COVID-19 transmission and PPE usage.,"The COVID-19 pandemic necessitated changes to the traditional medical ward round to protect staff and patients. This study investigated the value and acceptability of using the Microsoft HoloLens 2 mixed reality headset in a COVID-19 renal medicine ward. The HoloLens 2 was used during the height of the COVID-19 pandemic and it was compared with the days prior to its introduction. Staff exposure to COVID-19 and PPE usage were measured, and staff and patients were surveyed on the HoloLens 2 experience. The average ward round was significantly shorter with the use of the HoloLens 2 (94 minutes vs 137 minutes; p=0.006). With the HoloLens 2, only the consultant was in direct contact with COVID-19 patients compared with up to seven staff members on a normal ward round. Personal protective equipment usage was reduced by over 50%. Both staff and patients were positive about its use but raised some important concerns. The HoloLens 2 mixed reality technology is an innovative solution to the challenges posed by COVID-19 to the traditional medical ward round.",2021,Future healthcare journal,,LIKELY_ADVANCE_CONFIRM,,,,,,,,,
5821,TA-24,33791082,10.1155/2021/5571862,Augmented Reality Research of Measuring X-Ray Dental Film Alveolar Bone Based on Computer Image Analysis System.,"The important application of computer imaging technology in the medical field is a necessary auxiliary method for clinical diagnosis and treatment. At present, many people are affected by various factors and have various problems caused by the dental cellular bone. Traditional treatment methods are complex and long, which can cause damage to body tissues. Based on this problem, this paper takes the augmented reality measurement of X-ray dental film as the research object. Based on the in-depth measurement algorithm of the computer image analysis system, two three-dimensional reconstruction methods based on the center of gravity and the matching of the front and side positions are proposed. These two methods only need two X-rays of the front and side of the dental film, the three-dimensional parameters are obtained through calculation and analysis of each spine in the X-ray film, and these parameters are used to fit the dental alveolar bone model. The experimental results prove that the computer-based image analysis system has a great effect on the measurement of X-ray dental film alveolar bone. The positive correlation coefficient reaches 0.87. Compared with the cerebral infarction caused by other methods, the proportion of people with dental film alveolar bone injury is about 15%; after treatment, the functional recovery rate reaches more than 80%. Studies have found that there is a great difference in the age of the population that needs to be treated for dental slices and alveolar bone. The grade of patients is generally under 20 and over 60. This shows that the measurement of X-ray dental film alveolar bone based on computer image analysis system can play an important role in protecting people's oral health.",2021,Journal of healthcare engineering,,LIKELY_ADVANCE_CONFIRM,,,,,,,,,
5822,TA-24,33791081,10.1155/2021/5542822,Diagnosis of Chronic Kidney Disease by Three-Dimensional Contrast-Enhanced Ultrasound Combined with Augmented Reality Medical Technology.,"Chronic kidney disease is a worldwide clinical and public health problem. As a risk factor for cardiovascular and cerebrovascular diseases, the disease has gradually become one of the causes of morbidity and death. As a routine method of screening for kidney disease, ultrasound is very important in improving the rate of early detection and accuracy of chronic kidney disease. This article explores the value of applying 3D ultrasound in conjunction with augmented reality medical technology in chronic kidney disease, observing changes in kidney tumor at different stages with percutaneous 3D ultrasound in patients with chronic kidney disease. Volunteers with chronic kidney disease were selected for this experiment. Among them, 160 males and 140 females were diagnosed as chronic kidney disease by clinical or renal pathological biopsy, and they all met the K/DOQI diagnostic criteria for chronic kidney disease. The selected subjects met the criteria and were divided into 5 groups, each with 60 patients, to explore the correlation of properties such as three-dimensional ultrasound kidney volume in different stages of chronic kidney disease. Experiments have shown that, with the increase in the stages of chronic kidney disease, the elasticity and volume of the renal parenchyma decrease, and the resistance index of the renal artery becomes larger, P < 0.05; the difference is statistically significant, indicating that the elasticity of the renal parenchyma is associated with chronic kidney disease. The stage is negatively correlated, and the resistance index of the renal artery is positively correlated with the stage of chronic kidney disease. That is, as the stage of chronic kidney disease increases, the three-dimensional volume of the kidney shows a decreasing trend and the resistance index of the renal artery shows an increasing trend. Speed shows a declining trend and there is some correlation between the three.",2021,Journal of healthcare engineering,,LIKELY_ADVANCE_CONFIRM,,,,,,,,,
5823,TA-24,33788595,10.1200/GO.20.00510,User Experience With Low-Cost Virtual Reality Cancer Surgery Simulation in an African Setting.,"Limited access to adequate cancer surgery training is one of the driving forces behind global inequities in surgical cancer care. Affordable virtual reality (VR) surgical training could enhance surgical skills in low- and middle-income settings, but most VR and augmented reality systems are too expensive and do not teach open surgical techniques commonly practiced in these contexts. New low-cost VR can offer skill development simulations relevant to these settings, but little is known about how knowledge is gained and applied by surgeons training and working in specific resource-constrained settings. This study addresses this gap, exploring gynecologic oncology trainee learning and user experience using a low-cost VR simulator to learn to perform an open radical abdominal hysterectomy in Lusaka, Zambia. Eleven surgical trainees rotating through the gynecologic oncology service were sequentially recruited from the University Teaching Hospital in Lusaka to participate in a study evaluating a VR radical abdominal hysterectomy training designed to replicate the experience in a Zambian hospital. Six participated in semi-structured interviews following the training. Interviews were analyzed using open and axial coding, informed by grounded theory. Simulator participation increased participants' perception of their surgical knowledge, confidence, and skills. Participants believed their skills transferred to other related surgical procedures. Having clear goals and motivation to improve were described as factors that influenced success. For cancer surgery trainees in lower-resourced settings learning medical and surgical skills, even for those with limited VR experience, low-cost VR simulators may enhance anatomical knowledge and confidence. The VR simulator reinforced anatomical and clinical knowledge acquired through other modalities. VR-enhanced learning may be particularly valuable when mentored learning opportunities are limited.",2021,JCO global oncology,,LIKELY_ADVANCE_CONFIRM,,,,,,,,,
5824,TA-24,33786988,10.1111/tct.13338,A remote access mixed reality teaching ward round.,"Heterogeneous access to clinical learning opportunities and inconsistency in teaching is a common source of dissatisfaction among medical students. This was exacerbated during the COVID-19 pandemic, with limited exposure to patients for clinical teaching. We conducted a proof-of-concept study at a London teaching hospital using mixed reality (MR) technology (HoloLens2™) to deliver a remote access teaching ward round. Students unanimously agreed that use of this technology was enjoyable and provided teaching that was otherwise inaccessible. The majority of participants gave positive feedback on the MR (holographic) content used (n = 8 out of 11) and agreed they could interact with and have their questions answered by the clinician leading the ward round (n = 9). Quantitative and free text feedback from students, patients and faculty members demonstrated that this is a feasible, acceptable and effective method for delivery of clinical education. We have used this technology in a novel way to transform the delivery of medical education and enable consistent access to high-quality teaching. This can now be integrated across the curriculum and will include remote access to specialist clinics and surgery. A library of bespoke MR educational resources will be created for future generations of medical students and doctors to use on an international scale.",2021,The clinical teacher,,LIKELY_ADVANCE_CONFIRM,,,,,,,,,
5825,TA-24,33786854,10.1002/micr.30735,Application of augmented reality (AR) technology to locate the cutaneous perforator of anterolateral thigh perforator flap: A case report.,"Multi-detector row computed tomography (MDCT) makes it possible to visualize the peripheral perforators of the anterolateral thigh (ALT) flap. However, to transfer the preoperative MDCT angiography data to the operative field requires effective techniques. In this report, we describe an application of augmented reality (AR) technology to harvest the anterolateral thigh flap. A 36-year-old female presented with a T2N2 squamous cell carcinoma of the lateral tongue. The patient underwent hemiglossectomy and microsurgical reconstruction using the left ALT flap. Three dimensional (3D) images the vascular image, vascular with muscles and vascular with outline of the thigh ware prepared. Then these images were exposed to an AR device. The location of the perforator was determined using the 3D vascular image on AR. The intraoperative location of the cutaneous perforator corresponded with the predicted location which was confirmed using the AR technique. A 6 × 15 cm left ALT flap was transferred to the defect. Microsurgical anastomosis was performed on the left superior thyroid artery and the internal jugular vein. There were no complications during the postoperative course. At the 6-month follow-up, the patient showed no evidence of flap and donor site complications. Our experience suggests that AR technology may effectively support the transfer of MDCT angiography images onto surgical sites.",2022,Microsurgery,,LIKELY_ADVANCE_CONFIRM,,,,,,,,,
5826,TA-24,33786777,10.1007/s11548-021-02346-9,Real-to-virtual domain transfer-based depth estimation for real-time 3D annotation in transnasal surgery: a study of annotation accuracy and stability.,"Surgical annotation promotes effective communication between medical personnel during surgical procedures. However, existing approaches to 2D annotations are mostly static with respect to a display. In this work, we propose a method to achieve 3D annotations that anchor rigidly and stably to target structures upon camera movement in a transnasal endoscopic surgery setting. This is accomplished through intra-operative endoscope tracking and monocular depth estimation. A virtual endoscopic environment is utilized to train a supervised depth estimation network. An adversarial network transfers the style from the real endoscopic view to a synthetic-like view for input into the depth estimation network, wherein framewise depth can be obtained in real time. (1) Accuracy: Framewise depth was predicted from images captured from within a nasal airway phantom and compared with ground truth, achieving a SSIM value of 0.8310 ± 0.0655. (2) Stability: mean absolute error (MAE) between reference and predicted depth of a target point was 1.1330 ± 0.9957 mm. Both the accuracy and stability evaluations demonstrated the feasibility and practicality of our proposed method for achieving 3D annotations.",2021,International journal of computer assisted radiology and surgery,,PRIORITY_VERIFY,,,,,,,,,
5827,TA-24,33785475,10.1016/j.spinee.2021.03.028,Introduction to The Spine Journal special issue on artificial intelligence and machine learning.,"In the last 5 years, artificial intelligence (AI) algorithms have made rapid advances for diagnosis and prognosis in fields ranging from dermatology to anesthesiology. How do we make sense of the rise of AI in healthcare and specifically in spine? How much of what we see today is ""hype"" and what will remain when the dust settles? In this special issue, several reviews and original articles help us understand the state of AI in healthcare today, the avenues for future progress, and the implications for spine care.  Continued engagement, skepticism, and collaboration with technical experts will allow for the development of AI systems that complement and expand our abilities to diagnose, predict, and operate.",2021,The spine journal : official journal of the North American Spine Society,,PRIORITY_VERIFY,,,,,,,,,
5828,TA-24,33784686,10.1159/000514640,Augmented Reality with HoloLens® in Parotid Tumor Surgery: A Prospective Feasibility Study.,"Augmented reality can improve planning and execution of surgical procedures. Head-mounted devices such as the HoloLens® (Microsoft, Redmond, WA, USA) are particularly suitable to achieve these aims because they are controlled by hand gestures and enable contactless handling in a sterile environment. So far, these systems have not yet found their way into the operating room for surgery of the parotid gland. This study explored the feasibility and accuracy of augmented reality-assisted parotid surgery. 2D MRI holographic images were created, and 3D holograms were reconstructed from MRI DICOM files and made visible via the HoloLens. 2D MRI slices were scrolled through, 3D images were rotated, and 3D structures were shown and hidden only using hand gestures. The 3D model and the patient were aligned manually. The use of augmented reality with the HoloLens in parotic surgery was feasible. Gestures were recognized correctly. Mean accuracy of superimposition of the holographic model and patient's anatomy was 1.3 cm. Highly significant differences were seen in position error of registration between central and peripheral structures (p = 0.0059), with a least deviation of 10.9 mm (centrally) and highest deviation for the peripheral parts (19.6-mm deviation). This pilot study offers a first proof of concept of the clinical feasibility of the HoloLens for parotid tumor surgery. Workflow is not affected, but additional information is provided. The surgical performance could become safer through the navigation-like application of reality-fused 3D holograms, and it improves ergonomics without compromising sterility. Superimposition of the 3D holograms with the surgical field was possible, but further invention is necessary to improve the accuracy.",2021,ORL; journal for oto-rhino-laryngology and its related specialties,,LIKELY_ADVANCE_CONFIRM,,,,,,,,,
5829,TA-24,33780340,10.1109/TVCG.2021.3067784,"Event-Based Near-Eye Gaze Tracking Beyond 10,000 Hz.","The cameras in modern gaze-tracking systems suffer from fundamental bandwidth and power limitations, constraining data acquisition speed to 300 Hz realistically. This obstructs the use of mobile eye trackers to perform, e.g., low latency predictive rendering, or to study quick and subtle eye motions like microsaccades using head-mounted devices in the wild. Here, we propose a hybrid frame-event-based near-eye gaze tracking system offering update rates beyond 10,000 Hz with an accuracy that matches that of high-end desktop-mounted commercial trackers when evaluated in the same conditions. Our system, previewed in Figure 1, builds on emerging event cameras that simultaneously acquire regularly sampled frames and adaptively sampled events. We develop an online 2D pupil fitting method that updates a parametric model every one or few events. Moreover, we propose a polynomial regressor for estimating the point of gaze from the parametric pupil model in real time. Using the first event-based gaze dataset, we demonstrate that our system achieves accuracies of 0.45°-1.75° for fields of view from 45° to 98°. With this technology, we hope to enable a new generation of ultra-low-latency gaze-contingent rendering and display techniques for virtual and augmented reality.",2021,IEEE transactions on visualization and computer graphics,,LIKELY_ADVANCE_CONFIRM,,,,,,,,,
5830,TA-24,33780323,10.1080/21507740.2021.1898489,Is Virtually Everything Possible? The Relevance of Ethics and Human Rights for Introducing Extended Reality in Forensic Psychiatry.,"Extended Reality (XR) systems, such as Virtual Reality (VR) and Augmented Reality (AR), provide a digital simulation either of a complete environment, or of particular objects within the real world. Today, XR is used in a wide variety of settings, including gaming, design, engineering, and the military. In addition, XR has been introduced into psychology, cognitive sciences and biomedicine for both basic research as well as diagnosing or treating neurological and psychiatric disorders. In the context of XR, the simulated 'reality' can be controlled and people may safely learn to cope with their feelings and behavior. XR also enables to simulate environments that cannot easily be accessed or created otherwise. Therefore, Extended Reality systems are thought to be a promising tool in the resocialization of criminal offenders, more specifically for purposes of risk assessment and treatment of forensic patients. Employing XR in forensic settings raises ethical and legal intricacies which are not raised in case of most other healthcare applications. Whereas a variety of normative issues of XR have been discussed in the context of medicine and consumer usage, the debate on XR in forensic settings is, as yet, straggling. By discussing two general arguments in favor of employing XR in criminal justice, and two arguments calling for caution in this regard, the present paper aims to broaden the current ethical and legal debate on XR applications to their use in the resocialization of criminal offenders, mainly focusing on forensic patients.",2022,AJOB neuroscience,,LIKELY_ADVANCE_CONFIRM,,,,,,,,,
5831,TA-24,33778818,10.1007/978-3-030-59719-1_71,Deformation Aware Augmented Reality for Craniotomy using 3D/2D Non-rigid Registration of Cortical Vessels.,"Intra-operative brain shift is a well-known phenomenon that describes non-rigid deformation of brain tissues due to gravity and loss of cerebrospinal fluid among other phenomena. This has a negative influence on surgical outcome that is often based on pre-operative planning where the brain shift is not considered. We present a novel brain-shift aware Augmented Reality method to align pre-operative 3D data onto the deformed brain surface viewed through a surgical microscope. We formulate our non-rigid registration as a Shape-from-Template problem. A pre-operative 3D wire-like deformable model is registered onto a single 2D image of the cortical vessels, which is automatically segmented. This 3D/2D registration drives the underlying brain structures, such as tumors, and compensates for the brain shift in sub-cortical regions. We evaluated our approach on simulated and real data composed of 6 patients. It achieved good quantitative and qualitative results making it suitable for neurosurgical guidance.",2020,Medical image computing and computer-assisted intervention : MICCAI ... International Conference on Medical Image Computing and Computer-Assisted Intervention,,LIKELY_ADVANCE_CONFIRM,,,,,,,,,
5832,TA-24,33770998,10.1364/OE.416961,Improved saturation and wide-viewing angle color filters based on multi-twist retarders.,"Birefringent color filters serve a critical role in next-generation display systems, including augmented-/virtual-/mixed-reality headsets, and many types of optical remote sensing. Most prior polarization interference filters (PIFs) employ many individually aligned plates that enable only relatively thick color filters (≥100s of µm), are usually limited to small clear apertures (few cm), and offer poor off-axis performance. Here, we report on a family of monolithic, thin-film, birefringent PIFs formed using liquid crystal polymer (LCP) network materials, also known as reactive mesogens. These multi-twist retarders (MTRs) are only a few µm thick and have a single alignment surface. They offer high color saturation with a notch-type pass/stopband, analogous to Solc PIFs and stable off-axis performance. Here, we apply simplifying assumptions inspired by Solc PIFs, and develop a design method resulting in MTRs with an alternating achiral/chiral architecture. We theoretically and experimentally presented three types of MTR color filters (blue-yellow, green-magenta, and cyan-red), which manifest strong color filtering behavior and improved angular performance (up to ±20°) with larger color space coverage and high total light efficiency compared to their Solc filters counterparts. Such high-saturated and wide-viewing MTR color filters can be promising elements to maintain the system field of view (FOV) in the next-generation displays or spectral imaging applications.",2021,Optics express,,LIKELY_ADVANCE_CONFIRM,,,,,,,,,
5833,TA-24,33770423,10.1922/EJPRD_2132Ark09,A Comparative study on the Effectiveness of Augmented Reality on Denture Tooth Selection.,"One of the most difficult aspects of providing removable dentures, for both the patient and the dentist, is the tooth selection process. The aim of this study was to assess the effectiveness of augmented reality (AR) on patient experience of the tooth selection process. 3D scanning of upper anterior teeth of various shapes and sizes allowed for the creation of a virtual library that were subsequently used to programme an AR software application, 'ToothPick'. Seventeen participants were recruited to a comparative study at Leeds Dental Institute, over two clinical appointments, to trial the app and complete a 10-question survey to assess the efficacy of AR simulation. The sample size response generated outcome variables for 'perceived usefulness' and 'perceived ease of use' from the perspectives of the patient, dentist and technician. By the second appointment, 86% of participants preferred the app over the conventional methods for selection of denture teeth due to increased ease of use and accuracy that AR simulation had in replicating the wax try-in. The sample population favoured the adoption of AR technology to select denture teeth from the perspective of both the patient and the clinician.",2021,The European journal of prosthodontics and restorative dentistry,,LIKELY_ADVANCE_CONFIRM,,,,,,,,,
5834,TA-24,33770240,10.1007/s00268-021-06082-8,Application of Real-Time Augmented Reality Laparoscopic Navigation in Splenectomy for Massive Splenomegaly.,"To evaluate the clinical impact and technical feasibility of augmented reality laparoscopic navigation (ARLN) system in laparoscopic splenectomy for massive splenomegaly. The clinical data of 17 consecutive patients who underwent laparoscopic splenectomy using ARLN (ARLN group) and 26 patients without ARLN guidance (Non-ARLN group) between January 2018 and April 2020 were enrolled. Propensity score matching (PSM) analysis was performed between the patients with and without ARLN guidance at a ratio of 1:1. Mean intraoperative blood loss was significantly lower in the ARLN-group than in the Non-ARLN group (306.6 ml vs. 462.6 ml, p = 0.047). All the patients in the ARLN-group achieved successful splenic artery dissection, while surgical success was achieved in 12 patients in the Non-ARLN group (p = 0.044). Postoperative hospital stay was significantly longer in the Non-ARLN group (3.8 days vs. 4.5 days, p = 0.040). ARLN can provide feasible and accurate intraoperative image guidance, and it could be helpful in the performance of laparoscopic splenectomy for massive splenomegaly.",2021,World journal of surgery,,LIKELY_ADVANCE_CONFIRM,,,,,,,,,
5835,TA-24,33770219,10.1007/s00221-021-06080-1,Testosterone administration in women increases the size of their peripersonal space.,"Peripersonal space (PPS) is the space immediately surrounding the body, conceptualised as a sensory-motor interface between body and environment. PPS size differs between individuals and contexts, with intrapersonal traits and states, as well as social factors having a determining role on the size of PPS. Testosterone plays an important role in regulating social-motivational behaviour and is known to enhance dominance motivation in an implicit and unconscious manner. We investigated whether the dominance-enhancing effects of testosterone reflect as changes in the representation of PPS in a within-subjects testosterone administration study in women (N = 19). Participants performed a visuo-tactile integration task in a mixed-reality setup. Results indicated that the administration of testosterone caused a significant enlargement of participants' PPS, suggesting that testosterone caused participants to implicitly appropriate a larger space as their own. These findings suggest that the dominance-enhancing effects of testosterone reflect at the level of sensory-motor processing in PPS.",2021,Experimental brain research,,LIKELY_ADVANCE_CONFIRM,,,,,,,,,
5836,TA-24,33769019,10.23736/S2724-6051.21.04131-X,3D imaging technologies in minimally invasive kidney and prostate cancer surgery: which is the urologists' perception?,"Many specific 3D imaging technologies are currently available for the practising urologists. The aim of the study was to assess their perception about different 3D imaging tools in the field of prostate and kidney cancer surgery. All the attendees of the 8th Techno-Urology-Meeting were asked to fill a questionnaire regarding the role of 3D virtual reconstruction PDFs, 3D printing models, augmented-reality (AR) and mixed reality technology in the setting of surgical planning, patient counselling, intraoperative guidance and training for kidney and prostate cancer surgery; Moreover the different materials used for 3D printing were compared to assess the most suitable in reproducing the organ and tumor features, as well as their estimated cost and production time. The population consisted of 180 attendees. Overall, AR was the preferred option for intraoperative guidance and training, in both prostate (55% and 38.3%) and kidney cancer surgery (58.3% and 40%). HoloLens (Microsoft Corp., Redmond, WA, USA) was perceived as the best imaging technology for the surgical planning (50% for prostate and 60% for kidney), whereas printed models for patients counselling (66.7% for prostate and 61.7% for kidney). Fused deposition models were deemed as the best printing technology in representing kidney anatomy and renal tumor location (40%), while silicon (46.7%) and Polyjet (36.7%) models for prostate anatomy and cancer location. Finally, attendees demonstrated poor knowledge of 3D printing costs and production times. Our study shows the perceptions of a heterogeneous surrogate of practicing urologists about the role and potential applications of 3D imaging technologies in daily surgical practice.",2022,Minerva urology and nephrology,,LIKELY_ADVANCE_CONFIRM,,,,,,,,,
5837,TA-24,33766101,10.1186/s13567-021-00921-1,RNAi-mediated silencing of Trichinella spiralis glutaminase results in reduced muscle larval infectivity.,"Trichinella spiralis is an important foodborne parasitic nematode distributed worldwide that infects humans and animals. Glutaminase (GLS) is an important gene in the glutamine-dependent acid resistance (AR) system; however, its role in T. spiralis muscle larvae (ML) remains unclear. The present study aimed to characterize T. spiralis GLS (TsGLS) and assess its function in T. spiralis ML AR both in vitro and in vivo using RNA interference. The results indicated that native TsGLS (72 kDa) was recognized by anti-rTsGLS serum at the muscle larvae stage; moreover, an immunofluorescence assay confirmed that TsGLS was located in the epidermis of ML. After silencing the TsGLS gene, the relative expression of TsGLS mRNA and the survival rate of T. spiralis ML were reduced by 60.11% and 16.55%, respectively, compared to those in the PBS and control groups. In vivo AR assays revealed that the worm numbers at 7 and 35 days post-infection (dpi) decreased by 61.64% and 66.71%, respectively, compared to those in the PBS group. The relative expression of TsGLS mRNA in F1 generation T. spiralis ML was reduced by 42.52%, compared to that in the PBS group. To the best of our knowledge, this is the first study to report the presence of the glutamine-dependent AR system in T. spiralis. Our results indicate that TsGLS plays a crucial role in the T. spiralis AR system; thus, it could be used as a potential candidate target molecule for producing vaccines against T. spiralis infection.",2021,Veterinary research,,PRIORITY_VERIFY,,,,,,,,,
5838,TA-24,33758467,10.1007/s11191-021-00197-z,Augmented Reality Application for Handheld Devices: How to Make It hAPPen at the Pavia University History Museum.,"The Pavia University History Museum, which houses historic items mainly connected to the physics and medicine fields, has focused in the past years on new ways to involve its public and to attract new audiences. Among different approaches, digital technologies have proven important to both external and internal communication. Lately, an Augmented Reality application has been made available to visitors, offering in one tool multimedia material of a historical-scientific nature: stories, 3D animations, images and user-generated video storytelling (developed mainly by University students, one of our least present demographics before the App, and younger students, who typically participate in the annual co-creative project). The App was designed to be as non-intrusive and discreet as possible, to preserve the historic ambiance of the museum, to unite social and educational aspects, to register user behaviour and to make the museum experience more vibrant and active and therefore captivating.",2021,Science & education,,LIKELY_ADVANCE_CONFIRM,,,,,,,,,
5839,TA-24,33751118,10.1093/icvts/ivaa300,A three-dimensional printing navigational template combined with mixed reality technique for localizing pulmonary nodules.,"Localizing non-palpable pulmonary nodules is challenging for thoracic surgeons. Here, we investigated the accuracy of three-dimensional (3D) printing technology combined with mixed reality (MR) for localizing ground glass opacity-dominant pulmonary nodules. In this single-arm study, we prospectively enrolled patients with small pulmonary nodules (<2 cm) that required accurate localization. A 3D-printing physical navigational template was designed based on the reconstruction of computed tomography images, and a 3D model was generated through the MR glasses. We set the deviation distance as the primary end point for efficacy evaluation. Clinicopathological and surgical data were obtained for further analysis. Sixteen patients with 17 non-palpable pulmonary nodules were enrolled in this study. Sixteen nodules were localized successfully (16/17; 94.1%) using this novel approach with a median deviation of 9 mm. The mean time required for localization was 25 ± 5.2 min. For the nodules in the upper/middle and lower lobes, the median deviation was 6 mm (range, 0-12.0) and 16 mm (range, 15.0-20.0), respectively. The deviation difference between the groups was significant (Z = -2.957, P = 0.003). The pathological evaluation of resection margins was negative. The 3D printing navigational template combined with MR can be a feasible approach for localizing pulmonary nodules.",2021,Interactive cardiovascular and thoracic surgery,,LIKELY_ADVANCE_CONFIRM,,,,,,,,,
5840,TA-24,33750711,10.1109/TVCG.2021.3067787,A privacy-preserving approach to streaming eye-tracking data.,"Eye-tracking technology is being increasingly integrated into mixed reality devices. Although critical applications are being enabled, there are significant possibilities for violating user privacy expectations. We show that there is an appreciable risk of unique user identification even under natural viewing conditions in virtual reality. This identification would allow an app to connect a user's personal ID with their work ID without needing their consent, for example. To mitigate such risks we propose a framework that incorporates gatekeeping via the design of the application programming interface and via software-implemented privacy mechanisms. Our results indicate that these mechanisms can reduce the rate of identification from as much as 85% to as low as 30%. The impact of introducing these mechanisms is less than 1.5° error in gaze position for gaze prediction. Gaze data streams can thus be made private while still allowing for gaze prediction, for example, during foveated rendering. Our approach is the first to support privacy-by-design in the flow of eye-tracking data within mixed reality use cases.",2021,IEEE transactions on visualization and computer graphics,,LIKELY_ADVANCE_CONFIRM,,,,,,,,,
5841,TA-24,33750703,10.1109/TVCG.2021.3067771,"DeProCams: Simultaneous Relighting, Compensation and Shape Reconstruction for Projector-Camera Systems.","Image-based relighting, projector compensation and depth/normal reconstruction are three important tasks of projector-camera systems (ProCams) and spatial augmented reality (SAR). Although they share a similar pipeline of finding projector-camera image mappings, in tradition, they are addressed independently, sometimes with different prerequisites, devices and sampling images. In practice, this may be cumbersome for SAR applications to address them one-by-one. In this paper, we propose a novel end-to-end trainable model named DeProCams to explicitly learn the photometric and geometric mappings of ProCams, and once trained, DeProCams can be applied simultaneously to the three tasks. DeProCams explicitly decomposes the projector-camera image mappings into three subprocesses: shading attributes estimation, rough direct light estimation and photorealistic neural rendering. A particular challenge addressed by DeProCams is occlusion, for which we exploit epipolar constraint and propose a novel differentiable projector direct light mask. Thus, it can be learned end-to-end along with the other modules. Afterwards, to improve convergence, we apply photometric and geometric constraints such that the intermediate results are plausible. In our experiments, DeProCams shows clear advantages over previous arts with promising quality and meanwhile being fully differentiable. Moreover, by solving the three tasks in a unified model, DeProCams waives the need for additional optical devices, radiometric calibrations and structured light.",2021,IEEE transactions on visualization and computer graphics,,LIKELY_ADVANCE_CONFIRM,,,,,,,,,
5842,TA-24,33737007,10.1016/j.dld.2021.01.022,Mixed reality technology in the guidance of endoscopic resection for a giant submucosal tumor in the esophagus.,,2022,Digestive and liver disease : official journal of the Italian Society of Gastroenterology and the Italian Association for the Study of the Liver,ABSTRACT_MISSING,LIKELY_ADVANCE_CONFIRM,,,,,,,,,
5843,TA-24,33735561,10.21053/ceo.2021.00297,"Clinical Comparison of a Hearing Aid, a Personal Sound Amplification Product, and a Wearable Augmented Reality Device.",,2021,Clinical and experimental otorhinolaryngology,ABSTRACT_MISSING,LIKELY_ADVANCE_CONFIRM,,,,,,,,,
5844,TA-24,33732195,10.3389/fpsyg.2021.634352,Application of Human Factors in the Development Process of Immersive Visual Technologies: Challenges and Future Improvements.,"This study investigates how Human Factors (HF) is applied when designing and developing Immersive Visual Technologies (IVT), including Augmented Reality, Mixed Reality, and Virtual Reality. We interviewed fourteen people working at different organizations, that develop IVT applications in the Nordic region. We used thematic analysis to derive themes from the interviews. The results showed an insufficient knowledge and application of HF in IVT development, due to the lack of awareness of both scope and significance of HF, resource allocation strategy, market inertia, stakeholder's involvement, standardization of HF application and IVT uses, and technology maturity. This situation could be improved by allocating experts, adjusting organizational strategy to balance resource allocation, training developers and user organizations to raise awareness and to encourage co-creative design and knowledge sharing, create a sense of ownership amongst stakeholders, and ensure the usefulness of the technology to the user's work.",2021,Frontiers in psychology,,LIKELY_ADVANCE_CONFIRM,,,,,,,,,
5845,TA-24,33726247,10.1364/OE.418197,Super achromatic wide-angle quarter-wave plates using multi-twist retarders.,"The achromaticity and wide-angle property of quarter-wave plates (QWPs) are crucial for the color uniformity and image resolution of the future displays such as virtual reality (VR) pancake lens and augmented reality (AR) waveguide/focusing systems. However, most reported achromatic wide-angle QWPs designs composed by stacks of different birefringent plates are too complicated with limited achromaticity and wide-angle performance. The multi-twist retarders (MTR) QWPs presented in previous work already showed its potential to achieve high achromaticity in RGB using one monolithic film in normal incidence, but the incompetent polarization control in blue-violet limits its application in LED-based polarization-sensitive AR/VR headsets. In this work, we theoretically investigate a new type of MTR QWPs achieving super achromaticity from violet to red with average ellipticity 43° and simultaneously maintaining wide-viewing angle up to ±45°, which enables a precise polarization control within the field-of-view (FOV) of current AV/VR headset. The new proposed MTR QWP is also reported to obtain average reflection luminance leakage 0.15~% and maximum leakage 0.23~%, making it a promising element to reduce polarization leakage and enhance image resolution in the next-generation displays.",2021,Optics express,,LIKELY_ADVANCE_CONFIRM,,,,,,,,,
5846,TA-24,33726038,10.1364/OE.418329,Hybrid holographic Maxwellian near-eye display based on spherical wave and plane wave reconstruction for augmented reality display.,"The holographic Maxwellian display is a promising technique for augmented reality (AR) display because it solves the vergence-accommodation conflict while presenting a high-resolution display. However, conventional holographic Maxwellian display has the inherent trade-off between depth of field (DOF) and image quality. In this paper, two types of holographic Maxwellian displays, the spherical wave type and the plane wave type, are proposed and analyzed. The spherical wavefront and the plane wavefront are produced by a spatial light modulator (SLM) for Maxwellian display. Due to the focusing properties of different wavefronts, the two types of display have complementary DOF ranges. A hybrid approach combining the spherical wavefront and plane wavefront is proposed for a large DOF with high image quality. An optical experiment with AR display is demonstrated to verify the proposed method.",2021,Optics express,,LIKELY_ADVANCE_CONFIRM,,,,,,,,,
5847,TA-24,33721620,10.1016/j.apergo.2021.103398,Navigating with Augmented Reality - How does it affect drivers' mental load?,"Drivers have been proven to easily understand Augmented Reality (AR) information. Especially in an ambiguous navigation task, drivers are expected to benefit from AR information. The driving simulator study was aimed at examining differences in mental load while navigating in an urban area with ambiguous intersection situations (N = 59). The navigation information was presented to the driver through a head-up display (HUD): a conventional HUD or an AR display, which relates information to the surroundings. Additionally, the driver had to solve a non-driving-related task (NDRT) which was an auditory cognitive, spatial task. Results showed that while driving with the AR display, participants performed better in the NDRT, which indicates a reduced mental load compared with the HUD. Participants drove on average 3 km/h slower with the HUD, showing compensation behaviour.",2021,Applied ergonomics,,LIKELY_ADVANCE_CONFIRM,,,,,,,,,
5848,TA-24,33717550,10.21037/jtd-20-2197,Developing a virtual reality simulation system for preoperative planning of thoracoscopic thoracic surgery.,"Video-assisted thoracoscopic surgery (VATS) has become a standard approach for the treatment of lung cancer. However, its minimally invasive nature limits the field of view and reduces tactile feedback. These limitations make it vital that surgeons thoroughly familiarize themselves with the patient's anatomy preoperatively. We have developed a virtual reality (VR) surgical navigation system using head-mounted displays (HMD). The aim of this study was to investigate the potential utility of this VR simulation system in both preoperative planning and intraoperative assistance, including support during thoracoscopic sublobar resection. Three-dimensional (3D) polygon data derived from preoperative computed tomography data was loaded into BananaVision software developed at Colorado State University and displayed on an HMD. An interactive 3D reconstruction image was created, in which all the pulmonary structures could be individually imaged. Preoperative resection simulations were performed with patient-individualized reconstructed 3D images. The 3D anatomic structure of pulmonary vessels and a clear vision into the space between the lesion and adjacent tissues were successfully appreciated during preoperative simulation. Surgeons could easily evaluate the real patient's anatomy in preoperative simulations to improve the accuracy and safety of actual surgery. The VR software and HMD allowed surgeons to visualize and interact with real patient data in true 3D providing a unique perspective. This initial experience suggests that a VR simulation with HMD facilitated preoperative simulation. Routine imaging modalities combined with VR systems could substantially improve preoperative planning and contribute to the safety and accuracy of anatomic resection.",2021,Journal of thoracic disease,,PRIORITY_VERIFY,,,,,,,,,
5849,TA-24,33708166,10.3389/fpsyg.2021.640115,Exploring Computational Thinking Skills Training Through Augmented Reality and AIoT Learning.,"Given the widespread acceptance of computational thinking (CT) in educational systems around the world, primary and higher education has begun thinking about how to cultivate students' CT competences. The artificial intelligence of things (AIoT) combines artificial intelligence (AI) and the Internet of things (IoT) and involves integrating sensing technologies at the lowest level with relevant algorithms in order to solve real-world problems. Thus, it has now become a popular technological application for CT training. In this study, a novel AIoT learning with Augmented Reality (AR) technology was proposed and explored the effect of CT skills. The students used AR applications to understand AIoT applications in practice, attempted the placement of different AR sensors in actual scenarios, and further generalized and designed algorithms. Based on the results of the experimental course, we explored the influence of prior knowledge and usage intention on students' CT competence training. The results show that proposed AIoT learning can increase students' learning intention and that they had a positive impact on problem solving and comprehension with AR technology, as well as application planning and design.",2021,Frontiers in psychology,,LIKELY_ADVANCE_CONFIRM,,,,,,,,,
5850,TA-24,33707935,10.1109/SMC42975.2020.9282993,Technology Integration Methods for Bi-directional Brain-computer Interfaces and XR-based Interventions.,"Brain stimulation therapies have been established as effective treatments for Parkinson's disease, essential tremor, and epilepsy, as well as having high diagnostic and therapeutic potential in a wide range of neurological and psychiatric conditions. Novel interventions such as extended reality (XR), video games and exergames that can improve physiological and cognitive functioning are also emerging as targets for therapeutic and rehabilitative treatments. Previous studies have proposed specific applications involving non-invasive brain stimulation (NIBS) and virtual environments, but to date these have been uni-directional and restricted to specific applications or proprietary hardware. Here, we describe technology integration methods that enable invasive and non-invasive brain stimulation devices to interface with a cross-platform game engine and development platform for creating bi-directional brain-computer interfaces (BCI) and XR-based interventions. Furthermore, we present a highly-modifiable software framework and methods for integrating deep brain stimulation (DBS) in 2D, 3D, virtual and mixed reality applications, as well as extensible applications for BCI integration in wireless systems. The source code and integrated brain stimulation applications are available online at https://github.com/oxfordbioelectronics/brain-stim-game.",2020,"Conference proceedings. IEEE International Conference on Systems, Man, and Cybernetics",,LIKELY_ADVANCE_CONFIRM,,,,,,,,,
5851,TA-24,33707282,10.3174/ajnr.A7066,"Teleproctoring for Neurovascular Procedures: Demonstration of Concept Using Optical See-Through Head-Mounted Display, Interactive Mixed Reality, and Virtual Space Sharing-A Critical Need Highlighted by the COVID-19 Pandemic.","Physician training and onsite proctoring are critical for safely introducing new biomedical devices, a process that has been disrupted by the pandemic. A teleproctoring concept using optical see-through head-mounted displays with a proctor's ability to see and, more important, virtually interact in the operator's visual field is presented. Test conditions were created for simulated proctoring using a bifurcation aneurysm flow model for WEB device deployment. The operator in the angiography suite wore a Magic Leap-1 optical see-through head-mounted display to livestream his or her FOV to a proctor's computer in an adjacent building. A Web-based application (Spatial) was used for the proctor to virtually interact in the operator's visual space. Tested elements included the quality of the livestream, communication, and the proctor's ability to interact in the operator's environment using mixed reality. A hotspot and a Wi-Fi-based network were tested. The operator successfully livestreamed the angiography room environment and his FOV of the monitor to the remotely located proctor. The proctor communicated and guided the operator through the procedure over the optical see-through head-mounted displays, a process that was repeated several times. The proctor used mixed reality and virtual space sharing to successfully project images, annotations, and data in the operator's FOV for highlighting any device or procedural aspects. The livestream latency was 0.71 (SD, 0.03) seconds for Wi-Fi and 0.86 (SD, 0.3) seconds for the hotspot (P = .02). The livestream quality was subjectively better over the Wi-Fi. New technologies using head-mounted displays and virtual space sharing could offer solutions applicable to remote proctoring in the neurointerventional space.",2021,AJNR. American journal of neuroradiology,,LIKELY_ADVANCE_CONFIRM,,,,,,,,,
5852,TA-24,33692557,10.1038/s41586-020-03152-0,Towards real-time photorealistic 3D holography with deep neural networks.,"The ability to present three-dimensional (3D) scenes with continuous depth sensation has a profound impact on virtual and augmented reality, human-computer interaction, education and training. Computer-generated holography (CGH) enables high-spatio-angular-resolution 3D projection via numerical simulation of diffraction and interference1. Yet, existing physically based methods fail to produce holograms with both per-pixel focal control and accurate occlusion2,3. The computationally taxing Fresnel diffraction simulation further places an explicit trade-off between image quality and runtime, making dynamic holography impractical4. Here we demonstrate a deep-learning-based CGH pipeline capable of synthesizing a photorealistic colour 3D hologram from a single RGB-depth image in real time. Our convolutional neural network (CNN) is extremely memory efficient (below 620 kilobytes) and runs at 60 hertz for a resolution of 1,920 × 1,080 pixels on a single consumer-grade graphics processing unit. Leveraging low-power on-device artificial intelligence acceleration chips, our CNN also runs interactively on mobile (iPhone 11 Pro at 1.1 hertz) and edge (Google Edge TPU at 2.0 hertz) devices, promising real-time performance in future-generation virtual and augmented-reality mobile headsets. We enable this pipeline by introducing a large-scale CGH dataset (MIT-CGH-4K) with 4,000 pairs of RGB-depth images and corresponding 3D holograms. Our CNN is trained with differentiable wave-based loss functions5 and physically approximates Fresnel diffraction. With an anti-aliasing phase-only encoding method, we experimentally demonstrate speckle-free, natural-looking, high-resolution 3D holograms. Our learning-based approach and the Fresnel hologram dataset will help to unlock the full potential of holography and enable applications in metasurface design6,7, optical and acoustic tweezer-based microscopic manipulation8-10, holographic microscopy11 and single-exposure volumetric 3D printing12,13.",2021,Nature,,LIKELY_ADVANCE_CONFIRM,,,,,,,,,
5853,TA-24,33690502,10.1364/AO.417756,Examining aberrations due to depth of field in holographic pupil replication waveguide systems.,"Pupil expansion using waveguide propagation and pupil replication has been a popular method of developing head-up displays and near-to-eye displays. This paper examines one of the limits of pupil replication, which involves projecting images at a finite distance through a single waveguide by holographic optical elements and seeing the image doubling artifact. A Zemax model and a demonstrator were developed to determine the cause of image doubling. A relationship between the designed outcoupled image distance of a waveguide, pupil size, optical path length, and angle of image doubling is established. In waveguide pupil replication, the internally propagating light should be close to collimated to mitigate image doubling. We also provide a solution to project the image at different distances, which is an important factor for some applications, such as automotive head-up display and the seamless integration of augmented reality information with the natural environment.",2021,Applied optics,,LIKELY_ADVANCE_CONFIRM,,,,,,,,,
5854,TA-24,33690391,10.1364/AO.410895,Design of achromatic augmented reality visors based on composite metasurfaces.,"A compact near-eye visor (NEV) system that can guide light from a display to the eye could transform augmented reality (AR) technology. Unfortunately, existing implementations of such an NEV either suffer from small field of view or chromatic aberrations. See-through quality and bulkiness further make the overall performance of the visors unsuitable for a seamless user experience. Metasurfaces are an emerging class of nanophotonic elements that can dramatically reduce the size of optical elements while enhancing functionality. In this paper, we present a design of composite metasurfaces for an ultracompact NEV. We simulate the performance of a proof-of-principle visor corrected for chromatic aberrations while providing a large display field of view (>77∘ both horizontally and vertically) and good see-through quality [>70% transmission and less than a wavelength root mean-square (RMS) wavefront error over the whole visible wavelength range] as needed for an immersive AR experience.",2021,Applied optics,,LIKELY_ADVANCE_CONFIRM,,,,,,,,,
5855,TA-24,33690382,10.1364/AO.404278,Augmented reality display system using modulated moiré imaging technique.,"To enhance the depth rendering ability of augmented reality (AR) display systems, a modulated moiré imaging technique is used to render the true three-dimensional (3D) images for AR display systems. 3D images with continuous depth information and large depth of field are rendered and superimposed on the real scene. The proposed AR system consists of a modulated moiré imaging subsystem and an optical combiner. The modulated moiré imaging subsystem employs modulated point light sources, a display device, and a microlens array to generate 3D images. A defocussing equal period moiré imaging structure is used, which gives a chance for the point light sources to modulate the depth position of 3D images continuously. The principles of the imaging system are deduced analytically. A custom-designed transparent off-axis spherical reflective lens is used as an optical combiner to project the 3D images into the real world. An experimental AR system that provides continuous 3D images with depth information ranging from 0.5 to 2.5 m is made to verify the feasibility of the proposed technique.",2021,Applied optics,,LIKELY_ADVANCE_CONFIRM,,,,,,,,,
5856,TA-24,33690363,10.1364/AO.404354,Recording of multiplexed volume gratings via a phase mask for augmented reality waveguides.,This paper describes the experiment on multiplexing recording using a phase mask to create augmented reality waveguides. The study is distinguished by the application of photo-thermo-refractive glass as both holographic and substrate materials. The presented approach allows us to obtain the diffraction efficiency above 15% in each of the multiplexed gratings for sevenfold recording. The images output with the manufactured planar waveguide prototype are presented.,2021,Applied optics,,LIKELY_ADVANCE_CONFIRM,,,,,,,,,
5857,TA-24,33684049,10.1109/JBHI.2021.3064308,Automatically Addressing System for Ultrasound-Guided Renal Biopsy Training Based on Augmented Reality.,"Chronic kidney disease has become one of the diseases with the highest morbidity and mortality in kidney diseases, and there are still some problems in surgery. During the operation, the surgeon can only operate on two-dimensional ultrasound images and cannot determine the spatial position relationship between the lesion and the medical puncture needle in real-time. The average number of punctures per patient will reach 3 to 4, Increasing the incidence of complications after a puncture. This article starts with ultrasound-guided renal biopsy navigation training, optimizes puncture path planning, and puncture training assistance. The augmented reality technology, combined with renal puncture surgery training was studied. This paper develops a prototype ultrasound-guided renal biopsy surgery training system, which improves the accuracy and reliability of the system training. The system is compared with the VR training system. The results show that the augmented reality training platform is more suitable as a surgical training platform. Because it takes a short time and has a good training effect.",2021,IEEE journal of biomedical and health informatics,,LIKELY_ADVANCE_CONFIRM,,,,,,,,,
5858,TA-24,33681283,10.3389/fsurg.2021.629963,Virtual Connections: Improving Global Neurosurgery Through Immersive Technologies.,"The field of neurosurgery has always been propelled by the adoption of novel technologies to improve practice. Although advancements have occurred in the diagnosis, treatment, and long-term outcomes of patients, these have not translated to global patient benefit. Up to five million people each year do not have access to safe and affordable neurosurgical interventions, and those in low- and middle-income countries (LMICs) are disproportionately affected. Current approaches to increase neurosurgical capacity are unlikely to meet the UN Sustainable Development Goals target by 2030, and many of the most successful programs have been disrupted by the travel restrictions of the COVID-19 pandemic. There is therefore a pressing need for creative virtual solutions. An area of growing relevance is the use of immersive technologies: virtual reality (VR) and augmented reality (AR). AR allows additional information to be superimposed onto the surgeon's visual field, thus enhancing intra-operative visualization. This can be used for remote tele-proctoring, whereby an experienced surgeon can virtually assist with a procedure regardless of geographical location. Expert guidance can therefore be given to both neurosurgical trainees and non-neurosurgical practitioners, further facilitating the growing practice of neurosurgical task-shifting in LMICs. VR simulation is another useful tool in remote neurosurgical training, with the potential to reduce the learning curve of complex procedures whilst conserving supplies in low-resource settings. The adoption of immersive technologies into practice is therefore a promising approach for achieving global neurosurgical equity, whilst adapting to the long-term disruptions of the pandemic.",2021,Frontiers in surgery,,LIKELY_ADVANCE_CONFIRM,,,,,,,,,
5859,TA-24,33672053,10.3390/s21041370,Combining Augmented Reality and 3D Printing to Improve Surgical Workflows in Orthopedic Oncology: Smartphone Application and Clinical Evaluation.,"During the last decade, orthopedic oncology has experienced the benefits of computerized medical imaging to reduce human dependency, improving accuracy and clinical outcomes. However, traditional surgical navigation systems do not always adapt properly to this kind of interventions. Augmented reality (AR) and three-dimensional (3D) printing are technologies lately introduced in the surgical environment with promising results. Here we present an innovative solution combining 3D printing and AR in orthopedic oncological surgery. A new surgical workflow is proposed, including 3D printed models and a novel AR-based smartphone application (app). This app can display the patient's anatomy and the tumor's location. A 3D-printed reference marker, designed to fit in a unique position of the affected bone tissue, enables automatic registration. The system has been evaluated in terms of visualization accuracy and usability during the whole surgical workflow. Experiments on six realistic phantoms provided a visualization error below 3 mm. The AR system was tested in two clinical cases during surgical planning, patient communication, and surgical intervention. These results and the positive feedback obtained from surgeons and patients suggest that the combination of AR and 3D printing can improve efficacy, accuracy, and patients' experience.",2021,"Sensors (Basel, Switzerland)",,LIKELY_ADVANCE_CONFIRM,,,,,,,,,
5860,TA-24,33669733,10.3390/s21041456,Web AR Solution for UAV Pilot Training and Usability Testing.,"Data and services are available anywhere at any time thanks to the Internet and mobile devices. Nowadays, there are new ways of representing data through trendy technologies such as augmented reality (AR), which extends our perception of reality through the addition of a virtual layer on top of real-time images. The great potential of unmanned aerial vehicles (UAVs) for carrying out routine and professional tasks has encouraged their use in the creation of several services, such as package delivery or industrial maintenance. Unfortunately, drone piloting is difficult to learn and requires specific training. Since regular training is performed with virtual simulations, we decided to propose a multiplatform cloud-hosted solution based in Web AR for drone training and usability testing. This solution defines a configurable trajectory through virtual elements represented over barcode markers placed on a real environment. The main goal is to provide an inclusive and accessible training solution which could be used by anyone who wants to learn how to pilot or test research related to UAV control. For this paper, we reviewed drones, AR, and human-drone interaction (HDI) to propose an architecture and implement a prototype, which was built using a Raspberry Pi 3, a camera, and barcode markers. The validation was conducted using several test scenarios. The results show that a real-time AR experience for drone pilot training and usability testing is achievable through web technologies. Some of the advantages of this approach, compared to traditional methods, are its high availability by using the web and other ubiquitous devices; the minimization of technophobia related to crashes; and the development of cost-effective alternatives to train pilots and make the testing phase easier for drone researchers and developers through trendy technologies.",2021,"Sensors (Basel, Switzerland)",,LIKELY_ADVANCE_CONFIRM,,,,,,,,,
5861,TA-24,33669148,10.3390/s21051622,Accuracy Investigation of the Pose Determination of a VR System.,"The usage of VR gear in mixed reality applications demands a high position and orientation accuracy of all devices to achieve a satisfying user experience. This paper investigates the system behaviour of the VR system HTC Vive Pro at a testing facility that is designed for the calibration of highly accurate positioning instruments like geodetic total stations, tilt sensors, geodetic gyroscopes or industrial laser scanners. Although the experiments show a high reproducibility of the position readings within a few millimetres, the VR system has systematic effects with magnitudes of several centimetres. A tilt of about 0.4∘ of the reference plane with respect to the horizontal plane was detected. Moreover, our results demonstrate that the tracking algorithm faces problems when several lighthouses are used.",2021,"Sensors (Basel, Switzerland)",,LIKELY_ADVANCE_CONFIRM,,,,,,,,,
5862,TA-24,33668557,10.3390/geriatrics6010019,Exploring the Potential of Emerging Technologies to Meet the Care and Support Needs of Older People: A Delphi Survey.,"Some emerging technologies have potential to address older people's care and support needs. However, there is still a gap in the knowledge on the potential uses of these technologies in some care domains. Therefore, a two-round Delphi survey was conducted to establish a consensus of opinion from a group of health and social technology experts (n = 21) on the potential of 10 emerging technologies to meet older people's needs in five care and support domains. Experts were also asked to provide reasons for their choices in free-text spaces. The consensus level was set at 70%. Free-text responses were analyzed using thematic analysis. Voice activated devices was the technology that reached experts consensus in all assessed care domains. Some technologies (e.g., Artificial intelligence (AI) enabled apps and wearables and Internet of things (IoT) enabled homes) also show potential to support basic self-care and access to healthcare needs of older people. However, most of the remaining technologies (e.g., robotics, exoskeletons, virtual and augmented reality (VR/AR)) face a range of technical and acceptability issues that may hinder their adoption by older people in the near future. Findings should encourage the R & D community to address some of the identified challenges to improve the adoption of emerging technologies by older people.",2021,"Geriatrics (Basel, Switzerland)",,LIKELY_ADVANCE_CONFIRM,,,,,,,,,
5863,TA-24,33668520,10.3390/s21041329,Ultrasonic-Based Environmental Perception for Mobile 5G-Oriented XR Applications.,"One of the sectors that is expected to significantly benefit from 5G network deployment is eXtended Reality (XR). Besides the very high bandwidth, reliability, and Quality of Service (QoS) to be delivered to end users, XR also requires accurate environmental perception for safety reasons: this is fundamental when a user, wearing XR equipment, is immersed in a ""virtual"" world, but moves in a ""real"" environment. To overcome this limitation (especially when using low-cost XR equipments, such as cardboards worn by the end user), it is possible to exploit the potentialities offered by Internet of Things (IoT) nodes with sensing/actuating capabilities. In this paper, we rely on ultrasonic sensor-based IoT systems to perceive the surrounding environment and to provide ""side information"" to XR systems, then performing a preliminary experimental characterization campaign with different ultrasonic IoT system configurations worn by the end user. The combination of the information flows associated with XR and IoT components is enabled by 5G technology. An illustrative experimental scenario, relative to a ""Tourism 4.0"" IoT-aided VR application deployed by Vodafone in Milan, Italy, is presented.",2021,"Sensors (Basel, Switzerland)",,LIKELY_ADVANCE_CONFIRM,,,,,,,,,
5864,TA-24,33667177,10.2196/25916,Leveraging Virtual Reality and Augmented Reality to Combat Chronic Pain in Youth: Position Paper From the Interdisciplinary Network on Virtual and Augmented Technologies for Pain Management.,"Virtual reality (VR) and augmented reality (AR) interventions are emerging as promising tools in the treatment of pediatric chronic pain conditions. However, in this young field, there is little consensus to guide the process of engaging in the development and evaluation of targeted VR-based interventions. The INOVATE-Pain (Interdisciplinary Network on Virtual and Augmented Technologies for Pain management) consortium aims to advance the field of VR for pediatric chronic pain rehabilitation by providing guidance for best practices in the design, evaluation, and dissemination of VR-based interventions targeting this population. An interdisciplinary meeting of 16 academics, clinicians, industry partners, and philanthropy partners was held in January 2020. Reviewing the state of the field, the consortium identified important directions for research-driven innovation in VR and AR clinical care, highlighted key opportunities and challenges facing the field, and established a consensus on best methodological practices to adopt in future efforts to advance the research and practice of VR and AR in pediatric pain. The consortium also identified important next steps to undertake to continue to advance the work in this promising new area of digital health pain interventions. To realize the promise of this realm of innovation, key ingredients for success include productive partnerships among industry, academic, and clinical stakeholders; a uniform set of outcome domains and measures for standardized evaluation; and widespread access to the latest opportunities, tools, and resources. The INOVATE-Pain collaborative hopes to promote the creation, rigorous yet efficient evaluation, and dissemination of innovative VR-based interventions to reduce pain and improve quality of life for children.",2021,Journal of medical Internet research,,LIKELY_ADVANCE_CONFIRM,,,,,,,,,
5865,TA-24,33666616,10.1039/d1cp00326g,"Inelastic scattering in isotopologues of O2-Ar: the effects of mass, symmetry, and density of states.","The two species considered here, O2 (oxygen molecule) and Ar (argon-atom), are both abundant components of Earth's atmosphere and hence familiar collision partners in this medium. O2 is quite reactive and extensively involved in atmospheric chemistry, including Chapman's cycle of the formation and destruction of ozone; while Ar, like N2, typically plays the nevertheless crucial role of inert collider. Inert species can provide stabilization to metastable encounter-complexes through the energy transfer associated with inelastic collisions. The interplay of collision frequency and energy transfer efficiency, with state lifetimes and species concentrations, contributes to the rich and varied chemistry and dynamics found in diverse environments ranging from planetary atmospheres to the interstellar and circumstellar media. The nature and density of bound and resonance states, coupled electronic states, symmetry, and nuclear spin-statistics can all play a role. Here, we systematically investigate some of those factors by looking at the O2-Ar system, comparing rigorous quantum-scattering calculations for the 16O16O-40Ar, 18O16O-40Ar, and 18O18O-40Ar isotope combinations. A new accurate potential energy surface was constructed for this purpose holding the O2 bond distance at its vibrationally averaged distance.",2021,Physical chemistry chemical physics : PCCP,,PRIORITY_VERIFY,,,,,,,,,
5866,TA-24,33650975,10.2196/24313,Adaptation of Extended Reality Smart Glasses for Core Nursing Skill Training Among Undergraduate Nursing Students: Usability and Feasibility Study.,"Skill training in nursing education has been highly dependent on self-training because of Korea's high student-faculty ratio. Students tend to have a passive attitude in self-practice, and it is hard to expect effective learning outcomes with traditional checklist-dependent self-practice. Smart glasses have a high potential to assist nursing students with timely information, and a hands-free device does not interrupt performance. This study aimed to develop a smart glass-based nursing skill training program and evaluate its usability and feasibility for the implementation of self-practice. We conducted a usability and feasibility study with 30 undergraduate nursing students during a 2-hour open lab for self-practice of core nursing skills, wearing smart glasses for visualized guidance. The usability test was conducted using a 16-item self-reporting questionnaire and 7 open-ended questions. Learning satisfaction was assessed using a 7-item questionnaire. The number of practice sessions was recorded, and perceived competency in core nursing skills was measured before and after the intervention. At the final evaluation, performance accuracy and time consumed for completion were recorded. Smart glass-assisted self-practice of nursing skills was perceived as helpful, convenient, and interesting. Participants reported improved recollection of sequences of skills, and perceived competency was significantly improved. Several issues were raised by participants regarding smart glasses, including small screen size, touch sensors, fogged lenses with masks, heaviness, and heat after a period of time. Smart glasses have the potential to assist self-practice, providing timely information at students' own paces. Having both hands free from holding a device, participants reported the convenience of learning as they could practice and view the information simultaneously. Further revision correcting reported issues would improve the applicability of smart glasses in other areas of nursing education.",2021,Journal of medical Internet research,,LIKELY_ADVANCE_CONFIRM,,,,,,,,,
5867,TA-24,33644234,10.1155/2021/9717184,Application of Mixed Reality Using Optical See-Through Head-Mounted Displays in Transforaminal Percutaneous Endoscopic Lumbar Discectomy.,"Mixed reality (MixR) technology merges the real and virtual worlds to produce new environments and visualizations; it is being tested for numerous minimally invasive surgical procedures. This study is aimed at evaluating the use of MixR technology using optical see-through head-mounted displays (OST-HMDs) during transforaminal percutaneous endoscopic discectomy (TPED). Forty-four patients treated with MixR-assisted TPED through OST-HMDs were compared with matched patients treated with conventional TPED (n = 43). In the MixR-assisted TPED group, MixR technology was used to navigate the four procedures of marking, needle insertion, foraminoplasty, and positioning of the working sheath. The clinical outcomes were evaluated based on the numerical rating scale (NRS) scores and Oswestry Disability Index (ODI) on preoperative and postoperative day 1 and at the last follow-up examination. The procedural times, radiation exposure, and eye fatigue were also recorded. All patients were followed up for at least 6 months. The NRS scores and ODI were significantly improved in both groups at the last follow-up visit compared with the preoperative values (P < 0.05); these values were not statistically different between the groups. The operation time and radiation exposure during marking, needle insertion, and total procedure significantly decreased in the MixR-assisted TPED group compared to those in the conventional TPED group (P < 0.05). Unfortunately, the incidence of eye fatigue increased owing to the use of OST-HMDs in the MixR-assisted TPED group. This study shows the utility of MixR technology for image guidance in conventional TPED. Radiation exposure is decreased, and this technology serves as a valuable tool during the TPED procedure; however, the assistance of conventional fluoroscopy is still required.",2021,BioMed research international,,LIKELY_ADVANCE_CONFIRM,,,,,,,,,
5868,TA-24,33642652,10.1007/s11116-021-10181-9,"Impacts of Pokémon GO on route and mode choice decisions: exploring the potential for integrating augmented reality, gamification, and social components in mobile apps to influence travel decisions.","This study aims to understand the impacts of Pokémon GO, a popular location-based augmented reality (AR) mobile gaming app, on route and mode choices. Pokémon GO leverages AR to introduce virtual objects at fixed and dynamic locations that translate through the app interface to incentives in the real world that potentially influence users' route and mode choices. Its gaming nature and social components can possibly enhance long-term user engagement through applying the characteristics of game elements and providing opportunities for competition, collaboration, companionship, and social reinforcement. An online survey is conducted to collect the self-reported behavior of a group of Pokémon GO users to explore its impacts on the following aspects of travel behavior: (1) the frequency of changing the route to interact with virtual objects; (2) the likelihood of carpooling more instead of driving alone for more in-app collaboration; and (3) the likelihood of shifting mode from drive alone to public transit, walking, and cycling if provided with additional incentives. The ordered survey responses including frequency and likelihood are analyzed using random parameters ordered probit models to account for the unobserved heterogeneity across users and identify subpopulations of travelers who are more susceptible to the influence of Pokémon GO. The modeling results identify four types of variables (attitude and perceptions related to Pokémon GO, app engagement, play style, and sociodemographic characteristics) that affect users' travel behavior. The results illustrate that such apps with integrated AR, gamification, and social components can be used by policymakers to influence various aspects of travel behavior. The study findings and insights can provide valuable feedback to system operators for designing such apps to dynamically manage traffic in real-time and promote long-term sustainable mode shifts.",2022,Transportation,,LIKELY_ADVANCE_CONFIRM,,,,,,,,,
5869,TA-24,33638103,10.1007/s00464-021-08363-8,Ergonomic effects of medical augmented reality glasses in video-assisted surgery.,"The aim of this study was to objectively compare medical augmented reality glasses (ARG) and conventional monitors in video-assisted surgery and to systematically analyze its ergonomic benefits. Three surgeons (thoracic, laparoscopic, and thyroid surgeons) participated in the study. Six thoracoscopic metastasectomies, six subtotal laparoscopic gastrectomies, and six thyroidectomies were performed with and without ARG. The subjective experience was evaluated using a questionnaire-based NASA-Task Load Index (NASA-TLX). Postures during surgeries were recorded. The risk of musculoskeletal disorders associated with video-assisted surgery was assessed using rapid entire body assessment (REBA). Surface electromyography (EMG) was recorded. Muscle fatigue was objectively measured. NASA-TLX scores of three surgeons were lower when ARG was used compared to those with conventional monitor (66.4 versus 82.7). Less workload during surgery was reported with ARG. The laparoscopic surgeon exhibited a substantial decrease in mental and physical demand [- 21.1 and 12.5%)] and the thyroid surgeon did (- 40.0 and - 66.7%).Total REBA scores decreased with ARG (8 to 3.6). The risk of musculoskeletal disorders was improved in regions of the neck and shoulders. Root mean square (RMS) of the EMG signal decreased from 0.347 ± 0.150 to 0.286 ± 0.130 (p = 0.010) with usage of ARG; a decrease was observed in all surgeons. The greatest RMS decrease was observed in trapezius and sternocleidomastoid muscles. The decrease in brachioradialis muscle was small. ARG assisted with correction of bad posture in surgeons during video-assisted surgery and reduced muscular fatigue of the upper body. This study highlights the superior ergonomic efficiency of ARG in video-assisted surgery.",2022,Surgical endoscopy,,LIKELY_ADVANCE_CONFIRM,,,,,,,,,
5870,TA-24,33637043,10.1186/s12877-021-02061-9,Using augmented reality technology for balance training in the older adults: a feasibility pilot study.,"Impaired balance leading to falls is common in the older adults, and there is strong evidence that balance training reduces falls and increases independence. Reduced resources in health care will result in fewer people getting help with rehabilitation training. In this regard, the new technology augmented reality (AR) could be helpful. With AR, the older adults can receive help with instructions and get feedback on their progression in balance training. The purpose of this pilot study was to examine the feasibility of using AR-based visual-interactive tools in balance training of the older adults. Seven older adults (66-88 years old) with impaired balance trained under supervision of a physiotherapist twice a week for six weeks using AR-based visual-interactive guidance, which was facilitated through a Microsoft HoloLens holographic display. Afterwards, participants and physiotherapists were interviewed about the new technology and their experience of the training. Also, fear of falling and balance ability were measured before and after training. Five participants experienced the new technology as positive in terms of increased motivation and feedback. Experiences were mixed regarding the physical and technical aspects of the HoloLens and the design of the HoloLens application. Participants also described issues that needed to be further improved, for example, the training program was difficult and monotonous. Further, the HoloLens hardware was felt to be heavy, the application's menu was difficult to control with different hand manoeuvres, and the calibration took a long time. Suggestions for improvements were described. Results of the balance tests and self-assessment instruments indicated no improvements in balance performance after AR training. The study showed that training with the new technology is, to some extent, feasible for the older adults, but needs further development. Also, the technology seemed to stimulate increased motivation, which is a prerequisite for adherence to training. However, the new technology and training requires further development and testing in a larger context.",2021,BMC geriatrics,,LIKELY_ADVANCE_CONFIRM,,,,,,,,,
5871,TA-24,33635543,10.1002/jdd.12581,Augmented reality technology as a method of distance learning for local anesthesia training.,,2021,Journal of dental education,ABSTRACT_MISSING,LIKELY_ADVANCE_CONFIRM,,,,,,,,,
5872,TA-24,33634174,10.3389/fcvm.2021.633611,Cinematic Rendering in Mixed-Reality Holograms: A New 3D Preoperative Planning Tool in Pediatric Heart Surgery.,"Cinematic rendering (CR) is based on a new algorithm that creates a photo-realistic three-dimensional (3D) picture from cross-sectional images. Previous studies have shown its positive impact on preoperative planning. To date, CR presentation has only been possible on 2D screens which limited natural 3D perception. To depict CR-hearts spatially, we used mixed-reality technology and mapped corresponding hearts as holograms in 3D space. Our aim was to assess the benefits of CR-holograms in the preoperative planning of cardiac surgery. Including 3D prints allowed a direct comparison of two spatially resolved display methods. Twenty-six patients were recruited between February and September 2019. CT or MRI was used to visualize the patient's heart preoperatively. The surgeon was shown the anatomy in cross-sections on a 2D screen, followed by spatial representations as a 3D print and as a high-resolution hologram. The holographic representation was carried out using mixed-reality glasses (HoloLens®). To create the 3D prints, corresponding structures were segmented to create STL files which were printed out of resin. In 22 questions, divided in 5 categories (3D-imaging effect, representation of pathology, structure resolution, cost/benefit ratio, influence on surgery), the surgeons compared each spatial representation with the 2D method, using a five-level Likert scale. The surgical preparation time was assessed by comparing retrospectively matched patient pairs, using a paired t-test. CR-holograms surpassed 2D-monitor imaging in all categories. CR-holograms were superior to 3D prints in all categories (mean Likert scale 4.4 ± 1.0 vs. 3.7 ± 1.3, P < 0.05). Compared to 3D prints it especially improved the depth perception (4.7 ± 0.7 vs. 3.7 ± 1.2) and the representation of the pathology (4.4 ± 0.9 vs. 3.6 ± 1.2). 3D imaging reduced the intraoperative preparation time (n = 24, 59 ± 23 min vs. 73 ± 43 min, P < 0.05). In conclusion, the combination of an extremely photo-realistic presentation via cinematic rendering and the spatial presentation in 3D space via mixed-reality technology allows a previously unattained level of comprehension of anatomy and pathology in preoperative planning.",2021,Frontiers in cardiovascular medicine,,LIKELY_ADVANCE_CONFIRM,,,,,,,,,
5873,TA-24,33633227,10.1038/s41598-021-84062-7,Experimental pilot study for augmented reality-enhanced elbow arthroscopy.,"The purpose of this study was to develop and evaluate a novel elbow arthroscopy system with superimposed bone and nerve visualization using preoperative computed tomography (CT) and magnetic resonance imaging (MRI) data. We obtained bone and nerve segmentation data by CT and MRI, respectively, of the elbow of a healthy human volunteer and cadaveric Japanese monkey. A life size 3-dimensional (3D) model of human organs and frame was constructed using a stereo-lithographic 3D printer. Elbow arthroscopy was performed using the elbow of a cadaveric Japanese monkey. The augmented reality (AR) range of error during rotation of arthroscopy was examined at 20 mm scope-object distances. We successfully performed AR arthroscopy using the life-size 3D elbow model and the elbow of the cadaveric Japanese monkey by making anteromedial and posterior portals. The target registration error was 1.63 ± 0.49 mm (range 1-2.7 mm) with respect to the rotation angle of the lens cylinder from 40° to - 40°. We attained reasonable accuracy and demonstrated the operation of the designed system. Given the multiple applications of AR-enhanced arthroscopic visualization, it has the potential to be a next-generation technology for arthroscopy. This technique will contribute to the reduction of serious complications associated with elbow arthroscopy.",2021,Scientific reports,,LIKELY_ADVANCE_CONFIRM,,,,,,,,,
5874,TA-24,33628405,10.1155/2021/6671121,Clinical and Imaging Analysis of Cerebral Infarction Caused by Spontaneous Cerebral Artery Dissection Based on Augmented Reality Technology.,"In recent years, with the progress of population ageing, the incidence of a stroke caused by spontaneous dissection of the cerebral artery also increases with time. In order to address the health damage caused by a stroke caused by spontaneous dissection of the cerebral artery and to study its effect on human health, this article analyzes the incidence, type, electrocardiogram, and cardiovascular biomarker changes of cerebral infarction through statistical analysis and then discusses cerebral infarction. The pathogenesis and prevention measures of the disease are expected to provide better means for the treatment of cerebral infarction. Based on the case investigation of patients with cerebral infarction caused by spontaneous cerebral artery dissection, a case template was constructed, and a damage assessment matrix was created using a comprehensive quantitative and qualitative analysis method. Experimental results prove that cerebral infarction caused by spontaneous cerebral artery dissection is a great threat to human health, and the fatality rate of patients is extremely high. Enhanced imaging technology is of great help to clinical and image analysis, with a correlation coefficient of 0.87, compared with the other damage rate of cerebral infarction caused by spontaneous cerebral artery dissection which is about 15% higher than that of cerebral infarction caused by different methods. Studies have found that there are great differences in the age of people with cerebral infarction caused by spontaneous cerebral artery dissection, and the patients are generally over 45 years old. This shows that cerebral infarction caused by spontaneous cerebral artery dissection will cause great damage and affect people's health, which requires people's attention.",2021,Journal of healthcare engineering,,LIKELY_ADVANCE_CONFIRM,,,,,,,,,
5875,TA-24,33623478,10.1007/s10639-021-10446-x,Running an XR lab in the context of COVID-19 pandemic: Lessons learned from a Norwegian university.,"Universities and companies were not prepared to the changes introduced to limit the spread of COVID-19 in Norway. Universities had to switch to online teaching overnight. There is still uncertainty how measures to control the pandemic will keep affecting universities in the short and middle term. Such measures have consequences on how to carry out research that usually relies on students, researcher and volunteers using the equipment and applications. Our group carries out research on virtual/augmented/extended reality (VR/AR/XR) for immersive training and learning. This research often involves user studies. We had established procedures on how to use the equipment, carry out demonstrations and teaching for students, teachers and visitors, develop projects as part of bachelor and master projects and test new applications with volunteers. The measures taken by authorities to control the spread of the pandemic made it difficult or unfeasible to carry out some of those activities. In this paper we describe how our group and XR lab reacted after universities were closed to students' presence in campus in March 2020. We present our actions to keep research ongoing, our evaluation of some of those actions and discuss how we had to change the way we operate our XR lab in order to continue teaching and research in the near future, under the assumption that restrictions due to the pandemic can be re-implemented at short notice. We propose procedures to run an XR lab in a manner that inspires visitors to feel safe and confident of using the equipment. Our contribution is the proposal of procedures to run an educational XR lab safely and contribute towards the conversation about how to carry out research involving users in XR under pandemic restrictions.",2022,Education and information technologies,,LIKELY_ADVANCE_CONFIRM,,,,,,,,,
5876,TA-24,35515734,10.1136/bmjstel-2020-000782,Integrated eye tracking on Magic Leap One during augmented reality medical simulation: a technical report.,"Augmented reality (AR) has been studied as a clinical teaching tool, however eye-tracking capabilities integrated within an AR medical simulator have limited research. The recently developed Chariot Augmented Reality Medical (CHARM) simulator integrates real-time communication into a portable medical simulator. The purpose of this project was to refine the gaze-tracking capabilities of the CHARM simulator on the Magic Leap One (ML1). Adults aged 18 years and older were recruited using convenience sampling. Participants were provided with an ML1 headset that projected a hologram of a patient, bed and monitor. They were instructed via audio recording to gaze at variables in this scenario. The participant gaze targets from the ML1 output were compared with the specified gaze points from the audio recording. A priori investigators planned to iterative modifications of the eye-tracking software until a capture rate of 80% was achieved. Two consecutive participants with a capture rate less than 80% triggered software modifications and the project concluded after three consecutive participants' capture rates were greater than 80%. Thirteen participants were included in the study. Eye-tracking concordance was less than 80% reliable in the first 10 participants. The investigators hypothesised that the eye movement detection threshold was too sensitive, thus the algorithm was adjusted to reduce noise. The project concluded after the final three participants' gaze capture rates were 80%, 80% and 80.1%, respectively. This report suggests that eye-tracking technology can be reliably used with the ML1 enabled with CHARM simulator software.",2021,BMJ simulation & technology enhanced learning,,LIKELY_ADVANCE_CONFIRM,,,,,,,,,
5877,TA-24,33615503,10.1111/jmft.12494,Integration of teaming therapy and mixed-reality simulation as remote learning modality for couple and family therapy graduate training programs.,"In response to COVID-19, a couple and family therapy (CFT) graduate training program integrated a teaming therapy model with virtual technology using mixed-reality simulation software. By utilizing teaming therapy--a model with strong roots in systemic theory and practice-- combined with cutting-edge simulation technology, this distance learning modality provides distinctly relational therapy supervision and training for students at a time when their internships sites are struggling to offer remote clinical services due to the pandemic. This integrative framework offers a high degree of both realism and safety, allowing experiential learning to be appropriately scaffolded for optimum creativity and engagement in an online setting. This paper describes the conceptual, systemic basis for the learning modality, steps for implementation, benefits of the model, and the authors plan for further evaluation.",2021,Journal of marital and family therapy,,LIKELY_ADVANCE_CONFIRM,,,,,,,,,
5878,TA-24,33613388,10.3389/fpsyg.2021.609028,Chinese Pre-service Music Teachers' Perceptions of Augmented Reality-Assisted Musical Instrument Learning.,"Given the rapid growth of music technology, this study reports Chinese pre-service music teachers' perceptions of musical instrument learning assisted by augmented reality (AR). In this study, we conducted a small-scale case study with six pre-service teachers enrolled in a music teacher training programme at a comprehensive university in China. Participants engaged in semi-structured, face-to-face interviews after hands-on experiences with an AR-based piano learning app. Thematic analysis revealed that the participants were generally aware of the potential of this instructional approach but doubted its efficacy and exhibited weak intention to adopt it in their future classrooms. Implications of the findings for music teacher training are discussed.",2021,Frontiers in psychology,,LIKELY_ADVANCE_CONFIRM,,,,,,,,,
5879,TA-24,33611053,10.1016/j.media.2021.101994,"Detection, segmentation, and 3D pose estimation of surgical tools using convolutional neural networks and algebraic geometry.","Surgical tool detection, segmentation, and 3D pose estimation are crucial components in Computer-Assisted Laparoscopy (CAL). The existing frameworks have two main limitations. First, they do not integrate all three components. Integration is critical; for instance, one should not attempt computing pose if detection is negative. Second, they have highly specific requirements, such as the availability of a CAD model. We propose an integrated and generic framework whose sole requirement for the 3D pose is that the tool shaft is cylindrical. Our framework makes the most of deep learning and geometric 3D vision by combining a proposed Convolutional Neural Network (CNN) with algebraic geometry. We show two applications of our framework in CAL: tool-aware rendering in Augmented Reality (AR) and tool-based 3D measurement. We name our CNN as ART-Net (Augmented Reality Tool Network). It has a Single Input Multiple Output (SIMO) architecture with one encoder and multiple decoders to achieve detection, segmentation, and geometric primitive extraction. These primitives are the tool edge-lines, mid-line, and tip. They allow the tool's 3D pose to be estimated by a fast algebraic procedure. The framework only proceeds if a tool is detected. The accuracy of segmentation and geometric primitive extraction is boosted by a new Full resolution feature map Generator (FrG). We extensively evaluate the proposed framework with the EndoVis and new proposed datasets. We compare the segmentation results against several variants of the Fully Convolutional Network (FCN) and U-Net. Several ablation studies are provided for detection, segmentation, and geometric primitive extraction. The proposed datasets are surgery videos of different patients. In detection, ART-Net achieves 100.0% in both average precision and accuracy. In segmentation, it achieves 81.0% in mean Intersection over Union (mIoU) on the robotic EndoVis dataset (articulated tool), where it outperforms both FCN and U-Net, by 4.5pp and 2.9pp, respectively. It achieves 88.2% in mIoU on the remaining datasets (non-articulated tool). In geometric primitive extraction, ART-Net achieves 2.45∘ and 2.23∘ in mean Arc Length (mAL) error for the edge-lines and mid-line, respectively, and 9.3 pixels in mean Euclidean distance error for the tool-tip. Finally, in terms of 3D pose evaluated on animal data, our framework achieves 1.87 mm, 0.70 mm, and 4.80 mm mean absolute errors on the X,Y, and Z coordinates, respectively, and 5.94∘ angular error on the shaft orientation. It achieves 2.59 mm and 1.99 mm in mean and median location error of the tool head evaluated on patient data. The proposed framework outperforms existing ones in detection and segmentation. Compared to separate networks, integrating the tasks in a single network preserves accuracy in detection and segmentation but substantially improves accuracy in geometric primitive extraction. Overall, our framework has similar or better accuracy in 3D pose estimation while largely improving robustness against the very challenging imaging conditions of laparoscopy. The source code of our framework and our annotated dataset will be made publicly available at https://github.com/kamruleee51/ART-Net.",2021,Medical image analysis,,LIKELY_ADVANCE_CONFIRM,,,,,,,,,
5880,TA-24,33602798,10.1542/peds.2020-005009,Augmented Reality-Assisted Video Laryngoscopy and Simulated Neonatal Intubations: A Pilot Study.,"For novice providers, achieving competency in neonatal intubation is becoming increasingly difficult, possibly because of fewer intubation opportunities. In the present study, we compared intubation outcomes on manikins using direct laryngoscopy (DL), indirect video laryngoscopy (IVL) using a modified disposable blade, and augmented reality-assisted video laryngoscopy (ARVL), a novel technique using smart glasses to project a magnified video of the airway into the intubator's visual field. Neonatal intensive care nurses (n = 45) with minimal simulated intubation experience were randomly assigned (n = 15) to the following 3 groups: DL, IVL, and ARVL. All participants completed 5 intubation attempts on a manikin using their assigned modalities and received verbal coaching by a supervisor, who viewed the video while assisting the IVL and ARVL groups. The outcome and time of each attempt were recorded. The DL group successfully intubated on 32% of attempts compared to 72% in the IVL group and 71% in the ARVL group (P < .001). The DL group intubated the esophagus on 27% of attempts, whereas there were no esophageal intubations in either the IVL or ARVL groups (P < .001). The median (interquartile range) time to intubate in the DL group was 35.6 (22.9-58.0) seconds, compared to 21.6 (13.9-31.9) seconds in the IVL group and 20.7 (13.2-36.5) seconds in the ARVL group (P < .001). Simulated intubation success of neonatal intensive care nurses was significantly improved by using either IVL or ARVL compared to DL. Future prospective studies are needed to explore the potential benefits of this technology when used in real patients.",2021,Pediatrics,,LIKELY_ADVANCE_CONFIRM,,,,,,,,,
5881,TA-24,33599454,10.33963/KP.15814,Advanced imaging in interventional cardiology: mixed reality to optimize preprocedural planning and intraprocedural monitoring.,,2021,Kardiologia polska,ABSTRACT_MISSING,LIKELY_ADVANCE_CONFIRM,,,,,,,,,
5882,TA-24,33594609,10.1007/s10916-020-01700-9,Mixed Reality Visualization of Radiation Dose for Health Professionals and Patients in Interventional Radiology.,"For interventional radiology, dose management has persisted as a crucially important issue to reduce radiation exposure to patients and medical staff. This study designed a real-time dose visualization system for interventional radiology designed with mixed reality technology and Monte Carlo simulation. An earlier report described a Monte-Carlo-based estimation system, which simulates a patient's skin dose and air dose distributions, adopted for our system. We also developed a system of acquiring fluoroscopic conditions to input them into the Monte Carlo system. Then we combined the Monte Carlo system with a wearable device for three-dimensional holographic visualization. The estimated doses were transferred sequentially to the device. The patient's dose distribution was then projected on the patient body. The visualization system also has a mechanism to detect one's position in a room to estimate the user's exposure dose to detect and display the exposure level. Qualitative tests were conducted to evaluate the workload and usability of our mixed reality system. An end-to-end system test was performed using a human phantom. The acquisition system accurately recognized conditions that were necessary for real-time dose estimation. The dose hologram represents the patient dose. The user dose was changed correctly, depending on conditions and positions. The perceived overall workload score (33.50) was lower than the scores reported in the literature for medical tasks (50.60) for computer activities (54.00). Mixed reality dose visualization is expected to improve exposure dose management for patients and health professionals by exhibiting the invisible radiation exposure in real space.",2021,Journal of medical systems,,LIKELY_ADVANCE_CONFIRM,,,,,,,,,
5883,TA-24,33587044,10.2196/25322,Virtual Reality or Augmented Reality as a Tool for Studying Bystander Behaviors in Interpersonal Violence: Scoping Review.,"To provide participants with a more real and immersive intervening experience, virtual reality (VR) and/or augmented reality (AR) technologies have been integrated into some bystander intervention training programs and studies measuring bystander behaviors. We focused on whether VR or AR can be used as a tool to enhance training bystanders. We reviewed the evidence from empirical studies that used VR and/or AR as a tool for examining bystander behaviors in the domain of interpersonal violence research. Two librarians searched for articles in databases, including APA PsycInfo (Ovid), Criminal Justice Abstracts (EBSCO), Medline (Ovid), Applied Social Sciences Index & Abstracts (ProQuest), Sociological Abstracts (ProQuest), and Scopus till April 15, 2020. Studies focusing on bystander behaviors in conflict situations were included. All study types (except reviews) written in English in any discipline were included. The search resulted in 12,972 articles from six databases, and the articles were imported into Covidence. Eleven studies met the inclusion and exclusion criteria. All 11 articles examined the use of VR as a tool for studying bystander behaviors. Most of the studies were conducted in US young adults. The types of interpersonal violence were school bullying, dating violence, sexual violence/assault, and soccer-associated violence. VR technology was used as an observational measure and bystander intervention program. We evaluated the different uses of VR for bystander behaviors and noted a lack of empirical evidence for AR as a tool. We also discuss the empirical evidence regarding the design, effectiveness, and limitations of implementing VR as a tool in the reviewed studies. The reviewed results have implications and recommendations for future research in designing and implementing VR/AR technology in the area of interpersonal violence. Future studies in this area may further contribute to the use of VR as an observational measure and explore the potential use of AR to study bystander behaviors.",2021,Journal of medical Internet research,SECONDARY_OR_COMMENTARY_TITLE,LIKELY_ADVANCE_CONFIRM,,,,,,,,,
5884,TA-24,33585664,10.1117/1.JMI.8.1.015001,Hybrid electromagnetic-ArUco tracking of laparoscopic ultrasound transducer in laparoscopic video.,"Purpose: The purpose of this work was to develop a new method of tracking a laparoscopic ultrasound (LUS) transducer in laparoscopic video by combining the hardware [e.g., electromagnetic (EM)] and the computer vision-based (e.g., ArUco) tracking methods. Approach: We developed a special tracking mount for the imaging tip of the LUS transducer. The mount incorporated an EM sensor and an ArUco pattern registered to it. The hybrid method used ArUco tracking for ArUco-success frames (i.e., frames where ArUco succeeds in detecting the pattern) and used corrected EM tracking for the ArUco-failure frames. The corrected EM tracking result was obtained by applying correction matrices to the original EM tracking result. The correction matrices were calculated in previous ArUco-success frames by comparing the ArUco result and the original EM tracking result. Results: We performed phantom and animal studies to evaluate the performance of our hybrid tracking method. The corrected EM tracking results showed significant improvements over the original EM tracking results. In the animal study, 59.2% frames were ArUco-success frames. For the ArUco-failure frames, mean reprojection errors for the original EM tracking method and for the corrected EM tracking method were 30.8 pixel and 10.3 pixel, respectively. Conclusions: The new hybrid method is more reliable than using ArUco tracking alone and more accurate and practical than using EM tracking alone for tracking the LUS transducer in the laparoscope camera image. The proposed method has the potential to significantly improve tracking performance for LUS-based augmented reality applications.",2021,"Journal of medical imaging (Bellingham, Wash.)",,LIKELY_ADVANCE_CONFIRM,,,,,,,,,
5885,TA-24,33585133,10.7759/cureus.12647,Using Immersive Technologies to Develop Medical Education Materials.,"Principles of modern surgical education for clerkship and residency were established by the novel approaches of Sir William Osler, MD, Flexner report, and Halsted's principles. The evaluation of surgical education has continued to benefit from the wisdom of the past by harnessing technologies. Rapidly changing and improving the nature of the surgery fostered that evaluation and enforced the institutions to find new solutions for surgical education. In the present descriptive technical report, our aim was threefold: (1) to share acquired educational materials based on immersive technologies involving 3D-printing, Augmented Reality (AR), and 360-degree video recording to improve ongoing pediatric surgery student training at our faculty, (2) to describe workflow underlying the construction of the materials, and (3) to provide approaches that may help other students and lecturers to develop their educational materials. The educational materials, including 3D-printed models, AR hybrid student book, a hydrogel-based simulation model of the kidney, and Mirror World Simulation, were constructed. The authors, who are medical students, led the construction of the educational materials, so the educational materials were shaped by a collaboration between students and pediatric surgeons. The materials constructed enabled the students to practice surgical procedures and experience different surgical environments. We believe these educational materials can serve as a valuable resource for training in many medical specialties in the future. This work was presented at the American College of Surgeons (ACS) Quality and Safety Conference Virtual, August 21-24, 2020.",2021,Cureus,,LIKELY_ADVANCE_CONFIRM,,,,,,,,,
5886,TA-24,33582926,10.1007/s11596-021-2334-1,Erratum to: Application and Prospect of Mixed Reality Technology in Medical Field.,,2021,Current medical science,ABSTRACT_MISSING,LIKELY_ADVANCE_CONFIRM,,,,,,,,,
5887,TA-24,33582722,,Augmented reality in clinical dental training and education.,"Dentistry is a profession that requires coordinated motor skills in addition to acquired knowledge for ideal execution of any treatment plan for patients. Learning experiences have been modified over a period of time for students as well as for the healthcare providers. Conventional pre-clinical training employed the use of cadavers, but financial, ethical and supervisory constraints have become a major shortcoming. With the adaptation of technology in dentistry, pre-clinical training has now employed simulation. It provides the opportunity for students to develop psychomotor skills for procedures by practising pre-clinical, standardised learning competencies before they engage in patient-management. Simulation involves computer-aided learning, augmented reality and virtual reality, which are largely taking over pre-clinical teaching. Augmented reality is commonly being employed in maxillofacial, restorative, tooth morphology learning and mastering technique for administering local anaesthesia in dentistry. Virtual reality is being employed particularly in pre-treatment implant planning and dental education for students. Use of haptic technology, like robotics, is also gaining popularity, and facilitates a two-way communication between the user and the environment to better simulate the clinical setting for learning purposes.",2021,JPMA. The Journal of the Pakistan Medical Association,,LIKELY_ADVANCE_CONFIRM,,,,,,,,,
5888,TA-24,33581476,10.1016/j.ijmedinf.2021.104404,Effect of augmented reality books in salivary cortisol levels in hospitalized pediatric patients: A randomized cross-over trial.,"This study sought to assess the effect of reading augmented reality (AR) books on salivary cortisol levels in hospitalized pediatric patients compared to reading a standard children's book. This was a randomized, two-period, cross-over trial in hospitalized children aged 7-11 years. AR books currently in the market were used as intervention. Complete block randomization was used to randomize the order of the intervention. Children allocated to the 'AR-first' group received the book, a tablet and were left to interact independently with the technology for an hour. After a 48 -h wash-out period, children received a standard book. 'Standard-book-first' group received only the standard book and after wash-out received the tablet and the AR book. Salivary cortisol and a validated visual analogue scale (VAS) for psychological stress were assessed at the beginning and at the end of each intervention. A total of 29 children were recruited in the study. One was lost during follow up. Cortisol levels decreased after the AR intervention (P = 0.019). Nevertheless, the decrease was not greater than the one associated to reading the standard book. VAS scores increased after the AR intervention (P < 0.001). There is evidence of order and sequence effects that might explain results. First assessment of AR-based interventions on stress. Results justify further research. There was no evidence that reading AR books diminished cortisol levels more than reading a standard book. AR-books improved VAS score for psychological stress compared to a standard book.",2021,International journal of medical informatics,,LIKELY_ADVANCE_CONFIRM,,,,,,,,,
5889,TA-24,33579762,10.1136/bmjopen-2020-039254,Investigating the feasibility and acceptability of the HOLOBalance system compared with standard care in older adults at risk for falls: study protocol for an assessor blinded pilot randomised controlled study.,"Approximately one in three of all older adults fall each year, with wide ranging physical, psychosocial and healthcare-related consequences. Exercise-based interventions are the cornerstone for falls prevention programmes, yet these are not consistently provided, do not routinely address all components of the balance system and are often not well attended. The HOLOBalance system provides an evidence-based balance training programme delivered to patients in their home environment using a novel technological approach including an augmented reality virtual physiotherapist, exergames and a remote monitoring system. The aims of this proof-of-concept study are to (1) determine the safety, acceptability and feasibility of providing HOLOBalance to community dwelling older adults at risk for falls and (2) provide data to support sample size estimates for a future trial. A single (assessor) blinded pilot randomised controlled proof of concept study. 120 participants will be randomised to receive an 8-week home exercise programme consisting of either: (1) HOLOBalance or (2) The OTAGO Home Exercise Programme. Participants will be required to complete their exercise programme independently under the supervision of a physiotherapist. Participants will have weekly telephone contact with their physiotherapist, and will receive home visits at weeks 0, 3 and 6. Outcome measures of safety, acceptability and feasibility, clinical measures of balance function, disability, balance confidence and cognitive function will be assessed before and immediately after the 8 week intervention. Acceptability and feasibility will be explored using descriptive statistics, and trends for effectiveness will be explored using general linear model analysis of variance. This study has received institutional ethical approvals in Germany (reference: 265/19), Greece (reference: 9769/24-6-2019) and the UK (reference: 19/LO/1908). Findings from this study will be submitted for peer-reviewed publications. NCT04053829. V.2, 20 January 2020.",2021,BMJ open,,LIKELY_ADVANCE_CONFIRM,,,,,,,,,
5890,TA-24,33577548,10.1364/OL.417468,Large-angle two-dimensional grating with hybrid mechanisms.,"We demonstrate a large-diffraction-angle two-dimensional (2D) grating based on cholesteric liquid crystal (CLC). One dimension is a polarization volume grating (PVG) working in the Bragg regime, which is produced by a patterned photoalignment layer. The other dimension is a CLC grating working in the Raman-Nath regime, which is introduced by CLC self-assembly under a weak anchoring energy condition. The condition for the coexistence of the CLC Raman-Nath grating (RNG) and PVG is analyzed, and the efficiency and grating period of the CLC RNG are also characterized. Potential application of this 2D grating for enlarging the eyebox of augmented reality displays is discussed.",2021,Optics letters,,LIKELY_ADVANCE_CONFIRM,,,,,,,,,
5891,TA-24,33571060,10.1089/soro.2019.0203,Variable Stiffness Devices Using Fiber Jamming for Application in Soft Robotics and Wearable Haptics.,"Variable stiffness actuation has applications in a wide range of fields, including wearable haptics, soft robots, and minimally invasive surgical devices. There have been numerous design approaches to control and tune stiffness and rigidity; however, most have relatively low specific load-carrying capacities (especially for flexural loads) in the most rigid state that restricts their use in small or slender devices. In this article, we present an approach to the design of slender, high flexural stiffness modules based on the principle of fiber jamming. The proposed fiber jamming modules (FJMs) consist of axially packed fibers in an airtight envelope that transition from a flexible to a rigid beam when a vacuum is created inside the envelope. This FJM can provide the flexural stiffness of up to eight times that of a particle jamming module in the rigid state. Unlike layer jamming modules, the design of FJMs further allows them to control stiffness while bending in space. We present an analytical model to guide the parameter choices for the design of fiber jamming devices. Finally, we demonstrate applications of FJMs, including as a versatile tool, as part of a kinesthetic force feedback haptic glove and as a programmable structure.",2022,Soft robotics,,PRIORITY_VERIFY,,,,,,,,,
5892,TA-24,33568821,10.1038/s41586-021-03259-y,A universal 3D imaging sensor on a silicon photonics platform.,"Accurate three-dimensional (3D) imaging is essential for machines to map and interact with the physical world1,2. Although numerous 3D imaging technologies exist, each addressing niche applications with varying degrees of success, none has achieved the breadth of applicability and impact that digital image sensors have in the two-dimensional imaging world3-10. A large-scale two-dimensional array of coherent detector pixels operating as a light detection and ranging system could serve as a universal 3D imaging platform. Such a system would offer high depth accuracy and immunity to interference from sunlight, as well as the ability to measure the velocity of moving objects directly11. Owing to difficulties in providing electrical and photonic connections to every pixel, previous systems have been restricted to fewer than 20 pixels12-15. Here we demonstrate the operation of a large-scale coherent detector array, consisting of 512 pixels, in a 3D imaging system. Leveraging recent advances in the monolithic integration of photonic and electronic circuits, a dense array of optical heterodyne detectors is combined with an integrated electronic readout architecture, enabling straightforward scaling to arbitrarily large arrays. Two-axis solid-state beam steering eliminates any trade-off between field of view and range. Operating at the quantum noise limit16,17, our system achieves an accuracy of 3.1 millimetres at a distance of 75 metres when using only 4 milliwatts of light, an order of magnitude more accurate than existing solid-state systems at such ranges. Future reductions of pixel size using state-of-the-art components could yield resolutions in excess of 20 megapixels for arrays the size of a consumer camera sensor. This result paves the way for the development and proliferation of low-cost, compact and high-performance 3D imaging cameras that could be used in applications from robotics and autonomous navigation to augmented reality and healthcare.",2021,Nature,,LIKELY_ADVANCE_CONFIRM,,,,,,,,,
5893,TA-24,33565986,10.2196/25499,Virtual and Augmented Reality Applications in Medicine: Analysis of the Scientific Literature.,"Virtual reality (VR) and augmented reality (AR) have recently become popular research themes. However, there are no published bibliometric reports that have analyzed the corresponding scientific literature in relation to the application of these technologies in medicine. We used a bibliometric approach to identify and analyze the scientific literature on VR and AR research in medicine, revealing the popular research topics, key authors, scientific institutions, countries, and journals. We further aimed to capture and describe the themes and medical conditions most commonly investigated by VR and AR research. The Web of Science electronic database was searched to identify relevant papers on VR research in medicine. Basic publication and citation data were acquired using the ""Analyze"" and ""Create Citation Report"" functions of the database. Complete bibliographic data were exported to VOSviewer and Bibliometrix, dedicated bibliometric software packages, for further analyses. Visualization maps were generated to illustrate the recurring keywords and words mentioned in the titles and abstracts. The analysis was based on data from 8399 papers. Major research themes were diagnostic and surgical procedures, as well as rehabilitation. Commonly studied medical conditions were pain, stroke, anxiety, depression, fear, cancer, and neurodegenerative disorders. Overall, contributions to the literature were globally distributed with heaviest contributions from the United States and United Kingdom. Studies from more clinically related research areas such as surgery, psychology, neurosciences, and rehabilitation had higher average numbers of citations than studies from computer sciences and engineering. The conducted bibliometric analysis unequivocally reveals the versatile emerging applications of VR and AR in medicine. With the further maturation of the technology and improved accessibility in countries where VR and AR research is strong, we expect it to have a marked impact on clinical practice and in the life of patients.",2021,Journal of medical Internet research,,LIKELY_ADVANCE_CONFIRM,,,,,,,,,
5894,TA-24,33562843,10.3390/e23020197,Portrait Segmentation Using Ensemble of Heterogeneous Deep-Learning Models.,"Image segmentation plays a central role in a broad range of applications, such as medical image analysis, autonomous vehicles, video surveillance and augmented reality. Portrait segmentation, which is a subset of semantic image segmentation, is widely used as a preprocessing step in multiple applications such as security systems, entertainment applications, video conferences, etc. A substantial amount of deep learning-based portrait segmentation approaches have been developed, since the performance and accuracy of semantic image segmentation have improved significantly due to the recent introduction of deep learning technology. However, these approaches are limited to a single portrait segmentation model. In this paper, we propose a novel approach using an ensemble method by combining multiple heterogeneous deep-learning based portrait segmentation models to improve the segmentation performance. The Two-Models ensemble and Three-Models ensemble, using a simple soft voting method and weighted soft voting method, were experimented. Intersection over Union (IoU) metric, IoU standard deviation and false prediction rate were used to evaluate the performance. Cost efficiency was calculated to analyze the efficiency of segmentation. The experiment results show that the proposed ensemble approach can perform with higher accuracy and lower errors than single deep-learning-based portrait segmentation models. The results also show that the ensemble of deep-learning models typically increases the use of memory and computing power, although it also shows that the ensemble of deep-learning models can perform more efficiently than a single model with higher accuracy using less memory and less computing power.",2021,"Entropy (Basel, Switzerland)",,LIKELY_ADVANCE_CONFIRM,,,,,,,,,
5895,TA-24,33562761,10.3390/s21041123,GEUINF: Real-Time Visualization of Indoor Facilities Using Mixed Reality.,"Mixed reality (MR) enables a novel way to visualize virtual objects on real scenarios considering physical constraints. This technology arises with other significant advances in the field of sensors fusion for human-centric 3D capturing. Recent advances for scanning the user environment, real-time visualization and 3D vision using ubiquitous systems like smartphones allow us to capture 3D data from the real world. In this paper, a disruptive application for assessing the status of indoor infrastructures is proposed. The installation and maintenance of hidden facilities such as water pipes, electrical lines and air conditioning tubes, which are usually occluded behind the wall, supposes tedious and inefficient tasks. Most of these infrastructures are digitized but they cannot be visualized onsite. In this research, we focused on the development of a new application (GEUINF) to be launched on smartphones that are capable of capturing 3D data of the real world by depth sensing. This information is relevant to determine the user position and orientation. Although previous approaches used fixed markers for this purpose, our application enables the estimation of both parameters with a centimeter accuracy without them. This novelty is possible since our method is based on a matching process between reconstructed walls of the real world and 3D planes of the replicated world in a virtual environment. Our markerless approach is based on scanning planar surfaces of the user environment and then, these are geometrically aligned with their corresponding virtual 3D entities. In a preprocessing phase, the 2D CAD geometry available from an architectural project is used to generate 3D models of an indoor building structure. In real time, these virtual elements are tracked with the real ones modeled by using ARCore library. Once the alignment between virtual and real worlds is done, the application enables the visualization, navigation and interaction with the virtual facility networks in real-time. Thus, our method may be used by private companies and public institutions responsible of the indoor facilities management and also may be integrated with other applications focused on indoor navigation.",2021,"Sensors (Basel, Switzerland)",,LIKELY_ADVANCE_CONFIRM,,,,,,,,,
5896,TA-24,33561710,10.1016/j.cmpb.2021.105952,Augmented reality navigation for minimally invasive knee surgery using enhanced arthroscopy.,"During the minimally invasive knee surgery, surgeons insert surgical instruments and arthroscopy through small incisions, and implement treatment assisted by 2D arthroscopic images. However, this 2D arthroscopic navigation faces several problems. Firstly, the guidance information is displayed on a screen away from the surgical area, which makes hand/eye coordination difficult. Secondly, the small incision limits the surgeons to view the internal knee structures only from an arthroscopic camera. In addition, arthroscopic images commonly appear obscure visions. To solve these problems, we proposed a novel in-situ augmented reality navigation system with the enhanced arthroscopic information. Firstly, intraoperative anatomical locations were obtained by using arthroscopic images and arthroscopy calibration. Secondly, tissue properties-based model deformation method was proposed to update the 3D preoperative knee model with anatomical location information. Then, the updated model was further rendered with glasses-free real 3D display for achieving the global in-situ augmented reality view. In addition, virtual arthroscopic images were generated from the updated preoperative model to provide the anatomical information of the operation area. Experimental results demonstrated that virtual arthroscopic images could reflect the correct structure information with a mean error of 0.32 mm. Compared with 2D arthroscopic navigation, the proposed augmented reality navigation reduced the targeting errors by 2.10 mm and 2.70 mm for the experiments of knee phantom and in-vitro swine knee, respectively. Our navigation method is helpful for minimally invasive knee surgery since it can provide the global in-situ information and detail anatomical information.",2021,Computer methods and programs in biomedicine,,LIKELY_ADVANCE_CONFIRM,,,,,,,,,
5897,TA-24,33560011,10.1097/BSD.0000000000001132,Minimally Invasive Transforaminal Lumbar Interbody Fusion Using Augmented Reality Surgical Navigation for Percutaneous Pedicle Screw Placement.,"This was a retrospective observational study. The aim of this study was to evaluate the accuracy of percutaneous pedicle screw placement using augmented reality surgical navigation during minimally invasive transforaminal lumbar interbody fusion (TLIF). Augmented reality-based navigation is a new type of computer-assisted navigation where video cameras are used instead of infrared cameras to track the operated patients and surgical instruments. This technology has not so far been clinically evaluated for percutaneous pedicle screw placement. The study assessed percutaneous pedicle screw placement in 20 consecutive patients who underwent single-level minimally invasive TLIF using augmented reality surgical navigation. Facet joint violation and depression by the inserted pedicle screws were evaluated. Secondary outcome such as radiation dose exposure, fluoroscopy time, and operative time were collected for 3 phases of surgery: preparation phase, pedicle screw placement, and decompression with cage placement. A clinical accuracy for screw placement within the pedicle (Gertzbein 0 or 1) of 94% was achieved. One screw violated the facet joint with a transarticular pathway. The screw head did not depress the facet in 54%. The use of fluoroscopy during navigation correlated with patient body-mass index (r=0.68, P<0.0001). The pedicle screw placement time corresponded to 36±5% of the total operative time of 117±11 minutes. A statistically significant decrease of 10 minutes in operative time was observed between the first and last 10 procedures which corresponded to the pedicle screw placement time decrease (48±9 vs. 38±7 min, P=0.0142). The learning curve model suggests an ultimate operative time decrease to 97 minutes. Augmented reality surgical navigation can be clinically used to place percutaneous screws during minimally invasive TLIF. However, the lack of tracking of the location of the device requires intraoperative fluoroscopy to monitor screw insertion depth especially in obese patients. Level III.",2021,Clinical spine surgery,,LIKELY_ADVANCE_CONFIRM,,,,,,,,,
5898,TA-24,35402981,10.1109/OJEMB.2021.3058036,Semi-Automated Control System for Reaching Movements in EMG Shoulder Disarticulation Prosthesis Based on Mixed Reality Device.,"Goal: The development of a control system for an electromyographic shoulder disarticulation (EMG-SD) prosthesis to rapidly achieve a task with a reduction in the operational failure of the user. Methods: The motion planning of an EMG-SD prosthesis was automated using measured visual information through a mixed reality device. The detection of an object to be grasped and motion execution depended on the EMG of the user, which gives voluntary controllability and makes the system semi-automated. Two evaluation experiments with reaching and reach-to-grasp movements were conducted to compare the performance of the conventional system when operated using only visual feedback control of the user. Results: The proposed system can more rapidly and accurately achieve reaching movements (32% faster) and more accurate (69%) reach-to-grasp movements than a conventional system. Conclusions: The proposed control system achieves a high task performance with a reduction in the operational failure of an EMG-SD prosthesis user.",2021,IEEE open journal of engineering in medicine and biology,,LIKELY_ADVANCE_CONFIRM,,,,,,,,,
5899,TA-24,33556837,10.1016/j.amjoto.2021.102942,The utility of augmented reality in lateral skull base surgery: A preliminary report.,"To discuss the utility of augmented reality in lateral skull base surgery. Those undergoing lateral skull base surgery at our institution. Cerebellopontine angle tumor resection using an augmented reality interface. Ease of use, utility of, and future directions of augmented reality in lateral skull base surgery. Anecdotally we have found an augmented reality interface helpful in simulating cerebellopontine angle tumor resection as well as assisting in planning the incision and craniotomy. Augmented reality has the potential to be a useful adjunct in lateral skull base surgery, but more study is needed with large series.",2021,American journal of otolaryngology,,LIKELY_ADVANCE_CONFIRM,,,,,,,,,
5900,TA-24,33555563,10.1007/s11548-020-02302-z,Mixed reality as a novel tool for diagnostic and surgical navigation in orthopaedics.,"This study presents a novel surgical navigation tool developed in mixed reality environment for orthopaedic surgery. Joint and skeletal deformities affect all age groups and greatly reduce the range of motion of the joints. These deformities are notoriously difficult to diagnose and to correct through surgery. We have developed a surgical tool which integrates surgical instrument tracking and augmented reality through a head mounted display. This allows the surgeon to visualise bones with the illusion of possessing ""X-ray"" vision. The studies presented below aim to assess the accuracy of the surgical navigation tool in tracking a location at the tip of the surgical instrument in holographic space. Results show that the average accuracy provided by the navigation tool is around 8 mm, and qualitative assessment by the orthopaedic surgeons provided positive feedback in terms of the capabilities for diagnostic use. More improvements are necessary for the navigation tool to be accurate enough for surgical applications, however, this new tool has the potential to improve diagnostic accuracy and allow for safer and more precise surgeries, as well as provide for better learning conditions for orthopaedic surgeons in training.",2021,International journal of computer assisted radiology and surgery,,LIKELY_ADVANCE_CONFIRM,,,,,,,,,
5901,TA-24,33548742,10.1016/j.ridd.2021.103885,Virtual reality and naturalistic developmental behavioral interventions for children with autism spectrum disorder.,"Naturalistic Developmental Behavioral Interventions (NDBI) have been evaluated as the most promising interventions for children with autism spectrum disorder. In recent years, a growing body of literature suggests that technological advancements such as Virtual Reality (VR) are promising intervention tools. However, to the best of our knowledge no studies have combined evidence-based practice with such tools. This article aims to review the current literature combining NDBI and VR, and provide suggestions on merging NDBI-approaches with VR. This article is divided into two parts, where we first conduct a review mapping the research applying NDBI-approaches in VR. In the second part we argue how to apply the common features of NDBI into VR-technology. Our findings show that no VR-studies explicitly rely on NDBI-approaches, but some utilize elements in their interventions that are considered to be common features to NDBI. As the results show, to date, no VR-based studies have utilized NDBI in their intervention. We therefore, in the second part of this article, suggests ways to merge VR and NDBI and introduce the term Virtual Naturalistic Developmental Behavioral Interventions (VNDBI). VNDBI is an innovative way of implementing NDBI which will contribute in making interventions more accessible in central as well as remote locations, while reducing unwanted variation between service sites. VNDBI will advance the possibilities of individually tailoring and widen the area of interventions. In addition, VNDBI can provide the field with new knowledge on effective components enhancing the accuracy in the intervention packages and thus move forward the research field and clinical practice.",2021,Research in developmental disabilities,,PRIORITY_VERIFY,,,,,,,,,
5902,TA-24,33548617,10.1016/j.breast.2021.01.004,Breast cancer surgery with augmented reality.,"Innovations in 3D spatial technology and augmented reality imaging driven by digital high-tech industrial science have accelerated experimental advances in breast cancer imaging and the development of medical procedures aimed to reduce invasiveness. A 57-year-old post-menopausal woman presented with screen-detected left-sided breast cancer. After undergoing all staging and pre-operative studies the patient was proposed for conservative breast surgery with tumor localization. During surgery, an experimental digital and non-invasive intra-operative localization method with augmented reality was compared with the standard pre-operative localization with carbon tattooing (institutional protocol). The breast surgeon wearing an augmented reality headset (Hololens) was able to visualize the tumor location projection inside the patient's left breast in the usual supine position. This work describes, to our knowledge, the first experimental test with a digital non-invasive method for intra-operative breast cancer localization using augmented reality to guide breast conservative surgery. In this case, a successful overlap of the previous standard pre-operative marks with carbon tattooing and tumor visualization inside the patient's breast with augmented reality was obtained. Breast cancer conservative guided surgery with augmented reality can pave the way for a digital non-invasive method for intra-operative tumor localization.",2021,"Breast (Edinburgh, Scotland)",,LIKELY_ADVANCE_CONFIRM,,,,,,,,,
5903,TA-24,33547926,10.1007/s00345-021-03603-x,Integration of aquablation through telemetry: an alternative to onsite proctoring?,"To evaluate the feasibility of telementoring for aquablation by comparing the outcomes of onsite versus telemetry proctoring. The telemetry device of choice was Proximie, an innovative digital platform that uses live video stream with an augmented reality technology. Our study retrospectively reviewed outcomes from our IRB approved prospective Aquablation database from March 2018 till October 2019. Procedures were guided by a proctor either onsite or remotely through telemetry. One-way ANOVA or Chi-square was used to compare perioperative parameters and mixed model ANOVA was used to compare functional outcomes. Our data included 59 patients who underwent a proctored-based Aquablation of which 21 were telementor guided and 38 were onsite guided. The initial ten procedures were done with the latter approach. There was no statistical difference in age, comorbidities, prostate size, and baseline serum markers amongst the two groups. In contrast, telementor guidance was associated with increased general anaesthesia use (76.2% vs. 21.1%) and haemostatic cauterization (81.0% versus 47.4%) with a p value < 0.00001 and 0.004 respectively. However, the main procedure outcomes: operative time, time to Foley catheter removal, haemoglobin drop, urinary retention, and adverse events were statistically insignificant (p value > 0.05). Following an initial phase of onsite proctoring, telementoring can be safely used in the adoption phase of a new robotic technology. This approach allowed more flexibility in patient scheduling and reduced travel costs with similar surgical outcomes.",2021,World journal of urology,,LIKELY_ADVANCE_CONFIRM,,,,,,,,,
5904,TA-24,33541376,10.1186/s12984-021-00822-6,Immersive augmented reality system for the training of pattern classification control with a myoelectric prosthesis.,"Hand amputation can have a truly debilitating impact on the life of the affected person. A multifunctional myoelectric prosthesis controlled using pattern classification can be used to restore some of the lost motor abilities. However, learning to control an advanced prosthesis can be a challenging task, but virtual and augmented reality (AR) provide means to create an engaging and motivating training. In this study, we present a novel training framework that integrates virtual elements within a real scene (AR) while allowing the view from the first-person perspective. The framework was evaluated in 13 able-bodied subjects and a limb-deficient person divided into intervention (IG) and control (CG) groups. The IG received training by performing simulated clothespin task and both groups conducted a pre- and posttest with a real prosthesis. When training with the AR, the subjects received visual feedback on the generated grasping force. The main outcome measure was the number of pins that were successfully transferred within 20 min (task duration), while the number of dropped and broken pins were also registered. The participants were asked to score the difficulty of the real task (posttest), fun-factor and motivation, as well as the utility of the feedback. The performance (median/interquartile range) consistently increased during the training sessions (4/3 to 22/4). While the results were similar for the two groups in the pretest, the performance improved in the posttest only in IG. In addition, the subjects in IG transferred significantly more pins (28/10.5 versus 14.5/11), and dropped (1/2.5 versus 3.5/2) and broke (5/3.8 versus 14.5/9) significantly fewer pins in the posttest compared to CG. The participants in IG assigned (mean ± std) significantly lower scores to the difficulty compared to CG (5.2 ± 1.9 versus 7.1 ± 0.9), and they highly rated the fun factor (8.7 ± 1.3) and usefulness of feedback (8.5 ± 1.7). The results demonstrated that the proposed AR system allows for the transfer of skills from the simulated to the real task while providing a positive user experience. The present study demonstrates the effectiveness and flexibility of the proposed AR framework. Importantly, the developed system is open source and available for download and further development.",2021,Journal of neuroengineering and rehabilitation,,LIKELY_ADVANCE_CONFIRM,,,,,,,,,
5905,TA-24,33539369,10.1371/journal.pone.0245976,SLAM-based augmented reality for the assessment of short-term spatial memory. A comparative study of visual versus tactile stimuli.,"The assessment of human spatial short-term memory has mainly been performed using visual stimuli and less frequently using auditory stimuli. This paper presents a framework for the development of SLAM-based Augmented Reality applications for the assessment of spatial memory. An AR mobile application was developed for this type of assessment involving visual and tactile stimuli by using our framework. The task to be carried out with the AR application is divided into two phases: 1) a learning phase, in which participants physically walk around a room and have to remember the location of simple geometrical shapes; and 2) an evaluation phase, in which the participants are asked to recall the location of the shapes. A study for comparing the performance outcomes using visual and tactile stimuli was carried out. Fifty-three participants performed the task using the two conditions (Tactile vs Visual), but with more than two months of difference (within-subject design). The number of shapes placed correctly was similar for both conditions. However, the group that used the tactile stimulus spent significantly more time completing the task and required significantly more attempts. The performance outcomes were independent of gender. Some significant correlations among variables related to the performance outcomes and other tests were found. The following significant correlations among variables related to the performance outcomes using visual stimuli and the participants' subjective variables were also found: 1) the greater the number of correctly placed shapes, the greater the perceived competence; 2) the more attempts required, the less the perceived competence. We also found that perceived enjoyment was higher when a higher sense of presence was induced. Our results suggest that tactile stimuli are valid stimuli to exploit for the assessment of the ability to memorize spatial-tactile associations, but that the ability to memorize spatial-visual associations is dominant. Our results also show that gender does not affect these types of memory tasks.",2021,PloS one,,LIKELY_ADVANCE_CONFIRM,,,,,,,,,
5906,TA-24,33538697,10.2196/18161,A Virtual Reality Exergame to Engage Adolescents in Physical Activity: Mixed Methods Study Describing the Formative Intervention Development Process.,"Early adolescence (13-17 years) is a critical developmental stage for physical activity promotion. Virtual reality (VR) exergaming is a promising intervention strategy to engage adolescents in physical activity. The vEngage project aims to develop a physical activity intervention for adolescents using VR exergaming. Here, we describe the formative intervention development work and process of academic-industry collaboration. The formative development was guided by the Medical Research Council framework and included recruiting an adolescent user group to provide iterative feedback, a literature review, a quantitative survey of adolescents, qualitative interviews with adolescents and parents, inductive thematic analysis of public reviews of VR exergames, a quantitative survey and qualitative interviews with users of the augmented reality running app Zombies, Run!, and building and testing a prototype with our adolescent user group. VR exergaming was appealing to adolescents and acceptable to parents. We identified behavior change techniques that users would engage with and features that should be incorporated into a VR exergame, including realistic body movements, accurate graphics, stepped levels of gameplay difficulty, new challenges, in-game rewards, multiplayer options, and the potential to link with real-world aspects such as physical activity trackers. We also identified some potential barriers to use, such as cost, perceived discomfort of VR headsets, and motion sickness concerns. A prototype game was developed and user-tested with generally positive feedback. This is the first attempt to develop a VR exergame designed to engage adolescents in physical activity that has been developed within a public health intervention development framework. Our formative work suggests that this is a very promising avenue. The benefit of the design process was the collaborative parallel work between academics and game designers and the involvement of the target population in the game (intervention) design from the outset. Developing the game within an intervention framework allowed us to consider factors, such as parental support, that would be important for future implementation. This study also serves as a call to action for potential collaborators who may wish to join this endeavor for future phases and an example of how academic-industry collaboration can be successful and beneficial.",2021,Journal of medical Internet research,,LIKELY_ADVANCE_CONFIRM,,,,,,,,,
5907,TA-24,33536215,10.1126/sciadv.abe2943,Self-powered electro-tactile system for virtual tactile experiences.,"Tactile sensation plays important roles in virtual reality and augmented reality systems. Here, a self-powered, painless, and highly sensitive electro-tactile (ET) system for achieving virtual tactile experiences is proposed on the basis of triboelectric nanogenerator (TENG) and ET interface formed of ball-shaped electrode array. Electrostatic discharge triggered by TENG can induce notable ET stimulation, while controlled distance between the ET electrodes and human skin can regulate the induced discharge current. The ion bombardment technique has been used to enhance the electrification capability of triboelectric polymer. Accordingly, TENG with a contact area of 4 cm2 is capable of triggering discharge, leading to a compact system. In this skin-integrated ET interface, touching position and motion trace on the TENG surface can be precisely reproduced on skin. This TENG-based ET system can work for many fields, including virtual tactile displays, Braille instruction, intelligent protective suits, or even nerve stimulation.",2021,Science advances,,LIKELY_ADVANCE_CONFIRM,,,,,,,,,
5908,TA-24,33532167,10.1186/s13677-020-00211-9,Flexible computation offloading in a fuzzy-based mobile edge orchestrator for IoT applications.,"In the Internet of Things (IoT) era, the capacity-limited Internet and uncontrollable service delays for various new applications, such as video streaming analysis and augmented reality, are challenges. Cloud computing systems, also known as a solution that offloads energy-consuming computation of IoT applications to a cloud server, cannot meet the delay-sensitive and context-aware service requirements. To address this issue, an edge computing system provides timely and context-aware services by bringing the computations and storage closer to the user. The dynamic flow of requests that can be efficiently processed is a significant challenge for edge and cloud computing systems. To improve the performance of IoT systems, the mobile edge orchestrator (MEO), which is an application placement controller, was designed by integrating end mobile devices with edge and cloud computing systems. In this paper, we propose a flexible computation offloading method in a fuzzy-based MEO for IoT applications in order to improve the efficiency in computational resource management. Considering the network, computation resources, and task requirements, a fuzzy-based MEO allows edge workload orchestration actions to decide whether to offload a mobile user to local edge, neighboring edge, or cloud servers. Additionally, increasing packet sizes will affect the failed-task ratio when the number of mobile devices increases. To reduce failed tasks because of transmission collisions and to improve service times for time-critical tasks, we define a new input crisp value, and a new output decision for a fuzzy-based MEO. Using the EdgeCloudSim simulator, we evaluate our proposal with four benchmark algorithms in augmented reality, healthcare, compute-intensive, and infotainment applications. Simulation results show that our proposal provides better results in terms of WLAN delay, service times, the number of failed tasks, and VM utilization.",2020,"Journal of cloud computing (Heidelberg, Germany)",,LIKELY_ADVANCE_CONFIRM,,,,,,,,,
5909,TA-24,33530101,10.1093/ons/opab033,"Corrigendum to: ""Clinical Accuracy, Technical Precision, and Workflow of the First in Human Use of an Augmented-Reality Head Mound Display Stereotactic Navigation System for Spine Surgery"" by Camilo A Molina, MD, Daniel M Sciubba, MD, Jacob K Greenberg, MD, MSCI, Majid Khan, MD, Timothy Witham, MD. Operative Neurosurgery, opaa398, https://doi.org/10.1093/ons/opaa398.",,2021,"Operative neurosurgery (Hagerstown, Md.)",ABSTRACT_MISSING,PRIORITY_VERIFY,,,,,,,,,
5910,TA-24,35782175,10.1109/JIOT.2021.3055804,Trustworthy and Intelligent COVID-19 Diagnostic IoMT Through XR and Deep-Learning-Based Clinic Data Access.,"This article presents a novel extended reality (XR) and deep-learning-based Internet-of-Medical-Things (IoMT) solution for the COVID-19 telemedicine diagnostic, which systematically combines virtual reality/augmented reality (AR) remote surgical plan/rehearse hardware, customized 5G cloud computing and deep learning algorithms to provide real-time COVID-19 treatment scheme clues. Compared to existing perception therapy techniques, our new technique can significantly improve performance and security. The system collected 25 clinic data from the 347 positive and 2270 negative COVID-19 patients in the Red Zone by 5G transmission. After that, a novel auxiliary classifier generative adversarial network-based intelligent prediction algorithm is conducted to train the new COVID-19 prediction model. Furthermore, The Copycat network is employed for the model stealing and attack for the IoMT to improve the security performance. To simplify the user interface and achieve an excellent user experience, we combined the Red Zone's guiding images with the Green Zone's view through the AR navigate clue by using 5G. The XR surgical plan/rehearse framework is designed, including all COVID-19 surgical requisite details that were developed with a real-time response guaranteed. The accuracy, recall, F1-score, and area under the ROC curve (AUC) area of our new IoMT were 0.92, 0.98, 0.95, and 0.98, respectively, which outperforms the existing perception techniques with significantly higher accuracy performance. The model stealing also has excellent performance, with the AUC area of 0.90 in Copycat slightly lower than the original model. This study suggests a new framework in the COVID-19 diagnostic integration and opens the new research about the integration of XR and deep learning for IoMT implementation.",2021,IEEE internet of things journal,,LIKELY_ADVANCE_CONFIRM,,,,,,,,,
5911,TA-24,33515122,10.1007/s00701-021-04707-4,Holographic patient tracking after bed movement for augmented reality neuronavigation using a head-mounted display.,"Holographic neuronavigation has several potential advantages compared to conventional neuronavigation systems. We present the first report of a holographic neuronavigation system with patient-to-image registration and patient tracking with a reference array using an augmented reality head-mounted display (AR-HMD). Three patients undergoing an intracranial neurosurgical procedure were included in this pilot study. The relevant anatomy was first segmented in 3D and then uploaded as holographic scene in our custom neuronavigation software. Registration was performed using point-based matching using anatomical landmarks. We measured the fiducial registration error (FRE) as the outcome measure for registration accuracy. A custom-made reference array with QR codes was integrated in the neurosurgical setup and used for patient tracking after bed movement. Six registrations were performed with a mean FRE of 8.5 mm. Patient tracking was achieved with no visual difference between the registration before and after movement. This first report shows a proof of principle of intraoperative patient tracking using a standalone holographic neuronavigation system. The navigation accuracy should be further optimized to be clinically applicable. However, it is likely that this technology will be incorporated in future neurosurgical workflows because the system improves spatial anatomical understanding for the surgeon.",2021,Acta neurochirurgica,,LIKELY_ADVANCE_CONFIRM,,,,,,,,,
5912,TA-24,33515059,10.1007/s00381-021-05049-3,First experience with augmented reality neuronavigation in endoscopic assisted midline skull base pathologies in children.,"Endoscopic skull base approaches are broadly used in modern neurosurgery. The support of neuronavigation can help to effectively target the lesion avoiding complications. In children, endoscopic-assisted skull base surgery in combination with navigation systems becomes even more important because of the morphological variability and rare diseases affecting the sellar and parasellar regions. This paper aims to analyze our first experience on augmented reality navigation in endoscopic skull base surgery in a pediatric case series. A retrospective review identified seventeen endoscopic-assisted endonasal or transoral procedures performed in an interdisciplinary setting in a period between October 2011 and May 2020. In all the cases, the surgical target was a lesion in the sellar or parasellar region. Clinical conditions, MRI appearance, intraoperative conditions, postoperative MRI, possible complications, and outcomes were analyzed. The mean age of our patients was 14.5 ± 2.4 years. The diagnosis varied, but craniopharyngiomas (31.2%) were mostly represented. AR navigation was experienced to be very helpful for effectively targeting the lesion and defining the intraoperative extension of the pathology. In 65% of the oncologic cases, a radical removal was proven in postoperative MRI. The mean follow-up was 89 ± 79 months. There were no deaths in our series. No long-term complications were registered; two cerebrospinal fluid (CSF) fistulas and a secondary abscess required further surgery. The implementation of augmented reality to endoscopic-assisted neuronavigated procedures within the skull base was feasible and did provide relevant information directly in the endoscopic field of view and was experienced to be useful in the pediatric cases, where anatomical variability and rarity of the pathologies make surgery more challenging.",2021,Child's nervous system : ChNS : official journal of the International Society for Pediatric Neurosurgery,,LIKELY_ADVANCE_CONFIRM,,,,,,,,,
5913,TA-24,33514762,10.1038/s41598-021-81284-7,Head motion classification using thread-based sensor and machine learning algorithm.,"Human machine interfaces that can track head motion will result in advances in physical rehabilitation, improved augmented reality/virtual reality systems, and aid in the study of human behavior. This paper presents a head position monitoring and classification system using thin flexible strain sensing threads placed on the neck of an individual. A wireless circuit module consisting of impedance readout circuitry and a Bluetooth module records and transmits strain information to a computer. A data processing algorithm for motion recognition provides near real-time quantification of head position. Incoming data is filtered, normalized and divided into data segments. A set of features is extracted from each data segment and employed as input to nine classifiers including Support Vector Machine, Naive Bayes and KNN for position prediction. A testing accuracy of around 92% was achieved for a set of nine head orientations. Results indicate that this human machine interface platform is accurate, flexible, easy to use, and cost effective.",2021,Scientific reports,,LIKELY_ADVANCE_CONFIRM,,,,,,,,,
5914,TA-24,33507435,10.1007/s10151-021-02413-y,First robotic CME in Europe with augmented reality tools.,,2021,Techniques in coloproctology,ABSTRACT_MISSING,LIKELY_ADVANCE_CONFIRM,,,,,,,,,
5915,TA-24,33502787,10.1002/ca.23724,A new option for education during surgical procedures and related clinical anatomy in a virtual reality workspace.,"The COVID-19 pandemic and mandatory social distancing has brought challenges to anatomy educators who generally need in-person classes. The purpose of this study is to share the experience of a distant online lecture on a surgical procedure and related anatomy in a three-dimensional (3D) virtual reality (VR) workspace and to compare it with reported teaching methods, that is, an in-person class and a Zoom online class. The lecture was delivered by three authors of this article in a VR workspace that enables people to meet through VR. The lectures were about combinations of dental surgical procedures and related clinical anatomy. Physically, the attendees could have been located anywhere in the world, so lecturers joined from the United States and the attendees were all from Japan. VR environment and its flexibility enabled attendees to join the lecture actively, helping them to gain understanding of the surgical procedure and anatomy more efficiently. The use of VR technology with a live communication tool demonstrated in this study has several advantages over previous education methods, although there are still technical issues or disadvantages that need to be addressed. Development of the technology and app/software is required so that more data can be processed at higher speed. Use of VR technology with a live communication tool could be an alternative teaching method. Its overall advantages are a closer look at the slides/monitor and concurrent observation of the multiple assets in various directions by multiple attendees. These advantages cannot be achieved by any other teaching method without VR assets with the workspace provided by Spatial. Even during the mandatory social distancing due to the COVID-19 pandemic, this could enable us to foster 3D understanding of surgery and related anatomy. Further study is now needed to evaluate the effectiveness of this newly proposed teaching method by comparing it with traditional in-person and online classes with a live communication tool.",2021,"Clinical anatomy (New York, N.Y.)",,PRIORITY_VERIFY,,,,,,,,,
5916,TA-24,33501331,10.3389/frobt.2020.572001,Optical See-Through Head-Mounted Displays With Short Focal Distance: Conditions for Mitigating Parallax-Related Registration Error.,"Optical see-through (OST) augmented reality head-mounted displays are quickly emerging as a key asset in several application fields but their ability to profitably assist high precision activities in the peripersonal space is still sub-optimal due to the calibration procedure required to properly model the user's viewpoint through the see-through display. In this work, we demonstrate the beneficial impact, on the parallax-related AR misregistration, of the use of optical see-through displays whose optical engines collimate the computer-generated image at a depth close to the fixation point of the user in the peripersonal space. To estimate the projection parameters of the OST display for a generic viewpoint position, our strategy relies on a dedicated parameterization of the virtual rendering camera based on a calibration routine that exploits photogrammetry techniques. We model the registration error due to the viewpoint shift and we validate it on an OST display with short focal distance. The results of the tests demonstrate that with our strategy the parallax-related registration error is submillimetric provided that the scene under observation stays within a suitable view volume that falls in a ±10 cm depth range around the focal plane of the display. This finding will pave the way to the development of new multi-focal models of OST HMDs specifically conceived to aid high-precision manual tasks in the peripersonal space.",2020,Frontiers in robotics and AI,,LIKELY_ADVANCE_CONFIRM,,,,,,,,,
5917,TA-24,33501305,10.3389/frobt.2020.529040,Proposal and Evaluation of Visual Haptics for Manipulation of Remote Machine System.,"Remote machine systems have drawn a lot of attention owing to accelerations of virtual reality (VR), augmented reality (AR), and the fifth generation (5G) networks. Despite recent trends of developing autonomous systems, the realization of sophisticated dexterous hand that can fully replace human hands is considered to be decades away. It is also extremely difficult to reproduce the sensilla of complex human hands. On the other hand, it is known that humans can perceive haptic information from visual information even without any physical feedback as cross modal sensation between visual and haptics sensations or pseudo haptics. In this paper, we propose a visual haptic technology, where haptic information is visualized in more perceptual images overlaid at the contact points of a remote machine hand. The usability of the proposed visual haptics was evaluated by subject's brain waves aiming to find out a new approach for quantifying ""sense of oneness."" In our proof-of-concept experiments using VR, subjects are asked to operate a virtual arm and hand presented in the VR space, and the performance of the operation with and without visual haptics information as measured with brain wave sensing. Consequently, three results were verified. Firstly, the information flow in the brain were significantly reduced with the proposed visual haptics for the whole α, β, and θ-waves by 45% across nine subjects. This result suggests that superimposing visual effects may be able to reduce the cognitive burden on the operator during the manipulation for the remote machine system. Secondly, high correlation (Pearson correlation factor of 0.795 at a p-value of 0.011) was verified between the subjective usability points and the brainwave measurement results. Finally, the number of the task successes across sessions were improved in the presence of overlaid visual stimulus. It implies that the visual haptics image could also facilitate operators' pre-training to get skillful at manipulating the remote machine interface more quickly.",2020,Frontiers in robotics and AI,,LIKELY_ADVANCE_CONFIRM,,,,,,,,,
5918,TA-24,33501239,10.3389/frobt.2020.00072,Augmented Reality Guided Needle Biopsy of Soft Tissue: A Pilot Study.,"Percutaneous biopsies are popular for extracting suspicious tissue formations (primarily for cancer diagnosis purposes) due to the: relatively low cost, minimal invasiveness, quick procedure times, and low risk for the patient. Despite the advantages provided by percutaneous biopsies, poor needle and tumor visualization is a problem that can result in the clinicians classifying the tumor as benign when it was malignant (false negative). The system developed by the authors aims to address the concern of poor needle and tumor visualization through two virtualization setups. This system is designed to track and visualize the needle and tumor in three-dimensional space using an electromagnetic tracking system. User trials were conducted in which the 10 participants, who were not medically trained, performed a total of 6 tests, each guiding the biopsy needle to the desired location. The users guided the biopsy needle to the desired point on an artificial spherical tumor (diameters of 30, 20, and 10 mm) using the 3D augmented reality (AR) overlay for three trials and a projection on a second monitor (TV) for the other three trials. From the randomized trials, it was found that the participants were able to guide the needle tip 6.5 ± 3.3 mm away from the desired position with an angle deviation of 1.96 ± 1.10° in the AR trials, compared to values of 4.5 ± 2.3 mm and 2.70 ± 1.67° in the TV trials. The results indicate that for simple stationary surgical procedures, an AR display is non-inferior a TV display.",2020,Frontiers in robotics and AI,,LIKELY_ADVANCE_CONFIRM,,,,,,,,,
5919,TA-24,33501237,10.3389/frobt.2020.00070,Trustable Environmental Monitoring by Means of Sensors Networks on Swarming Autonomous Marine Vessels and Distributed Ledger Technology.,"The article describes a highly trustable environmental monitoring system employing a small scalable swarm of small-sized marine vessels equipped with compact sensors and intended for the monitoring of water resources and infrastructures. The technological foundation of the process which guarantees that any third party can not alter the samples taken by the robot swarm is based on the Robonomics platform. This platform provides encrypted decentralized technologies based on distributed ledger tools, and market mechanisms for organizing the work of heterogeneous multi-vendor cyber-physical systems when automated economical transactions are needed. A small swarm of robots follows the autonomous ship, which is in charge of maintaining the secure transactions. The swarm implements a version of Reynolds' Boids model based on the Belief Space Planning approach. The main contributions of our work consist of: (1) the deployment of a secure sample certification and logging platform based on the blockchain with a small-sized swarm of autonomous vessels performing maneuvers to measure chemical parameters of water in automatic mode; (2) the coordination of a leader-follower framework for the small platoon of robots by means of a Reynolds' Boids model based on a Belief Space Planning approach. In addition, the article describes the process of measuring the chemical parameters of water by using sensors located on the vessels. Both technology testing on experimental vessel and environmental measurements are detailed. The results have been obtained through real world experiments of an autonomous vessel, which was integrated as the ""leader"" into a mixed reality simulation of a swarm of simulated smaller vessels.The design of the experimental vessel physically deployed in the Volga river to demonstrate the practical viability of the proposed methods is shortly described.",2020,Frontiers in robotics and AI,,LIKELY_ADVANCE_CONFIRM,,,,,,,,,
5920,TA-24,33501217,10.3389/frobt.2020.00049,Investigating the Hand Ownership Illusion With Two Views Merged in.,"Researchers investigating virtual/augmented reality have shown humans' marked adaptability, especially regarding our sense of body ownership; their cumulative findings have expanded the concept of what it means to have a body. Herein, we report the hand ownership illusion during ""two views merged in."" In our experiment, participants were presented two first-person perspective views of their arm overlapped, one was the live feed from a camera and the other was a playback video of the same situation, slightly shifted toward one side. The relative visibility of these two views and synchrony of tactile stimulation were manipulated. Participants' level of embodiment was evaluated using a questionnaire and proprioceptive drift. The results show that the likelihood of embodying the virtual hand is affected by the relative visibility of the two views and synchrony of the tactile events. We observed especially strong hand ownership of the virtual hand in the context of high virtual hand visibility with synchronous tactile stimulation.",2020,Frontiers in robotics and AI,,LIKELY_ADVANCE_CONFIRM,,,,,,,,,
5921,TA-24,33497490,10.1111/ejn.15131,The AudioMaze: An EEG and motion capture study of human spatial navigation in sparse augmented reality.,"Spatial navigation is one of the fundamental cognitive functions central to survival in most animals. Studies in humans investigating the neural foundations of spatial navigation traditionally use stationary, desk-top protocols revealing the hippocampus, parahippocampal place area (PPA), and retrosplenial complex to be involved in navigation. However, brain dynamics, while freely navigating the real world remain poorly understood. To address this issue, we developed a novel paradigm, the AudioMaze, in which participants freely explore a room-sized virtual maze, while EEG is recorded synchronized to motion capture. Participants (n = 16) were blindfolded and explored different mazes, each in three successive trials, using their right hand as a probe to ""feel"" for virtual maze walls. When their hand ""neared"" a virtual wall, they received directional noise feedback. Evidence for spatial learning include shortening of time spent and an increase of movement velocity as the same maze was repeatedly explored. Theta-band EEG power in or near the right lingual gyrus, the posterior portion of the PPA, decreased across trials, potentially reflecting the spatial learning. Effective connectivity analysis revealed directed information flow from the lingual gyrus to the midcingulate cortex, which may indicate an updating process that integrates spatial information with future action. To conclude, we found behavioral evidence of navigational learning in a sparse-AR environment, and a neural correlate of navigational learning was found near the lingual gyrus.",2021,The European journal of neuroscience,,LIKELY_ADVANCE_CONFIRM,,,,,,,,,
5922,TA-24,33495693,10.1007/s42519-020-00152-1,Estimation of Tail Probabilities by Repeated Augmented Reality.,"Synthetic data, when properly used, can enhance patterns in real data and thus provide insights into different problems. Here, the estimation of tail probabilities of rare events from a moderately large number of observations is considered. The problem is approached by a large number of augmentations or fusions of the real data with computer-generated synthetic samples. The tail probability of interest is approximated by subsequences created by a novel iterative process. The estimates are found to be quite precise.",2021,Journal of statistical theory and practice,,LIKELY_ADVANCE_CONFIRM,,,,,,,,,
5923,TA-24,33491935,,Latest advances in augmented reality technology and its integration into the digital workflow.,"Smile reconstruction is achieved using rigorous and detailed methodologies that are technically demanding and both time and cost intensive. These methodologies do not include the patient during the primary conception phase. New digital technologies using augmented reality (AR) offer the option of immediate diagnosis and pre-visualization of the potential outcome before the start of treatment. A 22-year-old patient with a congenitally missing maxillary right canine, peg-shaped maxillary lateral incisors, and multiple visible diastemas required an esthetic rehabilitation. An AR virtual mock-up using specialized software was used to preview and modify the restoration proposal in real time. Using the novel 'CAD-link' workflow, the final AR proposal could be imported into CAD software and transformed into a digital wax-up with the new virtual wax copy function. After a minimally invasive preparation, the final veneer reconstructions were precisely planned according to the previously developed design proposal and bonded according to the well-known adhesive protocol. The workflow described in this article links AR with CAD/CAM technology and is expected to be time and cost efficient. This patient-centered approach involves the patient from the very beginning and is therefore an excellent communication tool between the patient and the restorative team.",2020,International journal of computerized dentistry,,LIKELY_ADVANCE_CONFIRM,,,,,,,,,
5924,TA-24,33481778,10.1371/journal.pone.0242581,Seeing our 3D world while only viewing contour-drawings.,"Artists can represent a 3D object by using only contours in a 2D drawing. Prior studies have shown that people can use such drawings to perceive 3D shapes reliably, but it is not clear how useful this kind of contour information actually is in a real dynamical scene in which people interact with objects. To address this issue, we developed an Augmented Reality (AR) device that can show a participant a contour-drawing or a grayscale-image of a real dynamical scene in an immersive manner. We compared the performance of people in a variety of run-of-the-mill tasks with both contour-drawings and grayscale-images under natural viewing conditions in three behavioral experiments. The results of these experiments showed that the people could perform almost equally well with both types of images. This contour information may be sufficient to provide the basis for our visual system to obtain much of the 3D information needed for successful visuomotor interactions in our everyday life.",2021,PloS one,,LIKELY_ADVANCE_CONFIRM,,,,,,,,,
5925,TA-24,33481123,10.1245/s10434-020-09428-z,Resection of Retro-Hepatic Vena Cava (RHVC) En-bloc with Caudate Lobe without Vascular Exclusion for a Low Grade Leiomyosarcoma of Inferior Vena Cava.,"Leiomyosarcomas (LMS) of the inferior vena cava (IVC) originate in the retrohepatic (RHVC) portion in 15% of cases.1 Due to complex anatomy and need to preserve venous outflow from the infra-diaphragmatic viscera, the operation may require total vascular exclusion, veno-venous bypass and hypothermic liver resections.2,3 In this video, virtual planning of the operation allowed a parenchyma-sparing radical resection in a patient with limited liver reserve. A 12-cm LMS of RHVC invading the entire segment 1 (i.e., Spiegel's lobe, paracaval portion, and caudate process) was diagnosed in a man with metabolic steato-hepatitis (BMI: 34). He had no response to previous chemotherapy. Major hepatectomy was excluded considering the high risk of postoperative liver failure. 3D-reconstruction of regional anatomy allowed planning of a parenchymal-sparing, en bloc resection of tumor, RHVC, and caudate lobe while avoiding hilar and suprahepatic venous clamping. The operation strategy relied on the en bloc separation of caudate lobe, RHVC, and tumor from the hepatic veins confluence and the posterior segments after complete mobilization of the liver. Vessel loop-assisted hanging maneuver, encircling tumor, and RHVC with superimposed 3D-reconstructions guided the parenchymal transection, while preserving the middle hepatic vein outflow. RHVC was replaced with prosthetic material. Complex resection of primary tumor of the IVC en bloc with caudate lobe and RHVC can be attempted in chronic liver diseases at-risk of postoperative failure. Preservations of transhepatic flow and liver function depends on tumor size and preservation of noninvaded hepatic-veins confluence. Preoperative virtual 3D reconstruction is crucial in surgical planning.",2021,Annals of surgical oncology,,PRIORITY_VERIFY,,,,,,,,,
5926,TA-24,33469701,10.1007/s00266-020-02110-5,A Novel Three-Dimensional Interactive Virtual Face to Facilitate Facial Anatomy Teaching Using Microsoft HoloLens.,"In-depth understanding of facial anatomy is the foundation of clinical education and practices. Lately, anatomy education has undergone many changes due to the adoption of integrated medical curriculums. The time allocated to anatomy teaching on occasion been shortened to allow more time for clinical education. Innovation in visual technology such as virtual reality (VR), augmented reality (AR) and mixed reality (MR) has added a new dimension to anatomy education. The authors present a mixed reality virtual face model to facilitate complex anatomy teaching using Microsoft HoloLens in various educational settings. Close-range photogrammetry technique was utilised to construct a virtual face using a dissected fresh-frozen cephalus. Scanning was undertaken using DSLR cameras, capable of capturing ten frames per second, in ten different angles on the dissected side and four for the undissected side. The images of the entire cephalous were also separately captured in twenty different angles. These images were processed using software to reconstruct the three-dimensional virtual face. The virtual face using a mixed reality platform was able to demonstrate individual layers of the face and relevant clinically significant structures clearly with interactive labelling. Face and the content validity by 12 experts (plastic surgeons and dermatologists) demonstrated strong inter-rater reliability expressed as interclass correlation coefficient. An immersive experience by using Microsoft HoloLens provides an accurate 3D perception of the face to enhance anatomy learning. This can be utilised in undergraduate, postgraduate and continued medical education as an additional teaching tool in the constraints of cadaveric dissection. This journal requires that authors assign a level of evidence to each article. For a full description of these Evidence-Based Medicine ratings, please refer to Table of Contents or the online Instructions to Authors www.springer.com/00266 .",2021,Aesthetic plastic surgery,,LIKELY_ADVANCE_CONFIRM,,,,,,,,,
5927,TA-24,33466605,10.3390/brainsci11010102,Influence of Increasing Task Complexity and Use of Informational Assistance Systems on Mental Workload.,"(1) Background: Cognitive aspects and complexity in modern manual mixed model assembly are increasing. To reduce mental workload (MWL), informational assistance systems are introduced. The influence of complexity and used assistance system on MWL should be investigated to further improve the implementation of such assistance systems. (2) Methods: Using a simulated close to real-life assembly task a 2 × 3 design was chosen, with two levels of assembly complexity (within subjects) and three different assistance systems (paper, Augmented Reality (AR)-glasses, tablet-between subjects). MWL was measured using either physiological response (electrocardiogram (ECG) and eye-tracking) or performance indicators. (3) Results: An influence of task complexity on MWL can be shown. Additionally, usability based differences between the used assistance systems become more evident with reference to the results of area of interest analysis. (4) Conclusions: Using a multi-modal measurement approach, it is possible to detect complexity-based differences in MWL. Additional research on validity and alignment is needed to further use these for (neuro-) ergonomic considerations and recommendations.",2021,Brain sciences,,LIKELY_ADVANCE_CONFIRM,,,,,,,,,
5928,TA-24,33466398,10.3390/s21010307,A Hybrid Approach to Industrial Augmented Reality Using Deep Learning-Based Facility Segmentation and Depth Prediction.,"Typical AR methods have generic problems such as visual mismatching, incorrect occlusions, and limited augmentation due to the inability to estimate depth from AR images and attaching the AR markers onto physical objects, which prevents the industrial worker from conducting manufacturing tasks effectively. This paper proposes a hybrid approach to industrial AR for complementing existing AR methods using deep learning-based facility segmentation and depth prediction without AR markers and a depth camera. First, the outlines of physical objects are extracted by applying a deep learning-based instance segmentation method to the RGB image acquired from the AR camera. Simultaneously, a depth prediction method is applied to the AR image to estimate the depth map as a 3D point cloud for the detected object. Based on the segmented 3D point cloud data, 3D spatial relationships among the physical objects are calculated, which can assist in solving the visual mismatch and occlusion problems properly. In addition, it can deal with a dynamically operating or a moving facility, such as a robot-the conventional AR cannot do so. For these reasons, the proposed approach can be utilized as a hybrid or complementing function to existing AR methods, since it can be activated whenever the industrial worker requires handing of visual mismatches or occlusions. Quantitative and qualitative analyses verify the advantage of the proposed approach compared with existing AR methods. Some case studies also prove that the proposed method can be applied not only to manufacturing but also to other fields. These studies confirm the scalability, effectiveness, and originality of this proposed approach.",2021,"Sensors (Basel, Switzerland)",,LIKELY_ADVANCE_CONFIRM,,,,,,,,,
5929,TA-24,33466293,10.3390/s21010300,SynPo-Net-Accurate and Fast CNN-Based 6DoF Object Pose Estimation Using Synthetic Training.,"Estimation and tracking of 6DoF poses of objects in images is a challenging problem of great importance for robotic interaction and augmented reality. Recent approaches applying deep neural networks for pose estimation have shown encouraging results. However, most of them rely on training with real images of objects with severe limitations concerning ground truth pose acquisition, full coverage of possible poses, and training dataset scaling and generalization capability. This paper presents a novel approach using a Convolutional Neural Network (CNN) trained exclusively on single-channel Synthetic images of objects to regress 6DoF object Poses directly (SynPo-Net). The proposed SynPo-Net is a network architecture specifically designed for pose regression and a proposed domain adaptation scheme transforming real and synthetic images into an intermediate domain that is better fit for establishing correspondences. The extensive evaluation shows that our approach significantly outperforms the state-of-the-art using synthetic training in terms of both accuracy and speed. Our system can be used to estimate the 6DoF pose from a single frame, or be integrated into a tracking system to provide the initial pose.",2021,"Sensors (Basel, Switzerland)",,LIKELY_ADVANCE_CONFIRM,,,,,,,,,
5930,TA-24,33465814,10.1002/ase.2055,Development of a Virtual Three-Dimensional Assessment Scenario for Anatomical Education.,"In anatomical education three-dimensional (3D) visualization technology allows for active and stereoscopic exploration of anatomy and can easily be adopted into medical curricula along with traditional 3D teaching methods. However, most often knowledge is still assessed with two-dimensional (2D) paper-and-pencil tests. To address the growing misalignment between learning and assessment, this viewpoint commentary highlights the development of a virtual 3D assessment scenario and perspectives from students and teachers on the use of this assessment tool: a 10-minute session of anatomical knowledge assessment with real-time interaction between assessor and examinee, both wearing a HoloLens and sharing the same stereoscopic 3D augmented reality model. Additionally, recommendations for future directions, including implementation, validation, logistic challenges, and cost-effectiveness, are provided. Continued collaboration between developers, researchers, teachers, and students is critical to advancing these processes.",2021,Anatomical sciences education,,LIKELY_ADVANCE_CONFIRM,,,,,,,,,
5931,TA-24,33461957,10.2196/23612,Hybrid Ubiquitous Coaching With a Novel Combination of Mobile and Holographic Conversational Agents Targeting Adherence to Home Exercises: Four Design and Evaluation Studies.,"Effective treatments for various conditions such as obesity, cardiac heart diseases, or low back pain require not only personal on-site coaching sessions by health care experts but also a significant amount of home exercises. However, nonadherence to home exercises is still a serious problem as it leads to increased costs due to prolonged treatments. To improve adherence to home exercises, we propose, implement, and assess the novel coaching concept of hybrid ubiquitous coaching (HUC). In HUC, health care experts are complemented by a conversational agent (CA) that delivers psychoeducation and personalized motivational messages via a smartphone, as well as real-time exercise support, monitoring, and feedback in a hands-free augmented reality environment. We applied HUC to the field of physiotherapy and conducted 4 design-and-evaluate loops with an interdisciplinary team to assess how HUC is perceived by patients and physiotherapists and whether HUC leads to treatment adherence. A first version of HUC was evaluated by 35 physiotherapy patients in a lab setting to identify patients' perceptions of HUC. In addition, 11 physiotherapists were interviewed about HUC and assessed whether the CA could help them build up a working alliance with their patients. A second version was then tested by 15 patients in a within-subject experiment to identify the ability of HUC to address adherence and to build a working alliance between the patient and the CA. Finally, a 4-week n-of-1 trial was conducted with 1 patient to show one experience with HUC in depth and thereby potentially reveal real-world benefits and challenges. Patients perceived HUC to be useful, easy to use, and enjoyable, preferred it to state-of-the-art approaches, and expressed their intentions to use it. Moreover, patients built a working alliance with the CA. Physiotherapists saw a relative advantage of HUC compared to current approaches but initially did not see the potential in terms of a working alliance, which changed after seeing the results of HUC in the field. Qualitative feedback from patients indicated that they enjoyed doing the exercise with an augmented reality-based CA and understood better how to do the exercise correctly with HUC. Moreover, physiotherapists highlighted that HUC would be helpful to use in the therapy process. The longitudinal field study resulted in an adherence rate of 92% (11/12 sessions; 330/360 repetitions; 33/36 sets) and a substantial increase in exercise accuracy during the 4 weeks. The overall positive assessments from both patients and health care experts suggest that HUC is a promising tool to be applied in various disorders with a relevant set of home exercises. Future research, however, must implement a variety of exercises and test HUC with patients suffering from different disorders.",2021,Journal of medical Internet research,,LIKELY_ADVANCE_CONFIRM,,,,,,,,,
5932,TA-24,37981912,10.1109/TII.2021.3052788,Intelligent Intraoperative Haptic-AR Navigation for COVID-19 Lung Biopsy Using Deep Hybrid Model.,"A novel intelligent navigation technique for accurate image-guided COVID-19 lung biopsy is addressed, which systematically combines augmented reality (AR), customized haptic-enabled surgical tools, and deep neural network to achieve customized surgical navigation. Clinic data from 341 COVID-19 positive patients, with 1598 negative control group, have collected for the model synergy and evaluation. Biomechanics force data from the experiment are applied a WPD-CNN-LSTM (WCL) to learn a new patient-specific COVID-19 surgical model, and the ResNet was employed for the intraoperative force classification. To boost the user immersion and promote the user experience, intro-operational guiding images have combined with the haptic-AR navigational view. Furthermore, a 3-D user interface (3DUI), including all requisite surgical details, was developed with a real-time response guaranteed. Twenty-four thoracic surgeons were invited to the objective and subjective experiments for performance evaluation. The root-mean-square error results of our proposed WCL model is 0.0128, and the classification accuracy is 97%, which demonstrated that the innovative AR with deep learning (DL) intelligent model outperforms the existing perception navigation techniques with significantly higher performance. This article shows a novel framework in the interventional surgical integration for COVID-19 and opens the new research about the integration of AR, haptic rendering, and deep learning for surgical navigation.",2021,IEEE transactions on industrial informatics,,LIKELY_ADVANCE_CONFIRM,,,,,,,,,
5933,TA-24,33454603,10.1016/j.media.2020.101946,Evaluation of a novel navigation platform for laparoscopic liver surgery with organ deformation compensation using injected fiducials.,"In laparoscopic liver resection, surgeons conventionally rely on anatomical landmarks detected through a laparoscope, preoperative volumetric images and laparoscopic ultrasound to compensate for the challenges of minimally invasive access. Image guidance using optical tracking and registration procedures is a promising tool, although often undermined by its inaccuracy. This study evaluates a novel surgical navigation solution that can compensate for liver deformations using an accurate and effective registration method. The proposed solution relies on a robotic C-arm to perform registration to preoperative CT/MRI image data and allows for intraoperative updates during resection using fluoroscopic images. Navigation is offered both as a 3D liver model with real-time instrument visualization, as well as an augmented reality overlay on the laparoscope camera view. Testing was conducted through a pre-clinical trial which included four porcine models. Accuracy of the navigation system was measured through two evaluation methods: liver surface fiducials reprojection and a comparison between planned and navigated resection margins. Target Registration Error with the fiducials evaluation shows that the accuracy in the vicinity of the lesion was 3.78±1.89 mm. Resection margin evaluations resulted in an overall median accuracy of 4.44 mm with a maximum error of 9.75 mm over the four subjects. The presented solution is accurate enough to be potentially clinically beneficial for surgical guidance in laparoscopic liver surgery.",2021,Medical image analysis,,LIKELY_ADVANCE_CONFIRM,,,,,,,,,
5934,TA-24,33435557,10.3390/s21020417,A Kinect-Based Interactive System for Home-Assisted Active Aging.,"Virtually every country in the world is facing an unprecedented challenge: society is aging. Assistive technologies are expected to play a key role in promoting healthy lifestyles in the elderly. This paper presents a Kinect-based interactive system for home-assisted healthy aging, which guides, supervises, and corrects older users when they perform scheduled physical exercises. Interactions take place in gamified environments with augmented reality. Many graphical user interface elements and workflows have been designed considering the sensory, physical and technological shortcomings of the elderly, adapting accordingly the interaction methods, graphics, exercises, tolerance margins, physical goals, and scoring criteria. Experiments involved 57 participants aged between 65 and 80 who performed the same physical routine six times during 15 days. After each session, participants completed a usability survey. Results provided significant evidence that support (1) the effectiveness of the system in assisting older users of different age ranges, (2) the accuracy of the system in measuring progress in physical achievement of the elderly, and (3) a progressive acceptance of the system as it was used. As a main conclusion, the experiments verified that despite their poor technological skills, older people can adapt positively to the use of an interactive assistance tool for active aging if they experience clear benefits.",2021,"Sensors (Basel, Switzerland)",,LIKELY_ADVANCE_CONFIRM,,,,,,,,,
5935,TA-24,33434746,10.1016/j.jormas.2021.01.005,Feasibility of the application of mixed reality in mandible reconstruction with fibula flap: A cadaveric specimen study.,"In recent years, a new technology, mixed reality (MR), has emerged and surpassed the limitations of augmented reality (AR) with its inability to interact with hologram. This study aimed to investigate the feasibility of the application of MR in mandible reconstruction with fibula flap. Computed tomography (CT) examination was performed for one cadaveric mandible and ten fibula bones. Using professional software Proplan CMF 3.0 (Materialize, Leuven, Belgium), we created a defected mandibular model and simulated the reconstruction design with these 10 fibula bones. The surgical plans were transferred to the HoloLens. We used HoloLens to guide the osteotomy and shaping of the fibular bone. After fixing the fibular segments using the Ti template, all segments underwent a CT examination. Before and after objects were compared for measurements of the location of fibular osteotomies, angular deviation of fibular segments, and intergonial angle distances. The mean location of the fibular osteotomies, angular deviation of the fibular segments, and intergonial angle distances were 2.11 ± 1.31 mm, 2.85°± 1.97°, and 7.24 ± 3.42 mm, respectively. The experimental results revealed that slight deviations remained in the accuracy of fibular osteotomy. With the further development of technology, it has the potential to improve the efficiency and precision of the reconstructive surgery.",2021,"Journal of stomatology, oral and maxillofacial surgery",,LIKELY_ADVANCE_CONFIRM,,,,,,,,,
5936,TA-24,33431644,10.1891/0739-6686.39.225,Virtual and Augmented Realities in Nursing Education: State of the Science.,"The use of simulation in nursing education is an integrated part of the curriculum and has demonstrated the benefit for learning in nursing students at all levels. The next stage in simulation-based learning will utilize the wide variety of new technologies that are currently available, including virtual and augmented reality. The use of these new technologies brings with it a need for standard definitions, evaluation of its impact on learning, and new opportunities for research. Efforts are underway to standardized definitions and publish early findings on research using these new technologies. There are many opportunities available for nursing educators to create a new era of simulation-based learning methodologies by incorporating virtual and augmented realities in their curriculum. The state of the science is showing promising outcomes and commercial products are maturing.The utilization of these new technologies should be approached in the same way as other learning methodologies as many new ideas and ways of learning are emerging in this area. It will be critical for nursing educators and faculty to determine the optimal ways to utilize them.",2020,Annual review of nursing research,,LIKELY_ADVANCE_CONFIRM,,,,,,,,,
5937,TA-24,33431465,10.1136/bcr-2020-238554,Body integrity identity disorder using augmented reality: a symptom reduction study.,"Body integrity identity disorder (BIID) is a rare condition characterised by a discrepancy between specific areas of an individual's perceived body image and body schema which causes the individual to disassociate those physical areas of their body from their internal representation. There are currently no efficacious, ethically unambiguous means for achieving long-lasting symptom reductions. In the case we present, two patients with BIID underwent an augmented reality (AR)-based simulation that virtually amputated their alienated limbs, allowing them to experience their ideal selves. During the exposure, both patients reported reductions in BIID-related complaints. These preliminary results suggest the existence of a possible therapeutic and diagnostic potential that AR possesses, which warrants further consideration within clinical healthcare settings.",2021,BMJ case reports,,LIKELY_ADVANCE_CONFIRM,,,,,,,,,
5938,TA-24,33426753,10.1002/rcs.2224,A novel solution of using mixed reality in bowel and oral and maxillofacial surgical telepresence: 3D mean value cloning algorithm.,"Most of the mixed reality models used in the surgical telepresence are suffering from the discrepancies in the boundary area and spatial-temporal inconsistency due to the illumination variation in the video frames. The aim behind this work is to propose a new solution that helps produce the composite video by merging the augmented video of the surgery site and virtual hand of the remote expertise surgeon. The purpose of the proposed solution is to decrease the processing time and enhance the accuracy of merged video by decreasing the overlay and visualization error and removing occlusion and artefacts. The proposed system enhanced mean-value cloning algorithm that helps to maintain the spatial-temporal consistency of the final composite video. The enhanced algorithm includes the three-dimensional mean-value coordinates and improvised mean-value interpolant in the image cloning process, which helps to reduce the sawtooth, smudging and discolouration artefacts around the blending region. The accuracy in terms of overlay error of the proposed solution is improved from 1.01 to 0.80 mm, whereas the accuracy in terms of visualization error is improved from 98.8% to 99.4%. The processing time is reduced to 0.173 s from 0.211 s. The processing time and the accuracy of the proposed solution are enhanced as compared to the state-of-art solution. Our solution helps make the object of interest consistent with the light intensity of the target image by adding the space distance that helps maintain the spatial consistency in the final merged video.",2021,The international journal of medical robotics + computer assisted surgery : MRCAS,,LIKELY_ADVANCE_CONFIRM,,,,,,,,,
5939,TA-24,33425337,10.1016/j.amsu.2020.11.041,"Limitations of health technology implementation: A commentary on ""artificial intelligence, regenerative surgery, robotics? What is realistic for the future of surgery?"".",,2020,Annals of medicine and surgery (2012),ABSTRACT_MISSING;SECONDARY_OR_COMMENTARY_TITLE,LIKELY_EXCLUDE_CONFIRM,E-SECONDARY,,,,,,,,
5940,TA-24,33421286,10.1002/rcs.2223,A novel visualization system of using augmented reality in knee replacement surgery: Enhanced bidirectional maximum correntropy algorithm.,"Image registration and alignment are the main limitations of augmented reality (AR)-based knee replacement surgery. This research aims to decrease the registration error, eliminate outcomes that are trapped in local minima to improve the alignment problems, handle the occlusion and maximize the overlapping parts. Markerless image registration method was used for AR-based knee replacement surgery to guide and visualize the surgical operation. While weight least square algorithm was used to enhance stereo camera-based tracking by filling border occlusion in right-to-left direction and non-border occlusion from left-to-right direction. This study has improved video precision to 0.57-0.61 mm alignment error. Furthermore, with the use of bidirectional points, that is, forward and backward directional cloud point, the iteration on image registration was decreased. This has led to improve the processing time as well. The processing time of video frames was improved to 7.4-11.74 frames per second. It seems clear that this proposed system has focused on overcoming the misalignment difficulty caused by the movement of patient and enhancing the AR visualization during knee replacement surgery. The proposed system was reliable and favourable which helps in eliminating alignment error by ascertaining the optimal rigid transformation between two cloud points and removing the outliers and non-Gaussian noise. The proposed AR system helps in accurate visualization and navigation of anatomy of knee such as femur, tibia, cartilage, blood vessels and so forth.",2021,The international journal of medical robotics + computer assisted surgery : MRCAS,,LIKELY_ADVANCE_CONFIRM,,,,,,,,,
5941,TA-24,33420386,10.1038/s41598-020-80619-0,Fully automated preoperative segmentation of temporal bone structures from clinical CT scans.,"Middle- and inner-ear surgery is a vital treatment option in hearing loss, infections, and tumors of the lateral skull base. Segmentation of otologic structures from computed tomography (CT) has many potential applications for improving surgical planning but can be an arduous and time-consuming task. We propose an end-to-end solution for the automated segmentation of temporal bone CT using convolutional neural networks (CNN). Using 150 manually segmented CT scans, a comparison of 3 CNN models (AH-Net, U-Net, ResNet) was conducted to compare Dice coefficient, Hausdorff distance, and speed of segmentation of the inner ear, ossicles, facial nerve and sigmoid sinus. Using AH-Net, the Dice coefficient was 0.91 for the inner ear; 0.85 for the ossicles; 0.75 for the facial nerve; and 0.86 for the sigmoid sinus. The average Hausdorff distance was 0.25, 0.21, 0.24 and 0.45 mm, respectively. Blinded experts assessed the accuracy of both techniques, and there was no statistical difference between the ratings for the two methods (p = 0.93). Objective and subjective assessment confirm good correlation between automated segmentation of otologic structures and manual segmentation performed by a specialist. This end-to-end automated segmentation pipeline can help to advance the systematic application of augmented reality, simulation, and automation in otologic procedures.",2021,Scientific reports,,LIKELY_ADVANCE_CONFIRM,,,,,,,,,
5942,TA-24,33419942,10.2967/jnumed.120.259796,Optical Navigation of the Drop-In γ-Probe as a Means to Strengthen the Connection Between Robot-Assisted and Radioguided Surgery.,"With translation of the Drop-In γ-probe, radioguidance has advanced into laparoscopic robot-assisted surgery. Global-positioning-system-like navigation can further enhance the symbiosis between nuclear medicine and surgery. Therefore, we developed a fluorescence-video-based tracking method that integrates the Drop-In with navigated robotic surgery. Methods: Fluorescent markers, integrated into the Drop-In, were automatically detected using a daVinci Firefly laparoscope. Subsequently, a declipseSPECT-navigation platform calculated the Drop-In location within the surgical field. Using a phantom (n = 3), we pursued robotic navigation on SPECT/CT, whereas intraoperative feasibility was validated during porcine surgery (n = 4). Results: Video-based tracking allowed for navigation of the Drop-In toward all lesions detected on SPECT/CT (external iliac and common iliac artery regions). Augmented-reality visualization in the surgical console indicated the distance to these lesions in real time, confirmed by the Drop-In readout. Porcine surgery underlined the feasibility of the concept. Conclusion: Optical navigation of the Drop-In probe provides a next step toward connecting nuclear medicine with robotic surgery.",2021,"Journal of nuclear medicine : official publication, Society of Nuclear Medicine",,PRIORITY_VERIFY,,,,,,,,,
5943,TA-24,33415096,10.3389/fpubh.2020.579773,Process Evaluation and Experience Sharing on Utilizing Information Communication Technologies and Digital Games in a Large Community Family Health Event: Hong Kong Jockey Club SMART Family-Link Project.,"Background: Information communication technologies (ICT) are increasingly used in health promotion, but integration is challenging and involves complex processes. Large community health promotion events are often held but the experiences and processes have rarely been evaluated and published. No reports have described and systematically evaluated an ICT-supported health promotion event using digital games. Objective: We evaluated the development and implementation of a large community family health promotion event with ICT integration to promote family happiness with collaboration between academia (The University of Hong Kong) and the social (family) service sector, and collected feedback from participants and social service workers. Methods: We (i) conducted a systematic process evaluation, (ii) administered an on-site questionnaire survey on participant satisfaction and feedback, and (iii) collected post-event qualitative feedback from social workers on using new technologies, digital game design and overall experiences. Results: Fourteen digital games were designed and run in booths at the event by 12 non-governmental social service organizations and academia. Four gaming technologies were utilized: chroma key (green screen), somatosensory (kinect and leap motion techniques), augmented reality and virtual reality. 1,365 participants joined the event, in which 1,257 from 454 families were recruited and pre-registered through 12 NGOs. About 39.3% were male and more than half (53.3%) were aged 18 years and above. About 3,487 game booth headcounts were recorded. Games using virtual reality, kinect motion and green screen technologies were most liked. The average game satisfaction score was high (4.5 out of 5). Social service workers reported positive experiences with using new technologies in health promotion, and interests in future collaborations involving more ICT. Conclusions: Our systematic evaluation showed successful integration of ICT components in the health promotion event. This event, most likely the first of its kind, served as a capacity building and knowledge transfer platform for interdisciplinary co-sharing and co-learning of new technologies. It provided a solid foundation for further academic and social service partnerships and should be a useful model for similar community events and their evaluation. Further development and integration of ICT for health promotion among social service organizations with comprehensive evaluation are warranted.",2020,Frontiers in public health,,LIKELY_ADVANCE_CONFIRM,,,,,,,,,
5944,TA-24,33413555,10.1186/s13063-020-04932-9,Improving gait adaptability in patients with hereditary spastic paraplegia (Move-HSP): study protocol for a randomized controlled trial.,"People with hereditary spastic paraplegia (HSP) experience difficulties adapting their gait to meet environmental demands, a skill required for safe and independent ambulation. Gait adaptability training is possible on the C-Mill, a treadmill equipped with augmented reality, enabling visual projections to serve as stepping targets or obstacles. It is unknown whether gait adaptability can be trained in people with HSP. The aim of Move-HSP is to study the effects of ten 1-h sessions of C-Mill training, compared with usual care, on gait adaptability in people with pure HSP. In addition, this study aims to identify key determinants of C-Mill training efficacy in people with pure HSP. Move-HSP is a 5-week, two-armed, open-label randomized controlled trial with a cross-over design for the control group. Thirty-six participants with pure HSP will be included. After signing informed consent, participants are randomized (1:1) to intervention or control group. All participants register (near) falls for 15 weeks, followed by the first assessment (week 16), and, thereafter, wear an Activ8 activity monitor for 7 days (week 16). The intervention group receives 10 sessions of C-Mill training (twice per week, 1-h sessions; weeks 17-21), whereas control group continues with usual care (weeks 17-21). Afterwards, both groups are re-assessed (week 22). Subsequently, the intervention group enter follow-up, whereas control group receives 10 sessions of C-Mill training (weeks 23-27), is re-assessed (week 28), and enters follow-up. During follow-up, both groups wear Activ8 activity monitors for 7 days (intervention group: week 23, control group: week 29) and register (near) falls for 15 weeks (intervention group: weeks 23-37, control group: weeks 29-43), before the final assessment (intervention group: week 38, control group: week 44). The primary outcome is the obstacle subtask of the Emory Functional Ambulation Profile. Secondary outcomes consist of clinical tests assessing balance and walking capacity, physical activity, and fall monitoring. Move-HSP will be the first RCT to assess the effects of C-Mill gait adaptability training in people with pure HSP. It will provide proof of concept for the efficacy of gait adaptability training in people with pure HSP. Clinicaltrials.gov NCT04180098 . Registered on November 27, 2019.",2021,Trials,,LIKELY_ADVANCE_CONFIRM,,,,,,,,,
5945,TA-24,33409547,10.1007/s00270-020-02760-7,"Comparison of Smartphone Augmented Reality, Smartglasses Augmented Reality, and 3D CBCT-guided Fluoroscopy Navigation for Percutaneous Needle Insertion: A Phantom Study.","To compare needle placement performance using an augmented reality (AR) navigation platform implemented on smartphone or smartglasses devices to that of CBCT-guided fluoroscopy in a phantom. An AR application was developed to display a planned percutaneous needle trajectory on the smartphone (iPhone7) and smartglasses (HoloLens1) devices in real time. Two AR-guided needle placement systems and CBCT-guided fluoroscopy with navigation software (XperGuide, Philips) were compared using an anthropomorphic phantom (CIRS, Norfolk, VA). Six interventional radiologists each performed 18 independent needle placements using smartphone (n = 6), smartglasses (n = 6), and XperGuide (n = 6) guidance. Placement error was defined as the distance from the needle tip to the target center. Placement time was recorded. For XperGuide, dose-area product (DAP, mGy*cm2) and fluoroscopy time (sec) were recorded. Statistical comparisons were made using a two-way repeated measures ANOVA. The placement error using the smartphone, smartglasses, or XperGuide was similar (3.98 ± 1.68 mm, 5.18 ± 3.84 mm, 4.13 ± 2.38 mm, respectively, p = 0.11). Compared to CBCT-guided fluoroscopy, the smartphone and smartglasses reduced placement time by 38% (p = 0.02) and 55% (p = 0.001), respectively. The DAP for insertion using XperGuide was 3086 ± 2920 mGy*cm2, and no intra-procedural radiation was required for augmented reality. Smartphone- and smartglasses-based augmented reality reduced needle placement time and radiation exposure while maintaining placement accuracy compared to a clinically validated needle navigation platform.",2021,Cardiovascular and interventional radiology,,LIKELY_ADVANCE_CONFIRM,,,,,,,,,
5946,TA-24,33408668,10.3389/fpsyg.2020.597913,Cognitive Interaction Technology in Sport-Improving Performance by Individualized Diagnostics and Error Prediction.,"The interdisciplinary research area Cognitive Interaction Technology (CIT) aims to understand and support interactions between human users and other elements of socio-technical systems. Important reasons for the new interest in understanding CIT in sport psychology are the impressive development of cognitive robotics and advanced technologies such as virtual or augmented reality systems, cognitive glasses or neurotechnology settings. The present article outlines this area of research, addresses ethical issues, and presents an empirical study in the context of a new measurement and assessment system for training in karate. Recent advances in the field of cognitive assistance systems enabled largely automatized assessments of individual mental representation structures for action sequences, such as choreographed movement patterns in dance or martial arts. Empirical investigations with karate practitioners of different skill levels demonstrate that advanced software-based survey and algorithmic analysis procedures based on cognitive models generate individualized performance predictions for a movement sequence from the Kanku-dai kata (a pre-defined karate movement sequence), which correlated significantly not only with formal expertise (kyu/dan rank) but also with the actual likelihood of mistakes in action execution. This information could prospectively be used to define individual training goals for deliberate practice and incorporated into cognitive interaction technology to provide appropriate feedback. We argue that the development of cognitive interaction systems for sport should explicitly take ethical issues into consideration and present a particular developed engineering approach. The potential benefits of such an assistance system for intermediate and advanced practitioners include more effective and flexible practice, as well as supportive effects, and more flexible training schedules. Furthermore, we argue that researchers from the field of sport psychology can benefit from advances in technological systems that enhance the understanding of mental and motor control in skilled voluntary action.",2020,Frontiers in psychology,,LIKELY_ADVANCE_CONFIRM,,,,,,,,,
5947,TA-24,33400650,10.1109/TVCG.2020.3049006,3D Curve Creation on and Around Physical Objects With Mobile AR.,"The recent advance in motion tracking (e.g., Visual Inertial Odometry) allows the use of a mobile phone as a 3D pen, thus significantly benefiting various mobile Augmented Reality (AR) applications based on 3D curve creation. However, when creating 3D curves on and around physical objects with mobile AR, tracking might be less robust or even lost due to camera occlusion or textureless scenes. This motivates us to study how to achieve natural interaction with minimum tracking errors during close interaction between a mobile phone and physical objects. To this end, we contribute an elicitation study on input point and phone grip, and a quantitative study on tracking errors. Based on the results, we present a system for direct 3D drawing with an AR-enabled mobile phone as a 3D pen, and interactive correction of 3D curves with tracking errors in mobile AR. We demonstrate the usefulness and effectiveness of our system for two applications: in-situ 3D drawing, and direct 3D measurement.",2022,IEEE transactions on visualization and computer graphics,,LIKELY_ADVANCE_CONFIRM,,,,,,,,,
5948,TA-24,33393933,10.2196/18367,Comparing Computed Tomography-Derived Augmented Reality Holograms to a Standard Picture Archiving and Communication Systems Viewer for Presurgical Planning: Feasibility Study.,"Picture archiving and communication systems (PACS) are ubiquitously used to store, share, and view radiological information for preoperative planning across surgical specialties. Although traditional PACS software has proven reliable in terms of display accuracy and ease of use, it remains limited by its inherent representation of medical imaging in 2 dimensions. Augmented reality (AR) systems present an exciting opportunity to complement traditional PACS capabilities. This study aims to evaluate the technical feasibility of using a novel AR platform, with holograms derived from computed tomography (CT) imaging, as a supplement to traditional PACS for presurgical planning in complex surgical procedures. Independent readers measured objects of predetermined, anthropomorphically correlated sizes using the circumference and angle tools of standard-of-care PACS software and a newly developed augmented reality presurgical planning system (ARPPS). Measurements taken with the standard PACS and the ARPPS showed no statistically significant differences. Bland-Altman analysis showed a mean difference of 0.08% (95% CI -4.20% to 4.36%) for measurements taken with PACS versus ARPPS' circumference tools and -1.84% (95% CI -6.17% to 2.14%) for measurements with the systems' angle tools. Lin's concordance correlation coefficients were 1.00 and 0.98 for the circumference and angle measurements, respectively, indicating almost perfect strength of agreement between ARPPS and PACS. Intraclass correlation showed no statistically significant difference between the readers for either measurement tool on each system. ARPPS can be an effective, accurate, and precise means of 3D visualization and measurement of CT-derived holograms in the presurgical care timeline.",2020,JMIR perioperative medicine,,LIKELY_ADVANCE_CONFIRM,,,,,,,,,
5949,TA-24,33393927,10.2196/22460,Effectiveness of the Use of Augmented Reality in Teaching the Management of Anaphylactic Shock at the Primary Care Level: Protocol for a Randomized Controlled Trial.,"Augmented reality (AR) has benefits and feasibility in emergency medicine, especially in the clinical care of patients, in operating rooms and inpatient facilities, and in the education and training of emergency care providers, but current research on this topic is sparse. The primary objective is to evaluate the short-term and long-term effectiveness of the use of AR in the treatment of patients with anaphylactic shock. The secondary objectives are to evaluate the safety in the treatment of patients with anaphylactic shock, evaluate the short-term and long-term effectiveness of stress management in this process, and determine the experiences and attitudes towards the use of AR in education. The study will be conducted in 3 phases. In the first phase, we will develop and test the scenario for simulation of anaphylactic shock and the evaluation scale for assessing the effect of the intervention. In the second phase, a single-blinded, randomized controlled trial will be conducted. In the third phase, the use of AR in teaching the management of anaphylactic shock using focus groups will be evaluated qualitatively. All participants will participate in a 1-day training program consisting of a lecture on emergency care and anaphylactic shock as well as exercises in manual dexterity (aspiration, airway management, alternative airway management, artificial respiration, chest compressions, safe defibrillation, oxygen application, use of medication during emergency care). The test group will also focus on education about anaphylactic shock in AR (the intervention). The main outcome will be the evaluation of the participants' performance in coping with a simulated scenario of anaphylactic shock using a high-fidelity simulator (simulator with high levels of realism) and a standardized patient in an educational and clinical environment. The study will be conducted with primary care physicians. A scenario for the simulation with a high-fidelity simulator and standardized patient has already been developed. For the time being, we are developing an evaluation scale and starting to recruit participants. We plan to complete the recruitment of participants by the end of December 2020, start the randomized controlled trial in January 2021, and finish 1 year later. The first results are expected to be submitted for publication in 2021. This will be the first study to evaluate the effectiveness of the use of AR in medical teaching. Specifically, it will be based on a clinical case of anaphylactic shock at the primary care level. With our study, we also want to evaluate the translation of these educational results into clinical practice and assess their long-term impact. ISRCTN Registry ISRCTN58047410; http://www.isrctn.com/ISRCTN58047410. PRR1-10.2196/22460.",2021,JMIR research protocols,,LIKELY_ADVANCE_CONFIRM,,,,,,,,,
5950,TA-24,33386018,10.3171/2020.10.FOCUS20789,Evaluation of the precision of operative augmented reality compared to standard neuronavigation using a 3D-printed skull.,"Augmented reality (AR) in cranial surgery allows direct projection of preregistered overlaid images in real time on the microscope surgical field. In this study, the authors aimed to compare the precision of AR-assisted navigation and standard pointer-based neuronavigation (NV) by using a 3D-printed skull in surgical conditions. A commercial standardized 3D-printed skull was scanned, fused, and referenced with an MR image and a CT scan of a patient with a 2 × 2-mm right frontal sinus defect. The defect was identified, registered, and integrated into NV. The target was physically marked on the 3D-printed skull replicating the right frontal sinus defect. Twenty-six subjects participated, 25 of whom had no prior NV or AR experience and 1 with little AR experience. The subjects were briefly trained in how to use NV, AR, and AR recalibration tools. Participants were asked to do the following: 1) ""target the center of the defect in the 3D-printed skull with a navigation pointer, assisted only by NV orientation,"" and 2) ""use the surgical microscope and AR to focus on the center of the projected object"" under conventional surgical conditions. For the AR task, the number of recalibrations was recorded. Confidence regarding NV and AR precision were assessed prior to and after the experiment by using a 9-level Likert scale. The median distance to target was statistically lower for AR than for NV (1 mm [Q1: 1 mm, Q3: 2 mm] vs 3 mm [Q1: 2 mm, Q3: 4 mm] [p < 0.001]). In the AR task, the median number of recalibrations was 4 (Q1: 4, Q3: 4.75). The number of recalibrations was significantly correlated with the precision (Spearman rho: -0.71, p < 0.05). The trust assessment after performing the experiment scored a median of 8 for AR and 5.5 for NV (p < 0.01). This study shows for the first time the superiority of AR over NV in terms of precision. AR is easy to use. The number of recalibrations performed using reference structures increases the precision of the navigation. The confidence regarding precision increases with experience.",2021,Neurosurgical focus,,LIKELY_ADVANCE_CONFIRM,,,,,,,,,
5951,TA-24,33386016,10.3171/2020.10.FOCUS20779,Augmented reality-assisted ventriculostomy.,"Placement of a ventricular drain is one of the most common neurosurgical procedures. However, a higher rate of successful placements with this freehand procedure is desirable. The authors' objective was to develop a compact navigational augmented reality (AR)-based tool that does not require rigid patient head fixation, to support the surgeon during the operation. Segmentation and tracking algorithms were developed. A commercially available Microsoft HoloLens AR headset in conjunction with Vuforia marker-based tracking was used to provide guidance for ventriculostomy in a custom-made 3D-printed head model. Eleven surgeons conducted a series of tests to place a total of 110 external ventricular drains under holographic guidance. The HoloLens was the sole active component; no rigid head fixation was necessary. CT was used to obtain puncture results and quantify success rates as well as precision of the suggested setup. In the proposed setup, the system worked reliably and performed well. The reported application showed an overall ventriculostomy success rate of 68.2%. The offset from the reference trajectory as displayed in the hologram was 5.2 ± 2.6 mm (mean ± standard deviation). A subgroup conducted a second series of punctures in which results and precision improved significantly. For most participants it was their first encounter with AR headset technology and the overall feedback was positive. To the authors' knowledge, this is the first report on marker-based, AR-guided ventriculostomy. The results from this first application are encouraging. The authors would expect good acceptance of this compact navigation device in a supposed clinical implementation and assume a steep learning curve in the application of this technique. To achieve this translation, further development of the marker system and implementation of the new hardware generation are planned. Further testing to address visuospatial issues is needed prior to application in humans.",2021,Neurosurgical focus,,LIKELY_ADVANCE_CONFIRM,,,,,,,,,
5952,TA-24,33382377,10.2196/21643,Augmented Reality for Smoking Cessation: Development and Usability Study.,"The recent widespread availability of augmented reality via smartphone offers an opportunity to translate cue exposure therapy for smoking cessation from the laboratory to the real world. Despite significant reductions in the smoking rates in the last decade, approximately 13.7% of the adults in the United States continue to smoke. Smoking-related cue exposure has demonstrated promise as an adjuvant therapy in the laboratory, but practical limitations have prevented its success in the real world. Augmented reality technology presents an innovative approach to overcome these limitations. The aim of this study was to develop a smartphone app that presents smoking-related augmented reality images for cue exposure. Smokers provided feedback on the images and reported on the perceived urge to smoke, qualities of reality/coexistence, and general feedback about quality and functioning. The feedback was used to refine the augmented reality images within the app. In collaboration with an augmented reality design company, we developed 6 smoking-related images (cigarette, lighter, ashtray, lit cigarette in ashtray, etc) and 6 neutral images similar in size or complexity for comparison (pen, eraser, notebook, soda bottle with droplets, etc). Ten smokers completed a survey of demographic characteristics, smoking history and behavior, dependence on nicotine, motivation to quit smoking, and familiarity with augmented reality technology. Then, participants viewed each augmented reality image and provided ratings on 10-point Likert scales for urge to smoke and reality/coexistence of the image into the scene. Participants were also queried with open-ended questions regarding the features of the images. Of the 10 participants, 5 (50%) had experienced augmented reality prior to the laboratory visit, but only 4 of those 5 participants used augmented reality at least weekly. Although the sample was small (N=10), smokers reported significantly higher urge to smoke after viewing the smoking-related augmented reality images (median 4.58, SD 3.49) versus the neutral images (median 1.42, SD 3.01) (Z=-2.14, P=.03; d=0.70). The average reality and coexistence ratings of the images did not differ between smoking-related and neutral images (all P>.29). Augmented reality images were found on average to be realistic (mean [SD] score 6.49 [3.11]) and have good environmental coexistence (mean [SD] score 6.93 [3.04]) and user coexistence (mean [SD] score 6.38 [3.27]) on the 10-point scale. Participant interviews revealed some areas of excellence (eg, details of the lit cigarette) and areas for improvement (eg, stability of images, lighting). All images were generally perceived as being realistic and well-integrated into the environment. However, the smoking augmented reality images produced higher urge to smoke than the neutral augmented reality images. In total, our findings support the potential utility of augmented reality for cue exposure therapy. Future directions and next steps are discussed.",2020,JMIR mHealth and uHealth,,LIKELY_ADVANCE_CONFIRM,,,,,,,,,
5953,TA-24,33382064,10.1093/ons/opaa341,Potential Efficacy of Multimodal Mixed Reality in Epilepsy Surgery.,"Mixed reality (MR) technology, which can fuse things in real and virtual space in real time, has been used mainly for simulation in neurosurgical training. To develop MR technology into multimodal MR for intraoperative guidance during epilepsy surgery. A 33-yr-old male patient suffered from intractable general tonic seizures due to left temporal meningoencephalocele. Preoperative scalp electroencephalograms localized interictal epileptic activity on the left temporal lobe. Iomazenil single photon emission tomography revealed temporal lobe lateralization. Magnetic resonance imaging (MRI) demonstrated left basal temporal meningoencephalocele extending into the pterygopalatine fossa through a bone defect at the base of the greater sphenoid wing. A 3-dimensional model was created for MR based on multimodal data including computed tomography, MRI tractography, and digital subtraction angiography, which enabled 3-dimensional visualization of abnormal subcortical fiber connections between the meningoencephalocele and the epileptic focus. By using intraoperative multimodal MR, we were able to safely remove the meningoencephalocele and perform epileptic focus resection. The patient was seizure-free postoperatively, and no adverse effects were noted. Intraoperative multimodal MR was a feasible and effective technique, and it can be applied for a wide range of epilepsy surgeries.",2021,"Operative neurosurgery (Hagerstown, Md.)",,LIKELY_ADVANCE_CONFIRM,,,,,,,,,
5954,TA-24,33382008,10.1177/1553350620984339,Development of an Intraoperative Pipeline for Holographic Mixed Reality Visualization During Spinal Fusion Surgery.,"Objective. Holographic mixed reality (HMR) allows for the superimposition of computer-generated virtual objects onto the operator's view of the world. Innovative solutions can be developed to enable the use of this technology during surgery. The authors developed and iteratively optimized a pipeline to construct, visualize, and register intraoperative holographic models of patient landmarks during spinal fusion surgery. Methods. The study was carried out in two phases. In phase 1, the custom intraoperative pipeline to generate patient-specific holographic models was developed over 7 patients. In phase 2, registration accuracy was optimized iteratively for 6 patients in a real-time operative setting. Results. In phase 1, an intraoperative pipeline was successfully employed to generate and deploy patient-specific holographic models. In phase 2, the registration error with the native hand-gesture registration was 20.2 ± 10.8 mm (n = 7 test points). Custom controller-based registration significantly reduced the mean registration error to 4.18 ± 2.83 mm (n = 24 test points, P < .01). Accuracy improved over time (B = -.69, P < .0001) with the final patient achieving a registration error of 2.30 ± .58 mm. Across both phases, the average model generation time was 18.0 ± 6.1 minutes (n = 6) for isolated spinal hardware and 33.8 ± 8.6 minutes (n = 6) for spinal anatomy. Conclusions. A custom pipeline is described for the generation of intraoperative 3D holographic models during spine surgery. Registration accuracy dramatically improved with iterative optimization of the pipeline and technique. While significant improvements and advancements need to be made to enable clinical utility, HMR demonstrates significant potential as the next frontier of intraoperative visualization.",2021,Surgical innovation,,LIKELY_ADVANCE_CONFIRM,,,,,,,,,
5955,TA-24,33379702,10.1364/OE.411141,Holographic augmented reality based on three-dimensional volumetric imaging for a photorealistic scene.,"In this paper, we propose a new system for a real-time holographic augmented reality (AR) video service based on a photorealistic three-dimensional (3D) object point for multiple users to use simultaneously at various locations and viewpoints. To observe the object from all viewpoints, a camera system capable of acquiring the 3D volume of a real object is developed and is used to generate a real object in real-time. Using the normal of the object point, the observable points are mapped to the viewpoint at which the user is located, and a hologram based on the object point is generated. The angle at which the reflected light from each point is incident on the hologram plane is calculated, and the intensity of the interference light is adjusted according to the angle to generate a hologram with a higher 3D effect. The generated hologram is transmitted to each user to provide a holographic AR service. The entire system consists of a camera system comprising eight RGB-D (depth) cameras and two workstations for photorealistic 3D volume and hologram generation. Using this technique, a realistic hologram was generated. Through experiments displaying holograms simultaneously from several different viewpoints, it is confirmed that multiple users can concurrently receive hologram AR.",2020,Optics express,,LIKELY_ADVANCE_CONFIRM,,,,,,,,,
5956,TA-24,33379682,10.1364/OE.405789,Zoomable head-up display with the integration of holographic and geometrical imaging.,"Head-up displays (HUDs) have already penetrated into vehicle applications and demand keeps growing. Existing head-up displays have their image fixed at a certain distance in front of the windshield. New development could have two images displayed at two different yet fixed distances simultaneously or switchable upon request. The physical distance of HUD image is associated with the accommodation delay as a safety issue in driving, and could also be a critical parameter for augmented reality (AR) function. In this paper, a novel architecture for HUD has been proposed to make the image distance continuously tunable by exploiting the merit of both holographic and geometrical imaging. Holographic imaging is capable of changing image position by varying the modulation on a spatial light modulator (SLM) without any mechanical movement. Geometrical imaging can easily magnify longitudinal image position with short depth of focus by using large aperture components. A prototype based on liquid crystal on silicon (LCoS) SLM has demonstrated the capability of changing image position from 3 m to 30 m verified with parallax method.",2020,Optics express,,LIKELY_ADVANCE_CONFIRM,,,,,,,,,
5957,TA-24,33379678,10.1364/OE.405203,See-through holographic display with randomly distributed partial computer generated holograms.,"Holographic displays have the feature to show images out of the plane of the device itself, which is especially favored for augmented reality (AR) applications where the images need to be merged with the real world. In existing cases of AR holographic display, a combiner is used to converge the light path of the display image and surrounding scene toward the viewer's eye. In this paper, the idea of combining the holographic device and the combiner has been proposed, resulting in a see-through holographic display. In order to maintain the see-through quality of the device, the concept of partial hologram has been introduced, which means only a part of the area on the device has the holographic fringe pattern while leaving the rest fully transparent. Experiment and theoretical investigation shows that an evenly yet randomly distributed partial hologram provides the best holographic image quality assuming a fixed percentage of the holographic area on the device. A passive computer generated hologram (CGH) with two phase levels has been designed and fabricated for the verification. With partial hologram sharing 25% of the whole area, the CGH exhibits 90.9% of total transmission and 72.2% of parallel transmission. The demonstration shows a high see-through quality while providing a clear holographic image.",2020,Optics express,,LIKELY_ADVANCE_CONFIRM,,,,,,,,,
5958,TA-24,33379668,10.1364/OE.410083,Compensation of color breaking in bi-focal depth-switchable integral floating augmented reality display with a geometrical phase lens.,"A bi-focal integral floating system using a geometrical phase (GP) lens can provide switchable integrated spaces with enhanced three-dimensional (3D) augmented reality (AR) depth expression. However, due to the chromatic aberration properties of the GP lens implemented for the switchable depth-floating 3D images, the floated 3D AR images with the red/green/blue (R/G/B) colors are formed at different depth locations with different magnification effects, which causes color breaking. In this paper, we propose a novel technique to resolve the color breaking problem by integrating the R/G/B elemental images with compensated depths and sizes along with experiments to demonstrate the improved results. When we evaluated the color differences of the floated 3D AR images based on CIEDE2000, the experimental results of the depth-switchable integral floating 3D AR images showed that the color accuracies were greatly improved after applying a pre-compensation scheme to the R/G/B sub-images in both concave and convex lens operation modes of the bi-focal switching GP floating lens.",2020,Optics express,,LIKELY_ADVANCE_CONFIRM,,,,,,,,,
5959,TA-24,33379624,10.1364/OE.408585,Analytical model for the perceived retinal image formation of 3D display systems.,"The optical design process of conventional stereoscope-type head mounted displays for virtual and augmented reality applications typically neglects the inherent aberrations of the eye optics or refractive errors of a viewer, which misses the opportunity of producing personal devices for optimal visual experiences. Although a few research efforts have been made to simulate the retinal image formation process for some of the emerging 3D display systems such as light field displays that require modeling the eye optics to complete the image formation process, the existing works generally are specific for one type of display methods, unable to provide a generalized framework for different display methods for the benefit of comparison, and often require the use of at least two different software platforms for implementation which is challenging in handling massive data and implementing compensation of wavefront aberrations induced by display engine or eye refractive errors. To overcome those limits, we present a generalized analytical model for accurately simulating the visual responses such as retinal PSF, MTF, and image formation of different types of 2D and 3D display systems. This analytical model can accurately simulate the retinal responses when viewing a given display system, accounting for the residual eye aberrations of schematic eye models that match with the statistical clinical measurements, eye accommodative change as required, the effects of different eye refractive errors specific to viewers, and the effects of various wavefront aberrations inherited from a display engine. We further describe the numerical implementation of this analytical model for simulating the perceived retinal image with different types of HMD systems in a single computational platform. Finally, with a test setup, we numerically demonstrated the application of this analytical model in the simulation of the perceived retinal image, accommodative response and in the investigation of the eye refractive error impacts on the perceived retinal image based on the multifocal plane display, integral imaging based light field display, computational multilayer light field display, as well as the stereoscope and natural viewing for comparison.",2020,Optics express,,LIKELY_ADVANCE_CONFIRM,,,,,,,,,
5960,TA-24,33379623,10.1364/OE.408404,A perceptual eyebox for near-eye displays.,"In near-eye display systems that support three-dimensional (3D) augmented and virtual reality, a central factor in determining the user experience is the size of the eyebox. The eyebox refers to a volume where the eye receives an acceptable view of the image with respect to a set of criteria and thresholds. The size and location of this volume are primarily driven by optical architecture choices in which designers trade-off a number of constraints, such as field of view, image quality, and product design. It is thus important to clearly quantify how design decisions affect the properties of the eyebox. Recent work has started evaluating the eyebox in 3D based purely on optical criteria. However, such analyses do not incorporate perceptual criteria that determine visual quality, which are particularly important for binocular 3D systems. To address this limitation, we introduce the framework of a perceptual eyebox. The perceptual eyebox is the volume where the eye(s) must be located for the user to experience a visual percept falling within a perceptually-defined criterion. We combine optical and perceptual data to characterize an example perceptual eyebox for display visibility in augmented reality. The key contributions in this paper include: comparing the perceptual eyebox for monocular and binocular display designs, modeling the effects of user eye separation, and examining the effects of eye rotation on the eyebox volume.",2020,Optics express,,LIKELY_ADVANCE_CONFIRM,,,,,,,,,
5961,TA-24,33379535,10.1364/OE.411997,Matrix optics representation and imaging analysis of a light-field near-eye display.,"Integral-imaging-based (InI-based) light-field near-eye display (LF-NED) is an effective way to relieve vergence-accommodation conflict (VAC) in applications of virtual reality (VR) and augmented reality (AR). Lenslet arrays are often used as spatial light modulator (SLM) in such systems. However, the conflict between refocusing on a virtual object point from the light-field image (LF image) and focusing on the image plane of the lenslets leads to degradation of the viewing effect. Thus, the light field (LF) cannot be accurately restored. In this study, we introduce matrix optics and build a parameterized model of a lenslet-array-based LF-NED with general applicability, based on which the imaging process is derived, and the performance of the system is analyzed. A lenslet-array-based LF-NED optical model is embodied in LightTools to verify the theoretical model. The simulations prove that the model we propose and the conclusions about it are consistent with the simulation results. Thus, the model can be used as the theoretical basis for evaluating the primary performance of an InI-based LF-NED system.",2020,Optics express,,LIKELY_ADVANCE_CONFIRM,,,,,,,,,
5962,TA-24,33379254,10.3390/s21010136,PSANet: Pyramid Splitting and Aggregation Network for 3D Object Detection in Point Cloud.,"3D object detection in LiDAR point clouds has been extensively used in autonomous driving, intelligent robotics, and augmented reality. Although the one-stage 3D detector has satisfactory training and inference speed, there are still some performance problems due to insufficient utilization of bird's eye view (BEV) information. In this paper, a new backbone network is proposed to complete the cross-layer fusion of multi-scale BEV feature maps, which makes full use of various information for detection. Specifically, our proposed backbone network can be divided into a coarse branch and a fine branch. In the coarse branch, we use the pyramidal feature hierarchy (PFH) to generate multi-scale BEV feature maps, which retain the advantages of different levels and serves as the input of the fine branch. In the fine branch, our proposed pyramid splitting and aggregation (PSA) module deeply integrates different levels of multi-scale feature maps, thereby improving the expressive ability of the final features. Extensive experiments on the challenging KITTI-3D benchmark show that our method has better performance in both 3D and BEV object detection compared with some previous state-of-the-art methods. Experimental results with average precision (AP) prove the effectiveness of our network.",2020,"Sensors (Basel, Switzerland)",,LIKELY_ADVANCE_CONFIRM,,,,,,,,,
5963,TA-24,33379156,10.3390/ijerph18010140,"Edge of the Present: A Virtual Reality Tool to Cultivate Future Thinking, Positive Mood and Wellbeing.","Depression and suicidality are characterized by negative imagery as well as impoverished positive imagery. Although some evidence exists supporting the link between positive imagery and enhanced mood, much work needs to be done. This study explored the impact of an immersive virtual reality experience (Edge of the Present-EOTP) on an individual's mood, state of well-being, and future thinking. Using a 10-min mixed reality experience, 79 individuals explored virtual landscapes within a purposefully built, physical room. A pre and post survey containing mental health measures were administered to each participant. An optional interview following the virtual work was also conducted. The results indicated that positive mood and well-being increased significantly post-intervention. Hopelessness scores and negative mood decreased, whilst sense of presence was very high. This pilot study is among the first to assess the feasibility of a mixed reality experience as a potential platform for depression and suicide prevention by increasing well-being and mood as well as decreasing hopelessness symptoms.",2020,International journal of environmental research and public health,,LIKELY_ADVANCE_CONFIRM,,,,,,,,,
5964,TA-24,33377137,10.1093/ons/opaa398,"Clinical Accuracy, Technical Precision, and Workflow of the First in Human Use of an Augmented-Reality Head-Mounted Display Stereotactic Navigation System for Spine Surgery.","Augmented reality mediated spine surgery is a novel technology for spine navigation. Benchmark cadaveric data have demonstrated high accuracy and precision leading to recent regulatory approval. Absence of respiratory motion in cadaveric studies may positively bias precision and accuracy results and analogous investigations are prudent in live clinical scenarios. To report a technical note, accuracy, precision analysis of the first in-human deployment of this technology. A 78-yr-old female underwent an L4-S1 decompression, pedicle screw, and rod fixation for degenerative spine disease. Six pedicle screws were inserted via AR-HMD (xvision; Augmedics, Chicago, Illinois) navigation. Intraoperative computed tomography was used for navigation registration as well as implant accuracy and precision assessment. Clinical accuracy was graded per the Gertzbein-Robbins (GS) scale by an independent neuroradiologist. Technical precision was analyzed by comparing 3-dimensional (3D) (x, y, z) virtual implant vs real implant position coordinates and reported as linear (mm) and angular (°) deviation. Present data were compared to benchmark cadaveric data. Clinical accuracy (per the GS grading scale) was 100%. Technical precision analysis yielded a mean linear deviation of 2.07 mm (95% CI: 1.62-2.52 mm) and angular deviation of 2.41° (95% CI: 1.57-3.25°). In comparison to prior cadaveric data (99.1%, 2.03 ± 0.99 mm, 1.41 ± 0.61°; GS accuracy 3D linear and angular deviation, respectively), the present results were not significantly different (P > .05). The first in human deployment of the single Food and Drug Administration approved AR-HMD stereotactic spine navigation platform demonstrated clinical accuracy and technical precision of inserted hardware comparable to previously acquired cadaveric studies.",2021,"Operative neurosurgery (Hagerstown, Md.)",,LIKELY_ADVANCE_CONFIRM,,,,,,,,,
5965,TA-24,33375010,10.3390/s21010015,Real-Time Single Image Depth Perception in the Wild with Handheld Devices.,"Depth perception is paramount for tackling real-world problems, ranging from autonomous driving to consumer applications. For the latter, depth estimation from a single image would represent the most versatile solution since a standard camera is available on almost any handheld device. Nonetheless, two main issues limit the practical deployment of monocular depth estimation methods on such devices: (i) the low reliability when deployed in the wild and (ii) the resources needed to achieve real-time performance, often not compatible with low-power embedded systems. Therefore, in this paper, we deeply investigate all these issues, showing how they are both addressable by adopting appropriate network design and training strategies. Moreover, we also outline how to map the resulting networks on handheld devices to achieve real-time performance. Our thorough evaluation highlights the ability of such fast networks to generalize well to new environments, a crucial feature required to tackle the extremely varied contexts faced in real applications. Indeed, to further support this evidence, we report experimental results concerning real-time, depth-aware augmented reality and image blurring with smartphones in the wild.",2020,"Sensors (Basel, Switzerland)",,LIKELY_ADVANCE_CONFIRM,,,,,,,,,
5966,TA-24,33370048,10.1097/PRS.0000000000007457,Holographic Augmented Reality for DIEP Flap Harvest.,"During a deep inferior epigastric perforator (DIEP) flap harvest, the identification and localization of the epigastric arteries and its perforators are crucial. Holographic augmented reality is an innovative technique that can be used to visualize this patient-specific anatomy extracted from a computed tomographic scan directly on the patient. This study describes an innovative workflow to achieve this. A software application for the Microsoft HoloLens was developed to visualize the anatomy as a hologram. By using abdominal nevi as natural landmarks, the anatomy hologram is registered to the patient. To ensure that the anatomy hologram remains correctly positioned when the patient or the user moves, real-time patient tracking is obtained with a quick response marker attached to the patient. Holographic augmented reality can be used to visualize the epigastric arteries and its perforators in preparation for a deep inferior epigastric perforator flap harvest. Potentially, this workflow can be used visualize the vessels intraoperatively. Furthermore, this workflow is intuitive to use and could be applied for other flaps or other types of surgery.",2021,Plastic and reconstructive surgery,,LIKELY_ADVANCE_CONFIRM,,,,,,,,,
5967,TA-24,33364473,10.1016/j.heliyon.2020.e03895,Determinants of intention to play Pokémon Go.,"This paper examines the influence of personal and game factors on gamers' perceived values, drawing from the Theory of Consumption Value (TCV), explores the impacts of values on the Pokémon Go (PG) adoption, and identifies differences between two consumer groups. A sample of 474 (215 PG non-players and 259 PG players) was collected and analysed. Game aesthetics increase all perceived values of both groups. Game aesthetics and innovativeness have no direct impact on gamers' intention to play. Emotional value and functional value are crucial for their behavioural intention. Social value is important for non-players, while conditional value influences players' intentions. This study contributes to the expansion of the TCV in mobile location-based AR game adoption and reveals the insights of players' and non-players' value perceptions. It is one of the first studies investigating the TCV factors, antecedents, and consequence in the mobile AR game literature.",2020,Heliyon,,PRIORITY_VERIFY,,,,,,,,,
5968,TA-24,33362136,10.1364/JOSAA.398931,Brightness matching in optical see-through augmented reality.,"A visual experiment using a beam-splitter-based optical see-through augmented reality (OST-AR) setup tested the effect of the size and alignment of AR overlays with a brightness-matching task using physical cubes. Results indicate that more luminance is required when AR overlays are oversized with respect to the cubes, showing that observers discount the AR overlay to a greater extent when it is more obviously a transparent layer. This is not explained by conventional color appearance modeling but supports an AR-specific model based on foreground-background discounting. The findings and model will help determine parameters for creating convincing AR manipulation of real-world objects.",2020,"Journal of the Optical Society of America. A, Optics, image science, and vision",,LIKELY_ADVANCE_CONFIRM,,,,,,,,,
5969,TA-24,33358011,10.1016/j.bjoms.2020.08.045,Difficult airways: a 3D printing study with virtual fibreoptic endoscopy.,"Head and neck cancer patients present unique airway challenges, and oropharyngeal, laryngeal, and hypopharyngeal tumours considerably distort and narrow the anatomy of the airway. We describe the use of 3D augmented reality software combined with 3D printed models to assess the anatomy of difficult airways and to assist in the formulation of the most optimal airway management strategy in such patients. The reported patients had computed tomograms (CT) of the neck prior to their anaesthetic and surgical management. DICOM files of the respective scans were imported to 3D rendering software (OsiriX, Pixmeo). We constructed volume rendered models for initial assessment of the airway then generated serial surface rendered models to create a virtual endoscopic path of the airway to simulate the fibreoptic approach. To further facilitate the study of difficult airways we have subsequently printed 3D models of those that were most difficult using rapid prototyping. Head and neck tumours significantly distort the airway. Thorough study of the relevant anatomy prior to airway management for operating reasons enhances communication between the surgeon and anaesthetist, and aids selection of the most appropriate intubation approach. In conclusion, this paper highlights a useful and novel pre-assessment strategy that allows a virtual, visual, 3-dimensional assessment of the airway anatomy combined with 3D modelling and 3D printing. This enables the airway specialist, anaesthetist, and head and neck surgeon to anticipate any critical steps and adjust the plan accordingly.",2021,The British journal of oral & maxillofacial surgery,,LIKELY_ADVANCE_CONFIRM,,,,,,,,,
5970,TA-24,33348830,10.3390/e22121426,Novel Multi-AP Coordinated Transmission Scheme for 7th Generation WLAN 802.11be.,"The demand for high-data-rate and time-sensitive applications, such as 4k/8k video streaming and real-time augmented reality (AR), virtual reality (VR), and gaming, has increased significantly. Addressing the inefficiency of distributed channel access and the fairness problem between uplink and downlink flows is crucial for the development of wireless local area network (WLAN) technologies. In this study, we propose a novel transmission scheme for IEEE 802.11be networks that addresses the fairness problem and improves the system throughput. Utilizing the concept of multi-AP coordinated OFDMA introduced in the 7th-generation WLAN IEEE 802.11be, the proposed transmission scheme allows an AP to share a granted transmission opportunity (TXOP) with nearby APs. A mathematically analysis of the throughput performance of the proposed schemes was performed using a Markov chain model. The simulation results verify that the scheme effectively improves the downlink fairness and the system throughput. Combined with the advanced multiuser (MU) features of IEEE 802.11ax, such as TUA, MU cascading sequence, and MU EDCA, the proposed scheme not only enhances downlink AP transmission, but also guarantees improved control over the medium. The scheme is carefully designed to be fully compatible with conventional IEEE 802.11 protocols, and is thus potentially universal.",2020,"Entropy (Basel, Switzerland)",,LIKELY_ADVANCE_CONFIRM,,,,,,,,,
5971,TA-24,33343466,10.3389/fpsyg.2020.595788,A Dash of Virtual Milk: Altering Product Color in Virtual Reality Influences Flavor Perception of Cold-Brew Coffee.,"It is well known that the appearance of food, particularly its color, can influence flavor perception and identification. However, food studies involving the manipulation of product color face inevitable limitations, from extrinsic flavors introduced by food coloring to the cost in development time and resources in order to produce different product variants. One solution lies in modern virtual reality (VR) technology, which has become increasingly accessible, sophisticated, and widespread over the past years. In the present study, we investigated whether making a coffee look milkier in a VR environment can alter its perceived flavor and liking. Thirty-two United Kingdom (UK) consumers were given four samples of black cold brew coffee at 4 and 8% sucrose concentration. They wore VR headsets throughout the study and viewed the same coffee in a virtual setting. The color of the beverage was manipulated in VR, such that participants saw either a dark brown or light brown liquid as they sipped the coffee. A full factorial design was used so that each participant tasted each sweetness x color combination, Participants reported sweetness, creaminess, and liking for each sample. Results revealed that beverage color as viewed in VR significantly influenced perceived creaminess, with the light brown coffee rated to be creamier than dark brown coffee. However, beverage color did not influence perceived sweetness or liking. The present study supports the role of VR as a means of conducting food perception studies, either to gain a better understanding of multisensory integration, or, from an industry perspective, to enable rapid product testing when it may be time-intensive or costly to produce the same range of products in the real-world. Furthermore, it opens potential future opportunities for VR to promote healthy eating behavior by manipulating the visual appearance of foods.",2020,Frontiers in psychology,,PRIORITY_VERIFY,,,,,,,,,
5972,TA-24,33342389,10.1080/10749357.2020.1864987,Augmented-reality guided treadmill training as a modality to improve functional mobility post-stroke: A proof-of-concept case series.,"Objective: To provide a proof-of-concept for a novel stroke-gait-specific augmented reality (AR)-guided treadmill intervention by evaluating its effect on temporospatial and functional outcomes of mobility.Methods: Two females with hemiplegia post stroke were recruited for participation in a 4-week intervention, and a single healthy control was recruited for baseline comparisons. The stroke-intervention (SI) participant (aged 54-years), completed 12 sessions of AR-guided treadmill intervention. The stroke-control (SC) participant (aged 59-years) completed 12 sessions of conventional treadmill intervention. Temporospatial and functional mobility were assessed pre-intervention, post-intervention, and at 1-month follow-up. Physical ACtivity Enjoyment Scale (PACES) was administered post-intervention.Results: The SI participant showed clinically meaningful improvements in functional outcomes post-intervention and at 1-month follow-up (Berg balance score (BBS): +6 and +10 points; Dynamic Gait Index (DGI): +2 at post-intervention only; walking speed: +0.19 and +0.24 m/s; 6-minute walk test (6MWT): +51.9 and +38.9) respectively. The SC showed clinically meaningful improvements in BBS (+3 and +3) and walking speed (+0.06 at post-intervention). The PACES scores showed that the SI participant had a significantly higher (23 points) enjoyment level during the intervention compared to the SC participant. The SI participant was more asymmetric compared to the SC participant at pre and post-intervention visits.Conclusions: The SI participant showed greater improvement in functional assessments compared to the SC participant post intervention. The AR-guided approach may have added benefits compared to traditional treadmill training, while providing better customization, patient enjoyment, and engagement. Further investigation with a larger sample is warranted.",2021,Topics in stroke rehabilitation,,LIKELY_ADVANCE_CONFIRM,,,,,,,,,
5973,TA-24,33339859,10.1038/s41598-020-78378-z,Perceptual uncertainty and action consequences independently affect hand movements in a virtual environment.,"When we use virtual and augmented reality (VR/AR) environments to investigate behaviour or train motor skills, we expect that the insights or skills acquired in VR/AR transfer to real-world settings. Motor behaviour is strongly influenced by perceptual uncertainty and the expected consequences of actions. VR/AR differ in both of these aspects from natural environments. Perceptual information in VR/AR is less reliable than in natural environments, and the knowledge of acting in a virtual environment might modulate our expectations of action consequences. Using mirror reflections to create a virtual environment free of perceptual artefacts, we show that hand movements in an obstacle avoidance task systematically differed between real and virtual obstacles and that these behavioural differences occurred independent of the quality of the available perceptual information. This suggests that even when perceptual correspondence between natural and virtual environments is achieved, action correspondence does not necessarily follow due to the disparity in the expected consequences of actions in the two environments.",2020,Scientific reports,,LIKELY_ADVANCE_CONFIRM,,,,,,,,,
5974,TA-24,33327963,10.1186/s12909-020-02450-5,"Mixed reality for teaching catheter placement to medical students: a randomized single-blinded, prospective trial.","Cost-effective methods to facilitate practical medical education are in high demand and the ""mixed-reality"" (MR) technology seems suitable to provide students with instructions when learning a new practical task. To evaluate a step-by-step mixed reality (MR) guidance system for instructing a practical medical procedure, we conducted a randomized, single-blinded prospective trial on medical students learning bladder catheter placement. We enrolled 164 medical students. Students were randomized into 2 groups and received instructions on how to perform bladder catheter placement on a male catheterization training model. One group (107 students) were given their instructions by an instructor, while the other group (57 students) were instructed via an MR guidance system using a Microsoft HoloLens. Both groups did hands on training. A standardized questionnaire covering previous knowledge, interest in modern technologies and a self-evaluation was filled out. In addition, students were asked to evaluate the system's usability. We assessed both groups's learning outcome via a standardized OSCE (objective structured clinical examination). Our evaluation of the learning outcome revealed an average point value of 19.96 ± 2,42 for the control group and 21.49 ± 2.27 for the MR group - the MR group's result was significantly better (p = 0.00). The self-evaluations revealed no difference between groups, however, the control group gave higher ratings when evaluating the quality of instructions. The MR system's assessment showed less usability, with a cumulative SUS (system usability scale) score of 56.6 (lower half) as well as a cumulative score of 24.2 ± 7.3 (n = 52) out of 100 in the NASA task load index. MR is a promising tool for instructing practical skills, and has the potential to enable superior learning outcomes. Advances in MR technology are necessary to improve the usability of current systems. German Clinical Trial Register ID: DRKS00013186.",2020,BMC medical education,,LIKELY_ADVANCE_CONFIRM,,,,,,,,,
5975,TA-24,33327431,10.3390/s20247157,Advanced Assistive Maintenance Based on Augmented Reality and 5G Networking.,"Internet of Things (IoT) applications play a relevant role in today's industry in sharing diagnostic data with off-site service teams, as well as in enabling reliable predictive maintenance systems. Several interventions scenarios, however, require the physical presence of a human operator: Augmented Reality (AR), together with a broad-band connection, represents a major opportunity to integrate diagnostic data with real-time in-situ acquisitions. Diagnostic information can be shared with remote specialists that are able to monitor and guide maintenance operations from a control room as if they were in place. Furthermore, integrating heterogeneous sensors with AR visualization displays could largely improve operators' safety in complex and dangerous industrial plants. In this paper, we present a complete setup for a remote assistive maintenance intervention based on 5G networking and tested at a Vodafone Base Transceiver Station (BTS) within the Vodafone 5G Program. Technicians' safety was improved by means of a lightweight AR Head-Mounted Display (HDM) equipped with a thermal camera and a depth sensor to foresee possible collisions with hot surfaces and dangerous objects, by leveraging the processing power of remote computing paired with the low latency of 5G connection. Field testing confirmed that the proposed approach can be a viable solution for egocentric environment understanding and enables an immersive integration of the obtained augmented data within the real scene.",2020,"Sensors (Basel, Switzerland)",,LIKELY_ADVANCE_CONFIRM,,,,,,,,,
5976,TA-24,33322997,10.1177/0022034520978774,Disruptive Innovation in Dentistry: What It Is and What Could Be Next.,"Dentistry is a technically oriented profession, and the health care sector is significantly influenced by the ubiquitous trend of digitalization. Some of these digital developments have the potential to result in disruptive changes for dental practice, while others may turn out to be just a pipedream. This Discovery! essay focuses on innovations built on artificial intelligence (AI) as the center-technology influencing 1) dental eHealth data management, 2) clinical and technical health care applications, and 3) services and operations. AI systems enable personalized dental medicine workflows by analyzing all eHealth data gathered from an individual patient. Besides dental-specific data, this also includes genomic, proteomic, and metabolomic information and therefore facilitates optimized and personalized treatment strategies and risk management. Based on the power of AI, the triangular frame of ""data""/""health care""/""service"" is supplemented by technological advancements in the field of social media, Internet of things, augmented and virtual reality, rapid prototyping, and intraoral optical scanning as well as teledentistry. Innovation continues to be critical to tackle dental problems until its routine implementation based on sound scientific evidence. Novel technologies must be viewed critically in relation to the cost-benefit ratio and the ethical implications of a misleading diagnosis or treatment produced by AI algorithms. Highly sensitive eHealth data must be handled responsibly to enable the immense benefits of these technologies to be realized for society. The focus on patient-centered research and the development of personalized dental medicine have the potential to improve individual and public health, as well as clarify the interconnectivity of disease in a more cost-effective way.",2021,Journal of dental research,,PRIORITY_VERIFY,,,,,,,,,
5977,TA-24,33315569,10.1109/TVCG.2020.3044715,A Perceptual Color-Matching Method for Examining Color Blending in Augmented Reality Head-Up Display Graphics.,"Augmented reality (AR) offers new ways to visualize information on-the-go. As noted in related work, AR graphics presented via optical see-through AR displays are particularly prone to color blending, whereby intended graphic colors may be perceptually altered by real-world backgrounds, ultimately degrading usability. This work adds to this body of knowledge by presenting a methodology for assessing AR interface color robustness, as quantitatively measured via shifts in the CIE color space, and qualitatively assessed in terms of users' perceived color name. We conducted a human factors study where twelve participants examined eight AR colors atop three real-world backgrounds as viewed through an in-vehicle AR head-up display (HUD); a type of optical see-through display used to project driving-related information atop the forward-looking road scene. Participants completed visual search tasks, matched the perceived AR HUD color against the WCS color palette, and verbally named the perceived color. We present analysis that suggests blue, green, and yellow AR colors are relatively robust, while red and brown are not, and discuss the impact of chromaticity shift and dispersion on outdoor AR interface design. While this work presents a case study in transportation, the methodology is applicable to a wide range of AR displays in many application domains and settings.",2022,IEEE transactions on visualization and computer graphics,,LIKELY_ADVANCE_CONFIRM,,,,,,,,,
5978,TA-24,33315015,10.2196/22007,A Cognitive-Based Board Game With Augmented Reality for Older Adults: Development and Usability Study.,"Older adults in Taiwan are advised to adopt regular physical and social activities for the maintenance of their cognitive and physical health. Games offer a means of engaging older individuals in these activities. For this study, a collaborative cognitive-based board game, Nostalgic Seekers, was designed and developed with augmented reality technology to support cognitive engagement in older adults. A user study of the board game was conducted to understand how the game facilitates communication, problem solving, and emotional response in older players and whether augmented reality is a suitable technology in game design for these players. A total of 23 participants aged 50 to 59 years were recruited to play and evaluate the game. In each session, participants' interactions were observed and recorded, then analyzed through Bales' interaction process analysis. Following each session, participants were interviewed to provide feedback on their experience. The quantitative analysis results showed that the participants engaged in task-oriented communication more frequently than social-emotional communication during the game. In particular, there was a high number of answers relative to questions. The analysis also showed a significant positive correlation between task-oriented acts and the game score. Qualitative analysis indicated that participants found the experience of playing the game enjoyable, nostalgic objects triggered positive emotional responses, and augmented reality technology was widely accepted by participants and provided effective engagement in the game. Nostalgic Seekers provided cognitive exercise and social engagement to players and demonstrated the positive potential of integrating augmented reality technology into cognitive-based games for older adults. Future game designs could explore strategies for regular and continuous engagement.",2020,JMIR serious games,,LIKELY_ADVANCE_CONFIRM,,,,,,,,,
5979,TA-24,33309030,10.1016/j.crad.2020.10.017,Mixed-reality hologram for diagnosis and surgical planning of double outlet of the right ventricle: a pilot study.,"To evaluate the mixed-reality (MR) hologram, a novel technology based on two-dimensional images, which simulates three-dimensional (3D) images and provides a dynamic and interactive alternative, for its usefulness in the diagnosis and surgical planning of double outlet of the right ventricle (DORV). Thirty-four patients who were suspected of DORV based on ultrasound findings underwent cardiac computed tomography angiography (CTA). The patients were assigned randomly to the MR holographic guidance (MRHG) group or the control group. For the patients in the MRHG group, the CTA images were converted into Standard Template Library (STL) files after segmentation, 3D reconstruction, colourisation, and transparentisation, and then exported for MR holographic visualisation. The CTA images of the patients in the control group were analysed using routine 3D reconstruction only. Diagnostic accuracy and surgical planning were compared between the two groups based on visualisation at surgery. In the MRHG group, the 3D hologram observation was in concordance with the actual anatomical findings, and the DORV type was classified accurately in all patients. The diagnostic accuracy for the malformation was 95.5% in the MRHG group and 89.7% in the control group, but the difference was not significant (p=0.3). All the procedures were exactly the same as planned based on the 3D MR holographic model. The surgical planning time was shorter for the MRHG group (51.65 ± 11.11 min) than that for the control group (65.71 ± 18.07 min, p<0.05). MR 3D holograms may provide a clear and deeper anatomical perception of DORV and improve surgical planning.",2021,Clinical radiology,,LIKELY_ADVANCE_CONFIRM,,,,,,,,,
5980,TA-24,33301387,10.1089/g4h.2019.0133,Movement Training in Augmented Reality for Older Adults with Essential Hypertension: A Qualitative Study Determining Training Requirements.,"Objective: Physical activity is a key component of maintaining and promoting the health of older people. New technologies from the fields of augmented reality (AR) and virtual reality (VR) could help to increase the motivation of older people and positively influence their health behavior. To be able to respond specifically to the needs and expectations when developing an exergame for seniors with hypertension, the aim of this study was to determine the requirements for movement training within an intelligent AR system. Materials and Methods: Eleven seniors aged 65 years or older with essential hypertension and five experts from the cardiological field were interviewed using a semistructured interview and were examined with a task-based approach. In the task-based application, both VR and AR demos were used. Results: The results presented in this article refer to requirements for the development of a movement training within an exergame for older adults with hypertension. We found that on the one hand, group effects and, on the other, natural environments have a high motivational character. Furthermore, communication and interaction represent a decisive criterion for participation during exercises. Regarding the training concept the experts, in particular, recommended endurance-related activities. In addition, vital data and performance monitoring should be used to evaluate success, to signal warnings and to provide additional motivation. Conclusions: This requirement analysis enabled 45 requirements to be obtained, which will be taken into account in the training application of an AR system and in the development of an interactive multiuser AR exergame.",2020,Games for health journal,,LIKELY_ADVANCE_CONFIRM,,,,,,,,,
5981,TA-24,33299293,10.2147/OPTH.S273810,First Evaluation of a Retinal Imaging Laser Eyewear System Based Low Vision Aid.,"We conducted this trial to investigate a new wearable laser-eyewear (LEW). Images of an integrated camera are projected to the retina by a RGB-Laser (<1µW) and MEMS-mirror system. This enables a full-color live video as augmented reality embedded in the field of vision of the wearer. Thin parallel laser beams are projected following the principle of Maxwellian view through the center of the ocular lens to ensure independency of refractive errors. We performed a study with healthy subjects to test this independency. LEW was tested in 20 healthy subjects (aged between 21 and 60 years) with hyperopia, myopia, astigmatism and/or presbyopia. Subjects underwent standardized visual acuity (VA) measurements (ETDRS) without any correction, with LEW and with best correction. We found no significant correlation between refraction and VA while using LEW in linear regression (r=0.17). Still, younger participants performed better in terms of VA with the device compared to older participants despite no differences in BCVA (p<0.01). The achievable VA with LEW was in general reduced compared to uncorrected VA (0.50 vs 0.40 logMAR). Only myopic subjects reached a significantly higher VA using LEW (p<0.001). Presbyopic subjects showed enhanced near VA (0.25 logMAR) by reading at 15cm with LEW without any further necessary refractive correction. Nearly all patients (80%) showed stereopsis without need for additional adjustments. Our investigation could verify the independence of LEW of refractive errors. Therefore, the technology seems to be especially useful in patients with untreatable corneal conditions, e.g., after corneal burns, to achieve higher VA since the thin laser should penetrate even corneal opacities with less scattering.",2020,"Clinical ophthalmology (Auckland, N.Z.)",,LIKELY_ADVANCE_CONFIRM,,,,,,,,,
5982,TA-24,33297531,10.3390/s20236997,A Bronchoscope Localization Method Using an Augmented Reality Co-Display of Real Bronchoscopy Images with a Virtual 3D Bronchial Tree Model.,"In recent years, Image-Guide Navigation Systems (IGNS) have become an important tool for various surgical operations. In the preparations for planning a surgical path, verifying the location of a lesion, etc., it is an essential tool; in operations such as bronchoscopy, which is the procedure for the inspection and retrieval of diagnostic samples for lung-related surgeries, it is even more so. The IGNS for bronchoscopy uses 2D-based images from a flexible bronchoscope to navigate through the bronchial airways in order to reach the targeted location. In this procedure, the accurate localization of the scope becomes very important, because incorrect information could potentially cause a surgeon to mistakenly direct the scope down the wrong passage. It would be a great aid for the surgeon to be able to visualize the bronchoscope images alongside the current location of the bronchoscope. For this purpose, in this paper, we propose a novel registration method to match real bronchoscopy images with virtual bronchoscope images from a 3D bronchial tree model built using computed tomography (CT) image stacks in order to obtain the current 3D position of the bronchoscope in the airways. This method is a combination of a novel position-tracking method using the current frames from the bronchoscope and the verification of the position of the real bronchoscope image against an image extracted from the 3D model using an adaptive-network-based fuzzy inference system (ANFIS)-based image matching method. Experimental results show that the proposed method performs better than the other methods used in the comparison.",2020,"Sensors (Basel, Switzerland)",,LIKELY_ADVANCE_CONFIRM,,,,,,,,,
5983,TA-24,33292807,10.1186/s41077-020-00151-z,A systematic review and meta-analysis of the effectiveness of virtual reality as an exercise intervention for individuals with a respiratory condition.,"Respiratory diseases impose an immense health burden worldwide and affect millions of people on a global scale. Reduction of exercise tolerance poses a huge health issue affecting patients with a respiratory condition, which is caused by skeletal muscle dysfunction and weakness and by lung function impairment. Virtual reality systems are emerging technologies that have drawn scientists' attention to its potential benefit for rehabilitation. A systematic review and meta-analysis following the PRISMA guidelines was performed to explore the effectiveness of virtual reality gaming and exergaming-based interventions on individuals with respiratory conditions. Differences between the virtual reality intervention and traditional exercise rehabilitation revealed weak to insignificant effect size for mean heart rate (standardized mean difference, SMD = 0.17; p = 0.002), peak heart rate (SMD = 0.36; p = 0.27), dyspnea (SMD = 0.32; p = 0.13), and oxygen saturation SpO2 (SMD = 0.26; p = 0.096). In addition, other measures were collected, however, to the heterogeneity of reporting, could not be included in the meta-analysis. These included adherence, enjoyment, and drop-out rates. The use of VRS as an intervention can provide options for rehabilitation, given their moderate effect for dyspnea and equivalent to weak effect for mean and maximum peak HR and SpO2. However, the use of virtual reality systems, as an intervention, needs further study since the literature lacks standardized methods to accurately analyze the effects of virtual reality for individuals with respiratory conditions, especially for duration, virtual reality system type, adherence, adverse effects, feasibility, enjoyment, and quality of life.",2020,"Advances in simulation (London, England)",SECONDARY_OR_COMMENTARY_TITLE,LIKELY_EXCLUDE_CONFIRM,E-SECONDARY,,,,,,,,
5984,TA-24,33290332,10.1097/SCS.0000000000007317,The Potential Value of Mixed Reality in Neurosurgery.,"Mixed reality (MR) merges virtual information into the real world through computer technology, in which the real environment and virtual objects can get spliced in the same image or space at real time so that it can effectively express and integrate the virtual and real worlds and allow high feedback interaction. This technology combines the many advantages of virtual realityand augmented reality, and has a promising future in the medical field. At present, MR technology is just at the beginning stage in the medical field in the world, whose application in neurosurgery is also rarely reported. Given this, the authors described the research progress of MR in neurosurgery including preoperative planning and intraoperative guidance, doctor-patient communication, teaching rounds, physician training, and so on.",2021,The Journal of craniofacial surgery,,LIKELY_ADVANCE_CONFIRM,,,,,,,,,
5985,TA-24,33290225,10.1109/TVCG.2020.3043324,New Media and Space: An Empirical Study of Learning and Enjoyment Through Museum Hybrid Space.,"A museum hybrid space combines physical artifacts co-located with virtual and augmented reality displays. Although the technology exists to provide museums with hybrid space, there are no empirical studies on effectiveness of the museum hybrid space in terms of learning and enjoyment. This article takes an experimental approach and measures the enjoyment and learning (dependent variables) of participants in response to selected environments (independent variables) including a traditional environment (based on photos and labels), a video-enhanced environment (based on projected video clips), and a VR-enhanced environment (based on video game). The main outcome of this article is demonstrating that the use of VR technology and the resulting hybrid space (i.e., VR-enhanced environment) results in novel museum experiences that provide greater impacts on audience in terms of learning and enjoyment.",2022,IEEE transactions on visualization and computer graphics,,LIKELY_ADVANCE_CONFIRM,,,,,,,,,
5986,TA-24,33289695,10.1556/2006.2020.00094,Addressing taxonomic challenges for Internet Use Disorders in light of changing technologies and diagnostic classifications. •,"Drawing a distinction between mobile and non-mobile Internet Use Disorders is an important step to clarify blurred current concepts in the field of behavioral addictions. Similarly, future technological advances related to virtual or augmented reality, artificial intelligence or the Internet of things might lead to further modifications or new taxonomies. Moreover, diagnostic specifiers like offline/online might change with technological advances and trends of use. An important taxonomical approach might be to look for common structural characteristics of games and applications that will be amenable to new technical developments. Diagnostic and taxonomical approaches based on empirical evidence are important goals in the study of behavioral addictions.",2020,Journal of behavioral addictions,,LIKELY_ADVANCE_CONFIRM,,,,,,,,,
5987,TA-24,33284911,10.11607/ijp.6835,Augmented Reality for Interactive Visualization of 3D Maxillofacial Prosthetic Data.,"To introduce an augmented reality (AR) application for students, patients, and practitioners to use to visualize a maxillectomy defect, the associated obturator prosthesis, and the eventual effects on the patient's facial appearance. Various 3D virtual models related to maxillectomy defects and their prosthetic rehabilitations were used to illustrate the handheld AR application. The AR ""scene"" was created using Vuforia and Unity3D software. Within this scene, 3D virtual models were linked to the target image by detecting a symbol track marker. The final file was saved as an installable application and exported for Android smart devices. The target image containing the maxillectomy defect and the prosthetic rehabilitation were successfully visualized interactively in 3D mode using the handheld AR maxillofacial prosthetic application. An AR application for visualizing maxillofacial prosthetic data could interestingly be developed as a pedagogic tool to explain prosthetic treatments.",2020,The International journal of prosthodontics,,LIKELY_ADVANCE_CONFIRM,,,,,,,,,
5988,TA-24,33284781,10.2196/25117,COVID-19 as 'Game Changer' for the Physical Activity and Mental Well-Being of Augmented Reality Game Players During the Pandemic: Mixed Methods Survey Study.,"Location-based augmented reality (AR) games, such as Pokémon GO and Harry Potter: Wizards Unite, have been shown to have a beneficial impact on the physical activity, social connectedness, and mental health of their players. In March 2020, global social distancing measures related to the COVID-19 pandemic prompted the AR games developer Niantic Inc to implement several changes to ensure continued player engagement with Pokémon GO and Harry Potter: Wizards Unite. We sought to examine how the physical and mental well-being of players of these games were affected during the unprecedented COVID-19 restriction period as well as how their video game engagement was affected. The aims of this study were to examine the impact of COVID-19-related social restrictions on the physical and mental well-being of AR game players; to examine the impact of COVID-19-related social restrictions on the use of video games and motivations for their use; and to explore the potential role of AR games (and video games in general) in supporting well-being during COVID-19-related social restrictions. A mixed methods web-based self-reported survey was conducted in May 2020, during which COVID-19-related social restrictions were enforced in many countries. Participants were recruited on the web via four subreddits dedicated to Pokémon GO or Harry Potter: Wizards Unite. Data collected included quantitative data on demographics, time spent playing video games, physical activity, and mental health; qualitative data included motivations to play and the impact of video games on mental health during COVID-19 lockdown. We report results for 2004 participants (1153/1960 male, 58.8%, average age 30.5 years). Self-reported physical activity during COVID-19-related social restrictions significantly decreased from 7.50 hours per week on average (SD 11.12) to 6.50 hours (SD 7.81) (P<.001). More than half of the participants reported poor mental health (925/1766, 52.4%; raw World Health Organization-5 Well-Being Index score <13). Female gender, younger age, and reduced exercise were significant predictors of poor mental health. Participants reported a significant increase in video game play time from 16.38 hours per week on average (SD 19.12) to 20.82 hours (SD 17.49) (P<.001). Approximately three quarters of the participants (n=1102/1427, 77.2%) reported that playing video games had been beneficial to their mental health. The changes made to Pokémon GO and Harry Potter: Wizards Unite were very well received by players, and the players continued to use these games while exercising and to maintain social connection. In addition to seeking an escape during the pandemic and as a form of entertainment, participants reported that they used video games for emotional coping and to lower stress, relax, and alleviate mental health conditions. AR games have the potential to promote physical and mental health during the COVID-19 pandemic. Used by populations under isolation and distress, these games can improve physical and mental health by providing virtual socialization, sustained exercise, temporal routine, and mental structure. Further research is needed to explore the potential of AR games as digital behavioral interventions to maintain human well-being in the wider population.",2020,Journal of medical Internet research,,LIKELY_ADVANCE_CONFIRM,,,,,,,,,
5989,TA-24,33281659,10.3389/fpsyg.2020.554706,Reducing Cognitive Load and Improving Warfighter Problem Solving With Intelligent Virtual Assistants.,"Recent times have seen increasing interest in conversational assistants (e.g., Amazon Alexa) designed to help users in their daily tasks. In military settings, it is critical to design assistants that are, simultaneously, helpful and able to minimize the user's cognitive load. Here, we show that embodiment plays a key role in achieving that goal. We present an experiment where participants engaged in an augmented reality version of the relatively well-known desert survival task. Participants were paired with a voice assistant, an embodied assistant, or no assistant. The assistants made suggestions verbally throughout the task, whereas the embodied assistant further used gestures and emotion to communicate with the user. Our results indicate that both assistant conditions led to higher performance over the no assistant condition, but the embodied assistant achieved this with less cognitive burden on the decision maker than the voice assistant, which is a novel contribution. We discuss implications for the design of intelligent collaborative systems for the warfighter.",2020,Frontiers in psychology,,LIKELY_ADVANCE_CONFIRM,,,,,,,,,
5990,TA-24,33277653,10.1093/ntr/ntaa259,Testing Augmented Reality for Eliciting Cue-Provoked Urges to Smoke: Toward Moving Cue-Exposure Into the Real World.,"Cue exposure for extinguishing conditioned urges to smoking cues has been promising in the laboratory, but difficult to implement in natural environments. The recent availability of augmented reality (AR) via smartphone provides an opportunity to overcome this limitation. Testing the ability of AR to elicit cue-provoked urges to smoke (ie, cue reactivity [CR]) is the first step to systemically testing the efficacy of AR for cue exposure therapy. To test CR to smoking-related AR cues compared to neutral AR cues, and compared to in vivo cues. A 2 × 2 within-subject design comparing cue content (smoking vs. neutral) and presentation modality (AR vs. in vivo) on urge response. Seventeen smokers viewed six smoking-related and six neutral cues via AR smartphone app and also six smoking and six neutral in vivo cues. Participants rated their urge to smoke and reality/co-existence of the cue. Average urge to smoke was higher following smoking-related AR images (Median = 7.50) than neutral images (Median = 3.33) (Z = -3.44; p = .001; d = 1.37). Similarly, average urge ratings for in vivo smoking-related cues (Median = 8.12) were higher than for neutral cues (Median = 2.12) (Z = -3.44; p = .001; d = 1.64). Also, greater CR was observed for in vivo cues than for AR cues (Z = -2.67, p = .008; d = .36). AR cues were generally perceived as being realistic and well-integrated. CR was demonstrated with very large effect sizes in response to AR smoking cues, although slightly smaller than with in vivo smoking cues. This satisfies the first criterion for the potential use of AR for exposure therapy. This study introduces AR as a novel modality for presenting smoking-related stimuli to provoke cue reactivity, and ultimately to conduct extinction-based therapy. AR cues presented via a smartphone have the advantage over other modes of cue presentation (pictures, virtual reality, in vivo, etc.) of being easily transportable, affordable, and realistic, and they can be inserted in a smokers' natural environment rather than being limited to laboratory and clinic settings. These AR features may overcome the generalizability barriers of other methods, thus increasing clinical utility for cue exposure therapies.",2021,Nicotine & tobacco research : official journal of the Society for Research on Nicotine and Tobacco,,LIKELY_ADVANCE_CONFIRM,,,,,,,,,
5991,TA-24,33276613,10.3390/ma13235498,Thermal Properties of Bayfol® HX200 Photopolymer.,"Bayfol® HX200 photopolymer is a holographic recording material used in a variety of applications such as a holographic combiner for a heads-up display and augmented reality, dispersive grating for spectrometers, and notch filters for Raman spectroscopy. For these systems, the thermal properties of the holographic material are extremely important to consider since temperature can affect the diffraction efficiency of the hologram as well as its spectral bandwidth and diffraction angle. These thermal variations are a consequence of the distance and geometry change of the diffraction Bragg planes recorded inside the material. Because temperatures can vary by a large margin in industrial applications (e.g., automotive industry standards require withstanding temperature up to 125°C), it is also essential to know at which temperature the material starts to be affected by permanent damage if the temperature is raised too high. Using thermogravimetric analysis, as well as spectral measurement on samples with and without hologram, we measured that the Bayfol® HX200 material does not suffer from any permanent thermal degradation below 160°C. From that point, a further increase in temperature induces a decrease in transmission throughout the entire visible region of the spectrum, leading to a reduced transmission for an original 82% down to 27% (including Fresnel reflection). We measured the refractive index change over the temperature range from 24°C to 100°C. Linear interpolation give a slope 4.5×10-4K-1 for unexposed film, with the extrapolated refractive index at 0°C equal to n0=1.51. This refractive index change decreases to 3×10-4K-1 when the material is fully cured with UV light, with a 0°C refractive index equal to n0=1.495. Spectral properties of a reflection hologram recorded at 532 nm was measured from 23°C to 171°C. A consistent 10 nm spectral shift increase was observed for the diffraction peak wavelength when the temperature reaches 171°C. From these spectral measurements, we calculated a coefficient of thermal expansion (CTE) of 384×10-6K-1 by using the coupled wave theory in order to determine the increase of the Bragg plane spacing with temperature.",2020,"Materials (Basel, Switzerland)",,LIKELY_ADVANCE_CONFIRM,,,,,,,,,
5992,TA-24,33275930,10.1016/j.athoracsur.2020.10.037,Augmented Reality and 3-Dimensional Printing Technologies for Guiding Complex Thoracoscopic Surgery.,"Virtual 3-dimentional models of the lungs have been used for guiding thoracoscopic procedures including segmentectomy and subsegmentectomy. However, the virtual models displayed on the screen were not tangible. A printed model with assistance of augmented reality (AR) might add value to guide surgical performance. We wanted to investigate whether the combined technology with patient-specific printed models and the AR display could offer better surgical outcomes than the on-screen models in complex thoracoscopic surgery. A total of 142 patients with early lung cancers undertaking thoracoscopic segmentectomy or subsegmentectomy. The 3-dimentional lung models were either displayed on screen (n = 87) or printed out and displayed using AR (n = 55) in the operating room. A propensity score-matching analysis was used to compare the surgical outcomes between the 2 groups. The surgical outcomes data before and after propensity score matching showed 3-dimensional printing with AR had a shorter operating time (P = .001 and .001, respectively), less intraoperative blood loss (P = .024 and .006, respectively), and shorter length of hospital stay (P = .001 and .001, respectively) than the on-screen group. The complications and operating success rate (P = .846 and >.999, respectively) and (P = .567 and >.999, respectively) were not significantly different. Surgeons gave a higher score in the tangible group than in the on-screen group (P = .001 vs .001, respectively). The printed 3-dimentional models enabled surgeons to see and touch interior structures of the lung. The AR provided instant guidance to the surgery in the operating room. The combination of these technologies produced positive values in guiding laparoscopic lung surgery.",2021,The Annals of thoracic surgery,,LIKELY_ADVANCE_CONFIRM,,,,,,,,,
5993,TA-24,33261944,10.1016/j.cmpb.2020.105854,"Augmented Reality for Head and Neck Carcinoma Imaging: Description and Feasibility of an Instant Calibration, Markerless Approach.","Augmented reality (AR) can help to overcome current limitations in computer assisted head and neck surgery by granting ""X-ray vision"" to physicians. Still, the acceptance of AR in clinical applications is limited by technical and clinical challenges. We aim to demonstrate the benefit of a marker-free, instant calibration AR system for head and neck cancer imaging, which we hypothesize to be acceptable and practical for clinical use. We implemented a novel AR system for visualization of medical image data registered with the head or face of the patient prior to intervention. Our system allows the localization of head and neck carcinoma in relation to the outer anatomy. Our system does not require markers or stationary infrastructure, provides instant calibration and allows 2D and 3D multi-modal visualization for head and neck surgery planning via an AR head-mounted display. We evaluated our system in a pre-clinical user study with eleven medical experts. Medical experts rated our application with a system usability scale score of 74.8 ± 15.9, which signifies above average, good usability and clinical acceptance. An average of 12.7 ± 6.6 minutes of training time was needed by physicians, before they were able to navigate the application without assistance. Our AR system is characterized by a slim and easy setup, short training time and high usability and acceptance. Therefore, it presents a promising, novel tool for visualizing head and neck cancer imaging and pre-surgical localization of target structures.",2021,Computer methods and programs in biomedicine,,LIKELY_ADVANCE_CONFIRM,,,,,,,,,
5994,TA-24,33261744,10.1016/j.jvir.2020.07.025,Feasibility of Augmented Reality-Guided Transjugular Intrahepatic Portosystemic Shunt.,"To investigate an augmented reality (AR)-guided endovascular puncture to facilitate successful transjugular intrahepatic portosystemic shunt (TIPS). An AR navigation system for TIPS was designed. Three-dimensional (3D) liver models including portal and hepatic vein anatomy were extracted from preoperative CT images. The 3D models, intraoperative subjects, and electromagnetic tracking information of the puncture needles were integrated through the system calibration. In the AR head-mounted display, the 3D models were overlaid on the subjects, which was a liver phantom in the first phase and live beagle dogs in the second phase. One life-size liver phantom and 9 beagle dogs were used in the experiments. Imaging after puncture was performed to validate whether the needle tip accessed the target hepatic vein successfully. Endovascular punctures of the portal vein of the liver phantom were repeated 30 times under the guidance of the AR system, and the puncture needle successfully accessed the target vein during each attempt. In the experiments of live canine subjects, the punctures were successful in 2 attempts in 7 beagle dogs and in 1 attempt in the remaining 2 dogs. The puncture time of needle from hepatic vein to portal vein was 5-10 s in the phantom experiments and 10-30 s in the canine experiments. The feasibility of AR-based navigation facilitating accurate and successful portal vein access in preclinical models of TIPS was validated.",2020,Journal of vascular and interventional radiology : JVIR,,LIKELY_ADVANCE_CONFIRM,,,,,,,,,
5995,TA-24,33251721,10.1111/papr.12971,Using Visual Feedback Manipulation in Virtual Reality to Influence Pain-Free Range of Motion in People with Nonspecific Neck Pain.,"Based on associative learning theories it is hypothesized that pain might be a conditioned response. In people with musculoskeletal pain, the occurrence of movement-induced pain might be a protective response, influenced by visual cues suggesting that the person is approaching a painful position. This study aimed to determine (1) whether the pain-free range of motion (ROM) increased and decreased when visual feedback understated or overstated true rotation in people with neck pain and (2) whether this effect was more pronounced if pain was chronic. People with subacute and chronic nonspecific neck pain wore a VR-headset and rotated their head to the left and right until the onset of pain. Visual feedback about the amount of movement was either equal, 20% less, or 20% greater than their actual rotation. Maximal pain-free ROM was measured using the VR-headset sensors. Data were analyzed using a mixed-design ANOVA. There was no effect of visual feedback manipulation on pain-free ROM (P = 0.13) and no interaction effect between the visual feedback condition and duration of pain (P = 0.86). The inability to influence pain-free ROM by manipulating visual feedback in people with subacute or chronic neck pain does not support associative learning theories for the perception of neck pain.",2021,Pain practice : the official journal of World Institute of Pain,,PRIORITY_VERIFY,,,,,,,,,
5996,TA-24,33250281,10.1016/j.cmpb.2020.105836,"ARmedViewer, an augmented-reality-based fast 3D reslicer for medical image data on mobile devices: A feasibility study.","Medical images obtained by methods such as magnetic resonance imaging (MRI) or computed tomography (CT) are typically displayed as a stack of 2D slices, comprising a 3D volume. Often, the anatomy of interest does not fall neatly into the slice plane but rather extends obliquely through several slices. Reformatting the data to show the anatomy in one slice in conventional medical imaging software can require expertise and time. In this work, we present ARmedViewer, a medical image viewing app designed for mobile devices that uses augmented reality technology to display medical image data. An arbitrary plane for displaying the data can be chosen quickly and intuitively by moving the mobile device. The app ARmedViewer, compiled for an iOS device, was designed to allow a user to easily select from a list of 3D image datasets consisting of header information and image data. The user decides where to place the data, which can be overlaid on actual human anatomy. After loading the dataset, the user can move and rotate the data as desired. 15 users compared the user experience of the app to a common image viewer by answering two user surveys each, one custom and one standardized. The utility of the app was also tested by having two users find a plane through a 3D dataset that displayed 3 randomly placed lesions. This operation was timed and compared between the app and a standard medical image viewer. ARmedViewer was successfully developed and run on an iPhone XS. User interfaces for selecting, placing, moving, reslicing, and displaying the data were operated with ease, even by naïve users. The custom user survey indicated that freely selecting a slice through the data was significantly more intuitive and easier using the app than using a conventional image viewer on a computer workstation, and changing the viewing angle was also significantly more intuitive. The standardized survey indicated a significantly better user experience for the app in several categories, and never significantly worse. The timed reslicing experiments demonstrated the app being faster than the standard image viewer by an average factor of 9. The newly developed ARmedViewer is a portable software tool for easily displaying 3D medical image data overlaid on human anatomy, allowing for easy choice of the viewing plane by intuitively moving the mobile device.",2021,Computer methods and programs in biomedicine,,LIKELY_ADVANCE_CONFIRM,,,,,,,,,
5997,TA-24,33246335,10.1093/eurheartj/ehaa961,Mixed reality navigation of a systemic venous baffle obstruction: unravelling the percutaneous approach in atrial switch operation.,,2021,European heart journal,ABSTRACT_MISSING,LIKELY_ADVANCE_CONFIRM,,,,,,,,,
5998,TA-24,33245695,10.1109/TVCG.2020.3041100,Real-Time Shadow Detection From Live Outdoor Videos for Augmented Reality.,"Simulating shadow interactions between real and virtual objects is important for augmented reality (AR), in which accurately and efficiently detecting real shadows from live videos is a crucial step. Most of the existing methods are capable of processing only scenes captured under a fixed viewpoint. In contrast, this article proposes a new framework for shadow detection in live outdoor videos captured under moving viewpoints. The framework splits each frame into a tracked region, which is the region tracked from the previous video frame through optical flow analysis, and an emerging region, which is newly introduced into the scene due to the moving viewpoint. The framework subsequently extracts features based on the intensity profiles surrounding the boundaries of candidate shadow regions. These features are then utilized to both correct erroneous shadow boundaries for the tracked region and to detect shadow boundaries for the emerging region by a Bayesian learning module. To remove spurious shadows, spatial layout constraints are further considered for emerging regions. The experimental results demonstrate that the proposed framework outperforms the state-of-the-art shadow tracking and detection algorithms on a variety of challenging cases in real time, including shadows on backgrounds with complex textures, nonplanar shadows, fast-moving shadows with changing typologies, and shadows cast by nonrigid objects. The quantitative experiments show that our method outperforms the best existing method, achieving a 33.3% increase in the average Fmeasure on a self-collected database. Coupled with an image-based shadow-casting method, the proposed framework generates realistic shadow interaction results. This capability will be particularly beneficial for supporting AR applications.",2022,IEEE transactions on visualization and computer graphics,,LIKELY_ADVANCE_CONFIRM,,,,,,,,,
5999,TA-24,33237612,10.1111/ejn.15061,Bayesian models of human navigation behaviour in an augmented reality audiomaze.,"We investigated Bayesian modelling of human whole-body motion capture data recorded during an exploratory real-space navigation task in an ""Audiomaze"" environment (see the companion paper by Miyakoshi et al. in the same volume) to study the effect of map learning on navigation behaviour. There were three models, a feedback-only model (no map learning), a map resetting model (single-trial limited map learning), and a map updating model (map learning accumulated across three trials). The estimated behavioural variables included step sizes and turning angles. Results showed that the estimated step sizes were constantly more accurate using the map learning models than the feedback-only model. The same effect was confirmed for turning angle estimates, but only for data from the third trial. We interpreted these results as Bayesian evidence of human map learning on navigation behaviour. Furthermore, separating the participants into groups of egocentric and allocentric navigators revealed an advantage for the map updating model in estimating step sizes, but only for the allocentric navigators. This interaction indicated that the allocentric navigators may take more advantage of map learning than do egocentric navigators. We discuss relationships of these results to simultaneous localization and mapping (SLAM) problem.",2021,The European journal of neuroscience,,LIKELY_ADVANCE_CONFIRM,,,,,,,,,
6000,TA-24,33235252,10.1038/s41598-020-77591-0,Tactile display of softness on fingertip.,"Multi-sensory human-machine interfaces are currently challenged by the lack of effective, comfortable and affordable actuation technologies for wearable tactile displays of softness in virtual- or augmented-reality environments. They should provide fingertips with tactile feedback mimicking the tactual feeling perceived while touching soft objects, for applications like virtual reality-based training, tele-rehabilitation, tele-manipulation, tele-presence, etc. Displaying a virtual softness on a fingertip requires the application of quasi-static (non-vibratory) forces via a deformable surface, to control both the contact area and the indentation depth of the skin. The state of the art does not offer wearable devices that can combine simple structure, low weight, low size and electrically safe operation. As a result, wearable softness displays are still missing for real-life uses. Here, we present a technology based on fingertip-mounted small deformable chambers, which weight about 3 g and are pneumatically driven by a compact and cost-effective unit. Weighting less than 400 g, the driving unit is easily portable and can be digitally controlled to stimulate up to three fingertips independently. Psychophysical tests proved ability to generate useful perceptions, with a Just Noticeable Difference characterised by a Weber constant of 0.15. The system was made of off-the-shelf materials and components, without any special manufacturing process, and is fully disclosed, providing schematics and lists of components. This was aimed at making it easily and freely usable, so as to turn tactile displays of softness on fingertips into a technology 'at fingertips'.",2020,Scientific reports,,PRIORITY_VERIFY,,,,,,,,,
