world_id,evidence_id,study_index,context,metric_semantics,latent_effect,observed_effect,missing_flag
1,1,1,CTX_B,M1,1,1.0997,0
1,2,2,CTX_A,M1,1,0.8114,0
1,3,3,CTX_B,M1,1,0.9221,0
1,4,4,CTX_B,M1,1,1.2378,0
1,5,5,CTX_A,M1,1,0.7256,0
1,6,6,CTX_B,M1,1,1.0667,0
1,7,7,CTX_B,M1,1,0.8188,0
1,8,8,CTX_B,M1,1,0.9935,0
1,9,9,CTX_B,M1,1,1.0830,0
1,10,10,CTX_B,M1,1,1.1021,0
1,11,11,CTX_A,M1,1,1.1868,0
1,12,12,CTX_A,M1,1,1.3051,0
1,13,13,CTX_A,M1,1,1.2473,0
1,14,14,CTX_A,M1,1,1.1302,0
1,15,15,CTX_A,M1,1,0.9244,0
1,16,16,CTX_B,M1,1,0.7619,1
1,17,17,CTX_B,M1,1,0.6983,0
1,18,18,CTX_A,M1,1,0.8971,0
1,19,19,CTX_B,M1,1,0.6664,0
1,20,20,CTX_A,M1,1,1.0686,1
1,21,21,CTX_B,M1,1,1.1027,0
1,22,22,CTX_B,M1,1,1.0586,0
1,23,23,CTX_B,M1,1,0.7275,0
1,24,24,CTX_B,M1,1,0.7933,0
2,25,1,CTX_B,M1,1,0.9089,0
2,26,2,CTX_A,M1,1,0.7855,0
2,27,3,CTX_B,M1,1,0.9507,0
2,28,4,CTX_B,M1,1,0.8232,0
2,29,5,CTX_A,M1,1,1.3592,0
2,30,6,CTX_A,M1,1,0.5944,0
2,31,7,CTX_B,M1,1,1.2587,0
2,32,8,CTX_A,M1,1,0.7440,0
2,33,9,CTX_A,M1,1,1.2884,0
2,34,10,CTX_B,M1,1,0.6346,1
2,35,11,CTX_A,M1,1,1.0622,1
2,36,12,CTX_B,M1,1,0.8922,0
2,37,13,CTX_A,M1,1,1.0302,0
2,38,14,CTX_B,M1,1,0.7138,0
2,39,15,CTX_A,M1,1,0.7081,0
2,40,16,CTX_B,M1,1,0.7277,0
2,41,17,CTX_B,M1,1,0.9949,0
2,42,18,CTX_A,M1,1,0.7605,0
2,43,19,CTX_B,M1,1,0.8547,0
2,44,20,CTX_B,M1,1,1.3301,0
2,45,21,CTX_A,M1,1,0.7287,0
2,46,22,CTX_B,M1,1,1.0776,0
2,47,23,CTX_B,M1,1,0.7186,0
2,48,24,CTX_B,M1,1,1.3339,0
2,49,25,CTX_B,M1,1,1.0545,0
2,50,26,CTX_B,M1,1,0.7885,0
2,51,27,CTX_B,M1,1,1.3480,0
3,52,1,CTX_B,M1,1,0.6462,0
3,53,2,CTX_B,M1,1,0.7639,0
3,54,3,CTX_B,M1,1,0.9943,0
3,55,4,CTX_A,M1,1,1.2255,0
3,56,5,CTX_A,M1,1,1.2529,1
3,57,6,CTX_B,M1,1,0.9314,0
3,58,7,CTX_B,M1,1,0.8863,0
3,59,8,CTX_A,M1,1,1.3845,0
3,60,9,CTX_B,M1,1,0.5834,0
3,61,10,CTX_A,M1,1,0.9754,0
3,62,11,CTX_A,M1,1,0.8824,0
3,63,12,CTX_B,M1,1,1.2921,0
3,64,13,CTX_B,M1,1,0.7221,0
3,65,14,CTX_A,M1,1,1.1211,0
3,66,15,CTX_A,M1,1,1.3979,0
3,67,16,CTX_A,M1,1,0.6985,0
3,68,17,CTX_B,M1,1,1.4133,0
3,69,18,CTX_B,M1,1,0.5846,0
3,70,19,CTX_A,M1,1,1.1302,0
3,71,20,CTX_A,M1,1,0.7014,1
3,72,21,CTX_A,M1,1,1.1948,0
3,73,22,CTX_A,M1,1,1.0990,1
3,74,23,CTX_B,M1,1,0.7257,0
3,75,24,CTX_A,M1,1,1.0983,0
3,76,25,CTX_B,M1,1,1.3269,0
3,77,26,CTX_A,M1,1,0.5567,0
3,78,27,CTX_A,M1,1,0.7089,0
3,79,28,CTX_A,M1,1,0.6064,0
3,80,29,CTX_A,M1,1,0.8687,0
4,81,1,CTX_A,M1,1,1.2360,0
4,82,2,CTX_A,M1,1,0.8602,0
4,83,3,CTX_B,M1,1,1.0293,1
4,84,4,CTX_A,M1,1,0.7999,0
4,85,5,CTX_A,M1,1,1.0540,0
4,86,6,CTX_A,M1,1,1.2133,0
4,87,7,CTX_B,M1,1,1.2809,0
4,88,8,CTX_B,M1,1,1.0595,0
4,89,9,CTX_A,M1,1,0.8759,0
4,90,10,CTX_A,M1,1,1.2392,0
4,91,11,CTX_A,M1,1,0.8052,0
4,92,12,CTX_A,M1,1,0.8330,0
4,93,13,CTX_B,M1,1,1.2423,0
4,94,14,CTX_A,M1,1,0.7488,0
4,95,15,CTX_A,M1,1,1.1030,0
4,96,16,CTX_A,M1,1,0.8202,0
4,97,17,CTX_B,M1,1,0.9103,0
4,98,18,CTX_B,M1,1,1.2679,0
4,99,19,CTX_B,M1,1,1.2720,0
4,100,20,CTX_A,M1,1,0.9943,0
4,101,21,CTX_A,M1,1,0.8310,1
4,102,22,CTX_B,M1,1,1.0678,0
4,103,23,CTX_B,M1,1,0.8613,0
4,104,24,CTX_A,M1,1,0.8773,0
4,105,25,CTX_B,M1,1,0.7570,1
4,106,26,CTX_A,M1,1,1.2120,0
4,107,27,CTX_B,M1,1,0.9905,0
4,108,28,CTX_B,M1,1,1.0474,0
4,109,29,CTX_B,M1,1,1.1763,0
4,110,30,CTX_A,M1,1,0.9344,0
4,111,31,CTX_B,M1,1,1.1085,0
5,112,1,CTX_A,M1,1,1.0981,0
5,113,2,CTX_B,M1,1,0.8397,0
5,114,3,CTX_B,M1,1,1.0765,1
5,115,4,CTX_B,M1,1,1.0901,1
5,116,5,CTX_A,M1,1,0.9363,0
5,117,6,CTX_B,M1,1,0.8203,0
5,118,7,CTX_B,M1,1,1.0217,0
5,119,8,CTX_A,M1,1,0.8474,0
5,120,9,CTX_A,M1,1,1.0187,0
5,121,10,CTX_A,M1,1,0.8500,0
5,122,11,CTX_A,M1,1,1.3699,0
5,123,12,CTX_A,M1,1,1.1197,0
5,124,13,CTX_A,M1,1,1.0545,0
5,125,14,CTX_B,M1,1,1.0456,0
5,126,15,CTX_A,M1,1,0.9440,0
5,127,16,CTX_A,M1,1,0.7921,0
5,128,17,CTX_B,M1,1,1.2157,0
5,129,18,CTX_A,M1,1,1.2243,0
5,130,19,CTX_A,M1,1,0.8104,0
5,131,20,CTX_B,M1,1,1.2181,0
5,132,21,CTX_A,M1,1,1.1903,0
5,133,22,CTX_B,M1,1,1.0897,0
5,134,23,CTX_A,M1,1,0.8721,0
5,135,24,CTX_A,M1,1,0.6219,0
5,136,25,CTX_A,M1,1,0.9057,0
5,137,26,CTX_A,M1,1,1.1085,0
5,138,27,CTX_A,M1,1,1.2030,0
5,139,28,CTX_A,M1,1,0.6651,1
5,140,29,CTX_B,M1,1,0.7782,0
5,141,30,CTX_A,M1,1,0.7514,0
5,142,31,CTX_A,M1,1,1.1521,0
5,143,32,CTX_A,M1,1,0.7380,0
5,144,33,CTX_A,M1,1,1.0528,0
6,145,1,CTX_A,M1,1,0.8883,0
6,146,2,CTX_B,M1,1,0.8235,0
6,147,3,CTX_B,M1,1,1.1388,0
6,148,4,CTX_B,M1,1,0.6068,0
6,149,5,CTX_A,M1,1,0.7699,0
6,150,6,CTX_A,M1,1,1.1613,0
6,151,7,CTX_B,M1,1,0.6416,0
6,152,8,CTX_A,M1,1,0.5510,0
6,153,9,CTX_B,M1,1,1.2256,0
6,154,10,CTX_B,M1,1,1.1938,0
6,155,11,CTX_A,M1,1,1.2633,1
6,156,12,CTX_A,M1,1,0.6289,0
6,157,13,CTX_B,M1,1,0.7757,0
6,158,14,CTX_A,M1,1,0.5758,0
6,159,15,CTX_A,M1,1,0.7168,0
6,160,16,CTX_B,M1,1,0.7689,0
6,161,17,CTX_B,M1,1,0.7437,0
6,162,18,CTX_A,M1,1,1.1414,0
6,163,19,CTX_B,M1,1,1.0519,0
6,164,20,CTX_A,M1,1,0.6269,0
6,165,21,CTX_B,M1,1,0.7995,0
6,166,22,CTX_A,M1,1,1.1140,0
6,167,23,CTX_A,M1,1,0.8988,1
6,168,24,CTX_B,M1,1,1.1805,0
6,169,25,CTX_A,M1,1,1.1309,0
6,170,26,CTX_B,M1,1,0.9482,0
6,171,27,CTX_B,M1,1,0.5967,0
6,172,28,CTX_B,M1,1,1.0350,0
6,173,29,CTX_A,M1,1,1.1152,0
6,174,30,CTX_A,M1,1,1.4048,0
6,175,31,CTX_A,M1,1,1.2027,0
6,176,32,CTX_A,M1,1,0.9691,0
6,177,33,CTX_A,M1,1,0.7688,0
6,178,34,CTX_A,M1,1,0.7556,0
6,179,35,CTX_B,M1,1,1.0748,0
6,180,36,CTX_A,M1,1,0.8051,0
7,181,1,CTX_A,M1,1,0.6067,0
7,182,2,CTX_A,M1,1,0.8116,0
7,183,3,CTX_A,M1,1,1.2162,0
7,184,4,CTX_A,M1,1,1.0067,0
7,185,5,CTX_A,M1,1,0.5549,0
7,186,6,CTX_B,M1,1,0.5795,0
7,187,7,CTX_B,M1,1,1.1812,0
7,188,8,CTX_B,M1,1,1.2108,0
7,189,9,CTX_A,M1,1,1.4964,0
7,190,10,CTX_B,M1,1,0.6140,0
7,191,11,CTX_A,M1,1,1.1014,0
7,192,12,CTX_B,M1,1,1.0171,0
7,193,13,CTX_B,M1,1,1.4465,0
7,194,14,CTX_B,M1,1,0.9960,0
7,195,15,CTX_B,M1,1,1.4619,0
7,196,16,CTX_B,M1,1,0.7507,0
7,197,17,CTX_B,M1,1,1.1511,0
7,198,18,CTX_B,M1,1,1.0193,0
7,199,19,CTX_A,M1,1,1.3807,0
7,200,20,CTX_B,M1,1,0.8774,0
7,201,21,CTX_B,M1,1,1.3149,0
7,202,22,CTX_A,M1,1,1.1407,0
7,203,23,CTX_A,M1,1,0.9415,0
7,204,24,CTX_B,M1,1,0.8967,0
7,205,25,CTX_B,M1,1,1.4325,0
7,206,26,CTX_B,M1,1,0.7309,0
7,207,27,CTX_A,M1,1,0.8281,0
7,208,28,CTX_A,M1,1,0.5003,0
7,209,29,CTX_B,M1,1,0.5307,0
7,210,30,CTX_B,M1,1,1.2380,0
7,211,31,CTX_B,M1,1,1.2604,0
7,212,32,CTX_B,M1,1,1.2884,0
7,213,33,CTX_A,M1,1,1.4329,0
7,214,34,CTX_B,M1,1,0.6966,0
7,215,35,CTX_B,M1,1,1.4519,0
7,216,36,CTX_A,M1,1,1.3530,0
7,217,37,CTX_A,M1,1,0.6415,0
7,218,38,CTX_B,M1,1,1.1618,0
8,219,1,CTX_B,M1,1,1.2513,0
8,220,2,CTX_B,M1,1,0.8869,0
8,221,3,CTX_A,M1,1,1.1782,0
8,222,4,CTX_A,M1,1,1.3071,0
8,223,5,CTX_A,M1,1,1.2732,0
8,224,6,CTX_A,M1,1,1.0086,0
8,225,7,CTX_B,M1,1,0.8272,0
8,226,8,CTX_A,M1,1,0.9349,0
8,227,9,CTX_B,M1,1,0.7975,0
8,228,10,CTX_A,M1,1,1.0291,0
8,229,11,CTX_A,M1,1,0.9331,0
8,230,12,CTX_B,M1,1,1.3040,0
8,231,13,CTX_A,M1,1,1.0735,0
8,232,14,CTX_B,M1,1,1.3166,0
8,233,15,CTX_B,M1,1,1.1383,0
8,234,16,CTX_A,M1,1,0.8485,0
8,235,17,CTX_B,M1,1,0.7104,0
8,236,18,CTX_B,M1,1,0.9180,1
8,237,19,CTX_B,M1,1,0.7775,0
8,238,20,CTX_A,M1,1,1.1224,0
8,239,21,CTX_B,M1,1,0.8829,0
8,240,22,CTX_B,M1,1,1.0980,0
8,241,23,CTX_A,M1,1,1.0001,0
8,242,24,CTX_B,M1,1,0.7276,0
8,243,25,CTX_B,M1,1,0.7855,0
8,244,26,CTX_A,M1,1,0.6865,1
8,245,27,CTX_B,M1,1,1.0806,0
8,246,28,CTX_B,M1,1,1.0005,0
8,247,29,CTX_B,M1,1,0.9795,0
8,248,30,CTX_B,M1,1,1.0048,0
8,249,31,CTX_B,M1,1,1.1875,0
8,250,32,CTX_B,M1,1,0.7193,0
8,251,33,CTX_A,M1,1,1.0608,0
8,252,34,CTX_A,M1,1,0.7876,0
8,253,35,CTX_B,M1,1,0.8536,0
8,254,36,CTX_A,M1,1,0.9285,0
8,255,37,CTX_A,M1,1,0.7640,1
8,256,38,CTX_A,M1,1,1.2597,0
8,257,39,CTX_B,M1,1,0.9835,0
8,258,40,CTX_A,M1,1,0.8950,0
9,259,1,CTX_B,M1,1,1.0944,0
9,260,2,CTX_A,M1,1,0.8761,1
9,261,3,CTX_A,M1,1,1.2592,0
9,262,4,CTX_B,M1,1,0.9126,0
9,263,5,CTX_A,M1,1,1.1884,0
9,264,6,CTX_B,M1,1,1.3535,0
9,265,7,CTX_B,M1,1,1.2632,1
9,266,8,CTX_A,M1,1,0.6759,1
9,267,9,CTX_A,M1,1,0.9418,0
10,268,1,CTX_B,M1,1,0.8658,0
10,269,2,CTX_A,M1,1,0.8696,0
10,270,3,CTX_A,M1,1,1.3553,0
10,271,4,CTX_B,M1,1,1.3260,0
10,272,5,CTX_A,M1,1,1.0550,0
10,273,6,CTX_A,M1,1,0.8511,0
10,274,7,CTX_B,M1,1,0.8959,0
10,275,8,CTX_B,M1,1,1.2979,0
10,276,9,CTX_B,M1,1,1.1501,0
10,277,10,CTX_B,M1,1,0.8743,0
10,278,11,CTX_A,M1,1,0.5280,1
10,279,12,CTX_A,M1,1,1.2934,0
11,280,1,CTX_B,M1,1,0.7616,0
11,281,2,CTX_B,M1,1,0.9273,0
11,282,3,CTX_A,M1,1,1.2558,0
11,283,4,CTX_A,M1,1,0.8674,0
11,284,5,CTX_A,M1,1,0.9303,1
11,285,6,CTX_B,M1,1,1.1592,0
11,286,7,CTX_A,M1,1,1.2821,0
11,287,8,CTX_A,M1,1,1.0064,0
11,288,9,CTX_A,M1,1,1.2316,0
11,289,10,CTX_B,M1,1,1.1720,0
11,290,11,CTX_A,M1,1,1.1915,0
11,291,12,CTX_B,M1,1,0.8380,0
11,292,13,CTX_B,M1,1,1.0870,0
11,293,14,CTX_B,M1,1,0.9199,0
12,294,1,CTX_A,M1,1,1.2646,0
12,295,2,CTX_A,M1,1,0.9218,0
12,296,3,CTX_A,M1,1,1.3554,0
12,297,4,CTX_A,M1,1,1.1686,0
12,298,5,CTX_A,M1,1,0.7855,0
12,299,6,CTX_A,M1,1,0.7597,0
12,300,7,CTX_A,M1,1,1.0281,0
12,301,8,CTX_A,M1,1,0.7849,0
12,302,9,CTX_B,M1,1,0.7065,0
12,303,10,CTX_A,M1,1,0.7732,0
12,304,11,CTX_A,M1,1,1.0899,0
12,305,12,CTX_B,M1,1,1.1215,0
12,306,13,CTX_A,M1,1,0.8668,1
12,307,14,CTX_A,M1,1,1.2514,0
12,308,15,CTX_B,M1,1,1.1783,0
12,309,16,CTX_B,M1,1,0.8861,0
13,310,1,CTX_A,M1,1,1.0888,0
13,311,2,CTX_B,M1,1,0.9206,1
13,312,3,CTX_A,M1,1,0.5801,0
13,313,4,CTX_B,M1,1,0.7054,1
13,314,5,CTX_A,M1,1,0.5920,0
13,315,6,CTX_B,M1,1,1.0850,1
13,316,7,CTX_A,M1,1,0.6531,0
13,317,8,CTX_B,M1,1,1.3690,0
13,318,9,CTX_A,M1,1,0.8523,0
13,319,10,CTX_A,M1,1,1.0984,0
13,320,11,CTX_A,M1,1,0.9330,0
13,321,12,CTX_B,M1,1,0.6364,0
13,322,13,CTX_A,M1,1,0.5555,1
13,323,14,CTX_B,M1,1,0.8254,0
13,324,15,CTX_B,M1,1,0.9974,0
13,325,16,CTX_A,M1,1,0.8801,0
13,326,17,CTX_A,M1,1,0.7569,1
13,327,18,CTX_A,M1,1,1.1654,1
13,328,19,CTX_B,M1,1,1.1906,0
14,329,1,CTX_A,M1,1,0.8413,0
14,330,2,CTX_A,M1,1,0.9238,0
14,331,3,CTX_B,M1,1,0.5685,0
14,332,4,CTX_B,M1,1,1.1163,0
14,333,5,CTX_A,M1,1,1.3814,0
14,334,6,CTX_A,M1,1,0.4967,0
14,335,7,CTX_A,M1,1,1.1887,0
14,336,8,CTX_A,M1,1,1.1203,0
14,337,9,CTX_B,M1,1,1.0620,0
14,338,10,CTX_B,M1,1,0.5091,0
14,339,11,CTX_A,M1,1,0.7207,1
14,340,12,CTX_A,M1,1,1.0213,0
14,341,13,CTX_B,M1,1,1.1848,0
14,342,14,CTX_A,M1,1,1.2804,0
14,343,15,CTX_B,M1,1,0.7483,1
14,344,16,CTX_A,M1,1,0.8790,0
14,345,17,CTX_A,M1,1,1.1621,0
14,346,18,CTX_B,M1,1,1.0486,0
14,347,19,CTX_A,M1,1,0.5072,0
14,348,20,CTX_A,M1,1,0.9612,0
14,349,21,CTX_B,M1,1,0.9819,0
15,350,1,CTX_B,M1,1,0.7256,0
15,351,2,CTX_A,M1,1,0.9606,1
15,352,3,CTX_B,M1,1,0.7544,0
15,353,4,CTX_A,M1,1,0.7015,0
15,354,5,CTX_A,M1,1,1.1333,0
15,355,6,CTX_B,M1,1,0.9520,0
15,356,7,CTX_A,M1,1,0.8355,0
15,357,8,CTX_A,M1,1,0.8779,0
15,358,9,CTX_A,M1,1,1.1927,0
15,359,10,CTX_B,M1,1,0.9581,1
15,360,11,CTX_A,M1,1,0.6862,0
15,361,12,CTX_A,M1,1,1.3028,0
15,362,13,CTX_B,M1,1,0.9042,0
15,363,14,CTX_A,M1,1,0.8248,0
15,364,15,CTX_B,M1,1,0.6734,0
15,365,16,CTX_A,M1,1,0.9328,0
15,366,17,CTX_A,M1,1,0.7223,0
15,367,18,CTX_B,M1,1,0.9383,0
15,368,19,CTX_B,M1,1,0.8858,0
15,369,20,CTX_B,M1,1,1.1747,0
15,370,21,CTX_B,M1,1,0.6689,0
15,371,22,CTX_B,M1,1,1.1362,0
15,372,23,CTX_B,M1,1,1.2655,0
16,373,1,CTX_B,M1,1,1.2759,0
16,374,2,CTX_B,M1,1,0.9647,0
16,375,3,CTX_B,M1,1,0.7462,0
16,376,4,CTX_A,M1,1,1.0002,0
16,377,5,CTX_A,M1,1,1.0213,0
16,378,6,CTX_A,M1,1,1.2812,0
16,379,7,CTX_A,M1,1,1.2674,0
16,380,8,CTX_B,M1,1,0.6094,0
16,381,9,CTX_B,M1,1,0.6028,0
16,382,10,CTX_A,M1,1,1.2862,0
16,383,11,CTX_A,M1,1,1.2756,0
16,384,12,CTX_B,M1,1,0.9014,0
16,385,13,CTX_A,M1,1,0.6222,0
16,386,14,CTX_B,M1,1,1.1692,0
16,387,15,CTX_A,M1,1,1.2230,0
16,388,16,CTX_B,M1,1,0.9329,0
16,389,17,CTX_A,M1,1,1.0144,0
16,390,18,CTX_A,M1,1,0.8123,0
16,391,19,CTX_A,M1,1,1.1127,0
16,392,20,CTX_A,M1,1,0.6388,0
16,393,21,CTX_A,M1,1,1.0275,0
16,394,22,CTX_B,M1,1,1.1717,0
16,395,23,CTX_B,M1,1,1.3672,0
16,396,24,CTX_B,M1,1,1.1633,0
16,397,25,CTX_A,M1,1,0.8744,1
17,398,1,CTX_B,M1,1,1.0813,0
17,399,2,CTX_A,M1,1,0.9732,0
17,400,3,CTX_B,M1,1,0.7532,0
17,401,4,CTX_B,M1,1,1.4245,0
17,402,5,CTX_A,M1,1,0.8608,0
17,403,6,CTX_B,M1,1,0.7722,0
17,404,7,CTX_A,M1,1,0.9053,0
17,405,8,CTX_A,M1,1,1.2128,0
17,406,9,CTX_A,M1,1,0.7501,0
17,407,10,CTX_A,M1,1,0.7751,0
17,408,11,CTX_A,M1,1,1.1366,0
17,409,12,CTX_B,M1,1,1.2947,0
17,410,13,CTX_A,M1,1,1.2054,0
17,411,14,CTX_A,M1,1,0.6899,0
17,412,15,CTX_A,M1,1,1.0312,0
17,413,16,CTX_B,M1,1,0.9380,0
17,414,17,CTX_A,M1,1,1.4283,0
17,415,18,CTX_A,M1,1,0.6469,0
17,416,19,CTX_B,M1,1,1.4269,0
17,417,20,CTX_B,M1,1,0.8602,0
17,418,21,CTX_A,M1,1,0.5788,0
17,419,22,CTX_A,M1,1,1.2095,0
17,420,23,CTX_B,M1,1,0.5287,0
17,421,24,CTX_B,M1,1,0.9048,0
17,422,25,CTX_A,M1,1,1.1108,0
17,423,26,CTX_B,M1,1,0.7440,0
17,424,27,CTX_B,M1,1,0.6832,0
17,425,28,CTX_A,M1,1,1.3147,0
18,426,1,CTX_B,M1,1,0.8148,0
18,427,2,CTX_B,M1,1,0.9861,0
18,428,3,CTX_B,M1,1,0.7753,0
18,429,4,CTX_B,M1,1,0.8768,0
18,430,5,CTX_A,M1,1,0.6516,0
18,431,6,CTX_A,M1,1,1.1958,0
18,432,7,CTX_A,M1,1,1.5200,0
18,433,8,CTX_A,M1,1,0.9172,0
18,434,9,CTX_B,M1,1,0.9613,0
18,435,10,CTX_B,M1,1,1.1959,0
18,436,11,CTX_A,M1,1,0.9423,1
18,437,12,CTX_A,M1,1,0.7116,0
18,438,13,CTX_B,M1,1,0.8830,0
18,439,14,CTX_A,M1,1,1.1577,0
18,440,15,CTX_A,M1,1,0.7711,1
18,441,16,CTX_A,M1,1,0.9479,0
18,442,17,CTX_A,M1,1,0.8663,0
18,443,18,CTX_B,M1,1,1.5401,0
18,444,19,CTX_A,M1,1,0.7304,0
18,445,20,CTX_A,M1,1,1.1658,1
18,446,21,CTX_A,M1,1,1.0935,0
18,447,22,CTX_B,M1,1,1.2498,0
18,448,23,CTX_A,M1,1,0.5208,0
18,449,24,CTX_A,M1,1,0.5613,0
18,450,25,CTX_A,M1,1,1.4236,0
18,451,26,CTX_B,M1,1,0.4856,0
18,452,27,CTX_B,M1,1,0.9474,0
18,453,28,CTX_B,M1,1,0.7915,0
18,454,29,CTX_A,M1,1,1.1970,0
18,455,30,CTX_B,M1,1,0.7708,0
19,456,1,CTX_A,M1,1,0.6877,1
19,457,2,CTX_B,M1,1,1.0019,0
19,458,3,CTX_B,M1,1,0.8881,0
19,459,4,CTX_B,M1,1,1.2451,0
19,460,5,CTX_A,M1,1,0.6383,0
19,461,6,CTX_A,M1,1,0.7005,0
19,462,7,CTX_A,M1,1,1.0343,0
19,463,8,CTX_B,M1,1,0.7239,0
19,464,9,CTX_A,M1,1,1.1412,0
19,465,10,CTX_B,M1,1,0.6983,1
19,466,11,CTX_B,M1,1,0.8166,0
19,467,12,CTX_A,M1,1,1.1231,0
19,468,13,CTX_A,M1,1,0.6835,0
19,469,14,CTX_B,M1,1,0.7128,0
19,470,15,CTX_A,M1,1,0.6675,0
19,471,16,CTX_A,M1,1,0.9779,0
19,472,17,CTX_A,M1,1,1.2281,0
19,473,18,CTX_B,M1,1,1.2612,0
19,474,19,CTX_B,M1,1,1.0462,0
19,475,20,CTX_A,M1,1,1.3313,0
19,476,21,CTX_B,M1,1,0.7123,1
19,477,22,CTX_B,M1,1,1.1744,0
19,478,23,CTX_A,M1,1,0.7189,0
19,479,24,CTX_A,M1,1,1.2221,0
19,480,25,CTX_B,M1,1,0.7456,0
19,481,26,CTX_A,M1,1,1.2443,0
19,482,27,CTX_A,M1,1,1.1741,0
19,483,28,CTX_A,M1,1,1.2151,1
19,484,29,CTX_A,M1,1,0.7046,0
19,485,30,CTX_B,M1,1,0.6818,0
19,486,31,CTX_B,M1,1,0.6648,0
19,487,32,CTX_B,M1,1,1.0110,0
20,488,1,CTX_A,M1,1,1.2853,0
20,489,2,CTX_A,M1,1,1.0158,0
20,490,3,CTX_B,M1,1,0.9138,0
20,491,4,CTX_A,M1,1,0.8020,0
20,492,5,CTX_A,M1,1,1.2986,0
20,493,6,CTX_B,M1,1,1.0102,0
20,494,7,CTX_A,M1,1,0.6644,0
20,495,8,CTX_B,M1,1,1.2894,0
20,496,9,CTX_B,M1,1,1.3674,0
20,497,10,CTX_A,M1,1,1.0049,0
20,498,11,CTX_B,M1,1,0.6093,0
20,499,12,CTX_A,M1,1,0.6438,0
20,500,13,CTX_A,M1,1,1.2207,0
20,501,14,CTX_A,M1,1,1.0701,0
20,502,15,CTX_A,M1,1,1.2724,0
20,503,16,CTX_A,M1,1,0.9890,0
20,504,17,CTX_A,M1,1,0.7699,0
20,505,18,CTX_A,M1,1,1.1889,0
20,506,19,CTX_B,M1,1,1.3264,0
20,507,20,CTX_B,M1,1,0.7757,0
20,508,21,CTX_B,M1,1,1.1203,0
20,509,22,CTX_A,M1,1,1.2152,0
20,510,23,CTX_A,M1,1,0.7147,0
20,511,24,CTX_A,M1,1,1.0003,0
20,512,25,CTX_B,M1,1,0.9347,0
20,513,26,CTX_A,M1,1,1.1141,0
20,514,27,CTX_B,M1,1,0.5762,0
20,515,28,CTX_B,M1,1,0.7991,0
20,516,29,CTX_B,M1,1,1.0188,0
20,517,30,CTX_A,M1,1,1.3066,0
20,518,31,CTX_B,M1,1,0.6224,0
20,519,32,CTX_B,M1,1,1.2875,0
20,520,33,CTX_B,M1,1,1.1472,0
20,521,34,CTX_B,M1,1,1.3979,0
20,522,35,CTX_B,M1,1,0.9986,0
21,523,1,CTX_A,M1,1,1.0717,0
21,524,2,CTX_B,M1,1,1.0340,0
21,525,3,CTX_B,M1,1,0.9545,0
21,526,4,CTX_A,M1,1,1.2239,0
21,527,5,CTX_A,M1,1,1.1710,0
21,528,6,CTX_A,M1,1,1.4378,0
21,529,7,CTX_A,M1,1,1.1960,0
21,530,8,CTX_A,M1,1,1.0313,0
21,531,9,CTX_B,M1,1,0.6352,0
21,532,10,CTX_A,M1,1,1.4285,0
21,533,11,CTX_B,M1,1,1.3691,0
21,534,12,CTX_B,M1,1,1.0254,0
21,535,13,CTX_B,M1,1,0.9275,0
21,536,14,CTX_A,M1,1,0.5373,0
21,537,15,CTX_A,M1,1,1.0696,0
21,538,16,CTX_B,M1,1,1.0051,0
21,539,17,CTX_A,M1,1,1.1728,0
21,540,18,CTX_A,M1,1,1.0774,0
21,541,19,CTX_A,M1,1,0.6714,0
21,542,20,CTX_A,M1,1,1.0435,0
21,543,21,CTX_B,M1,1,0.6546,0
21,544,22,CTX_A,M1,1,1.2584,0
21,545,23,CTX_A,M1,1,0.7264,0
21,546,24,CTX_A,M1,1,0.6936,0
21,547,25,CTX_B,M1,1,1.2003,0
21,548,26,CTX_A,M1,1,0.9270,0
21,549,27,CTX_A,M1,1,0.7978,0
21,550,28,CTX_A,M1,1,1.2585,0
21,551,29,CTX_B,M1,1,1.4522,0
21,552,30,CTX_A,M1,1,1.1293,0
21,553,31,CTX_A,M1,1,0.5870,0
21,554,32,CTX_B,M1,1,0.6297,0
21,555,33,CTX_B,M1,1,0.8366,0
21,556,34,CTX_A,M1,1,1.4417,0
21,557,35,CTX_A,M1,1,1.3574,0
21,558,36,CTX_A,M1,1,1.1262,0
21,559,37,CTX_A,M1,1,0.6265,0
22,560,1,CTX_A,M1,1,0.8781,0
22,561,2,CTX_A,M1,1,1.0322,0
22,562,3,CTX_A,M1,1,1.0059,0
22,563,4,CTX_B,M1,1,0.7761,0
22,564,5,CTX_A,M1,1,0.9970,0
22,565,6,CTX_B,M1,1,0.8969,0
22,566,7,CTX_A,M1,1,0.8436,0
22,567,8,CTX_B,M1,1,0.8224,0
22,568,9,CTX_A,M1,1,0.9133,0
22,569,10,CTX_A,M1,1,0.8889,0
22,570,11,CTX_B,M1,1,1.1099,1
22,571,12,CTX_B,M1,1,1.3015,0
22,572,13,CTX_B,M1,1,0.7395,0
22,573,14,CTX_B,M1,1,1.0103,0
22,574,15,CTX_A,M1,1,0.8851,0
22,575,16,CTX_B,M1,1,1.0149,0
22,576,17,CTX_A,M1,1,0.7339,0
22,577,18,CTX_B,M1,1,0.9581,0
22,578,19,CTX_B,M1,1,0.9912,0
22,579,20,CTX_B,M1,1,1.2255,0
22,580,21,CTX_B,M1,1,1.1248,0
22,581,22,CTX_B,M1,1,1.1734,0
22,582,23,CTX_A,M1,1,0.8597,0
22,583,24,CTX_B,M1,1,1.2658,0
22,584,25,CTX_A,M1,1,1.3094,0
22,585,26,CTX_B,M1,1,0.8192,0
22,586,27,CTX_B,M1,1,1.0569,1
22,587,28,CTX_B,M1,1,0.8232,0
22,588,29,CTX_A,M1,1,0.9092,0
22,589,30,CTX_A,M1,1,0.9368,0
22,590,31,CTX_A,M1,1,0.7482,0
22,591,32,CTX_B,M1,1,0.9663,0
22,592,33,CTX_B,M1,1,0.6769,0
22,593,34,CTX_B,M1,1,1.2737,0
22,594,35,CTX_A,M1,1,0.8012,0
22,595,36,CTX_A,M1,1,0.7872,0
22,596,37,CTX_B,M1,1,0.7565,0
22,597,38,CTX_A,M1,1,0.6914,0
22,598,39,CTX_B,M1,1,0.8105,0
23,599,1,CTX_B,M1,1,0.6478,0
23,600,2,CTX_A,M1,1,1.0514,0
23,601,3,CTX_A,M1,1,1.0502,0
23,602,4,CTX_B,M1,1,1.0858,0
23,603,5,CTX_A,M1,1,0.8579,0
23,604,6,CTX_A,M1,1,1.2105,0
23,605,7,CTX_B,M1,1,1.2715,0
23,606,8,CTX_B,M1,1,1.3501,1
24,607,1,CTX_B,M1,1,1.2927,0
24,608,2,CTX_B,M1,1,1.0750,0
24,609,3,CTX_A,M1,1,1.1096,0
24,610,4,CTX_A,M1,1,0.5740,0
24,611,5,CTX_A,M1,1,0.6703,0
24,612,6,CTX_B,M1,1,0.6949,0
24,613,7,CTX_B,M1,1,0.9145,1
24,614,8,CTX_A,M1,1,1.1293,0
24,615,9,CTX_A,M1,1,1.3047,0
24,616,10,CTX_B,M1,1,0.6778,0
24,617,11,CTX_B,M1,1,0.7866,0
25,618,1,CTX_B,M1,1,1.0603,0
25,619,2,CTX_A,M1,1,1.1028,0
25,620,3,CTX_A,M1,1,1.1842,0
25,621,4,CTX_A,M1,1,0.9935,0
25,622,5,CTX_A,M1,1,1.5226,0
25,623,6,CTX_A,M1,1,1.1029,0
25,624,7,CTX_B,M1,1,1.5253,0
25,625,8,CTX_B,M1,1,0.8242,0
25,626,9,CTX_B,M1,1,0.5078,0
25,627,10,CTX_A,M1,1,1.0799,0
25,628,11,CTX_B,M1,1,0.5419,0
25,629,12,CTX_A,M1,1,0.7186,0
25,630,13,CTX_B,M1,1,0.6118,0
26,631,1,CTX_B,M1,1,0.8552,0
26,632,2,CTX_B,M1,1,1.0801,0
26,633,3,CTX_A,M1,1,1.1625,0
26,634,4,CTX_B,M1,1,1.3197,0
26,635,5,CTX_A,M1,1,1.2251,0
26,636,6,CTX_B,M1,1,0.6430,0
26,637,7,CTX_B,M1,1,1.0403,0
26,638,8,CTX_B,M1,1,0.6645,0
26,639,9,CTX_A,M1,1,0.8350,0
26,640,10,CTX_A,M1,1,1.3556,0
26,641,11,CTX_B,M1,1,1.2802,1
26,642,12,CTX_B,M1,1,1.1247,0
26,643,13,CTX_B,M1,1,1.2351,0
26,644,14,CTX_A,M1,1,0.9177,0
26,645,15,CTX_B,M1,1,0.8995,0
27,646,1,CTX_A,M1,1,0.6059,1
27,647,2,CTX_B,M1,1,1.1090,0
27,648,3,CTX_A,M1,1,1.2406,0
27,649,4,CTX_B,M1,1,0.8967,0
27,650,5,CTX_A,M1,1,1.1190,0
27,651,6,CTX_A,M1,1,0.9369,0
27,652,7,CTX_B,M1,1,0.6756,0
27,653,8,CTX_A,M1,1,1.2115,0
27,654,9,CTX_B,M1,1,1.0002,0
27,655,10,CTX_B,M1,1,0.9133,0
27,656,11,CTX_B,M1,1,1.1641,0
27,657,12,CTX_B,M1,1,0.6512,0
27,658,13,CTX_A,M1,1,1.0005,0
27,659,14,CTX_B,M1,1,1.3097,0
27,660,15,CTX_B,M1,1,0.6699,0
27,661,16,CTX_B,M1,1,1.0957,0
27,662,17,CTX_B,M1,1,0.7826,1
28,663,1,CTX_A,M1,1,1.2982,0
28,664,2,CTX_A,M1,1,1.1422,0
28,665,3,CTX_A,M1,1,1.3338,0
28,666,4,CTX_A,M1,1,1.3296,0
28,667,5,CTX_A,M1,1,0.9642,0
28,668,6,CTX_B,M1,1,1.3488,0
28,669,7,CTX_B,M1,1,1.2032,0
28,670,8,CTX_B,M1,1,0.9438,0
28,671,9,CTX_A,M1,1,1.2294,0
28,672,10,CTX_B,M1,1,1.3184,0
28,673,11,CTX_B,M1,1,0.9927,0
28,674,12,CTX_A,M1,1,1.0294,0
28,675,13,CTX_A,M1,1,0.6748,0
28,676,14,CTX_B,M1,1,0.8208,0
28,677,15,CTX_B,M1,1,1.3853,0
28,678,16,CTX_B,M1,1,1.1290,0
28,679,17,CTX_B,M1,1,1.1834,0
28,680,18,CTX_A,M1,1,1.1056,0
28,681,19,CTX_B,M1,1,0.8328,1
28,682,20,CTX_A,M1,1,1.1243,0
29,683,1,CTX_A,M1,1,1.0265,0
29,684,2,CTX_B,M1,1,1.1019,0
29,685,3,CTX_A,M1,1,1.2507,0
29,686,4,CTX_A,M1,1,0.8487,0
29,687,5,CTX_A,M1,1,0.8644,0
29,688,6,CTX_A,M1,1,0.8434,0
29,689,7,CTX_B,M1,1,0.8515,0
29,690,8,CTX_B,M1,1,0.7685,0
29,691,9,CTX_B,M1,1,1.2963,0
29,692,10,CTX_A,M1,1,0.8217,0
29,693,11,CTX_B,M1,1,0.8673,0
29,694,12,CTX_A,M1,1,1.3001,0
29,695,13,CTX_B,M1,1,1.2342,0
29,696,14,CTX_A,M1,1,1.1907,0
29,697,15,CTX_B,M1,1,1.0911,0
29,698,16,CTX_A,M1,1,1.0948,0
29,699,17,CTX_B,M1,1,0.7454,0
29,700,18,CTX_B,M1,1,0.9774,1
29,701,19,CTX_B,M1,1,1.0937,1
29,702,20,CTX_A,M1,1,1.2749,0
29,703,21,CTX_A,M1,1,0.9133,0
29,704,22,CTX_B,M1,1,1.2095,0
30,705,1,CTX_A,M1,1,0.8302,0
30,706,2,CTX_A,M1,1,1.1362,0
30,707,3,CTX_B,M1,1,1.3474,0
30,708,4,CTX_B,M1,1,1.1695,1
30,709,5,CTX_A,M1,1,0.6982,0
30,710,6,CTX_B,M1,1,1.1413,0
30,711,7,CTX_B,M1,1,1.2755,0
30,712,8,CTX_A,M1,1,1.2776,0
30,713,9,CTX_A,M1,1,0.7441,0
30,714,10,CTX_A,M1,1,1.1125,0
30,715,11,CTX_B,M1,1,0.6829,1
30,716,12,CTX_B,M1,1,0.9103,0
30,717,13,CTX_A,M1,1,1.0289,0
30,718,14,CTX_B,M1,1,0.8081,0
30,719,15,CTX_B,M1,1,0.9187,0
30,720,16,CTX_A,M1,1,1.1292,0
30,721,17,CTX_B,M1,1,1.0330,0
30,722,18,CTX_B,M1,1,0.8620,0
30,723,19,CTX_A,M1,1,1.3593,0
30,724,20,CTX_B,M1,1,0.7746,0
30,725,21,CTX_A,M1,1,1.3133,0
30,726,22,CTX_B,M1,1,1.2615,0
30,727,23,CTX_B,M1,1,1.1907,0
30,728,24,CTX_B,M1,1,1.0000,0
31,729,1,CTX_B,M1,1,0.5621,0
31,730,2,CTX_B,M1,1,1.1747,0
31,731,3,CTX_B,M1,1,1.4593,0
31,732,4,CTX_B,M1,1,0.6778,0
31,733,5,CTX_A,M1,1,1.4215,0
31,734,6,CTX_A,M1,1,0.6191,1
31,735,7,CTX_B,M1,1,0.9236,0
31,736,8,CTX_B,M1,1,1.0474,0
31,737,9,CTX_B,M1,1,0.9107,0
31,738,10,CTX_B,M1,1,0.5825,0
31,739,11,CTX_B,M1,1,1.3813,0
31,740,12,CTX_B,M1,1,1.2969,0
31,741,13,CTX_A,M1,1,0.7325,0
31,742,14,CTX_B,M1,1,1.2130,0
31,743,15,CTX_B,M1,1,0.6781,0
31,744,16,CTX_B,M1,1,1.1685,0
31,745,17,CTX_B,M1,1,1.4425,0
31,746,18,CTX_A,M1,1,0.7072,0
31,747,19,CTX_B,M1,1,0.7741,0
31,748,20,CTX_A,M1,1,1.0133,0
31,749,21,CTX_A,M1,1,0.9241,0
31,750,22,CTX_A,M1,1,1.3158,0
31,751,23,CTX_A,M1,1,1.2774,0
31,752,24,CTX_B,M1,1,0.7186,1
31,753,25,CTX_B,M1,1,0.9026,0
31,754,26,CTX_A,M1,1,0.9245,0
31,755,27,CTX_B,M1,1,0.6587,0
32,756,1,CTX_B,M1,1,1.3017,0
32,757,2,CTX_B,M1,1,1.2176,0
32,758,3,CTX_B,M1,1,0.5067,0
32,759,4,CTX_A,M1,1,1.1083,0
32,760,5,CTX_A,M1,1,1.2996,0
32,761,6,CTX_B,M1,1,1.0114,0
32,762,7,CTX_B,M1,1,1.5304,0
32,763,8,CTX_B,M1,1,0.7328,0
32,764,9,CTX_A,M1,1,1.1414,0
32,765,10,CTX_B,M1,1,0.9659,0
32,766,11,CTX_B,M1,1,1.2278,0
32,767,12,CTX_B,M1,1,0.7255,0
32,768,13,CTX_B,M1,1,1.4247,0
32,769,14,CTX_A,M1,1,0.6708,0
32,770,15,CTX_B,M1,1,1.4488,0
32,771,16,CTX_B,M1,1,1.2128,0
32,772,17,CTX_B,M1,1,0.8942,0
32,773,18,CTX_B,M1,1,0.5132,0
32,774,19,CTX_A,M1,1,1.0726,0
32,775,20,CTX_B,M1,1,1.3361,0
32,776,21,CTX_A,M1,1,1.4801,0
32,777,22,CTX_B,M1,1,1.3725,0
32,778,23,CTX_A,M1,1,1.3801,0
32,779,24,CTX_B,M1,1,1.4318,0
32,780,25,CTX_B,M1,1,1.1794,0
32,781,26,CTX_B,M1,1,0.6962,0
32,782,27,CTX_A,M1,1,0.9131,0
32,783,28,CTX_A,M1,1,0.5067,0
32,784,29,CTX_A,M1,1,1.0785,0
33,785,1,CTX_B,M1,1,1.0185,0
33,786,2,CTX_A,M1,1,1.1564,0
33,787,3,CTX_B,M1,1,0.7090,0
33,788,4,CTX_A,M1,1,0.6712,0
33,789,5,CTX_A,M1,1,1.0762,0
33,790,6,CTX_A,M1,1,1.3080,0
33,791,7,CTX_B,M1,1,1.0461,0
33,792,8,CTX_A,M1,1,1.3278,0
33,793,9,CTX_B,M1,1,1.2575,0
33,794,10,CTX_A,M1,1,1.2755,0
33,795,11,CTX_B,M1,1,1.0112,0
33,796,12,CTX_A,M1,1,1.1261,0
33,797,13,CTX_B,M1,1,1.0519,0
33,798,14,CTX_B,M1,1,1.1175,0
33,799,15,CTX_A,M1,1,1.1259,0
33,800,16,CTX_B,M1,1,1.1548,0
33,801,17,CTX_B,M1,1,1.2396,0
33,802,18,CTX_B,M1,1,1.2959,0
33,803,19,CTX_B,M1,1,1.2707,0
33,804,20,CTX_A,M1,1,0.7176,1
33,805,21,CTX_B,M1,1,0.9787,0
33,806,22,CTX_B,M1,1,1.2549,0
33,807,23,CTX_A,M1,1,1.2945,0
33,808,24,CTX_B,M1,1,1.0720,0
33,809,25,CTX_B,M1,1,1.3146,1
33,810,26,CTX_B,M1,1,0.6522,0
33,811,27,CTX_B,M1,1,1.1463,0
33,812,28,CTX_B,M1,1,1.0173,0
33,813,29,CTX_B,M1,1,1.3560,0
33,814,30,CTX_A,M1,1,1.3371,1
33,815,31,CTX_B,M1,1,0.9225,0
34,816,1,CTX_A,M1,1,0.8033,0
34,817,2,CTX_B,M1,1,1.2003,0
34,818,3,CTX_B,M1,1,0.6979,0
34,819,4,CTX_B,M1,1,0.9895,0
34,820,5,CTX_A,M1,1,0.9430,0
34,821,6,CTX_B,M1,1,0.8652,0
34,822,7,CTX_B,M1,1,0.6865,0
34,823,8,CTX_B,M1,1,1.1350,0
34,824,9,CTX_A,M1,1,0.6405,0
34,825,10,CTX_A,M1,1,0.8237,1
34,826,11,CTX_B,M1,1,0.8448,1
34,827,12,CTX_A,M1,1,0.6584,0
34,828,13,CTX_A,M1,1,0.7848,0
34,829,14,CTX_A,M1,1,0.6816,0
34,830,15,CTX_A,M1,1,0.9426,0
34,831,16,CTX_A,M1,1,1.2002,0
34,832,17,CTX_B,M1,1,0.7952,0
34,833,18,CTX_A,M1,1,1.2343,1
34,834,19,CTX_A,M1,1,0.7269,0
34,835,20,CTX_A,M1,1,0.9186,0
34,836,21,CTX_B,M1,1,1.4280,1
34,837,22,CTX_A,M1,1,1.3122,1
34,838,23,CTX_A,M1,1,1.4010,0
34,839,24,CTX_A,M1,1,0.8273,0
34,840,25,CTX_A,M1,1,0.7466,0
34,841,26,CTX_B,M1,1,1.2733,1
34,842,27,CTX_B,M1,1,1.4196,0
34,843,28,CTX_A,M1,1,0.5729,0
34,844,29,CTX_A,M1,1,0.9263,0
34,845,30,CTX_B,M1,1,1.2121,1
34,846,31,CTX_A,M1,1,0.9286,0
34,847,32,CTX_B,M1,1,0.7300,0
34,848,33,CTX_B,M1,1,0.6474,0
35,849,1,CTX_A,M1,1,0.5163,1
35,850,2,CTX_A,M1,1,1.2485,0
35,851,3,CTX_B,M1,1,0.7020,0
35,852,4,CTX_B,M1,1,1.4334,0
35,853,5,CTX_A,M1,1,0.7611,0
35,854,6,CTX_A,M1,1,1.2614,0
35,855,7,CTX_A,M1,1,1.2102,0
35,856,8,CTX_B,M1,1,0.8579,0
35,857,9,CTX_B,M1,1,0.8086,0
35,858,10,CTX_B,M1,1,1.2101,0
35,859,11,CTX_B,M1,1,0.6230,0
35,860,12,CTX_B,M1,1,1.0334,0
35,861,13,CTX_A,M1,1,1.4309,0
35,862,14,CTX_A,M1,1,1.0993,0
35,863,15,CTX_A,M1,1,0.6910,0
35,864,16,CTX_A,M1,1,1.2506,0
35,865,17,CTX_B,M1,1,1.1937,0
35,866,18,CTX_A,M1,1,1.1334,0
35,867,19,CTX_B,M1,1,0.9914,0
35,868,20,CTX_B,M1,1,1.2037,0
35,869,21,CTX_B,M1,1,1.0219,0
35,870,22,CTX_A,M1,1,1.3718,0
35,871,23,CTX_A,M1,1,0.5191,0
35,872,24,CTX_A,M1,1,1.5020,0
35,873,25,CTX_A,M1,1,0.9762,0
35,874,26,CTX_A,M1,1,1.1163,0
35,875,27,CTX_A,M1,1,0.7687,0
35,876,28,CTX_B,M1,1,0.9858,0
35,877,29,CTX_A,M1,1,1.3370,0
35,878,30,CTX_B,M1,1,1.0244,0
35,879,31,CTX_A,M1,1,0.9417,0
35,880,32,CTX_A,M1,1,0.9986,0
35,881,33,CTX_B,M1,1,1.2656,0
35,882,34,CTX_B,M1,1,1.1561,0
35,883,35,CTX_A,M1,1,1.2658,0
35,884,36,CTX_A,M1,1,0.9072,0
36,885,1,CTX_A,M1,1,1.1709,0
36,886,2,CTX_A,M1,1,1.1697,0
36,887,3,CTX_B,M1,1,0.8428,0
36,888,4,CTX_A,M1,1,0.9195,0
36,889,5,CTX_A,M1,1,0.7354,0
36,890,6,CTX_B,M1,1,0.7913,0
36,891,7,CTX_A,M1,1,0.8592,0
36,892,8,CTX_A,M1,1,0.7162,0
36,893,9,CTX_A,M1,1,1.0230,0
36,894,10,CTX_B,M1,1,0.7564,1
36,895,11,CTX_B,M1,1,1.2772,0
36,896,12,CTX_B,M1,1,1.2986,0
36,897,13,CTX_B,M1,1,1.0695,0
36,898,14,CTX_B,M1,1,0.7203,0
36,899,15,CTX_A,M1,1,1.2914,0
36,900,16,CTX_B,M1,1,1.1724,0
36,901,17,CTX_B,M1,1,0.7566,0
36,902,18,CTX_B,M1,1,0.9961,0
36,903,19,CTX_A,M1,1,1.1934,0
36,904,20,CTX_A,M1,1,1.3229,0
36,905,21,CTX_A,M1,1,0.7077,0
36,906,22,CTX_B,M1,1,1.2445,0
36,907,23,CTX_A,M1,1,0.7271,0
36,908,24,CTX_A,M1,1,1.1290,0
36,909,25,CTX_A,M1,1,1.1591,0
36,910,26,CTX_A,M1,1,0.9450,1
36,911,27,CTX_B,M1,1,1.0343,0
36,912,28,CTX_A,M1,1,1.3015,0
36,913,29,CTX_B,M1,1,0.8427,0
36,914,30,CTX_B,M1,1,0.8726,0
36,915,31,CTX_B,M1,1,0.9785,0
36,916,32,CTX_A,M1,1,1.2002,0
36,917,33,CTX_B,M1,1,0.9597,0
36,918,34,CTX_A,M1,1,1.0877,0
36,919,35,CTX_A,M1,1,0.7519,1
36,920,36,CTX_A,M1,1,1.2994,0
36,921,37,CTX_A,M1,1,0.7497,0
36,922,38,CTX_A,M1,1,0.7996,0
37,923,1,CTX_A,M1,1,1.0086,0
37,924,2,CTX_B,M1,1,1.2190,0
37,925,3,CTX_A,M1,1,0.8505,0
37,926,4,CTX_A,M1,1,1.2512,0
37,927,5,CTX_A,M1,1,1.3296,0
37,928,6,CTX_A,M1,1,1.0736,0
37,929,7,CTX_A,M1,1,1.2793,0
37,930,8,CTX_B,M1,1,1.2067,1
37,931,9,CTX_A,M1,1,1.2061,0
37,932,10,CTX_B,M1,1,1.0286,0
37,933,11,CTX_B,M1,1,1.1840,0
37,934,12,CTX_B,M1,1,0.9146,0
37,935,13,CTX_B,M1,1,0.8317,0
37,936,14,CTX_A,M1,1,1.0274,0
37,937,15,CTX_A,M1,1,1.1654,0
37,938,16,CTX_B,M1,1,1.2240,0
37,939,17,CTX_B,M1,1,1.0420,0
37,940,18,CTX_B,M1,1,0.8860,0
37,941,19,CTX_B,M1,1,0.6910,0
37,942,20,CTX_B,M1,1,0.8403,0
37,943,21,CTX_A,M1,1,1.0576,0
37,944,22,CTX_B,M1,1,1.3047,0
37,945,23,CTX_B,M1,1,0.7116,0
37,946,24,CTX_A,M1,1,0.9211,0
37,947,25,CTX_B,M1,1,0.6192,0
37,948,26,CTX_A,M1,1,0.7748,1
37,949,27,CTX_A,M1,1,1.2649,0
37,950,28,CTX_B,M1,1,0.9589,0
37,951,29,CTX_A,M1,1,1.1397,0
37,952,30,CTX_A,M1,1,0.6701,0
37,953,31,CTX_B,M1,1,0.9932,0
37,954,32,CTX_A,M1,1,0.7020,0
37,955,33,CTX_B,M1,1,0.6935,0
37,956,34,CTX_B,M1,1,1.0913,0
37,957,35,CTX_A,M1,1,0.9739,0
37,958,36,CTX_A,M1,1,1.0155,0
37,959,37,CTX_A,M1,1,0.6937,0
37,960,38,CTX_A,M1,1,0.9330,0
37,961,39,CTX_B,M1,1,1.2861,0
37,962,40,CTX_B,M1,1,0.7165,0
38,963,1,CTX_B,M1,1,0.7744,0
38,964,2,CTX_A,M1,1,1.2725,0
38,965,3,CTX_A,M1,1,0.8732,0
38,966,4,CTX_A,M1,1,0.7797,0
38,967,5,CTX_A,M1,1,1.2292,1
38,968,6,CTX_B,M1,1,0.5449,1
38,969,7,CTX_A,M1,1,0.9326,0
38,970,8,CTX_B,M1,1,0.9670,0
38,971,9,CTX_B,M1,1,1.4532,0
38,972,10,CTX_A,M1,1,1.4179,0
39,973,1,CTX_B,M1,1,0.4685,0
39,974,2,CTX_B,M1,1,1.3305,0
39,975,3,CTX_A,M1,1,0.9110,0
39,976,4,CTX_B,M1,1,1.2211,1
39,977,5,CTX_A,M1,1,1.0802,0
39,978,6,CTX_A,M1,1,0.9215,0
39,979,7,CTX_A,M1,1,0.4649,1
39,980,8,CTX_A,M1,1,0.6430,0
39,981,9,CTX_A,M1,1,0.6939,0
39,982,10,CTX_A,M1,1,0.8538,0
39,983,11,CTX_B,M1,1,0.8317,0
39,984,12,CTX_A,M1,1,0.7323,0
40,985,1,CTX_B,M1,1,1.1779,0
40,986,2,CTX_B,M1,1,1.2307,0
40,987,3,CTX_A,M1,1,0.9789,1
40,988,4,CTX_B,M1,1,0.7510,0
40,989,5,CTX_A,M1,1,0.9310,0
40,990,6,CTX_B,M1,1,1.2444,0
40,991,7,CTX_A,M1,1,1.0518,0
40,992,8,CTX_B,M1,1,1.2624,0
40,993,9,CTX_B,M1,1,0.9574,0
40,994,10,CTX_B,M1,1,1.1973,0
40,995,11,CTX_B,M1,1,0.7489,0
40,996,12,CTX_B,M1,1,1.1275,0
40,997,13,CTX_B,M1,1,0.8732,0
40,998,14,CTX_A,M1,1,1.3124,0
41,999,1,CTX_B,M1,1,0.9967,0
41,1000,2,CTX_A,M1,1,1.2896,0
41,1001,3,CTX_A,M1,1,1.0202,1
41,1002,4,CTX_A,M1,1,1.0803,0
41,1003,5,CTX_A,M1,1,0.7707,0
41,1004,6,CTX_A,M1,1,0.7950,0
41,1005,7,CTX_A,M1,1,0.6974,0
41,1006,8,CTX_B,M1,1,1.0602,0
41,1007,9,CTX_A,M1,1,1.1420,0
41,1008,10,CTX_B,M1,1,0.7359,0
41,1009,11,CTX_A,M1,1,1.3857,0
41,1010,12,CTX_B,M1,1,0.6656,0
41,1011,13,CTX_B,M1,1,0.5736,0
41,1012,14,CTX_A,M1,1,0.9203,0
41,1013,15,CTX_B,M1,1,1.2096,1
41,1014,16,CTX_B,M1,1,1.3025,0
42,1015,1,CTX_A,M1,1,0.7436,0
42,1016,2,CTX_B,M1,1,1.3529,1
42,1017,3,CTX_A,M1,1,1.0767,1
42,1018,4,CTX_A,M1,1,0.5401,0
42,1019,5,CTX_A,M1,1,0.5617,0
42,1020,6,CTX_B,M1,1,1.1756,0
42,1021,7,CTX_A,M1,1,1.2171,0
42,1022,8,CTX_A,M1,1,0.7736,0
42,1023,9,CTX_B,M1,1,1.3906,0
42,1024,10,CTX_A,M1,1,1.1037,0
42,1025,11,CTX_A,M1,1,1.2552,1
42,1026,12,CTX_A,M1,1,1.0373,0
42,1027,13,CTX_A,M1,1,1.1782,1
42,1028,14,CTX_B,M1,1,1.3728,0
42,1029,15,CTX_B,M1,1,1.0044,0
42,1030,16,CTX_B,M1,1,1.3700,0
42,1031,17,CTX_A,M1,1,1.2038,0
42,1032,18,CTX_A,M1,1,1.1606,0
42,1033,19,CTX_B,M1,1,1.1471,0
43,1034,1,CTX_A,M1,1,1.3112,0
43,1035,2,CTX_A,M1,1,1.2355,0
43,1036,3,CTX_A,M1,1,1.0831,1
43,1037,4,CTX_B,M1,1,0.9883,0
43,1038,5,CTX_A,M1,1,1.2469,0
43,1039,6,CTX_A,M1,1,0.7408,0
43,1040,7,CTX_A,M1,1,0.8668,0
43,1041,8,CTX_B,M1,1,1.3021,0
43,1042,9,CTX_A,M1,1,0.7572,0
43,1043,10,CTX_A,M1,1,0.6929,0
43,1044,11,CTX_A,M1,1,1.0388,0
43,1045,12,CTX_A,M1,1,1.2971,0
43,1046,13,CTX_B,M1,1,0.9094,1
43,1047,14,CTX_A,M1,1,0.8997,0
43,1048,15,CTX_B,M1,1,0.8493,0
43,1049,16,CTX_B,M1,1,1.2479,0
43,1050,17,CTX_A,M1,1,0.7676,0
43,1051,18,CTX_B,M1,1,1.0144,0
43,1052,19,CTX_A,M1,1,1.2903,0
43,1053,20,CTX_B,M1,1,0.7326,0
43,1054,21,CTX_A,M1,1,1.1447,0
44,1055,1,CTX_A,M1,1,1.1829,1
44,1056,2,CTX_A,M1,1,1.2998,1
44,1057,3,CTX_A,M1,1,1.1432,1
44,1058,4,CTX_B,M1,1,1.3310,0
44,1059,5,CTX_A,M1,1,1.1681,0
44,1060,6,CTX_B,M1,1,1.0075,0
44,1061,7,CTX_A,M1,1,1.2829,0
44,1062,8,CTX_B,M1,1,1.1374,0
44,1063,9,CTX_B,M1,1,0.8792,0
44,1064,10,CTX_B,M1,1,0.9466,0
44,1065,11,CTX_A,M1,1,0.8953,0
44,1066,12,CTX_A,M1,1,0.9189,0
44,1067,13,CTX_B,M1,1,0.6391,0
44,1068,14,CTX_B,M1,1,1.2417,0
44,1069,15,CTX_B,M1,1,0.6281,0
44,1070,16,CTX_A,M1,1,1.3166,0
44,1071,17,CTX_A,M1,1,1.0508,0
44,1072,18,CTX_B,M1,1,0.9096,0
44,1073,19,CTX_B,M1,1,0.8163,0
44,1074,20,CTX_A,M1,1,0.9045,0
44,1075,21,CTX_A,M1,1,0.8077,0
44,1076,22,CTX_B,M1,1,1.3469,0
44,1077,23,CTX_A,M1,1,1.0219,0
45,1078,1,CTX_A,M1,1,0.9828,0
45,1079,2,CTX_B,M1,1,1.3684,0
45,1080,3,CTX_B,M1,1,1.2183,0
45,1081,4,CTX_A,M1,1,0.8796,0
45,1082,5,CTX_A,M1,1,1.0407,0
45,1083,6,CTX_A,M1,1,1.3920,0
45,1084,7,CTX_A,M1,1,0.9413,0
45,1085,8,CTX_A,M1,1,0.8882,0
45,1086,9,CTX_A,M1,1,1.0653,0
45,1087,10,CTX_B,M1,1,1.3173,0
45,1088,11,CTX_A,M1,1,0.6965,0
45,1089,12,CTX_B,M1,1,1.2989,0
45,1090,13,CTX_A,M1,1,1.1976,0
45,1091,14,CTX_B,M1,1,0.7962,0
45,1092,15,CTX_B,M1,1,1.2585,0
45,1093,16,CTX_A,M1,1,1.3902,0
45,1094,17,CTX_A,M1,1,1.4558,0
45,1095,18,CTX_A,M1,1,0.7655,0
45,1096,19,CTX_A,M1,1,1.0663,0
45,1097,20,CTX_B,M1,1,1.1604,0
45,1098,21,CTX_A,M1,1,1.2563,0
45,1099,22,CTX_A,M1,1,1.4178,0
45,1100,23,CTX_A,M1,1,1.0777,0
45,1101,24,CTX_A,M1,1,1.4595,0
45,1102,25,CTX_B,M1,1,0.7024,0
46,1103,1,CTX_B,M1,1,0.7108,0
46,1104,2,CTX_A,M1,1,1.4414,0
46,1105,3,CTX_B,M1,1,1.3086,0
46,1106,4,CTX_A,M1,1,1.3321,0
46,1107,5,CTX_A,M1,1,0.8646,1
46,1108,6,CTX_B,M1,1,0.8331,0
46,1109,7,CTX_A,M1,1,0.4788,0
46,1110,8,CTX_A,M1,1,0.5547,0
46,1111,9,CTX_B,M1,1,1.3154,0
46,1112,10,CTX_A,M1,1,0.7437,0
46,1113,11,CTX_A,M1,1,1.5037,1
46,1114,12,CTX_B,M1,1,0.7391,0
46,1115,13,CTX_A,M1,1,0.8868,0
46,1116,14,CTX_A,M1,1,1.2616,0
46,1117,15,CTX_B,M1,1,1.0423,0
46,1118,16,CTX_A,M1,1,1.4688,0
46,1119,17,CTX_A,M1,1,0.9213,0
46,1120,18,CTX_A,M1,1,0.5821,0
46,1121,19,CTX_B,M1,1,1.4034,0
46,1122,20,CTX_A,M1,1,1.5006,0
46,1123,21,CTX_B,M1,1,0.7923,0
46,1124,22,CTX_B,M1,1,1.4910,1
46,1125,23,CTX_A,M1,1,1.1494,0
46,1126,24,CTX_B,M1,1,1.2117,0
46,1127,25,CTX_A,M1,1,0.9433,0
46,1128,26,CTX_A,M1,1,0.9000,0
46,1129,27,CTX_A,M1,1,0.8801,1
46,1130,28,CTX_A,M1,1,1.2931,0
47,1131,1,CTX_B,M1,1,1.3331,0
47,1132,2,CTX_B,M1,1,1.3031,0
47,1133,3,CTX_B,M1,1,1.2419,0
47,1134,4,CTX_B,M1,1,0.8289,1
47,1135,5,CTX_A,M1,1,0.7895,0
47,1136,6,CTX_A,M1,1,1.1823,0
47,1137,7,CTX_B,M1,1,1.0574,0
47,1138,8,CTX_B,M1,1,1.1986,0
47,1139,9,CTX_A,M1,1,0.6649,0
47,1140,10,CTX_A,M1,1,1.1210,0
47,1141,11,CTX_A,M1,1,1.1962,0
47,1142,12,CTX_A,M1,1,1.1289,0
47,1143,13,CTX_B,M1,1,0.6991,0
47,1144,14,CTX_B,M1,1,0.7992,0
47,1145,15,CTX_B,M1,1,0.8585,0
47,1146,16,CTX_B,M1,1,1.3228,0
47,1147,17,CTX_A,M1,1,1.2503,0
47,1148,18,CTX_B,M1,1,1.3286,0
47,1149,19,CTX_B,M1,1,0.7808,0
47,1150,20,CTX_B,M1,1,0.8374,0
47,1151,21,CTX_B,M1,1,1.2320,0
47,1152,22,CTX_B,M1,1,1.3311,0
47,1153,23,CTX_A,M1,1,1.1385,0
47,1154,24,CTX_B,M1,1,0.9293,0
47,1155,25,CTX_A,M1,1,1.1522,0
47,1156,26,CTX_A,M1,1,0.7925,0
47,1157,27,CTX_B,M1,1,1.1198,0
47,1158,28,CTX_B,M1,1,0.8292,0
47,1159,29,CTX_A,M1,1,1.2720,0
47,1160,30,CTX_B,M1,1,1.2567,0
48,1161,1,CTX_B,M1,1,1.1859,0
48,1162,2,CTX_A,M1,1,1.3770,0
48,1163,3,CTX_B,M1,1,1.3358,0
48,1164,4,CTX_B,M1,1,1.1692,0
48,1165,5,CTX_B,M1,1,0.6021,0
48,1166,6,CTX_B,M1,1,0.7263,0
48,1167,7,CTX_B,M1,1,0.7080,0
48,1168,8,CTX_A,M1,1,0.9869,0
48,1169,9,CTX_B,M1,1,0.7884,0
48,1170,10,CTX_B,M1,1,0.6501,0
48,1171,11,CTX_A,M1,1,1.0706,0
48,1172,12,CTX_A,M1,1,0.6727,0
48,1173,13,CTX_B,M1,1,1.2116,0
48,1174,14,CTX_B,M1,1,1.1540,0
48,1175,15,CTX_B,M1,1,0.6264,0
48,1176,16,CTX_B,M1,1,1.4025,0
48,1177,17,CTX_A,M1,1,0.8196,0
48,1178,18,CTX_B,M1,1,1.2776,0
48,1179,19,CTX_A,M1,1,0.9968,1
48,1180,20,CTX_B,M1,1,1.0557,1
48,1181,21,CTX_B,M1,1,0.8781,0
48,1182,22,CTX_A,M1,1,1.4048,0
48,1183,23,CTX_A,M1,1,1.2140,0
48,1184,24,CTX_B,M1,1,0.6617,1
48,1185,25,CTX_A,M1,1,1.4109,0
48,1186,26,CTX_B,M1,1,0.5811,0
48,1187,27,CTX_A,M1,1,1.3832,0
48,1188,28,CTX_A,M1,1,1.2010,0
48,1189,29,CTX_A,M1,1,0.8377,0
48,1190,30,CTX_A,M1,1,1.1213,0
48,1191,31,CTX_B,M1,1,1.2223,0
48,1192,32,CTX_A,M1,1,1.0404,0
49,1193,1,CTX_A,M1,1,0.9669,0
49,1194,2,CTX_A,M1,1,1.4553,0
49,1195,3,CTX_B,M1,1,1.4447,0
49,1196,4,CTX_A,M1,1,0.6491,0
49,1197,5,CTX_B,M1,1,1.3521,1
49,1198,6,CTX_A,M1,1,1.0912,0
49,1199,7,CTX_B,M1,1,1.2238,0
49,1200,8,CTX_A,M1,1,0.6908,0
49,1201,9,CTX_A,M1,1,0.9760,0
49,1202,10,CTX_B,M1,1,0.9992,0
49,1203,11,CTX_A,M1,1,0.8897,0
49,1204,12,CTX_A,M1,1,1.0411,0
49,1205,13,CTX_A,M1,1,0.9301,0
49,1206,14,CTX_A,M1,1,0.6552,0
49,1207,15,CTX_B,M1,1,1.3121,0
49,1208,16,CTX_A,M1,1,1.4872,0
49,1209,17,CTX_A,M1,1,1.2136,0
49,1210,18,CTX_A,M1,1,1.1873,0
49,1211,19,CTX_B,M1,1,1.3000,1
49,1212,20,CTX_A,M1,1,1.3580,0
49,1213,21,CTX_B,M1,1,1.3761,1
49,1214,22,CTX_A,M1,1,1.4810,0
49,1215,23,CTX_A,M1,1,1.3054,0
49,1216,24,CTX_A,M1,1,1.2952,0
49,1217,25,CTX_B,M1,1,0.7600,0
49,1218,26,CTX_B,M1,1,1.2988,0
49,1219,27,CTX_B,M1,1,0.7408,0
49,1220,28,CTX_B,M1,1,0.7229,0
49,1221,29,CTX_B,M1,1,1.2256,0
49,1222,30,CTX_A,M1,1,0.9231,0
49,1223,31,CTX_B,M1,1,1.2839,0
49,1224,32,CTX_A,M1,1,1.3543,1
49,1225,33,CTX_B,M1,1,0.6930,0
49,1226,34,CTX_A,M1,1,0.8807,0
49,1227,35,CTX_A,M1,1,1.1774,0
50,1228,1,CTX_A,M1,1,0.8197,0
50,1229,2,CTX_B,M1,1,1.2994,0
50,1230,3,CTX_B,M1,1,0.6889,0
50,1231,4,CTX_A,M1,1,1.0551,0
50,1232,5,CTX_B,M1,1,1.1163,0
50,1233,6,CTX_B,M1,1,0.6919,0
50,1234,7,CTX_B,M1,1,0.8743,0
50,1235,8,CTX_B,M1,1,1.2438,0
50,1236,9,CTX_B,M1,1,1.1267,0
50,1237,10,CTX_A,M1,1,1.2591,0
50,1238,11,CTX_A,M1,1,0.8071,1
50,1239,12,CTX_B,M1,1,1.2955,0
50,1240,13,CTX_A,M1,1,0.7538,0
50,1241,14,CTX_B,M1,1,1.0742,0
50,1242,15,CTX_A,M1,1,1.0473,0
50,1243,16,CTX_A,M1,1,0.6934,0
50,1244,17,CTX_A,M1,1,0.7784,0
50,1245,18,CTX_A,M1,1,1.0321,0
50,1246,19,CTX_A,M1,1,0.7567,0
50,1247,20,CTX_B,M1,1,0.7868,0
50,1248,21,CTX_A,M1,1,0.9417,0
50,1249,22,CTX_B,M1,1,1.3114,0
50,1250,23,CTX_A,M1,1,1.2298,0
50,1251,24,CTX_A,M1,1,0.9996,0
50,1252,25,CTX_B,M1,1,1.0167,0
50,1253,26,CTX_B,M1,1,1.0641,0
50,1254,27,CTX_A,M1,1,1.0129,0
50,1255,28,CTX_A,M1,1,1.1254,1
50,1256,29,CTX_A,M1,1,0.7801,0
50,1257,30,CTX_A,M1,1,0.8120,0
50,1258,31,CTX_A,M1,1,1.1962,0
50,1259,32,CTX_B,M1,1,0.7934,0
50,1260,33,CTX_B,M1,1,1.2271,0
50,1261,34,CTX_B,M1,1,0.9116,0
50,1262,35,CTX_A,M1,1,0.7056,0
50,1263,36,CTX_A,M1,1,1.1556,0
50,1264,37,CTX_A,M1,1,0.7437,0
51,1265,1,CTX_A,M1,1,1.3531,0
51,1266,2,CTX_A,M1,1,1.3787,0
51,1267,3,CTX_B,M1,1,0.6599,0
51,1268,4,CTX_B,M1,1,0.6397,0
51,1269,5,CTX_B,M1,1,1.0103,0
51,1270,6,CTX_A,M1,1,0.9428,0
51,1271,7,CTX_B,M1,1,1.2864,0
51,1272,8,CTX_A,M1,1,1.0696,1
51,1273,9,CTX_A,M1,1,1.3292,0
51,1274,10,CTX_A,M1,1,0.8664,0
51,1275,11,CTX_A,M1,1,1.3825,0
51,1276,12,CTX_B,M1,1,0.9231,0
51,1277,13,CTX_B,M1,1,1.2202,0
51,1278,14,CTX_B,M1,1,0.6817,1
51,1279,15,CTX_A,M1,1,0.8725,0
51,1280,16,CTX_A,M1,1,0.6377,0
51,1281,17,CTX_A,M1,1,1.0594,0
51,1282,18,CTX_B,M1,1,0.9326,0
51,1283,19,CTX_B,M1,1,0.9388,0
51,1284,20,CTX_A,M1,1,0.9672,0
51,1285,21,CTX_A,M1,1,1.3329,0
51,1286,22,CTX_B,M1,1,0.6189,0
51,1287,23,CTX_B,M1,1,1.3249,0
51,1288,24,CTX_A,M1,1,0.7687,0
51,1289,25,CTX_B,M1,1,1.2282,0
51,1290,26,CTX_A,M1,1,0.9240,0
51,1291,27,CTX_A,M1,1,1.2338,0
51,1292,28,CTX_B,M1,1,0.7545,0
51,1293,29,CTX_A,M1,1,1.0543,0
51,1294,30,CTX_B,M1,1,1.3683,0
51,1295,31,CTX_A,M1,1,1.2595,0
51,1296,32,CTX_B,M1,1,0.9863,0
51,1297,33,CTX_B,M1,1,1.0269,0
51,1298,34,CTX_A,M1,1,0.8765,0
51,1299,35,CTX_B,M1,1,0.9093,0
51,1300,36,CTX_A,M1,1,0.8491,0
51,1301,37,CTX_B,M1,1,0.6848,0
51,1302,38,CTX_A,M1,1,1.0534,0
51,1303,39,CTX_B,M1,1,1.0786,0
52,1304,1,CTX_A,M1,1,1.1870,0
52,1305,2,CTX_B,M1,1,0.5516,0
52,1306,3,CTX_B,M1,1,0.6459,0
52,1307,4,CTX_B,M1,1,0.9776,0
52,1308,5,CTX_B,M1,1,0.8558,0
52,1309,6,CTX_B,M1,1,1.3117,1
52,1310,7,CTX_B,M1,1,0.9500,0
52,1311,8,CTX_A,M1,1,0.8110,0
53,1312,1,CTX_B,M1,1,0.9491,0
53,1313,2,CTX_B,M1,1,0.4980,0
53,1314,3,CTX_A,M1,1,0.6471,0
53,1315,4,CTX_A,M1,1,1.4410,0
53,1316,5,CTX_B,M1,1,0.6526,0
53,1317,6,CTX_A,M1,1,0.7462,0
53,1318,7,CTX_B,M1,1,0.4925,0
53,1319,8,CTX_B,M1,1,1.5203,0
53,1320,9,CTX_B,M1,1,0.8740,0
53,1321,10,CTX_B,M1,1,0.6354,1
53,1322,11,CTX_A,M1,1,1.1119,0
54,1323,1,CTX_B,M1,1,0.7904,0
54,1324,2,CTX_A,M1,1,0.6796,0
54,1325,3,CTX_A,M1,1,0.8043,0
54,1326,4,CTX_A,M1,1,0.9048,0
54,1327,5,CTX_B,M1,1,1.3456,0
54,1328,6,CTX_B,M1,1,1.1217,0
54,1329,7,CTX_B,M1,1,1.0627,1
54,1330,8,CTX_A,M1,1,1.1363,0
54,1331,9,CTX_A,M1,1,1.0738,0
54,1332,10,CTX_B,M1,1,1.0465,0
54,1333,11,CTX_A,M1,1,0.9382,0
54,1334,12,CTX_B,M1,1,1.1301,0
54,1335,13,CTX_B,M1,1,1.2234,0
55,1336,1,CTX_B,M1,1,1.3711,0
55,1337,2,CTX_B,M1,1,0.6270,0
55,1338,3,CTX_A,M1,1,0.8091,0
55,1339,4,CTX_A,M1,1,1.2562,1
55,1340,5,CTX_B,M1,1,1.2726,0
55,1341,6,CTX_A,M1,1,0.6591,0
55,1342,7,CTX_B,M1,1,0.7186,0
55,1343,8,CTX_A,M1,1,0.9152,0
55,1344,9,CTX_B,M1,1,1.2778,0
55,1345,10,CTX_A,M1,1,1.4016,0
55,1346,11,CTX_A,M1,1,0.7623,0
55,1347,12,CTX_B,M1,1,0.6798,0
55,1348,13,CTX_B,M1,1,1.0004,0
55,1349,14,CTX_A,M1,1,1.3827,0
55,1350,15,CTX_A,M1,1,0.8912,0
56,1351,1,CTX_B,M1,1,1.1861,0
56,1352,2,CTX_A,M1,1,0.5788,0
56,1353,3,CTX_A,M1,1,0.8289,0
56,1354,4,CTX_B,M1,1,0.7561,0
56,1355,5,CTX_B,M1,1,1.1509,0
56,1356,6,CTX_B,M1,1,1.0084,0
56,1357,7,CTX_B,M1,1,1.2304,0
56,1358,8,CTX_B,M1,1,0.6096,0
56,1359,9,CTX_A,M1,1,0.5689,0
56,1360,10,CTX_A,M1,1,0.8967,0
56,1361,11,CTX_A,M1,1,0.5310,0
56,1362,12,CTX_B,M1,1,1.0448,0
56,1363,13,CTX_A,M1,1,0.6865,0
56,1364,14,CTX_B,M1,1,0.9277,0
56,1365,15,CTX_A,M1,1,0.6372,0
56,1366,16,CTX_A,M1,1,0.6252,0
56,1367,17,CTX_B,M1,1,1.2233,0
56,1368,18,CTX_A,M1,1,1.2134,0
57,1369,1,CTX_A,M1,1,0.9609,0
57,1370,2,CTX_A,M1,1,0.7428,0
57,1371,3,CTX_A,M1,1,0.9247,0
57,1372,4,CTX_B,M1,1,1.1201,0
57,1373,5,CTX_B,M1,1,0.9893,0
57,1374,6,CTX_A,M1,1,1.2630,0
57,1375,7,CTX_B,M1,1,0.8815,0
57,1376,8,CTX_A,M1,1,1.1871,0
57,1377,9,CTX_B,M1,1,0.8669,0
57,1378,10,CTX_B,M1,1,1.1904,0
57,1379,11,CTX_A,M1,1,1.2007,0
57,1380,12,CTX_A,M1,1,1.2938,0
57,1381,13,CTX_A,M1,1,1.2212,0
57,1382,14,CTX_A,M1,1,1.2437,0
57,1383,15,CTX_A,M1,1,1.2397,0
57,1384,16,CTX_B,M1,1,0.7735,0
57,1385,17,CTX_B,M1,1,0.7890,0
57,1386,18,CTX_A,M1,1,1.0493,0
57,1387,19,CTX_A,M1,1,0.8570,0
57,1388,20,CTX_B,M1,1,0.8394,0
58,1389,1,CTX_A,M1,1,0.7591,0
58,1390,2,CTX_B,M1,1,0.6956,0
58,1391,3,CTX_A,M1,1,0.9481,0
58,1392,4,CTX_A,M1,1,0.7248,0
58,1393,5,CTX_B,M1,1,0.8563,0
58,1394,6,CTX_B,M1,1,0.8797,0
58,1395,7,CTX_B,M1,1,1.2897,0
58,1396,8,CTX_A,M1,1,1.0034,0
58,1397,9,CTX_A,M1,1,1.0084,0
58,1398,10,CTX_B,M1,1,0.7882,0
58,1399,11,CTX_A,M1,1,1.0981,0
58,1400,12,CTX_A,M1,1,0.9272,0
58,1401,13,CTX_B,M1,1,1.0275,0
58,1402,14,CTX_A,M1,1,0.8950,0
58,1403,15,CTX_A,M1,1,1.1112,0
58,1404,16,CTX_B,M1,1,0.7350,1
58,1405,17,CTX_B,M1,1,1.0677,0
58,1406,18,CTX_B,M1,1,0.9551,0
58,1407,19,CTX_B,M1,1,1.0584,0
58,1408,20,CTX_B,M1,1,1.0285,0
58,1409,21,CTX_A,M1,1,1.0855,0
58,1410,22,CTX_A,M1,1,0.6681,1
59,1411,1,CTX_A,M1,1,1.3872,0
59,1412,2,CTX_A,M1,1,0.6527,0
59,1413,3,CTX_A,M1,1,0.9865,0
59,1414,4,CTX_A,M1,1,1.0736,0
59,1415,5,CTX_B,M1,1,0.6746,0
59,1416,6,CTX_A,M1,1,1.2329,0
59,1417,7,CTX_A,M1,1,0.9584,0
59,1418,8,CTX_B,M1,1,0.7353,0
59,1419,9,CTX_B,M1,1,1.2139,0
59,1420,10,CTX_A,M1,1,1.1217,0
59,1421,11,CTX_A,M1,1,0.9401,0
59,1422,12,CTX_B,M1,1,1.3006,0
59,1423,13,CTX_B,M1,1,0.7429,0
59,1424,14,CTX_B,M1,1,1.2974,0
59,1425,15,CTX_B,M1,1,0.9146,0
59,1426,16,CTX_A,M1,1,0.7013,0
59,1427,17,CTX_B,M1,1,0.5666,0
59,1428,18,CTX_B,M1,1,0.8216,0
59,1429,19,CTX_A,M1,1,1.3470,0
59,1430,20,CTX_A,M1,1,1.3018,0
59,1431,21,CTX_A,M1,1,0.6738,0
59,1432,22,CTX_A,M1,1,0.6138,0
59,1433,23,CTX_A,M1,1,0.8856,0
59,1434,24,CTX_A,M1,1,1.2696,0
60,1435,1,CTX_A,M1,1,1.1833,0
60,1436,2,CTX_B,M1,1,0.6141,0
60,1437,3,CTX_B,M1,1,1.0402,0
60,1438,4,CTX_B,M1,1,0.5049,0
60,1439,5,CTX_B,M1,1,1.4875,0
60,1440,6,CTX_B,M1,1,0.6609,0
60,1441,7,CTX_A,M1,1,0.5061,0
60,1442,8,CTX_A,M1,1,1.4261,0
60,1443,9,CTX_A,M1,1,1.4834,0
60,1444,10,CTX_A,M1,1,0.5290,0
60,1445,11,CTX_A,M1,1,0.7268,0
60,1446,12,CTX_B,M1,1,0.7523,0
60,1447,13,CTX_A,M1,1,1.4104,0
60,1448,14,CTX_A,M1,1,0.7891,0
60,1449,15,CTX_B,M1,1,0.6496,0
60,1450,16,CTX_A,M1,1,0.6727,0
60,1451,17,CTX_B,M1,1,0.9474,0
60,1452,18,CTX_A,M1,1,0.6488,0
60,1453,19,CTX_B,M1,1,0.6796,0
60,1454,20,CTX_B,M1,1,0.6160,0
60,1455,21,CTX_B,M1,1,1.1710,0
60,1456,22,CTX_B,M1,1,0.5619,0
60,1457,23,CTX_A,M1,1,0.9264,0
60,1458,24,CTX_A,M1,1,0.9989,0
60,1459,25,CTX_A,M1,1,0.7151,0
60,1460,26,CTX_B,M1,1,1.0970,0
60,1461,27,CTX_A,M1,1,0.8482,0
61,1462,1,CTX_B,M1,1,0.8594,0
61,1463,2,CTX_B,M1,-1,-1.6389,0
61,1464,3,CTX_B,M1,1,1.1656,0
61,1465,4,CTX_B,M1,-1,-1.0556,0
61,1466,5,CTX_B,M1,1,1.5324,0
61,1467,6,CTX_A,M1,-1,-0.8351,0
61,1468,7,CTX_A,M1,1,1.1788,0
61,1469,8,CTX_A,M1,-1,-0.8010,0
61,1470,9,CTX_B,M1,1,0.4406,0
61,1471,10,CTX_B,M1,-1,-1.0683,0
61,1472,11,CTX_A,M1,1,0.1760,0
61,1473,12,CTX_A,M1,-1,-0.6545,0
61,1474,13,CTX_A,M1,1,1.1296,0
61,1475,14,CTX_A,M1,-1,-0.5211,0
61,1476,15,CTX_B,M1,1,1.7621,0
61,1477,16,CTX_A,M1,-1,-1.5338,1
61,1478,17,CTX_B,M1,1,1.6845,0
61,1479,18,CTX_A,M1,-1,-1.8566,0
61,1480,19,CTX_A,M1,1,1.0017,0
61,1481,20,CTX_A,M1,-1,-1.1278,0
61,1482,21,CTX_B,M1,1,0.4407,0
61,1483,22,CTX_B,M1,-1,-1.7415,0
61,1484,23,CTX_A,M1,1,0.9743,0
61,1485,24,CTX_B,M1,-1,-1.5424,0
61,1486,25,CTX_B,M1,1,0.9944,0
61,1487,26,CTX_B,M1,-1,-1.1945,0
61,1488,27,CTX_B,M1,1,1.2483,0
61,1489,28,CTX_A,M1,-1,-0.1169,0
61,1490,29,CTX_B,M1,1,1.5047,0
62,1491,1,CTX_B,M1,1,0.3460,0
62,1492,2,CTX_A,M1,-1,-1.6690,0
62,1493,3,CTX_B,M1,1,1.2865,0
62,1494,4,CTX_A,M1,-1,-0.1859,0
62,1495,5,CTX_B,M1,1,1.2439,0
62,1496,6,CTX_A,M1,-1,-1.9699,0
62,1497,7,CTX_A,M1,1,0.3532,0
62,1498,8,CTX_B,M1,-1,-1.3698,0
62,1499,9,CTX_A,M1,1,0.8337,0
62,1500,10,CTX_B,M1,-1,-0.2593,0
62,1501,11,CTX_A,M1,1,1.6846,0
62,1502,12,CTX_A,M1,-1,-1.7474,0
62,1503,13,CTX_B,M1,1,0.5081,0
62,1504,14,CTX_B,M1,-1,-1.5250,0
62,1505,15,CTX_B,M1,1,1.3585,1
62,1506,16,CTX_B,M1,-1,-1.5497,1
62,1507,17,CTX_B,M1,1,0.6257,0
62,1508,18,CTX_B,M1,-1,-0.2393,0
62,1509,19,CTX_B,M1,1,1.6093,0
62,1510,20,CTX_B,M1,-1,-0.5540,0
62,1511,21,CTX_B,M1,1,1.4244,0
62,1512,22,CTX_A,M1,-1,-1.7948,0
62,1513,23,CTX_A,M1,1,1.0830,0
62,1514,24,CTX_B,M1,-1,-0.2135,0
62,1515,25,CTX_B,M1,1,1.5263,0
62,1516,26,CTX_A,M1,-1,-1.6090,1
62,1517,27,CTX_A,M1,1,1.8305,0
62,1518,28,CTX_B,M1,-1,-1.0571,0
62,1519,29,CTX_B,M1,1,0.4106,1
62,1520,30,CTX_B,M1,-1,-0.9184,0
62,1521,31,CTX_B,M1,1,0.2292,0
63,1522,1,CTX_B,M1,1,1.8878,0
63,1523,2,CTX_B,M1,-1,-1.6938,0
63,1524,3,CTX_B,M1,1,1.4255,0
63,1525,4,CTX_A,M1,-1,-1.3070,0
63,1526,5,CTX_B,M1,1,0.8970,0
63,1527,6,CTX_B,M1,-1,-1.1613,0
63,1528,7,CTX_A,M1,1,1.5238,0
63,1529,8,CTX_A,M1,-1,-2.0398,0
63,1530,9,CTX_B,M1,1,1.3037,1
63,1531,10,CTX_A,M1,-1,-1.4513,0
63,1532,11,CTX_A,M1,1,1.3250,0
63,1533,12,CTX_A,M1,-1,-0.8927,0
63,1534,13,CTX_B,M1,1,1.9189,0
63,1535,14,CTX_A,M1,-1,-0.5681,0
63,1536,15,CTX_B,M1,1,0.8731,0
63,1537,16,CTX_B,M1,-1,-1.5597,1
63,1538,17,CTX_B,M1,1,1.5149,0
63,1539,18,CTX_B,M1,-1,-0.4710,0
63,1540,19,CTX_A,M1,1,0.1800,0
63,1541,20,CTX_B,M1,-1,-2.0207,1
63,1542,21,CTX_A,M1,1,0.4452,0
63,1543,22,CTX_A,M1,-1,-1.8453,0
63,1544,23,CTX_A,M1,1,1.2107,0
63,1545,24,CTX_B,M1,-1,-0.7882,0
63,1546,25,CTX_B,M1,1,0.0084,0
63,1547,26,CTX_A,M1,-1,0.0498,1
63,1548,27,CTX_B,M1,1,0.3674,1
63,1549,28,CTX_A,M1,-1,-0.0321,0
63,1550,29,CTX_A,M1,1,1.2612,0
63,1551,30,CTX_B,M1,-1,-1.3858,0
63,1552,31,CTX_A,M1,1,0.2157,0
63,1553,32,CTX_B,M1,-1,-1.5996,0
63,1554,33,CTX_B,M1,1,1.2416,0
64,1555,1,CTX_A,M1,1,1.2753,0
64,1556,2,CTX_A,M1,-1,-1.5283,0
64,1557,3,CTX_B,M1,1,1.4315,0
64,1558,4,CTX_B,M1,-1,-0.4859,0
64,1559,5,CTX_B,M1,1,0.6237,0
64,1560,6,CTX_A,M1,-1,-0.4160,0
64,1561,7,CTX_A,M1,1,0.6873,0
64,1562,8,CTX_A,M1,-1,-0.6296,0
64,1563,9,CTX_A,M1,1,1.6297,0
64,1564,10,CTX_A,M1,-1,-0.6529,0
64,1565,11,CTX_B,M1,1,0.9252,0
64,1566,12,CTX_B,M1,-1,-0.1798,0
64,1567,13,CTX_A,M1,1,1.1843,0
64,1568,14,CTX_B,M1,-1,-1.5654,0
64,1569,15,CTX_B,M1,1,0.4859,1
64,1570,16,CTX_B,M1,-1,-1.4174,0
64,1571,17,CTX_B,M1,1,0.4365,0
64,1572,18,CTX_A,M1,-1,-0.8147,0
64,1573,19,CTX_B,M1,1,0.8719,0
64,1574,20,CTX_A,M1,-1,-1.3071,0
64,1575,21,CTX_A,M1,1,1.4563,0
64,1576,22,CTX_B,M1,-1,-1.6612,0
64,1577,23,CTX_B,M1,1,1.2648,0
64,1578,24,CTX_B,M1,-1,-1.3442,0
64,1579,25,CTX_A,M1,1,0.6697,0
64,1580,26,CTX_B,M1,-1,-0.5049,1
64,1581,27,CTX_A,M1,1,0.9795,0
64,1582,28,CTX_B,M1,-1,-1.1148,0
64,1583,29,CTX_B,M1,1,0.2178,0
64,1584,30,CTX_A,M1,-1,-1.6876,0
64,1585,31,CTX_A,M1,1,0.4156,0
64,1586,32,CTX_B,M1,-1,-0.9461,0
64,1587,33,CTX_B,M1,1,0.6337,0
64,1588,34,CTX_A,M1,-1,-1.7141,0
64,1589,35,CTX_B,M1,1,1.7636,0
64,1590,36,CTX_A,M1,-1,-0.9452,0
65,1591,1,CTX_A,M1,1,0.8254,0
65,1592,2,CTX_B,M1,-1,-1.5519,0
65,1593,3,CTX_B,M1,1,1.5748,0
65,1594,4,CTX_B,M1,-1,-1.4813,0
65,1595,5,CTX_B,M1,1,0.2632,0
65,1596,6,CTX_B,M1,-1,-1.4556,0
65,1597,7,CTX_A,M1,1,1.7337,0
65,1598,8,CTX_B,M1,-1,-1.1535,1
65,1599,9,CTX_B,M1,1,0.2365,0
65,1600,10,CTX_B,M1,-1,-1.7216,0
65,1601,11,CTX_B,M1,1,0.5501,0
65,1602,12,CTX_B,M1,-1,-1.1722,0
65,1603,13,CTX_A,M1,1,0.5979,0
65,1604,14,CTX_B,M1,-1,-0.7411,0
65,1605,15,CTX_B,M1,1,1.8625,0
65,1606,16,CTX_A,M1,-1,-1.4260,0
65,1607,17,CTX_B,M1,1,1.1900,0
65,1608,18,CTX_B,M1,-1,-1.0574,0
65,1609,19,CTX_B,M1,1,1.4387,0
65,1610,20,CTX_B,M1,-1,-0.7786,0
65,1611,21,CTX_A,M1,1,0.6093,0
65,1612,22,CTX_A,M1,-1,-1.7110,0
65,1613,23,CTX_B,M1,1,1.3971,0
65,1614,24,CTX_A,M1,-1,-0.0616,1
65,1615,25,CTX_A,M1,1,1.1449,0
65,1616,26,CTX_B,M1,-1,-0.8338,0
65,1617,27,CTX_B,M1,1,1.5105,0
65,1618,28,CTX_A,M1,-1,-0.2215,0
65,1619,29,CTX_B,M1,1,0.9320,0
65,1620,30,CTX_A,M1,-1,-0.2914,0
65,1621,31,CTX_B,M1,1,0.4040,0
65,1622,32,CTX_A,M1,-1,-0.3548,0
65,1623,33,CTX_B,M1,1,1.8637,0
65,1624,34,CTX_B,M1,-1,-1.8221,0
65,1625,35,CTX_B,M1,1,0.6187,0
65,1626,36,CTX_A,M1,-1,-1.7749,0
65,1627,37,CTX_B,M1,1,0.1900,0
65,1628,38,CTX_A,M1,-1,-0.5789,0
66,1629,1,CTX_A,M1,1,0.2892,0
66,1630,2,CTX_B,M1,-1,-1.5704,0
66,1631,3,CTX_B,M1,1,1.7362,0
66,1632,4,CTX_A,M1,-1,-0.6146,0
66,1633,5,CTX_B,M1,1,1.8954,0
66,1634,6,CTX_A,M1,-1,-0.6422,0
66,1635,7,CTX_A,M1,1,0.9235,0
66,1636,8,CTX_A,M1,-1,-1.7786,0
66,1637,9,CTX_A,M1,1,0.6314,0
66,1638,10,CTX_B,M1,-1,-0.9385,0
66,1639,11,CTX_B,M1,1,0.1086,0
66,1640,12,CTX_A,M1,-1,-0.3075,0
66,1641,13,CTX_B,M1,1,1.9534,0
66,1642,14,CTX_A,M1,-1,-1.8090,0
66,1643,15,CTX_B,M1,1,1.4458,0
66,1644,16,CTX_A,M1,-1,-1.4286,0
66,1645,17,CTX_A,M1,1,0.0386,0
66,1646,18,CTX_B,M1,-1,-1.3472,0
66,1647,19,CTX_A,M1,1,0.0591,0
66,1648,20,CTX_A,M1,-1,-0.1491,0
66,1649,21,CTX_A,M1,1,1.6522,0
66,1650,22,CTX_A,M1,-1,-1.7580,0
66,1651,23,CTX_B,M1,1,1.5485,0
66,1652,24,CTX_A,M1,-1,-0.5923,0
66,1653,25,CTX_A,M1,1,1.7118,0
66,1654,26,CTX_B,M1,-1,-1.2308,0
66,1655,27,CTX_A,M1,1,0.0868,0
66,1656,28,CTX_B,M1,-1,-1.2158,0
66,1657,29,CTX_A,M1,1,1.7893,0
66,1658,30,CTX_A,M1,-1,-0.6820,0
66,1659,31,CTX_B,M1,1,0.4009,0
66,1660,32,CTX_A,M1,-1,-1.7087,0
66,1661,33,CTX_B,M1,1,1.2714,0
66,1662,34,CTX_B,M1,-1,-1.9369,0
66,1663,35,CTX_B,M1,1,1.3044,0
66,1664,36,CTX_A,M1,-1,-0.7045,0
66,1665,37,CTX_A,M1,1,0.1139,0
66,1666,38,CTX_B,M1,-1,-0.0787,0
66,1667,39,CTX_A,M1,1,0.4890,0
66,1668,40,CTX_A,M1,-1,-0.1103,0
67,1669,1,CTX_A,M1,1,1.8878,0
67,1670,2,CTX_A,M1,-1,-1.5836,0
67,1671,3,CTX_B,M1,1,1.9158,0
67,1672,4,CTX_A,M1,-1,-1.8180,0
67,1673,5,CTX_B,M1,1,1.5880,0
67,1674,6,CTX_B,M1,-1,-1.9083,0
67,1675,7,CTX_A,M1,1,-0.0319,0
67,1676,8,CTX_A,M1,-1,-0.2839,0
67,1677,9,CTX_B,M1,1,1.1032,0
67,1678,10,CTX_A,M1,-1,-0.0149,0
68,1679,1,CTX_B,M1,1,1.2616,1
68,1680,2,CTX_B,M1,-1,-1.4432,0
68,1681,3,CTX_A,M1,1,1.8341,0
68,1682,4,CTX_B,M1,-1,-0.8649,0
68,1683,5,CTX_B,M1,1,1.1665,0
68,1684,6,CTX_A,M1,-1,-0.9864,0
68,1685,7,CTX_A,M1,1,1.1935,0
68,1686,8,CTX_B,M1,-1,-0.9563,0
68,1687,9,CTX_B,M1,1,1.4882,0
68,1688,10,CTX_A,M1,-1,-1.2559,1
68,1689,11,CTX_B,M1,1,1.3124,0
68,1690,12,CTX_A,M1,-1,-0.6491,0
69,1691,1,CTX_B,M1,1,0.7889,0
69,1692,2,CTX_A,M1,-1,-1.4552,0
69,1693,3,CTX_A,M1,1,0.0572,0
69,1694,4,CTX_B,M1,-1,-1.9427,0
69,1695,5,CTX_B,M1,1,0.8454,0
69,1696,6,CTX_B,M1,-1,-0.1683,0
69,1697,7,CTX_A,M1,1,0.3740,0
69,1698,8,CTX_A,M1,-1,-1.5364,0
69,1699,9,CTX_A,M1,1,1.9779,0
69,1700,10,CTX_A,M1,-1,-0.4693,0
69,1701,11,CTX_B,M1,1,0.9589,0
69,1702,12,CTX_B,M1,-1,-1.7350,0
69,1703,13,CTX_B,M1,1,0.0207,0
69,1704,14,CTX_A,M1,-1,-0.9815,0
70,1705,1,CTX_B,M1,1,0.2301,0
70,1706,2,CTX_A,M1,-1,-1.4620,0
70,1707,3,CTX_A,M1,1,0.0894,0
70,1708,4,CTX_A,M1,-1,-1.0790,0
70,1709,5,CTX_B,M1,1,0.4660,0
70,1710,6,CTX_A,M1,-1,-1.3393,1
70,1711,7,CTX_A,M1,1,1.5400,0
70,1712,8,CTX_A,M1,-1,-0.0873,0
70,1713,9,CTX_B,M1,1,0.4139,0
70,1714,10,CTX_B,M1,-1,-1.6727,1
70,1715,11,CTX_B,M1,1,0.5388,0
70,1716,12,CTX_B,M1,-1,-0.8843,0
70,1717,13,CTX_B,M1,1,1.3816,0
70,1718,14,CTX_B,M1,-1,0.0171,0
70,1719,15,CTX_A,M1,1,1.5387,0
70,1720,16,CTX_A,M1,-1,-1.2963,0
71,1721,1,CTX_B,M1,1,1.6546,0
71,1722,2,CTX_B,M1,-1,-1.3427,0
71,1723,3,CTX_A,M1,1,0.3640,0
71,1724,4,CTX_A,M1,-1,-0.3085,0
71,1725,5,CTX_B,M1,1,0.2817,0
71,1726,6,CTX_B,M1,-1,-0.5624,0
71,1727,7,CTX_B,M1,1,0.7043,0
71,1728,8,CTX_B,M1,-1,-0.7783,0
71,1729,9,CTX_A,M1,1,0.9168,0
71,1730,10,CTX_B,M1,-1,-0.8336,0
71,1731,11,CTX_B,M1,1,0.2996,0
71,1732,12,CTX_A,M1,-1,-0.1779,0
71,1733,13,CTX_A,M1,1,0.7580,0
71,1734,14,CTX_B,M1,-1,-1.0929,0
71,1735,15,CTX_A,M1,1,1.0199,0
71,1736,16,CTX_A,M1,-1,-1.2068,0
71,1737,17,CTX_A,M1,1,0.4603,0
71,1738,18,CTX_A,M1,-1,-0.7674,1
71,1739,19,CTX_B,M1,1,1.1387,0
72,1740,1,CTX_A,M1,1,1.2454,0
72,1741,2,CTX_A,M1,-1,-1.3484,0
72,1742,3,CTX_A,M1,1,0.4004,0
72,1743,4,CTX_A,M1,-1,-1.2797,1
72,1744,5,CTX_B,M1,1,1.7589,0
72,1745,6,CTX_A,M1,-1,-1.6098,0
72,1746,7,CTX_B,M1,1,1.7459,0
72,1747,8,CTX_A,M1,-1,-1.3135,0
72,1748,9,CTX_B,M1,1,1.3315,0
72,1749,10,CTX_A,M1,-1,-1.9138,0
72,1750,11,CTX_B,M1,1,1.7344,0
72,1751,12,CTX_A,M1,-1,-1.1634,0
72,1752,13,CTX_A,M1,1,0.1326,1
72,1753,14,CTX_A,M1,-1,-0.2270,0
72,1754,15,CTX_A,M1,1,0.5709,0
72,1755,16,CTX_B,M1,-1,-1.1948,0
72,1756,17,CTX_A,M1,1,1.2111,0
72,1757,18,CTX_A,M1,-1,-1.0037,0
72,1758,19,CTX_A,M1,1,1.7287,0
72,1759,20,CTX_B,M1,-1,-0.6300,0
72,1760,21,CTX_A,M1,1,1.8830,0
73,1761,1,CTX_A,M1,1,0.7501,0
73,1762,2,CTX_B,M1,-1,-1.3488,0
73,1763,3,CTX_A,M1,1,0.4549,0
73,1764,4,CTX_B,M1,-1,-0.3998,0
73,1765,5,CTX_B,M1,1,1.4774,1
73,1766,6,CTX_B,M1,-1,-0.8153,0
73,1767,7,CTX_B,M1,1,0.9419,0
73,1768,8,CTX_A,M1,-1,-1.9499,0
73,1769,9,CTX_A,M1,1,1.8230,1
73,1770,10,CTX_A,M1,-1,-1.1530,0
73,1771,11,CTX_B,M1,1,1.4023,0
73,1772,12,CTX_B,M1,-1,-0.3026,0
73,1773,13,CTX_B,M1,1,1.4383,1
73,1774,14,CTX_B,M1,-1,-1.2423,0
73,1775,15,CTX_A,M1,1,0.0400,0
73,1776,16,CTX_B,M1,-1,-1.1768,0
73,1777,17,CTX_A,M1,1,0.0680,0
73,1778,18,CTX_B,M1,-1,-1.2871,0
73,1779,19,CTX_B,M1,1,0.3832,0
73,1780,20,CTX_B,M1,-1,0.0099,0
73,1781,21,CTX_A,M1,1,0.9955,0
73,1782,22,CTX_A,M1,-1,-1.6341,0
73,1783,23,CTX_A,M1,1,0.3099,0
74,1784,1,CTX_A,M1,1,0.1686,0
74,1785,2,CTX_B,M1,-1,-1.3440,0
74,1786,3,CTX_A,M1,1,0.5275,0
74,1787,4,CTX_B,M1,-1,-1.5792,0
74,1788,5,CTX_B,M1,1,1.1375,0
74,1789,6,CTX_A,M1,-1,-2.0893,0
74,1790,7,CTX_B,M1,1,-0.0074,0
74,1791,8,CTX_B,M1,-1,-0.4776,0
74,1792,9,CTX_B,M1,1,0.1813,0
74,1793,10,CTX_B,M1,-1,-0.2518,0
74,1794,11,CTX_B,M1,1,1.0038,0
74,1795,12,CTX_B,M1,-1,-1.5061,0
74,1796,13,CTX_B,M1,1,0.7644,0
74,1797,14,CTX_A,M1,-1,-0.2282,0
74,1798,15,CTX_A,M1,1,1.6372,0
74,1799,16,CTX_B,M1,-1,-1.1530,0
74,1800,17,CTX_A,M1,1,0.9413,0
74,1801,18,CTX_B,M1,-1,-1.6177,0
74,1802,19,CTX_B,M1,1,1.0127,0
74,1803,20,CTX_A,M1,-1,-1.4593,0
74,1804,21,CTX_B,M1,1,-0.0531,0
74,1805,22,CTX_B,M1,-1,-1.6683,0
74,1806,23,CTX_A,M1,1,0.3769,0
74,1807,24,CTX_A,M1,-1,-1.4453,0
74,1808,25,CTX_B,M1,1,-0.0891,0
74,1809,26,CTX_A,M1,-1,-0.3809,0
75,1810,1,CTX_A,M1,1,1.6588,0
75,1811,2,CTX_A,M1,-1,-1.2498,1
75,1812,3,CTX_A,M1,1,0.7145,0
75,1813,4,CTX_A,M1,-1,-0.6766,0
75,1814,5,CTX_B,M1,1,0.8049,0
75,1815,6,CTX_B,M1,-1,-1.1358,0
75,1816,7,CTX_B,M1,1,1.2080,0
75,1817,8,CTX_B,M1,-1,-1.1097,0
75,1818,9,CTX_A,M1,1,0.7432,0
75,1819,10,CTX_B,M1,-1,-1.4412,0
75,1820,11,CTX_B,M1,1,0.6552,0
75,1821,12,CTX_B,M1,-1,-0.6437,0
75,1822,13,CTX_A,M1,1,0.2381,0
75,1823,14,CTX_A,M1,-1,-1.3254,0
75,1824,15,CTX_A,M1,1,1.0840,0
75,1825,16,CTX_A,M1,-1,-1.0921,0
75,1826,17,CTX_A,M1,1,1.7186,0
75,1827,18,CTX_A,M1,-1,-1.7445,0
75,1828,19,CTX_A,M1,1,1.5585,0
75,1829,20,CTX_B,M1,-1,-0.8410,0
75,1830,21,CTX_B,M1,1,1.0875,0
75,1831,22,CTX_B,M1,-1,-1.5233,0
75,1832,23,CTX_A,M1,1,0.5984,0
75,1833,24,CTX_A,M1,-1,-0.1127,0
75,1834,25,CTX_B,M1,1,0.6035,0
75,1835,26,CTX_B,M1,-1,-0.8590,0
75,1836,27,CTX_B,M1,1,1.1874,0
75,1837,28,CTX_A,M1,-1,-0.6028,0
76,1838,1,CTX_B,M1,1,1.2270,1
76,1839,2,CTX_B,M1,-1,-1.2438,0
76,1840,3,CTX_B,M1,1,0.7914,0
76,1841,4,CTX_A,M1,-1,-1.7303,0
76,1842,5,CTX_B,M1,1,0.4514,0
76,1843,6,CTX_A,M1,-1,-0.3366,0
76,1844,7,CTX_B,M1,1,0.3947,0
76,1845,8,CTX_A,M1,-1,-1.7012,0
76,1846,9,CTX_B,M1,1,1.1596,0
76,1847,10,CTX_A,M1,-1,-0.6769,0
76,1848,11,CTX_B,M1,1,0.2412,0
76,1849,12,CTX_A,M1,-1,-1.7227,0
76,1850,13,CTX_A,M1,1,1.4885,0
76,1851,14,CTX_B,M1,-1,-0.4441,0
76,1852,15,CTX_B,M1,1,0.6219,0
76,1853,16,CTX_A,M1,-1,-1.0668,0
76,1854,17,CTX_A,M1,1,0.6763,0
76,1855,18,CTX_B,M1,-1,-0.1364,1
76,1856,19,CTX_B,M1,1,0.2627,0
76,1857,20,CTX_A,M1,-1,-0.2464,0
76,1858,21,CTX_B,M1,1,0.1710,0
76,1859,22,CTX_A,M1,-1,-1.5569,0
76,1860,23,CTX_A,M1,1,0.6700,0
76,1861,24,CTX_A,M1,-1,-0.6131,0
76,1862,25,CTX_A,M1,1,1.0922,0
76,1863,26,CTX_B,M1,-1,-1.2373,0
76,1864,27,CTX_A,M1,1,1.7578,0
76,1865,28,CTX_B,M1,-1,-1.5770,0
76,1866,29,CTX_A,M1,1,0.2089,1
76,1867,30,CTX_A,M1,-1,-1.1186,1
77,1868,1,CTX_B,M1,1,0.7090,0
77,1869,2,CTX_A,M1,-1,-1.2326,1
77,1870,3,CTX_B,M1,1,0.8865,1
77,1871,4,CTX_B,M1,-1,-0.8533,0
77,1872,5,CTX_B,M1,1,0.0394,0
77,1873,6,CTX_B,M1,-1,-1.5154,1
77,1874,7,CTX_B,M1,1,1.5559,0
77,1875,8,CTX_B,M1,-1,-0.2743,0
77,1876,9,CTX_A,M1,1,1.6529,1
77,1877,10,CTX_A,M1,-1,-1.8918,0
77,1878,11,CTX_B,M1,1,1.8804,0
77,1879,12,CTX_A,M1,-1,-0.8760,0
77,1880,13,CTX_B,M1,1,0.8497,0
77,1881,14,CTX_A,M1,-1,-1.5234,1
77,1882,15,CTX_B,M1,1,0.0778,0
77,1883,16,CTX_B,M1,-1,-1.0356,0
77,1884,17,CTX_A,M1,1,1.5601,0
77,1885,18,CTX_B,M1,-1,-0.3553,0
77,1886,19,CTX_A,M1,1,0.8514,0
77,1887,20,CTX_B,M1,-1,-1.6705,0
77,1888,21,CTX_A,M1,1,1.2131,0
77,1889,22,CTX_A,M1,-1,-1.5876,0
77,1890,23,CTX_B,M1,1,0.7606,1
77,1891,24,CTX_B,M1,-1,-1.2153,1
77,1892,25,CTX_A,M1,1,1.6726,0
77,1893,26,CTX_B,M1,-1,-1.6838,0
77,1894,27,CTX_B,M1,1,0.3049,1
77,1895,28,CTX_A,M1,-1,-0.6078,0
77,1896,29,CTX_B,M1,1,1.0323,0
77,1897,30,CTX_A,M1,-1,-1.5986,0
77,1898,31,CTX_B,M1,1,0.9569,0
77,1899,32,CTX_A,M1,-1,-0.8288,0
78,1900,1,CTX_B,M1,1,0.1048,0
78,1901,2,CTX_A,M1,-1,-1.2162,0
78,1902,3,CTX_B,M1,1,0.9997,1
78,1903,4,CTX_B,M1,-1,-2.1151,0
78,1904,5,CTX_B,M1,1,1.8586,0
78,1905,6,CTX_A,M1,-1,-0.6029,0
78,1906,7,CTX_B,M1,1,0.6221,0
78,1907,8,CTX_B,M1,-1,-0.8984,0
78,1908,9,CTX_B,M1,1,-0.0665,0
78,1909,10,CTX_B,M1,-1,-1.0163,0
78,1910,11,CTX_B,M1,1,1.5034,0
78,1911,12,CTX_B,M1,-1,0.1166,0
78,1912,13,CTX_A,M1,1,0.1018,0
78,1913,14,CTX_A,M1,-1,-0.4939,0
78,1914,15,CTX_B,M1,1,1.7414,0
78,1915,16,CTX_B,M1,-1,-0.9985,0
78,1916,17,CTX_A,M1,1,0.3006,1
78,1917,18,CTX_A,M1,-1,-0.6214,0
78,1918,19,CTX_B,M1,1,1.5448,0
78,1919,20,CTX_B,M1,-1,-1.0439,1
78,1920,21,CTX_A,M1,1,0.1442,0
78,1921,22,CTX_B,M1,-1,-1.6155,0
78,1922,23,CTX_B,M1,1,0.8704,0
78,1923,24,CTX_B,M1,-1,-1.9195,0
78,1924,25,CTX_A,M1,1,0.0552,0
78,1925,26,CTX_A,M1,-1,0.0909,0
78,1926,27,CTX_A,M1,1,0.8980,0
78,1927,28,CTX_B,M1,-1,-1.7648,1
78,1928,29,CTX_B,M1,1,1.9986,0
78,1929,30,CTX_B,M1,-1,0.1356,0
78,1930,31,CTX_B,M1,1,1.0100,0
78,1931,32,CTX_A,M1,-1,-0.1020,0
78,1932,33,CTX_A,M1,1,1.4812,0
78,1933,34,CTX_B,M1,-1,-0.2989,0
78,1934,35,CTX_B,M1,1,1.8275,1
79,1935,1,CTX_B,M1,1,1.6606,0
79,1936,2,CTX_B,M1,-1,-1.1471,0
79,1937,3,CTX_B,M1,1,1.0990,0
79,1938,4,CTX_A,M1,-1,-1.0805,0
79,1939,5,CTX_B,M1,1,1.3779,0
79,1940,6,CTX_B,M1,-1,-1.7623,0
79,1941,7,CTX_B,M1,1,1.7579,0
79,1942,8,CTX_A,M1,-1,-1.4716,1
79,1943,9,CTX_A,M1,1,0.5544,0
79,1944,10,CTX_B,M1,-1,-0.2443,0
79,1945,11,CTX_B,M1,1,1.0454,0
79,1946,12,CTX_B,M1,-1,-1.1546,0
79,1947,13,CTX_A,M1,1,1.5322,0
79,1948,14,CTX_B,M1,-1,-1.5783,0
79,1949,15,CTX_B,M1,1,1.1537,0
79,1950,16,CTX_B,M1,-1,-0.9663,0
79,1951,17,CTX_A,M1,1,1.2320,0
79,1952,18,CTX_A,M1,-1,-0.9505,0
79,1953,19,CTX_A,M1,1,0.1559,0
79,1954,20,CTX_A,M1,-1,-0.4831,0
79,1955,21,CTX_A,M1,1,1.2824,0
79,1956,22,CTX_A,M1,-1,-1.4842,0
79,1957,23,CTX_B,M1,1,0.9995,0
79,1958,24,CTX_B,M1,-1,-0.4453,0
79,1959,25,CTX_B,M1,1,0.7347,0
79,1960,26,CTX_A,M1,-1,-0.4876,0
79,1961,27,CTX_B,M1,1,1.4441,0
79,1962,28,CTX_A,M1,-1,-0.7269,0
79,1963,29,CTX_A,M1,1,0.7343,0
79,1964,30,CTX_B,M1,-1,-0.4897,0
79,1965,31,CTX_B,M1,1,1.0541,0
79,1966,32,CTX_A,M1,-1,-1.5509,0
79,1967,33,CTX_A,M1,1,0.7831,0
79,1968,34,CTX_B,M1,-1,-0.4673,0
79,1969,35,CTX_B,M1,1,0.4654,0
79,1970,36,CTX_A,M1,-1,-0.3078,0
79,1971,37,CTX_A,M1,1,0.1608,0
80,1972,1,CTX_A,M1,1,1.2062,0
80,1973,2,CTX_A,M1,-1,-1.1295,0
80,1974,3,CTX_B,M1,1,1.2165,0
80,1975,4,CTX_A,M1,-1,-0.1873,0
80,1976,5,CTX_B,M1,1,1.0638,0
80,1977,6,CTX_A,M1,-1,-0.9866,0
80,1978,7,CTX_B,M1,1,0.9601,0
80,1979,8,CTX_B,M1,-1,-0.0901,0
80,1980,9,CTX_B,M1,1,0.9726,0
80,1981,10,CTX_A,M1,-1,-1.3652,0
80,1982,11,CTX_B,M1,1,0.6529,0
80,1983,12,CTX_B,M1,-1,-0.2978,0
80,1984,13,CTX_B,M1,1,0.9286,0
80,1985,14,CTX_A,M1,-1,-0.6815,0
80,1986,15,CTX_B,M1,1,0.6785,0
80,1987,16,CTX_A,M1,-1,-0.9278,0
80,1988,17,CTX_B,M1,1,0.0971,0
80,1989,18,CTX_B,M1,-1,-1.2276,0
80,1990,19,CTX_B,M1,1,0.7039,0
80,1991,20,CTX_B,M1,-1,-1.8621,0
80,1992,21,CTX_B,M1,1,0.3457,0
80,1993,22,CTX_A,M1,-1,-1.5114,0
80,1994,23,CTX_B,M1,1,1.1138,0
80,1995,24,CTX_B,M1,-1,-1.0034,0
80,1996,25,CTX_B,M1,1,1.2585,0
80,1997,26,CTX_B,M1,-1,-0.8485,0
80,1998,27,CTX_A,M1,1,0.0305,0
80,1999,28,CTX_B,M1,-1,-1.7553,0
80,2000,29,CTX_B,M1,1,1.5642,0
80,2001,30,CTX_B,M1,-1,-0.8928,0
80,2002,31,CTX_A,M1,1,1.1092,0
80,2003,32,CTX_B,M1,-1,-0.9692,0
80,2004,33,CTX_A,M1,1,0.1000,1
80,2005,34,CTX_A,M1,-1,-0.4587,0
80,2006,35,CTX_B,M1,1,1.1291,0
80,2007,36,CTX_A,M1,-1,-1.1456,0
80,2008,37,CTX_A,M1,1,0.0812,0
80,2009,38,CTX_B,M1,-1,-1.8044,0
80,2010,39,CTX_A,M1,1,1.9936,0
81,2011,1,CTX_A,M1,1,0.4665,0
81,2012,2,CTX_A,M1,1,1.3182,0
81,2013,3,CTX_A,M1,1,0.8933,0
81,2014,4,CTX_A,M1,1,1.2551,0
81,2015,5,CTX_B,M1,-1,-1.8005,0
81,2016,6,CTX_B,M1,-1,-1.3426,0
81,2017,7,CTX_B,M1,-1,-0.4049,0
81,2018,8,CTX_B,M1,-1,-2.0929,0
82,2019,1,CTX_A,M1,1,0.8054,1
82,2020,2,CTX_A,M1,1,1.4724,1
82,2021,3,CTX_A,M1,1,0.9413,0
82,2022,4,CTX_A,M1,1,1.0895,0
82,2023,5,CTX_A,M1,1,0.4049,0
82,2024,6,CTX_A,M1,1,1.5094,0
82,2025,7,CTX_B,M1,-1,-0.5070,0
82,2026,8,CTX_B,M1,-1,-1.2223,0
82,2027,9,CTX_B,M1,-1,-1.2834,0
82,2028,10,CTX_B,M1,-1,-0.1863,0
82,2029,11,CTX_B,M1,-1,-1.2982,0
83,2030,1,CTX_A,M1,1,1.0439,0
83,2031,2,CTX_A,M1,1,1.7550,0
83,2032,3,CTX_A,M1,1,0.9653,0
83,2033,4,CTX_A,M1,1,0.9714,0
83,2034,5,CTX_A,M1,1,0.4012,0
83,2035,6,CTX_A,M1,1,0.4799,0
83,2036,7,CTX_A,M1,1,1.5560,1
83,2037,8,CTX_B,M1,-1,-0.5238,0
83,2038,9,CTX_B,M1,-1,-0.5030,0
83,2039,10,CTX_B,M1,-1,-1.9664,0
83,2040,11,CTX_B,M1,-1,-1.5850,0
83,2041,12,CTX_B,M1,-1,-1.8640,0
83,2042,13,CTX_B,M1,-1,-1.9213,0
84,2043,1,CTX_A,M1,1,1.3273,0
84,2044,2,CTX_A,M1,1,-0.0296,0
84,2045,3,CTX_A,M1,1,0.9945,0
84,2046,4,CTX_A,M1,1,0.8310,0
84,2047,5,CTX_A,M1,1,0.4069,0
84,2048,6,CTX_A,M1,1,1.3700,0
84,2049,7,CTX_A,M1,1,1.6218,0
84,2050,8,CTX_A,M1,1,0.1920,0
84,2051,9,CTX_B,M1,-1,-1.6897,0
84,2052,10,CTX_B,M1,-1,-1.9635,0
84,2053,11,CTX_B,M1,-1,-1.9170,0
84,2054,12,CTX_B,M1,-1,-0.4594,0
84,2055,13,CTX_B,M1,-1,-1.0144,0
84,2056,14,CTX_B,M1,-1,-0.9605,0
84,2057,15,CTX_B,M1,-1,0.0002,0
85,2058,1,CTX_A,M1,1,1.6558,0
85,2059,2,CTX_A,M1,1,0.1663,0
85,2060,3,CTX_A,M1,1,1.0289,0
85,2061,4,CTX_A,M1,1,0.6684,0
85,2062,5,CTX_A,M1,1,0.4219,0
85,2063,6,CTX_A,M1,1,0.1324,0
85,2064,7,CTX_A,M1,1,1.6903,0
85,2065,8,CTX_A,M1,1,0.9729,0
85,2066,9,CTX_A,M1,1,1.2040,0
85,2067,10,CTX_B,M1,-1,-1.9464,0
85,2068,11,CTX_B,M1,-1,-0.0156,0
85,2069,12,CTX_B,M1,-1,-1.0949,0
85,2070,13,CTX_B,M1,-1,0.0516,0
85,2071,14,CTX_B,M1,-1,-2.1073,0
85,2072,15,CTX_B,M1,-1,-1.2555,0
85,2073,16,CTX_B,M1,-1,0.0529,0
85,2074,17,CTX_B,M1,-1,-0.4543,1
85,2075,18,CTX_B,M1,-1,0.1208,0
86,2076,1,CTX_A,M1,1,1.7771,1
86,2077,2,CTX_A,M1,1,0.5499,0
86,2078,3,CTX_A,M1,1,1.0518,0
86,2079,4,CTX_A,M1,1,0.6102,0
86,2080,5,CTX_A,M1,1,0.5820,0
86,2081,6,CTX_A,M1,1,1.1164,0
86,2082,7,CTX_A,M1,1,1.5749,0
86,2083,8,CTX_A,M1,1,1.6643,0
86,2084,9,CTX_A,M1,1,0.0871,0
86,2085,10,CTX_A,M1,1,0.3091,0
86,2086,11,CTX_B,M1,-1,-0.4475,0
86,2087,12,CTX_B,M1,-1,-1.6278,0
86,2088,13,CTX_B,M1,-1,-1.1297,0
86,2089,14,CTX_B,M1,-1,-0.9827,0
86,2090,15,CTX_B,M1,-1,-0.4428,0
86,2091,16,CTX_B,M1,-1,-0.1055,0
86,2092,17,CTX_B,M1,-1,-0.0958,0
86,2093,18,CTX_B,M1,-1,-1.1459,0
86,2094,19,CTX_B,M1,-1,-1.6153,0
86,2095,20,CTX_B,M1,-1,-0.8356,0
87,2096,1,CTX_A,M1,1,0.0978,0
87,2097,2,CTX_A,M1,1,0.7554,0
87,2098,3,CTX_A,M1,1,1.0874,0
87,2099,4,CTX_A,M1,1,0.4424,0
87,2100,5,CTX_A,M1,1,0.5992,0
87,2101,6,CTX_A,M1,1,0.0044,0
87,2102,7,CTX_A,M1,1,1.6441,0
87,2103,8,CTX_A,M1,1,0.4564,0
87,2104,9,CTX_A,M1,1,0.8440,0
87,2105,10,CTX_A,M1,1,0.3295,0
87,2106,11,CTX_A,M1,1,1.3346,0
87,2107,12,CTX_B,M1,-1,-0.2687,0
87,2108,13,CTX_B,M1,-1,-0.1964,1
87,2109,14,CTX_B,M1,-1,-1.9998,0
87,2110,15,CTX_B,M1,-1,-1.5752,1
87,2111,16,CTX_B,M1,-1,-1.9975,0
87,2112,17,CTX_B,M1,-1,-1.5271,0
87,2113,18,CTX_B,M1,-1,-0.2931,0
87,2114,19,CTX_B,M1,-1,-1.1257,0
87,2115,20,CTX_B,M1,-1,-0.8880,0
87,2116,21,CTX_B,M1,-1,-0.1268,0
87,2117,22,CTX_B,M1,-1,-1.3722,0
88,2118,1,CTX_A,M1,1,0.3121,0
88,2119,2,CTX_A,M1,1,1.0026,0
88,2120,3,CTX_A,M1,1,1.1283,0
88,2121,4,CTX_A,M1,1,0.2524,1
88,2122,5,CTX_A,M1,1,0.6258,0
88,2123,6,CTX_A,M1,1,0.8917,0
88,2124,7,CTX_A,M1,1,1.7159,0
88,2125,8,CTX_A,M1,1,1.2230,0
88,2126,9,CTX_A,M1,1,1.7424,0
88,2127,10,CTX_A,M1,1,0.3640,1
88,2128,11,CTX_A,M1,1,1.0714,0
88,2129,12,CTX_A,M1,1,1.1408,0
88,2130,13,CTX_B,M1,-1,-1.2921,0
88,2131,14,CTX_B,M1,-1,-1.0001,0
88,2132,15,CTX_B,M1,-1,-0.7186,0
88,2133,16,CTX_B,M1,-1,-2.0337,0
88,2134,17,CTX_B,M1,-1,-1.0250,0
88,2135,18,CTX_B,M1,-1,-1.4827,1
88,2136,19,CTX_B,M1,-1,-0.5441,0
88,2137,20,CTX_B,M1,-1,-0.9517,0
88,2138,21,CTX_B,M1,-1,-1.2175,0
88,2139,22,CTX_B,M1,-1,-1.5310,0
88,2140,23,CTX_B,M1,-1,-1.0535,0
88,2141,24,CTX_B,M1,-1,-0.6163,0
89,2142,1,CTX_A,M1,1,0.6804,0
89,2143,2,CTX_A,M1,1,1.2172,0
89,2144,3,CTX_A,M1,1,1.1300,0
89,2145,4,CTX_A,M1,1,0.2844,0
89,2146,5,CTX_A,M1,1,0.7479,0
89,2147,6,CTX_A,M1,1,1.6931,0
89,2148,7,CTX_A,M1,1,1.5894,0
89,2149,8,CTX_A,M1,1,1.8319,0
89,2150,9,CTX_A,M1,1,0.5708,0
89,2151,10,CTX_A,M1,1,0.5621,0
89,2152,11,CTX_A,M1,1,0.8233,0
89,2153,12,CTX_A,M1,1,0.5892,0
89,2154,13,CTX_A,M1,1,1.5887,0
89,2155,14,CTX_A,M1,1,1.8707,0
89,2156,15,CTX_B,M1,-1,-1.8049,0
89,2157,16,CTX_B,M1,-1,-1.7921,0
89,2158,17,CTX_B,M1,-1,-0.5811,0
89,2159,18,CTX_B,M1,-1,-0.6333,0
89,2160,19,CTX_B,M1,-1,-0.1580,0
89,2161,20,CTX_B,M1,-1,-1.0200,0
89,2162,21,CTX_B,M1,-1,-0.3520,0
89,2163,22,CTX_B,M1,-1,-1.5291,0
89,2164,23,CTX_B,M1,-1,-0.2023,0
89,2165,24,CTX_B,M1,-1,-0.6610,0
89,2166,25,CTX_B,M1,-1,-0.7716,0
89,2167,26,CTX_B,M1,-1,-0.5402,0
89,2168,27,CTX_B,M1,-1,-1.6350,0
90,2169,1,CTX_A,M1,1,0.9052,0
90,2170,2,CTX_A,M1,1,1.4741,0
90,2171,3,CTX_A,M1,1,1.1720,0
90,2172,4,CTX_A,M1,1,0.0892,0
90,2173,5,CTX_A,M1,1,0.7767,0
90,2174,6,CTX_A,M1,1,0.6877,0
90,2175,7,CTX_A,M1,1,1.6619,0
90,2176,8,CTX_A,M1,1,0.7001,0
90,2177,9,CTX_A,M1,1,1.3325,0
90,2178,10,CTX_A,M1,1,0.5999,0
90,2179,11,CTX_A,M1,1,0.5496,0
90,2180,12,CTX_A,M1,1,1.9029,0
90,2181,13,CTX_A,M1,1,0.6205,0
90,2182,14,CTX_A,M1,1,0.9818,0
90,2183,15,CTX_A,M1,1,0.9147,0
90,2184,16,CTX_B,M1,-1,-1.8266,0
90,2185,17,CTX_B,M1,-1,-0.0592,0
90,2186,18,CTX_B,M1,-1,-1.6984,0
90,2187,19,CTX_B,M1,-1,-1.4828,0
90,2188,20,CTX_B,M1,-1,-1.0864,0
90,2189,21,CTX_B,M1,-1,-1.3152,1
90,2190,22,CTX_B,M1,-1,-1.6925,0
90,2191,23,CTX_B,M1,-1,-1.1314,0
90,2192,24,CTX_B,M1,-1,-0.5946,0
90,2193,25,CTX_B,M1,-1,-0.8210,0
90,2194,26,CTX_B,M1,-1,-0.9091,0
90,2195,27,CTX_B,M1,-1,-1.9639,0
90,2196,28,CTX_B,M1,-1,-1.1244,0
90,2197,29,CTX_B,M1,-1,-0.1631,0
91,2198,1,CTX_A,M1,1,1.1750,0
91,2199,2,CTX_A,M1,1,1.7725,0
91,2200,3,CTX_A,M1,1,1.2193,0
91,2201,4,CTX_A,M1,1,1.9696,0
91,2202,5,CTX_A,M1,1,0.8148,0
91,2203,6,CTX_A,M1,1,1.5911,0
91,2204,7,CTX_A,M1,1,1.7372,0
91,2205,8,CTX_A,M1,1,1.4525,0
91,2206,9,CTX_A,M1,1,0.1379,1
91,2207,10,CTX_A,M1,1,0.6518,0
91,2208,11,CTX_A,M1,1,0.2307,0
91,2209,12,CTX_A,M1,1,1.3573,0
91,2210,13,CTX_A,M1,1,1.5695,0
91,2211,14,CTX_A,M1,1,2.0193,0
91,2212,15,CTX_A,M1,1,1.7748,0
91,2213,16,CTX_A,M1,1,0.1464,0
91,2214,17,CTX_B,M1,-1,-1.5503,0
91,2215,18,CTX_B,M1,-1,-0.8596,0
91,2216,19,CTX_B,M1,-1,-0.9577,0
91,2217,20,CTX_B,M1,-1,-1.1641,0
91,2218,21,CTX_B,M1,-1,-0.3613,0
91,2219,22,CTX_B,M1,-1,-1.8758,0
91,2220,23,CTX_B,M1,-1,-0.1399,0
91,2221,24,CTX_B,M1,-1,-0.5222,0
91,2222,25,CTX_B,M1,-1,-0.8830,0
91,2223,26,CTX_B,M1,-1,-1.3509,0
91,2224,27,CTX_B,M1,-1,-0.2421,0
91,2225,28,CTX_B,M1,-1,0.0308,0
91,2226,29,CTX_B,M1,-1,-0.1959,0
91,2227,30,CTX_B,M1,-1,-1.3273,0
91,2228,31,CTX_B,M1,-1,-1.7506,0
92,2229,1,CTX_A,M1,1,1.4899,0
92,2230,2,CTX_A,M1,1,2.1126,0
92,2231,3,CTX_A,M1,1,1.2717,0
92,2232,4,CTX_A,M1,1,1.8999,0
92,2233,5,CTX_A,M1,1,0.8624,0
92,2234,6,CTX_A,M1,1,0.3775,0
92,2235,7,CTX_A,M1,1,1.8152,0
92,2236,8,CTX_A,M1,1,0.0634,0
92,2237,9,CTX_A,M1,1,1.0127,0
92,2238,10,CTX_A,M1,1,0.7179,0
92,2239,11,CTX_A,M1,1,-0.1335,0
92,2240,12,CTX_A,M1,1,0.7105,0
92,2241,13,CTX_A,M1,1,0.4100,0
92,2242,14,CTX_A,M1,1,0.9573,0
92,2243,15,CTX_A,M1,1,0.5077,0
92,2244,16,CTX_A,M1,1,0.1268,0
92,2245,17,CTX_A,M1,1,0.9713,0
92,2246,18,CTX_B,M1,-1,0.1250,0
92,2247,19,CTX_B,M1,-1,-0.3406,0
92,2248,20,CTX_B,M1,-1,-1.2532,0
92,2249,21,CTX_B,M1,-1,-1.5161,1
92,2250,22,CTX_B,M1,-1,-2.0788,0
92,2251,23,CTX_B,M1,-1,-1.2537,1
92,2252,24,CTX_B,M1,-1,-0.4439,0
92,2253,25,CTX_B,M1,-1,-0.9576,0
92,2254,26,CTX_B,M1,-1,-1.8654,0
92,2255,27,CTX_B,M1,-1,-0.4954,1
92,2256,28,CTX_B,M1,-1,-0.8927,1
92,2257,29,CTX_B,M1,-1,-0.2459,1
92,2258,30,CTX_B,M1,-1,-0.6800,0
92,2259,31,CTX_B,M1,-1,-1.4780,0
92,2260,32,CTX_B,M1,-1,-0.1879,0
92,2261,33,CTX_B,M1,-1,-1.3431,0
92,2262,34,CTX_B,M1,-1,-0.5707,0
93,2263,1,CTX_A,M1,1,1.6406,0
93,2264,2,CTX_A,M1,1,0.2888,0
93,2265,3,CTX_A,M1,1,1.2483,0
93,2266,4,CTX_A,M1,1,1.6091,0
93,2267,5,CTX_A,M1,1,0.9391,1
93,2268,6,CTX_A,M1,1,1.3110,0
93,2269,7,CTX_A,M1,1,1.6755,0
93,2270,8,CTX_A,M1,1,0.9233,0
93,2271,9,CTX_A,M1,1,1.7758,0
93,2272,10,CTX_A,M1,1,0.8478,0
93,2273,11,CTX_A,M1,1,1.6744,0
93,2274,12,CTX_A,M1,1,0.2178,0
93,2275,13,CTX_A,M1,1,1.3825,0
93,2276,14,CTX_A,M1,1,1.8755,1
93,2277,15,CTX_A,M1,1,1.3610,0
93,2278,16,CTX_A,M1,1,0.3325,0
93,2279,17,CTX_A,M1,1,1.4356,0
93,2280,18,CTX_A,M1,1,0.8627,1
93,2281,19,CTX_B,M1,-1,-1.8060,0
93,2282,20,CTX_B,M1,-1,-1.2666,0
93,2283,21,CTX_B,M1,-1,-0.5583,0
93,2284,22,CTX_B,M1,-1,-0.1437,0
93,2285,23,CTX_B,M1,-1,-0.3270,0
93,2286,24,CTX_B,M1,-1,-0.5173,0
93,2287,25,CTX_B,M1,-1,-1.0337,0
93,2288,26,CTX_B,M1,-1,-0.2577,0
93,2289,27,CTX_B,M1,-1,-0.8462,0
93,2290,28,CTX_B,M1,-1,-1.7291,0
93,2291,29,CTX_B,M1,-1,-0.4822,0
93,2292,30,CTX_B,M1,-1,-0.1946,0
93,2293,31,CTX_B,M1,-1,-1.1172,1
93,2294,32,CTX_B,M1,-1,-0.9517,0
93,2295,33,CTX_B,M1,-1,-1.2626,0
93,2296,34,CTX_B,M1,-1,-0.5122,0
93,2297,35,CTX_B,M1,-1,-1.2017,0
93,2298,36,CTX_B,M1,-1,-0.8201,0
94,2299,1,CTX_A,M1,1,1.9661,0
94,2300,2,CTX_A,M1,1,0.4687,0
94,2301,3,CTX_A,M1,1,1.3020,0
94,2302,4,CTX_A,M1,1,1.5341,0
94,2303,5,CTX_A,M1,1,0.9889,0
94,2304,6,CTX_A,M1,1,0.2232,0
94,2305,7,CTX_A,M1,1,1.7541,0
94,2306,8,CTX_A,M1,1,1.6615,0
94,2307,9,CTX_A,M1,1,0.6764,0
94,2308,10,CTX_A,M1,1,0.9171,0
94,2309,11,CTX_A,M1,1,1.4695,0
94,2310,12,CTX_A,M1,1,1.5547,0
94,2311,13,CTX_A,M1,1,0.3506,0
94,2312,14,CTX_A,M1,1,0.9433,0
94,2313,15,CTX_A,M1,1,0.2172,0
94,2314,16,CTX_A,M1,1,0.3147,0
94,2315,17,CTX_A,M1,1,1.9771,0
94,2316,18,CTX_A,M1,1,1.7115,0
94,2317,19,CTX_A,M1,1,0.6628,0
94,2318,20,CTX_B,M1,-1,-1.3583,1
94,2319,21,CTX_B,M1,-1,-1.5855,0
94,2320,22,CTX_B,M1,-1,-0.1814,0
94,2321,23,CTX_B,M1,-1,-1.3124,0
94,2322,24,CTX_B,M1,-1,-0.4376,0
94,2323,25,CTX_B,M1,-1,-1.1112,0
94,2324,26,CTX_B,M1,-1,-0.6194,1
94,2325,27,CTX_B,M1,-1,-1.1105,0
94,2326,28,CTX_B,M1,-1,-0.6805,0
94,2327,29,CTX_B,M1,-1,-0.5362,0
94,2328,30,CTX_B,M1,-1,-1.5311,0
94,2329,31,CTX_B,M1,-1,-0.8328,0
94,2330,32,CTX_B,M1,-1,-1.6134,0
94,2331,33,CTX_B,M1,-1,-1.2700,0
94,2332,34,CTX_B,M1,-1,-0.3142,0
94,2333,35,CTX_B,M1,-1,-1.5576,0
94,2334,36,CTX_B,M1,-1,-1.4058,0
94,2335,37,CTX_B,M1,-1,-1.4003,0
94,2336,38,CTX_B,M1,-1,-1.1788,0
95,2337,1,CTX_A,M1,1,0.1592,0
95,2338,2,CTX_A,M1,1,0.6901,0
95,2339,3,CTX_A,M1,1,1.3609,0
95,2340,4,CTX_A,M1,1,1.4370,0
95,2341,5,CTX_A,M1,1,1.0479,0
95,2342,6,CTX_A,M1,1,1.1236,0
95,2343,7,CTX_A,M1,1,1.8355,0
95,2344,8,CTX_A,M1,1,0.3485,0
95,2345,9,CTX_A,M1,1,1.5560,0
95,2346,10,CTX_A,M1,1,1.0006,0
95,2347,11,CTX_A,M1,1,1.2194,0
95,2348,12,CTX_A,M1,1,0.9528,0
95,2349,13,CTX_A,M1,1,1.3153,0
95,2350,14,CTX_A,M1,1,2.0170,0
95,2351,15,CTX_A,M1,1,1.0514,0
95,2352,16,CTX_A,M1,1,0.3042,0
95,2353,17,CTX_A,M1,1,0.4262,0
95,2354,18,CTX_A,M1,1,0.5289,0
95,2355,19,CTX_A,M1,1,1.2234,0
95,2356,20,CTX_A,M1,1,0.5385,0
95,2357,21,CTX_B,M1,-1,-0.6161,0
95,2358,22,CTX_B,M1,-1,-0.2390,0
95,2359,23,CTX_B,M1,-1,-0.2977,0
95,2360,24,CTX_B,M1,-1,-0.3520,0
95,2361,25,CTX_B,M1,-1,-1.2013,0
95,2362,26,CTX_B,M1,-1,-1.0540,0
95,2363,27,CTX_B,M1,-1,-1.4220,0
95,2364,28,CTX_B,M1,-1,-1.6204,0
95,2365,29,CTX_B,M1,-1,-0.6075,0
95,2366,30,CTX_B,M1,-1,-0.9290,1
95,2367,31,CTX_B,M1,-1,-0.4986,1
95,2368,32,CTX_B,M1,-1,-0.2105,0
95,2369,33,CTX_B,M1,-1,-1.2746,0
95,2370,34,CTX_B,M1,-1,-0.0903,0
95,2371,35,CTX_B,M1,-1,-1.9705,0
95,2372,36,CTX_B,M1,-1,0.0839,0
95,2373,37,CTX_B,M1,-1,-1.8020,0
95,2374,38,CTX_B,M1,-1,-0.2892,0
95,2375,39,CTX_B,M1,-1,-0.8674,0
95,2376,40,CTX_B,M1,-1,-0.4660,0
96,2377,1,CTX_A,M1,1,0.5570,0
96,2378,2,CTX_A,M1,1,0.9651,0
96,2379,3,CTX_A,M1,1,1.3163,0
96,2380,4,CTX_A,M1,1,1.2364,0
96,2381,5,CTX_A,M1,1,1.0866,0
96,2382,6,CTX_B,M1,-1,-1.8727,0
96,2383,7,CTX_B,M1,-1,-0.3154,0
96,2384,8,CTX_B,M1,-1,-0.8741,0
96,2385,9,CTX_B,M1,-1,-1.5732,0
96,2386,10,CTX_B,M1,-1,-0.9269,0
97,2387,1,CTX_A,M1,1,0.7681,0
97,2388,2,CTX_A,M1,1,1.1963,0
97,2389,3,CTX_A,M1,1,1.3764,0
97,2390,4,CTX_A,M1,1,1.1341,0
97,2391,5,CTX_A,M1,1,1.1479,1
97,2392,6,CTX_A,M1,1,0.8932,0
97,2393,7,CTX_B,M1,-1,-0.2334,0
97,2394,8,CTX_B,M1,-1,-0.1501,0
97,2395,9,CTX_B,M1,-1,-0.8303,0
97,2396,10,CTX_B,M1,-1,-0.8401,0
97,2397,11,CTX_B,M1,-1,-1.3173,0
97,2398,12,CTX_B,M1,-1,-0.2671,0
98,2399,1,CTX_A,M1,1,1.0243,1
98,2400,2,CTX_A,M1,1,1.4690,1
98,2401,3,CTX_A,M1,1,1.4417,0
98,2402,4,CTX_A,M1,1,1.0095,0
98,2403,5,CTX_A,M1,1,1.2186,0
98,2404,6,CTX_A,M1,1,1.8098,1
98,2405,7,CTX_A,M1,1,1.8514,0
98,2406,8,CTX_B,M1,-1,-1.3869,1
98,2407,9,CTX_B,M1,-1,-2.0328,1
98,2408,10,CTX_B,M1,-1,-0.7392,0
98,2409,11,CTX_B,M1,-1,-1.6232,0
98,2410,12,CTX_B,M1,-1,-0.8240,0
98,2411,13,CTX_B,M1,-1,-1.9395,0
98,2412,14,CTX_B,M1,-1,-1.0981,0
99,2413,1,CTX_A,M1,1,1.3255,0
99,2414,2,CTX_A,M1,1,1.7834,0
99,2415,3,CTX_A,M1,1,1.5122,0
99,2416,4,CTX_A,M1,1,0.8627,0
99,2417,5,CTX_A,M1,1,1.2986,0
99,2418,6,CTX_A,M1,1,0.6204,0
99,2419,7,CTX_A,M1,1,1.9390,0
99,2420,8,CTX_A,M1,1,1.4194,0
99,2421,9,CTX_B,M1,-1,-1.1767,0
99,2422,10,CTX_B,M1,-1,-0.6242,0
99,2423,11,CTX_B,M1,-1,-1.9744,0
99,2424,12,CTX_B,M1,-1,-1.4823,0
99,2425,13,CTX_B,M1,-1,-0.9591,0
99,2426,14,CTX_B,M1,-1,0.0117,0
99,2427,15,CTX_B,M1,-1,-1.7269,0
99,2428,16,CTX_B,M1,-1,-1.5241,0
100,2429,1,CTX_A,M1,1,1.5057,0
100,2430,2,CTX_A,M1,1,1.8576,0
100,2431,3,CTX_A,M1,1,1.4425,0
100,2432,4,CTX_A,M1,1,0.7695,0
100,2433,5,CTX_A,M1,1,1.2921,0
100,2434,6,CTX_A,M1,1,1.5033,0
100,2435,7,CTX_A,M1,1,1.7748,0
100,2436,8,CTX_A,M1,1,0.1910,1
100,2437,9,CTX_A,M1,1,1.6179,0
100,2438,10,CTX_A,M1,1,1.3801,0
100,2439,11,CTX_B,M1,-1,-0.2052,0
100,2440,12,CTX_B,M1,-1,-0.1080,0
100,2441,13,CTX_B,M1,-1,-0.1114,1
100,2442,14,CTX_B,M1,-1,-1.1031,0
100,2443,15,CTX_B,M1,-1,-0.8329,0
100,2444,16,CTX_B,M1,-1,-1.3843,0
100,2445,17,CTX_B,M1,-1,-1.0275,0
100,2446,18,CTX_B,M1,-1,-1.1288,0
100,2447,19,CTX_B,M1,-1,-0.1676,1
101,2448,1,CTX_B,M1,1,0.5484,1
101,2449,2,CTX_A,M1,1,1.5143,0
101,2450,3,CTX_A,M1,1,1.4557,0
101,2451,4,CTX_A,M1,1,0.4396,0
101,2452,5,CTX_B,M1,1,1.8461,0
101,2453,6,CTX_B,M1,1,0.5106,0
101,2454,7,CTX_B,M1,1,1.0135,0
101,2455,8,CTX_B,M1,1,1.3799,0
101,2456,9,CTX_A,M1,1,0.4725,0
101,2457,10,CTX_B,M1,1,0.0118,0
101,2458,11,CTX_A,M1,1,0.4496,0
101,2459,12,CTX_A,M2,1,1.7161,0
101,2460,13,CTX_A,M2,1,1.4289,1
101,2461,14,CTX_A,M2,1,0.9681,0
101,2462,15,CTX_A,M2,1,0.5565,0
101,2463,16,CTX_A,M2,1,1.8035,0
101,2464,17,CTX_A,M2,1,0.1829,0
101,2465,18,CTX_A,M2,1,0.9471,0
101,2466,19,CTX_B,M2,1,1.6455,0
101,2467,20,CTX_A,M2,1,0.6318,0
101,2468,21,CTX_B,M2,1,0.4349,0
102,2469,1,CTX_A,M1,1,-0.0397,0
102,2470,2,CTX_B,M1,1,1.5912,0
102,2471,3,CTX_A,M1,1,1.6102,0
102,2472,4,CTX_B,M1,1,1.3532,0
102,2473,5,CTX_B,M1,1,1.5459,0
102,2474,6,CTX_A,M1,1,1.3714,0
102,2475,7,CTX_B,M1,1,0.0889,0
102,2476,8,CTX_B,M1,1,0.7667,0
102,2477,9,CTX_B,M1,1,0.9175,0
102,2478,10,CTX_A,M1,1,0.8237,1
102,2479,11,CTX_A,M1,1,-0.0206,0
102,2480,12,CTX_B,M1,1,0.5404,0
102,2481,13,CTX_A,M2,1,0.7690,1
102,2482,14,CTX_B,M2,1,1.9792,0
102,2483,15,CTX_A,M2,1,-0.0036,0
102,2484,16,CTX_A,M2,1,1.9097,0
102,2485,17,CTX_A,M2,1,1.0456,0
102,2486,18,CTX_B,M2,1,0.6420,0
102,2487,19,CTX_A,M2,1,0.2014,0
102,2488,20,CTX_A,M2,1,1.2443,0
102,2489,21,CTX_B,M2,1,1.5256,0
102,2490,22,CTX_B,M2,1,0.8541,0
102,2491,23,CTX_A,M2,1,1.6399,0
103,2492,1,CTX_A,M1,1,1.4625,0
103,2493,2,CTX_A,M1,1,1.5004,0
103,2494,3,CTX_A,M1,1,1.5818,0
103,2495,4,CTX_B,M1,1,0.3173,0
103,2496,5,CTX_B,M1,1,1.1393,0
103,2497,6,CTX_B,M1,1,0.2847,0
103,2498,7,CTX_B,M1,1,1.2642,0
103,2499,8,CTX_A,M1,1,0.2956,0
103,2500,9,CTX_A,M1,1,1.3266,0
103,2501,10,CTX_A,M1,1,1.5768,0
103,2502,11,CTX_A,M1,1,1.5789,0
103,2503,12,CTX_B,M1,1,1.3768,0
103,2504,13,CTX_B,M1,1,0.2568,1
103,2505,14,CTX_A,M2,1,0.8610,0
103,2506,15,CTX_A,M2,1,1.5133,0
103,2507,16,CTX_B,M2,1,1.7594,0
103,2508,17,CTX_A,M2,1,1.7836,0
103,2509,18,CTX_B,M2,1,0.4721,0
103,2510,19,CTX_B,M2,1,0.8948,0
103,2511,20,CTX_B,M2,1,1.7117,0
103,2512,21,CTX_B,M2,1,0.5977,0
103,2513,22,CTX_B,M2,1,0.8976,0
103,2514,23,CTX_B,M2,1,1.6107,0
103,2515,24,CTX_B,M2,1,1.1694,0
103,2516,25,CTX_B,M2,1,1.5867,0
103,2517,26,CTX_B,M2,1,1.7876,0
104,2518,1,CTX_A,M1,1,1.0242,0
104,2519,2,CTX_A,M1,1,1.5785,0
104,2520,3,CTX_A,M1,1,1.7405,0
104,2521,4,CTX_A,M1,1,1.0964,0
104,2522,5,CTX_B,M1,1,0.8254,0
104,2523,6,CTX_A,M1,1,1.0088,0
104,2524,7,CTX_B,M1,1,0.4755,0
104,2525,8,CTX_A,M1,1,1.5648,0
104,2526,9,CTX_B,M1,1,1.7896,0
104,2527,10,CTX_B,M1,1,0.5154,0
104,2528,11,CTX_A,M1,1,1.2630,0
104,2529,12,CTX_A,M1,1,0.3256,0
104,2530,13,CTX_A,M1,1,1.4775,0
104,2531,14,CTX_B,M1,1,1.7394,0
104,2532,15,CTX_A,M2,1,1.1039,0
104,2533,16,CTX_B,M2,1,1.8670,0
104,2534,17,CTX_A,M2,1,0.7743,0
104,2535,18,CTX_A,M2,1,0.1559,0
104,2536,19,CTX_A,M2,1,1.4717,0
104,2537,20,CTX_A,M2,1,0.4417,0
104,2538,21,CTX_A,M2,1,1.5604,0
104,2539,22,CTX_A,M2,1,0.9036,0
104,2540,23,CTX_B,M2,1,1.7778,0
104,2541,24,CTX_A,M2,1,0.6140,0
104,2542,25,CTX_B,M2,1,0.2527,0
104,2543,26,CTX_A,M2,1,1.4817,0
104,2544,27,CTX_B,M2,1,1.6168,0
104,2545,28,CTX_A,M2,1,1.3244,0
105,2546,1,CTX_A,M1,1,0.4996,0
105,2547,2,CTX_B,M1,1,1.6618,0
105,2548,3,CTX_A,M1,1,1.9174,0
105,2549,4,CTX_A,M1,1,2.0262,0
105,2550,5,CTX_B,M1,1,0.4532,0
105,2551,6,CTX_A,M1,1,1.8744,0
105,2552,7,CTX_B,M1,1,1.6177,0
105,2553,8,CTX_B,M1,1,0.9964,0
105,2554,9,CTX_A,M1,1,0.2535,0
105,2555,10,CTX_B,M1,1,1.3308,0
105,2556,11,CTX_A,M1,1,0.8806,0
105,2557,12,CTX_A,M1,1,1.1564,0
105,2558,13,CTX_A,M1,1,0.8528,0
105,2559,14,CTX_B,M1,1,0.7008,0
105,2560,15,CTX_A,M1,1,0.6126,0
105,2561,16,CTX_B,M2,1,1.9805,0
105,2562,17,CTX_A,M2,1,1.6474,0
105,2563,18,CTX_A,M2,1,1.8686,0
105,2564,19,CTX_B,M2,1,0.0773,0
105,2565,20,CTX_B,M2,1,1.0088,0
105,2566,21,CTX_A,M2,1,0.6257,0
105,2567,22,CTX_A,M2,1,0.9124,0
105,2568,23,CTX_B,M2,1,1.9640,0
105,2569,24,CTX_A,M2,1,2.0328,0
105,2570,25,CTX_A,M2,1,0.7467,0
105,2571,26,CTX_A,M2,1,1.1075,0
105,2572,27,CTX_A,M2,1,0.1841,0
105,2573,28,CTX_B,M2,1,0.2757,0
105,2574,29,CTX_A,M2,1,0.5883,0
105,2575,30,CTX_B,M2,1,-0.0107,0
106,2576,1,CTX_B,M1,1,-0.1111,0
106,2577,2,CTX_A,M1,1,1.7503,0
106,2578,3,CTX_B,M1,1,2.1124,0
106,2579,4,CTX_B,M1,1,0.8609,1
106,2580,5,CTX_B,M1,1,0.0227,0
106,2581,6,CTX_B,M1,1,0.6357,0
106,2582,7,CTX_B,M1,1,0.7085,0
106,2583,8,CTX_A,M1,1,0.3269,0
106,2584,9,CTX_B,M1,1,0.7003,0
106,2585,10,CTX_A,M1,1,0.0409,0
106,2586,11,CTX_A,M1,1,0.4319,0
106,2587,12,CTX_A,M1,1,-0.1128,0
106,2588,13,CTX_B,M1,1,0.1189,0
106,2589,14,CTX_A,M1,1,1.7273,0
106,2590,15,CTX_A,M1,1,0.0393,1
106,2591,16,CTX_A,M1,1,2.1000,0
106,2592,17,CTX_B,M2,1,0.4208,0
106,2593,18,CTX_B,M2,1,1.6280,0
106,2594,19,CTX_A,M2,1,0.6937,0
106,2595,20,CTX_A,M2,1,1.6769,0
106,2596,21,CTX_A,M2,1,1.7757,0
106,2597,22,CTX_B,M2,1,0.9241,0
106,2598,23,CTX_B,M2,1,-0.0764,0
106,2599,24,CTX_A,M2,1,1.4434,0
106,2600,25,CTX_A,M2,1,1.3324,0
106,2601,26,CTX_A,M2,1,0.6650,0
106,2602,27,CTX_B,M2,1,0.7538,0
106,2603,28,CTX_A,M2,1,1.2965,0
106,2604,29,CTX_B,M2,1,1.5000,0
106,2605,30,CTX_B,M2,1,1.6549,0
106,2606,31,CTX_A,M2,1,0.3176,0
106,2607,32,CTX_B,M2,1,1.2553,0
107,2608,1,CTX_B,M1,1,1.4568,0
107,2609,2,CTX_B,M1,1,1.6344,0
107,2610,3,CTX_B,M1,1,0.1806,0
107,2611,4,CTX_B,M1,1,1.6933,0
107,2612,5,CTX_B,M1,1,1.7137,0
107,2613,6,CTX_A,M1,1,1.4619,0
107,2614,7,CTX_B,M1,1,1.8042,1
107,2615,8,CTX_A,M1,1,1.7304,0
107,2616,9,CTX_A,M1,1,1.1684,0
107,2617,10,CTX_A,M1,1,0.9755,0
107,2618,11,CTX_A,M1,1,0.1858,0
107,2619,12,CTX_B,M1,1,0.8796,0
107,2620,13,CTX_B,M1,1,1.5197,0
107,2621,14,CTX_B,M1,1,0.6219,0
107,2622,15,CTX_A,M1,1,1.6012,0
107,2623,16,CTX_A,M1,1,0.1053,0
107,2624,17,CTX_B,M1,1,1.3130,0
107,2625,18,CTX_A,M1,1,1.2557,0
107,2626,19,CTX_B,M2,1,1.3117,1
107,2627,20,CTX_A,M2,1,0.2711,0
107,2628,21,CTX_A,M2,1,0.7659,0
107,2629,22,CTX_A,M2,1,0.9539,1
107,2630,23,CTX_B,M2,1,0.2320,1
107,2631,24,CTX_A,M2,1,0.8137,0
107,2632,25,CTX_A,M2,1,1.7590,0
107,2633,26,CTX_B,M2,1,0.3644,0
107,2634,27,CTX_A,M2,1,1.3155,0
107,2635,28,CTX_B,M2,1,0.2972,0
107,2636,29,CTX_A,M2,1,0.3528,0
107,2637,30,CTX_B,M2,1,1.1271,0
107,2638,31,CTX_B,M2,1,0.4932,0
107,2639,32,CTX_B,M2,1,1.7720,0
107,2640,33,CTX_A,M2,1,0.5129,0
107,2641,34,CTX_B,M2,1,0.5161,0
107,2642,35,CTX_A,M2,1,0.1701,0
108,2643,1,CTX_B,M1,1,0.9958,0
108,2644,2,CTX_B,M1,1,1.7242,1
108,2645,3,CTX_B,M1,1,0.2100,0
108,2646,4,CTX_B,M1,1,0.6536,0
108,2647,5,CTX_B,M1,1,1.4393,0
108,2648,6,CTX_B,M1,1,0.3467,0
108,2649,7,CTX_A,M1,1,1.0310,0
108,2650,8,CTX_B,M1,1,1.2071,0
108,2651,9,CTX_B,M1,1,1.6332,0
108,2652,10,CTX_B,M1,1,1.7944,0
108,2653,11,CTX_A,M1,1,1.7071,0
108,2654,12,CTX_B,M1,1,1.7205,0
108,2655,13,CTX_A,M1,1,0.9301,0
108,2656,14,CTX_B,M1,1,1.5157,0
108,2657,15,CTX_A,M1,1,1.1787,0
108,2658,16,CTX_B,M1,1,0.0562,0
108,2659,17,CTX_B,M1,1,0.2110,0
108,2660,18,CTX_A,M1,1,1.0041,0
108,2661,19,CTX_A,M1,1,1.9525,1
108,2662,20,CTX_B,M2,1,0.7930,0
108,2663,21,CTX_B,M2,1,1.7878,0
108,2664,22,CTX_A,M2,1,0.9662,0
108,2665,23,CTX_B,M2,1,0.2720,0
108,2666,24,CTX_B,M2,1,0.2005,0
108,2667,25,CTX_B,M2,1,0.3806,0
108,2668,26,CTX_B,M2,1,1.8916,0
108,2669,27,CTX_A,M2,1,1.9077,0
108,2670,28,CTX_A,M2,1,1.1864,0
108,2671,29,CTX_A,M2,1,1.1281,0
108,2672,30,CTX_A,M2,1,0.6990,0
108,2673,31,CTX_B,M2,1,0.4948,0
108,2674,32,CTX_A,M2,1,0.4771,0
108,2675,33,CTX_A,M2,1,1.8040,0
108,2676,34,CTX_A,M2,1,0.4316,0
108,2677,35,CTX_A,M2,1,0.7896,0
108,2678,36,CTX_A,M2,1,1.9862,0
108,2679,37,CTX_A,M2,1,0.0185,0
109,2680,1,CTX_B,M1,1,0.4485,0
109,2681,2,CTX_A,M1,1,1.8191,0
109,2682,3,CTX_B,M1,1,0.2575,0
109,2683,4,CTX_A,M1,1,1.5805,0
109,2684,5,CTX_B,M1,1,1.1066,0
109,2685,6,CTX_A,M1,1,1.1887,0
109,2686,7,CTX_A,M1,1,0.1125,0
109,2687,8,CTX_A,M1,1,0.5824,0
109,2688,9,CTX_A,M1,1,0.0193,0
109,2689,10,CTX_B,M1,1,0.5983,0
109,2690,11,CTX_A,M1,1,1.3463,0
109,2691,12,CTX_A,M1,1,0.5517,0
109,2692,13,CTX_A,M1,1,0.2313,0
109,2693,14,CTX_A,M1,1,0.4130,0
109,2694,15,CTX_A,M1,1,0.6742,0
109,2695,16,CTX_B,M1,1,0.0132,0
109,2696,17,CTX_B,M1,1,1.0710,0
109,2697,18,CTX_B,M1,1,0.7053,0
109,2698,19,CTX_B,M1,1,0.5426,0
109,2699,20,CTX_A,M1,1,1.4158,0
109,2700,21,CTX_B,M2,1,0.8328,0
109,2701,22,CTX_B,M2,1,0.9815,0
109,2702,23,CTX_B,M2,1,0.3312,0
109,2703,24,CTX_B,M2,1,1.6409,0
109,2704,25,CTX_B,M2,1,0.9096,0
109,2705,26,CTX_B,M2,1,1.5348,0
109,2706,27,CTX_B,M2,1,0.4407,0
109,2707,28,CTX_B,M2,1,0.0835,0
109,2708,29,CTX_B,M2,1,2.0464,0
109,2709,30,CTX_A,M2,1,0.1956,0
109,2710,31,CTX_A,M2,1,0.5049,0
109,2711,32,CTX_A,M2,1,1.1037,0
109,2712,33,CTX_A,M2,1,1.1683,0
109,2713,34,CTX_B,M2,1,0.3404,0
109,2714,35,CTX_A,M2,1,1.5283,0
109,2715,36,CTX_B,M2,1,1.1136,0
109,2716,37,CTX_A,M2,1,-0.0687,0
109,2717,38,CTX_A,M2,1,1.2971,0
109,2718,39,CTX_A,M2,1,0.7352,0
110,2719,1,CTX_A,M1,1,1.8462,0
110,2720,2,CTX_B,M1,1,1.6821,1
110,2721,3,CTX_B,M1,1,0.4978,0
110,2722,4,CTX_A,M1,1,0.5050,0
110,2723,5,CTX_A,M1,1,0.7889,0
110,2724,6,CTX_B,M2,1,0.1444,0
110,2725,7,CTX_A,M2,1,1.2777,0
110,2726,8,CTX_A,M2,1,0.1516,0
110,2727,9,CTX_B,M2,1,0.6052,0
111,2728,1,CTX_A,M1,1,1.4487,0
111,2729,2,CTX_A,M1,1,1.7782,0
111,2730,3,CTX_B,M1,1,0.5496,0
111,2731,4,CTX_B,M1,1,1.2972,0
111,2732,5,CTX_A,M1,1,0.4425,0
111,2733,6,CTX_A,M1,1,0.8497,0
111,2734,7,CTX_A,M2,1,0.4952,0
111,2735,8,CTX_B,M2,1,1.3985,0
111,2736,9,CTX_A,M2,1,0.9950,0
111,2737,10,CTX_A,M2,1,0.3192,0
111,2738,11,CTX_B,M2,1,0.5636,0
112,2739,1,CTX_A,M1,1,0.9650,0
112,2740,2,CTX_A,M1,1,1.8796,1
112,2741,3,CTX_B,M1,1,0.6195,0
112,2742,4,CTX_B,M1,1,0.1752,0
112,2743,5,CTX_A,M1,1,0.0378,0
112,2744,6,CTX_B,M1,1,1.6965,0
112,2745,7,CTX_A,M1,1,1.6326,0
112,2746,8,CTX_A,M2,1,0.8188,0
112,2747,9,CTX_B,M2,1,1.4616,0
112,2748,10,CTX_B,M2,1,1.1123,0
112,2749,11,CTX_B,M2,1,0.1209,0
112,2750,12,CTX_B,M2,1,1.1643,0
112,2751,13,CTX_A,M2,1,0.3373,0
113,2752,1,CTX_B,M1,1,0.3951,0
113,2753,2,CTX_B,M1,1,1.9861,0
113,2754,3,CTX_B,M1,1,0.7076,1
113,2755,4,CTX_A,M1,1,1.0991,0
113,2756,5,CTX_A,M1,1,1.8097,0
113,2757,6,CTX_A,M1,1,0.4499,0
113,2758,7,CTX_A,M1,1,0.7296,0
113,2759,8,CTX_A,M1,1,0.1379,0
113,2760,9,CTX_A,M2,1,2.0050,0
113,2761,10,CTX_B,M2,1,2.0459,0
113,2762,11,CTX_B,M2,1,1.8467,0
113,2763,12,CTX_B,M2,1,-0.0980,0
113,2764,13,CTX_A,M2,1,1.7994,0
113,2765,14,CTX_B,M2,1,0.1049,0
113,2766,15,CTX_B,M2,1,0.7415,0
114,2767,1,CTX_B,M1,1,1.8584,0
114,2768,2,CTX_A,M1,1,1.8240,0
114,2769,3,CTX_A,M1,1,0.8603,1
114,2770,4,CTX_A,M1,1,1.8809,1
114,2771,5,CTX_A,M1,1,1.3438,0
114,2772,6,CTX_B,M1,1,1.3077,0
114,2773,7,CTX_A,M1,1,1.8153,0
114,2774,8,CTX_B,M1,1,1.5708,0
114,2775,9,CTX_B,M1,1,0.4149,0
114,2776,10,CTX_A,M2,1,0.7862,0
114,2777,11,CTX_B,M2,1,1.3310,0
114,2778,12,CTX_A,M2,1,0.8879,0
114,2779,13,CTX_B,M2,1,1.0654,0
114,2780,14,CTX_A,M2,1,1.1218,0
114,2781,15,CTX_B,M2,1,0.3561,0
114,2782,16,CTX_B,M2,1,0.3313,0
114,2783,17,CTX_B,M2,1,1.3326,0
114,2784,18,CTX_B,M2,1,1.3057,0
115,2785,1,CTX_B,M1,1,1.4382,0
115,2786,2,CTX_B,M1,1,1.9317,0
115,2787,3,CTX_A,M1,1,0.9526,1
115,2788,4,CTX_B,M1,1,0.8654,0
115,2789,5,CTX_A,M1,1,1.0369,0
115,2790,6,CTX_A,M1,1,0.1845,0
115,2791,7,CTX_A,M1,1,1.0482,0
115,2792,8,CTX_A,M1,1,1.0361,0
115,2793,9,CTX_A,M1,1,0.8064,0
115,2794,10,CTX_A,M1,1,1.5827,0
115,2795,11,CTX_B,M2,1,0.9761,0
115,2796,12,CTX_A,M2,1,1.7249,0
115,2797,13,CTX_A,M2,1,0.4368,0
115,2798,14,CTX_A,M2,1,0.0826,0
115,2799,15,CTX_B,M2,1,1.7940,0
115,2800,16,CTX_B,M2,1,0.3029,0
115,2801,17,CTX_B,M2,1,0.2389,0
115,2802,18,CTX_A,M2,1,1.0605,0
115,2803,19,CTX_A,M2,1,0.2815,0
115,2804,20,CTX_B,M2,1,0.9524,0
116,2805,1,CTX_B,M1,1,0.9319,0
116,2806,2,CTX_A,M1,1,2.0447,0
116,2807,3,CTX_A,M1,1,1.0631,1
116,2808,4,CTX_B,M1,1,1.8055,0
116,2809,5,CTX_A,M1,1,0.6717,0
116,2810,6,CTX_B,M1,1,1.0078,1
116,2811,7,CTX_A,M1,1,0.1359,0
116,2812,8,CTX_A,M1,1,0.4001,0
116,2813,9,CTX_A,M1,1,1.2748,0
116,2814,10,CTX_A,M1,1,0.3752,0
116,2815,11,CTX_B,M1,1,0.5549,0
116,2816,12,CTX_B,M2,1,0.5630,0
116,2817,13,CTX_A,M2,1,1.8436,0
116,2818,14,CTX_B,M2,1,1.0073,1
116,2819,15,CTX_B,M2,1,1.3452,0
116,2820,16,CTX_A,M2,1,0.2804,0
116,2821,17,CTX_B,M2,1,1.0962,0
116,2822,18,CTX_A,M2,1,0.7681,0
116,2823,19,CTX_B,M2,1,0.8803,0
116,2824,20,CTX_A,M2,1,1.5856,0
116,2825,21,CTX_B,M2,1,0.1469,0
116,2826,22,CTX_B,M2,1,1.1076,0
117,2827,1,CTX_A,M1,1,0.5106,1
117,2828,2,CTX_A,M1,1,0.1470,0
117,2829,3,CTX_A,M1,1,1.1420,0
117,2830,4,CTX_A,M1,1,0.6903,0
117,2831,5,CTX_A,M1,1,0.4430,0
117,2832,6,CTX_A,M1,1,1.7204,0
117,2833,7,CTX_A,M1,1,1.2911,0
117,2834,8,CTX_B,M1,1,1.7239,0
117,2835,9,CTX_B,M1,1,1.6074,0
117,2836,10,CTX_B,M1,1,1.2096,0
117,2837,11,CTX_B,M1,1,0.3091,0
117,2838,12,CTX_B,M1,1,1.3865,0
117,2839,13,CTX_B,M2,1,1.1234,0
117,2840,14,CTX_A,M2,1,1.8081,0
117,2841,15,CTX_B,M2,1,0.8626,0
117,2842,16,CTX_A,M2,1,0.4547,0
117,2843,17,CTX_B,M2,1,1.8145,0
117,2844,18,CTX_B,M2,1,0.5767,0
117,2845,19,CTX_A,M2,1,1.4325,0
117,2846,20,CTX_A,M2,1,0.2632,0
117,2847,21,CTX_B,M2,1,1.2193,0
117,2848,22,CTX_B,M2,1,1.1004,0
117,2849,23,CTX_B,M2,1,1.2406,0
117,2850,24,CTX_B,M2,1,0.8235,0
118,2851,1,CTX_A,M1,1,1.8683,0
118,2852,2,CTX_B,M1,1,0.0913,0
118,2853,3,CTX_A,M1,1,1.2567,0
118,2854,4,CTX_A,M1,1,1.4958,0
118,2855,5,CTX_A,M1,1,0.0641,0
118,2856,6,CTX_B,M1,1,0.6925,0
118,2857,7,CTX_A,M1,1,0.5147,0
118,2858,8,CTX_A,M1,1,1.2341,0
118,2859,9,CTX_A,M1,1,0.2094,0
118,2860,10,CTX_B,M1,1,0.1253,0
118,2861,11,CTX_B,M1,1,1.7566,0
118,2862,12,CTX_B,M1,1,0.3491,0
118,2863,13,CTX_B,M1,1,0.5299,0
118,2864,14,CTX_A,M1,1,0.8856,0
118,2865,15,CTX_B,M2,1,0.3946,0
118,2866,16,CTX_A,M2,1,0.4335,0
118,2867,17,CTX_B,M2,1,0.8217,0
118,2868,18,CTX_A,M2,1,0.2732,1
118,2869,19,CTX_A,M2,1,0.1715,0
118,2870,20,CTX_B,M2,1,0.7501,0
118,2871,21,CTX_A,M2,1,0.3472,0
118,2872,22,CTX_A,M2,1,1.1261,0
118,2873,23,CTX_B,M2,1,1.3706,0
118,2874,24,CTX_B,M2,1,0.2407,0
118,2875,25,CTX_A,M2,1,1.7317,0
118,2876,26,CTX_B,M2,1,1.8289,1
118,2877,27,CTX_B,M2,1,1.5484,0
119,2878,1,CTX_A,M1,1,1.4254,0
119,2879,2,CTX_A,M1,1,0.0408,0
119,2880,3,CTX_A,M1,1,1.3895,0
119,2881,4,CTX_B,M1,1,0.3978,0
119,2882,5,CTX_A,M1,1,1.6810,0
119,2883,6,CTX_A,M1,1,1.5205,0
119,2884,7,CTX_A,M1,1,1.6474,0
119,2885,8,CTX_A,M1,1,0.6431,0
119,2886,9,CTX_B,M1,1,0.6027,0
119,2887,10,CTX_A,M1,1,0.8961,0
119,2888,11,CTX_B,M1,1,1.4233,0
119,2889,12,CTX_A,M1,1,1.1721,0
119,2890,13,CTX_A,M1,1,1.8814,0
119,2891,14,CTX_B,M1,1,1.8366,0
119,2892,15,CTX_A,M1,1,1.8989,0
119,2893,16,CTX_B,M2,1,0.4184,0
119,2894,17,CTX_B,M2,1,1.6895,0
119,2895,18,CTX_A,M2,1,1.9768,0
119,2896,19,CTX_B,M2,1,0.7296,0
119,2897,20,CTX_A,M2,1,1.3380,0
119,2898,21,CTX_A,M2,1,1.3683,0
119,2899,22,CTX_B,M2,1,1.1548,1
119,2900,23,CTX_B,M2,1,1.5198,1
119,2901,24,CTX_B,M2,1,1.6101,0
119,2902,25,CTX_A,M2,1,0.2981,0
119,2903,26,CTX_B,M2,1,1.4909,0
119,2904,27,CTX_A,M2,1,0.1258,0
119,2905,28,CTX_A,M2,1,1.7891,0
119,2906,29,CTX_B,M2,1,0.3733,0
120,2907,1,CTX_A,M1,1,0.8964,0
120,2908,2,CTX_B,M1,1,-0.0045,0
120,2909,3,CTX_A,M1,1,1.5405,0
120,2910,4,CTX_B,M1,1,1.3350,0
120,2911,5,CTX_A,M1,1,1.3552,0
120,2912,6,CTX_B,M1,1,0.2660,0
120,2913,7,CTX_B,M1,1,0.7506,0
120,2914,8,CTX_B,M1,1,-0.0492,0
120,2915,9,CTX_A,M1,1,1.0729,0
120,2916,10,CTX_A,M1,1,1.8073,0
120,2917,11,CTX_B,M1,1,1.0236,0
120,2918,12,CTX_A,M1,1,-0.0832,0
120,2919,13,CTX_A,M1,1,1.2395,0
120,2920,14,CTX_A,M1,1,0.7225,0
120,2921,15,CTX_A,M1,1,1.4369,0
120,2922,16,CTX_B,M1,1,0.4091,0
120,2923,17,CTX_A,M2,1,0.4794,0
120,2924,18,CTX_B,M2,1,1.7489,0
120,2925,19,CTX_A,M2,1,1.3924,0
120,2926,20,CTX_B,M2,1,2.0269,0
120,2927,21,CTX_A,M2,1,0.3438,0
120,2928,22,CTX_B,M2,1,1.1862,0
120,2929,23,CTX_B,M2,1,1.6880,0
120,2930,24,CTX_A,M2,1,0.9933,0
120,2931,25,CTX_B,M2,1,0.8406,0
120,2932,26,CTX_A,M2,1,1.0846,0
120,2933,27,CTX_B,M2,1,0.6838,0
120,2934,28,CTX_B,M2,1,0.6999,0
120,2935,29,CTX_A,M2,1,1.2577,0
120,2936,30,CTX_A,M2,1,1.4212,0
120,2937,31,CTX_B,M2,1,1.0936,0
121,2938,1,CTX_B,M1,1,0.7963,0
121,2939,2,CTX_B,M1,1,0.7040,0
121,2940,3,CTX_A,M1,1,1.2011,1
121,2941,4,CTX_A,M1,1,0.7249,0
121,2942,5,CTX_A,M1,1,0.9918,0
121,2943,6,CTX_A,M1,1,1.0587,0
121,2944,7,CTX_B,M1,1,1.3124,1
121,2945,8,CTX_A,M1,1,1.1562,0
121,2946,9,CTX_B,M1,1,1.1756,0
121,2947,10,CTX_B,M1,1,0.8484,1
121,2948,11,CTX_B,M1,1,0.8746,0
121,2949,12,CTX_B,M1,1,0.9607,0
121,2950,13,CTX_B,M1,1,0.8550,1
121,2951,14,CTX_B,M1,1,1.2328,0
121,2952,15,CTX_A,M1,1,0.9697,1
121,2953,16,CTX_A,M1,1,0.8316,1
121,2954,17,CTX_A,M1,1,1.1331,0
121,2955,18,CTX_B,M1,1,1.1343,0
121,2956,19,CTX_B,M1,1,1.3286,1
121,2957,20,CTX_A,M1,1,0.8365,0
121,2958,21,CTX_B,M1,1,1.1564,1
121,2959,22,CTX_A,M1,1,1.0625,1
121,2960,23,CTX_B,M1,1,1.2480,0
121,2961,24,CTX_A,M1,1,0.7944,0
121,2962,25,CTX_B,M1,1,1.1345,0
121,2963,26,CTX_A,M1,1,0.8895,0
121,2964,27,CTX_A,M1,1,1.0958,1
121,2965,28,CTX_A,M1,1,1.2347,1
121,2966,29,CTX_A,M1,1,0.6858,1
121,2967,30,CTX_A,M1,1,0.9781,1
121,2968,31,CTX_A,M1,1,1.0453,1
121,2969,32,CTX_A,M1,1,0.8548,0
121,2970,33,CTX_B,M1,1,1.1058,0
121,2971,34,CTX_A,M1,1,1.3100,0
122,2972,1,CTX_B,M1,1,1.3656,0
122,2973,2,CTX_A,M1,1,0.6548,1
122,2974,3,CTX_B,M1,1,1.2868,1
122,2975,4,CTX_A,M1,1,1.0313,0
122,2976,5,CTX_A,M1,1,0.8493,1
122,2977,6,CTX_B,M1,1,0.5927,1
122,2978,7,CTX_B,M1,1,1.0272,1
122,2979,8,CTX_A,M1,1,0.9444,1
122,2980,9,CTX_A,M1,1,1.3977,1
122,2981,10,CTX_B,M1,1,1.1559,1
122,2982,11,CTX_B,M1,1,0.6882,0
122,2983,12,CTX_B,M1,1,1.3044,1
122,2984,13,CTX_B,M1,1,1.3811,1
122,2985,14,CTX_B,M1,1,0.8452,1
122,2986,15,CTX_A,M1,1,0.7657,0
122,2987,16,CTX_A,M1,1,0.8108,1
122,2988,17,CTX_A,M1,1,0.6938,0
122,2989,18,CTX_A,M1,1,1.0485,0
122,2990,19,CTX_A,M1,1,0.8299,1
122,2991,20,CTX_A,M1,1,1.0459,1
122,2992,21,CTX_B,M1,1,0.8002,0
122,2993,22,CTX_A,M1,1,1.0824,1
122,2994,23,CTX_B,M1,1,1.3460,1
122,2995,24,CTX_A,M1,1,1.3254,1
122,2996,25,CTX_B,M1,1,1.3840,1
122,2997,26,CTX_A,M1,1,0.7018,0
122,2998,27,CTX_B,M1,1,1.3481,0
122,2999,28,CTX_B,M1,1,0.8581,0
122,3000,29,CTX_B,M1,1,0.9654,0
122,3001,30,CTX_B,M1,1,0.7919,1
122,3002,31,CTX_A,M1,1,1.0750,1
122,3003,32,CTX_A,M1,1,1.0798,0
122,3004,33,CTX_B,M1,1,0.8599,1
122,3005,34,CTX_B,M1,1,1.3585,1
122,3006,35,CTX_A,M1,1,0.8436,0
122,3007,36,CTX_A,M1,1,1.2303,0
123,3008,1,CTX_B,M1,1,1.1849,0
123,3009,2,CTX_B,M1,1,0.6099,0
123,3010,3,CTX_B,M1,1,1.3877,1
123,3011,4,CTX_B,M1,1,1.4633,1
123,3012,5,CTX_A,M1,1,0.6581,0
123,3013,6,CTX_A,M1,1,0.9228,1
123,3014,7,CTX_B,M1,1,0.6211,0
123,3015,8,CTX_B,M1,1,0.6484,1
123,3016,9,CTX_B,M1,1,0.7224,0
123,3017,10,CTX_A,M1,1,0.6190,1
123,3018,11,CTX_B,M1,1,1.4079,1
123,3019,12,CTX_B,M1,1,0.8082,1
123,3020,13,CTX_A,M1,1,1.1378,1
123,3021,14,CTX_A,M1,1,1.2683,0
123,3022,15,CTX_A,M1,1,1.4548,1
123,3023,16,CTX_A,M1,1,0.7950,1
123,3024,17,CTX_A,M1,1,1.0545,0
123,3025,18,CTX_A,M1,1,0.9235,0
123,3026,19,CTX_B,M1,1,1.0967,1
123,3027,20,CTX_B,M1,1,1.3396,0
123,3028,21,CTX_B,M1,1,1.2711,0
123,3029,22,CTX_B,M1,1,1.1047,0
123,3030,23,CTX_A,M1,1,1.4599,1
123,3031,24,CTX_A,M1,1,1.0931,1
123,3032,25,CTX_A,M1,1,0.7485,0
123,3033,26,CTX_B,M1,1,1.4185,0
123,3034,27,CTX_A,M1,1,0.7193,0
123,3035,28,CTX_A,M1,1,1.2960,1
123,3036,29,CTX_A,M1,1,1.3641,0
123,3037,30,CTX_B,M1,1,0.5430,0
123,3038,31,CTX_B,M1,1,1.1117,1
123,3039,32,CTX_B,M1,1,1.3931,1
123,3040,33,CTX_B,M1,1,0.5215,1
123,3041,34,CTX_A,M1,1,1.4014,1
123,3042,35,CTX_B,M1,1,1.1541,0
123,3043,36,CTX_B,M1,1,0.8432,0
123,3044,37,CTX_B,M1,1,1.4648,0
123,3045,38,CTX_A,M1,1,1.2810,1
124,3046,1,CTX_B,M1,1,0.9630,0
124,3047,2,CTX_A,M1,1,0.7646,1
124,3048,3,CTX_B,M1,1,1.2754,1
124,3049,4,CTX_B,M1,1,0.9552,1
124,3050,5,CTX_A,M1,1,1.2849,0
124,3051,6,CTX_B,M1,1,1.2028,0
124,3052,7,CTX_B,M1,1,1.1077,0
124,3053,8,CTX_A,M1,1,1.2027,1
124,3054,9,CTX_A,M1,1,0.9622,1
124,3055,10,CTX_A,M1,1,1.0104,0
124,3056,11,CTX_B,M1,1,1.1379,0
124,3057,12,CTX_A,M1,1,1.1385,0
124,3058,13,CTX_A,M1,1,0.8926,1
124,3059,14,CTX_B,M1,1,0.8475,1
124,3060,15,CTX_A,M1,1,1.1399,0
124,3061,16,CTX_B,M1,1,0.8819,1
124,3062,17,CTX_A,M1,1,1.2936,1
124,3063,18,CTX_B,M1,1,0.8683,1
124,3064,19,CTX_A,M1,1,1.2464,1
124,3065,20,CTX_A,M1,1,0.7892,0
124,3066,21,CTX_B,M1,1,0.8840,1
124,3067,22,CTX_B,M1,1,1.0707,0
124,3068,23,CTX_A,M1,1,0.7194,1
124,3069,24,CTX_B,M1,1,0.8775,0
124,3070,25,CTX_A,M1,1,1.0051,0
124,3071,26,CTX_B,M1,1,1.1413,0
124,3072,27,CTX_A,M1,1,0.9948,1
124,3073,28,CTX_B,M1,1,0.8727,1
124,3074,29,CTX_A,M1,1,0.8792,0
124,3075,30,CTX_B,M1,1,1.1827,0
124,3076,31,CTX_B,M1,1,1.0849,1
124,3077,32,CTX_B,M1,1,0.8314,0
124,3078,33,CTX_B,M1,1,1.1058,1
124,3079,34,CTX_B,M1,1,1.2398,0
124,3080,35,CTX_B,M1,1,0.7054,0
124,3081,36,CTX_B,M1,1,1.2369,1
124,3082,37,CTX_B,M1,1,1.2906,1
124,3083,38,CTX_B,M1,1,0.7091,0
124,3084,39,CTX_A,M1,1,0.7141,0
124,3085,40,CTX_B,M1,1,1.0129,0
125,3086,1,CTX_A,M1,1,0.7654,1
125,3087,2,CTX_A,M1,1,0.7207,0
125,3088,3,CTX_B,M1,1,0.6353,1
125,3089,4,CTX_B,M1,1,1.2750,1
125,3090,5,CTX_A,M1,1,1.2239,1
125,3091,6,CTX_A,M1,1,0.8160,0
125,3092,7,CTX_B,M1,1,0.8148,0
125,3093,8,CTX_A,M1,1,1.0285,1
125,3094,9,CTX_B,M1,1,1.1218,0
125,3095,10,CTX_B,M1,1,1.3208,0
126,3096,1,CTX_A,M1,1,1.3820,1
126,3097,2,CTX_B,M1,1,0.6812,1
126,3098,3,CTX_B,M1,1,0.6132,1
126,3099,4,CTX_A,M1,1,0.8344,1
126,3100,5,CTX_A,M1,1,1.1143,0
126,3101,6,CTX_B,M1,1,1.1502,1
126,3102,7,CTX_B,M1,1,1.2871,1
126,3103,8,CTX_B,M1,1,0.7698,1
126,3104,9,CTX_A,M1,1,1.3453,1
126,3105,10,CTX_B,M1,1,0.8621,1
126,3106,11,CTX_B,M1,1,0.8563,0
126,3107,12,CTX_B,M1,1,1.0780,0
127,3108,1,CTX_A,M1,1,1.1824,1
127,3109,2,CTX_A,M1,1,0.6460,0
127,3110,3,CTX_B,M1,1,0.6063,1
127,3111,4,CTX_A,M1,1,1.2640,1
127,3112,5,CTX_A,M1,1,0.9560,1
127,3113,6,CTX_A,M1,1,0.5746,0
127,3114,7,CTX_B,M1,1,0.8938,1
127,3115,8,CTX_A,M1,1,1.4544,1
127,3116,9,CTX_B,M1,1,0.6052,0
127,3117,10,CTX_A,M1,1,1.2651,0
127,3118,11,CTX_B,M1,1,0.6325,1
127,3119,12,CTX_B,M1,1,0.5038,1
127,3120,13,CTX_A,M1,1,0.8537,1
127,3121,14,CTX_B,M1,1,1.1551,0
128,3122,1,CTX_A,M1,1,0.9490,0
128,3123,2,CTX_B,M1,1,0.7797,1
128,3124,3,CTX_B,M1,1,0.7794,0
128,3125,4,CTX_B,M1,1,0.7997,0
128,3126,5,CTX_A,M1,1,0.8564,0
128,3127,6,CTX_B,M1,1,1.0018,0
128,3128,7,CTX_B,M1,1,1.3141,1
128,3129,8,CTX_A,M1,1,1.0965,0
128,3130,9,CTX_A,M1,1,0.8943,1
128,3131,10,CTX_A,M1,1,0.7802,1
128,3132,11,CTX_B,M1,1,1.2991,0
128,3133,12,CTX_A,M1,1,0.9641,1
128,3134,13,CTX_B,M1,1,0.6897,1
128,3135,14,CTX_B,M1,1,0.7450,0
128,3136,15,CTX_B,M1,1,1.1790,0
128,3137,16,CTX_A,M1,1,0.9157,0
128,3138,17,CTX_A,M1,1,1.1393,0
129,3139,1,CTX_B,M1,1,0.7325,0
129,3140,2,CTX_B,M1,1,0.7455,0
129,3141,3,CTX_A,M1,1,0.7760,0
129,3142,4,CTX_B,M1,1,1.1171,0
129,3143,5,CTX_A,M1,1,0.6867,0
129,3144,6,CTX_A,M1,1,1.3399,1
129,3145,7,CTX_B,M1,1,1.0341,1
129,3146,8,CTX_B,M1,1,0.8753,0
129,3147,9,CTX_B,M1,1,1.0553,0
129,3148,10,CTX_B,M1,1,1.0690,0
129,3149,11,CTX_B,M1,1,1.2039,0
129,3150,12,CTX_A,M1,1,1.3044,0
129,3151,13,CTX_B,M1,1,1.1742,1
129,3152,14,CTX_A,M1,1,1.0704,1
129,3153,15,CTX_B,M1,1,1.0213,1
129,3154,16,CTX_B,M1,1,0.9121,0
129,3155,17,CTX_A,M1,1,0.7068,1
129,3156,18,CTX_A,M1,1,1.0711,1
129,3157,19,CTX_A,M1,1,0.9586,0
130,3158,1,CTX_B,M1,1,1.3965,0
130,3159,2,CTX_A,M1,1,0.7156,1
130,3160,3,CTX_A,M1,1,0.7878,0
130,3161,4,CTX_A,M1,1,0.6078,0
130,3162,5,CTX_A,M1,1,1.4207,1
130,3163,6,CTX_B,M1,1,0.8436,1
130,3164,7,CTX_B,M1,1,0.6331,0
130,3165,8,CTX_A,M1,1,0.5698,0
130,3166,9,CTX_A,M1,1,1.2803,1
130,3167,10,CTX_B,M1,1,1.4749,1
130,3168,11,CTX_B,M1,1,1.0534,0
130,3169,12,CTX_A,M1,1,0.8140,0
130,3170,13,CTX_A,M1,1,0.8985,1
130,3171,14,CTX_B,M1,1,0.5760,0
130,3172,15,CTX_B,M1,1,0.7954,0
130,3173,16,CTX_B,M1,1,0.9133,0
130,3174,17,CTX_A,M1,1,1.0654,0
130,3175,18,CTX_A,M1,1,0.9514,1
130,3176,19,CTX_B,M1,1,1.2447,0
130,3177,20,CTX_B,M1,1,1.4127,0
130,3178,21,CTX_B,M1,1,0.9636,1
131,3179,1,CTX_B,M1,1,1.1779,0
131,3180,2,CTX_B,M1,1,0.6901,0
131,3181,3,CTX_A,M1,1,0.8146,1
131,3182,4,CTX_A,M1,1,1.0349,1
131,3183,5,CTX_A,M1,1,1.2953,0
131,3184,6,CTX_A,M1,1,1.2761,0
131,3185,7,CTX_B,M1,1,1.2050,0
131,3186,8,CTX_A,M1,1,1.2737,0
131,3187,9,CTX_B,M1,1,0.4755,0
131,3188,10,CTX_B,M1,1,0.9041,0
131,3189,11,CTX_B,M1,1,0.8475,1
131,3190,12,CTX_B,M1,1,1.2558,0
131,3191,13,CTX_A,M1,1,0.5318,1
131,3192,14,CTX_A,M1,1,1.0249,1
131,3193,15,CTX_B,M1,1,0.5013,1
131,3194,16,CTX_A,M1,1,0.9196,0
131,3195,17,CTX_A,M1,1,1.5457,0
131,3196,18,CTX_B,M1,1,0.7924,1
131,3197,19,CTX_A,M1,1,0.5242,0
131,3198,20,CTX_A,M1,1,0.7052,1
131,3199,21,CTX_A,M1,1,1.5332,0
131,3200,22,CTX_B,M1,1,1.1926,0
131,3201,23,CTX_B,M1,1,0.9224,1
132,3202,1,CTX_A,M1,1,0.9330,0
132,3203,2,CTX_A,M1,1,0.8029,1
132,3204,3,CTX_A,M1,1,0.9147,1
132,3205,4,CTX_B,M1,1,1.3498,1
132,3206,5,CTX_A,M1,1,1.0722,0
132,3207,6,CTX_B,M1,1,0.7566,1
132,3208,7,CTX_A,M1,1,0.8236,0
132,3209,8,CTX_B,M1,1,0.9648,0
132,3210,9,CTX_B,M1,1,0.8137,1
132,3211,10,CTX_A,M1,1,1.2396,1
132,3212,11,CTX_B,M1,1,0.7537,1
132,3213,12,CTX_B,M1,1,0.7522,1
132,3214,13,CTX_B,M1,1,1.1842,1
132,3215,14,CTX_A,M1,1,1.3609,0
132,3216,15,CTX_B,M1,1,1.2228,1
132,3217,16,CTX_A,M1,1,0.9588,0
132,3218,17,CTX_A,M1,1,0.9479,1
132,3219,18,CTX_B,M1,1,0.7584,0
132,3220,19,CTX_B,M1,1,0.9067,0
132,3221,20,CTX_A,M1,1,1.0204,0
132,3222,21,CTX_A,M1,1,1.0097,1
132,3223,22,CTX_A,M1,1,1.1357,1
132,3224,23,CTX_B,M1,1,0.9892,0
132,3225,24,CTX_B,M1,1,1.2916,1
132,3226,25,CTX_B,M1,1,1.1240,1
132,3227,26,CTX_A,M1,1,0.7257,1
133,3228,1,CTX_A,M1,1,0.6977,1
133,3229,2,CTX_B,M1,1,0.7784,0
133,3230,3,CTX_A,M1,1,0.9451,0
133,3231,4,CTX_B,M1,1,0.9293,1
133,3232,5,CTX_A,M1,1,0.9355,1
133,3233,6,CTX_A,M1,1,1.0750,1
133,3234,7,CTX_A,M1,1,1.2919,0
133,3235,8,CTX_B,M1,1,0.6967,0
133,3236,9,CTX_A,M1,1,0.9761,0
133,3237,10,CTX_A,M1,1,0.7715,0
133,3238,11,CTX_A,M1,1,1.4119,0
133,3239,12,CTX_A,M1,1,1.0808,1
133,3240,13,CTX_B,M1,1,0.9378,1
133,3241,14,CTX_B,M1,1,0.9637,1
133,3242,15,CTX_B,M1,1,1.0542,0
133,3243,16,CTX_A,M1,1,0.9662,0
133,3244,17,CTX_B,M1,1,1.3152,1
133,3245,18,CTX_A,M1,1,0.5901,0
133,3246,19,CTX_A,M1,1,1.1589,0
133,3247,20,CTX_B,M1,1,1.2849,1
133,3248,21,CTX_A,M1,1,0.5956,1
133,3249,22,CTX_B,M1,1,1.1691,1
133,3250,23,CTX_B,M1,1,1.0366,0
133,3251,24,CTX_B,M1,1,1.0847,1
133,3252,25,CTX_B,M1,1,1.3847,0
133,3253,26,CTX_A,M1,1,1.3737,0
133,3254,27,CTX_A,M1,1,0.5982,0
133,3255,28,CTX_A,M1,1,1.1028,0
134,3256,1,CTX_A,M1,1,1.4090,1
134,3257,2,CTX_B,M1,1,0.7582,1
134,3258,3,CTX_A,M1,1,0.9906,0
134,3259,4,CTX_A,M1,1,1.3699,1
134,3260,5,CTX_A,M1,1,0.7501,0
134,3261,6,CTX_B,M1,1,0.4929,0
134,3262,7,CTX_A,M1,1,0.9037,1
134,3263,8,CTX_A,M1,1,1.3628,0
134,3264,9,CTX_B,M1,1,1.2026,1
134,3265,10,CTX_B,M1,1,1.1558,1
134,3266,11,CTX_A,M1,1,1.2793,0
134,3267,12,CTX_A,M1,1,0.5125,0
134,3268,13,CTX_A,M1,1,0.6004,0
134,3269,14,CTX_A,M1,1,1.4345,0
134,3270,15,CTX_B,M1,1,0.8174,0
134,3271,16,CTX_B,M1,1,0.9785,0
134,3272,17,CTX_B,M1,1,0.7858,1
134,3273,18,CTX_A,M1,1,1.4012,1
134,3274,19,CTX_B,M1,1,1.4983,0
134,3275,20,CTX_A,M1,1,0.6150,0
134,3276,21,CTX_A,M1,1,1.0657,0
134,3277,22,CTX_B,M1,1,1.2050,0
134,3278,23,CTX_B,M1,1,1.0998,0
134,3279,24,CTX_B,M1,1,0.7927,0
134,3280,25,CTX_B,M1,1,0.7033,1
134,3281,26,CTX_B,M1,1,1.2294,1
134,3282,27,CTX_B,M1,1,0.8220,0
134,3283,28,CTX_B,M1,1,0.5907,1
134,3284,29,CTX_B,M1,1,1.0093,1
134,3285,30,CTX_B,M1,1,1.0888,1
135,3286,1,CTX_A,M1,1,1.0976,1
135,3287,2,CTX_A,M1,1,0.8534,0
135,3288,3,CTX_A,M1,1,1.0292,0
135,3289,4,CTX_A,M1,1,0.8726,0
135,3290,5,CTX_A,M1,1,0.7246,1
135,3291,6,CTX_A,M1,1,0.9464,0
135,3292,7,CTX_A,M1,1,1.3156,1
135,3293,8,CTX_B,M1,1,1.0384,0
135,3294,9,CTX_A,M1,1,1.2806,0
135,3295,10,CTX_B,M1,1,0.7139,0
135,3296,11,CTX_A,M1,1,1.0520,1
135,3297,12,CTX_B,M1,1,0.9673,0
135,3298,13,CTX_A,M1,1,1.1889,0
135,3299,14,CTX_A,M1,1,0.9304,1
135,3300,15,CTX_B,M1,1,0.7225,0
135,3301,16,CTX_B,M1,1,0.9976,0
135,3302,17,CTX_B,M1,1,1.1452,0
135,3303,18,CTX_B,M1,1,1.1684,1
135,3304,19,CTX_A,M1,1,0.8662,0
135,3305,20,CTX_B,M1,1,0.9466,1
135,3306,21,CTX_B,M1,1,0.7295,0
135,3307,22,CTX_A,M1,1,1.1384,0
135,3308,23,CTX_B,M1,1,1.1019,1
135,3309,24,CTX_B,M1,1,1.3277,1
135,3310,25,CTX_A,M1,1,0.9859,1
135,3311,26,CTX_B,M1,1,1.0161,1
135,3312,27,CTX_A,M1,1,1.0717,1
135,3313,28,CTX_A,M1,1,1.0522,1
135,3314,29,CTX_B,M1,1,1.2839,1
135,3315,30,CTX_A,M1,1,0.9113,0
135,3316,31,CTX_A,M1,1,1.2724,1
135,3317,32,CTX_B,M1,1,1.0968,1
136,3318,1,CTX_B,M1,1,0.9151,1
136,3319,2,CTX_B,M1,1,0.8342,1
136,3320,3,CTX_A,M1,1,1.0782,0
136,3321,4,CTX_B,M1,1,1.2010,0
136,3322,5,CTX_A,M1,1,1.3295,1
136,3323,6,CTX_B,M1,1,1.2688,1
136,3324,7,CTX_A,M1,1,1.0408,1
136,3325,8,CTX_B,M1,1,0.8078,1
136,3326,9,CTX_B,M1,1,0.7204,1
136,3327,10,CTX_A,M1,1,0.9841,1
136,3328,11,CTX_A,M1,1,0.9064,1
136,3329,12,CTX_B,M1,1,1.3044,1
136,3330,13,CTX_B,M1,1,0.9718,0
136,3331,14,CTX_B,M1,1,1.2906,0
136,3332,15,CTX_A,M1,1,1.2713,1
136,3333,16,CTX_B,M1,1,1.0111,0
136,3334,17,CTX_B,M1,1,0.7196,0
136,3335,18,CTX_B,M1,1,1.0932,1
136,3336,19,CTX_A,M1,1,1.0845,0
136,3337,20,CTX_A,M1,1,1.1734,0
136,3338,21,CTX_B,M1,1,1.0929,1
136,3339,22,CTX_A,M1,1,1.1748,0
136,3340,23,CTX_A,M1,1,1.1689,1
136,3341,24,CTX_A,M1,1,1.1575,0
136,3342,25,CTX_A,M1,1,1.1994,0
136,3343,26,CTX_A,M1,1,0.8584,1
136,3344,27,CTX_B,M1,1,1.3143,0
136,3345,28,CTX_B,M1,1,0.6473,0
136,3346,29,CTX_A,M1,1,0.8805,0
136,3347,30,CTX_A,M1,1,0.7146,0
136,3348,31,CTX_B,M1,1,1.3506,1
136,3349,32,CTX_B,M1,1,1.3672,0
136,3350,33,CTX_B,M1,1,1.2031,1
136,3351,34,CTX_A,M1,1,1.1288,1
136,3352,35,CTX_B,M1,1,0.7791,1
137,3353,1,CTX_B,M1,1,0.6608,1
137,3354,2,CTX_A,M1,1,0.8194,0
137,3355,3,CTX_B,M1,1,1.1424,0
137,3356,4,CTX_B,M1,1,0.7118,0
137,3357,5,CTX_A,M1,1,1.2257,0
137,3358,6,CTX_A,M1,1,0.7660,1
137,3359,7,CTX_A,M1,1,0.6449,1
137,3360,8,CTX_A,M1,1,1.4359,1
137,3361,9,CTX_A,M1,1,0.8844,0
137,3362,10,CTX_A,M1,1,1.3714,0
137,3363,11,CTX_A,M1,1,0.7056,0
137,3364,12,CTX_B,M1,1,0.8197,1
137,3365,13,CTX_B,M1,1,0.6636,0
137,3366,14,CTX_A,M1,1,0.8401,1
137,3367,15,CTX_A,M1,1,1.0918,0
137,3368,16,CTX_A,M1,1,1.0295,0
137,3369,17,CTX_B,M1,1,1.0760,1
137,3370,18,CTX_A,M1,1,0.9788,0
137,3371,19,CTX_B,M1,1,1.3899,1
137,3372,20,CTX_A,M1,1,0.5411,1
137,3373,21,CTX_B,M1,1,0.6619,0
137,3374,22,CTX_B,M1,1,1.2136,0
137,3375,23,CTX_A,M1,1,1.2518,0
137,3376,24,CTX_A,M1,1,0.9023,1
137,3377,25,CTX_A,M1,1,0.5461,1
137,3378,26,CTX_A,M1,1,0.6439,1
137,3379,27,CTX_A,M1,1,0.6939,0
137,3380,28,CTX_A,M1,1,1.0386,1
137,3381,29,CTX_B,M1,1,1.2565,0
137,3382,30,CTX_A,M1,1,1.3984,0
137,3383,31,CTX_B,M1,1,1.4358,1
137,3384,32,CTX_B,M1,1,0.7827,1
137,3385,33,CTX_B,M1,1,0.9306,1
137,3386,34,CTX_B,M1,1,1.1330,0
137,3387,35,CTX_B,M1,1,1.0712,1
137,3388,36,CTX_B,M1,1,0.6426,0
137,3389,37,CTX_B,M1,1,1.4364,1
138,3390,1,CTX_B,M1,1,1.4195,0
138,3391,2,CTX_A,M1,1,0.8089,0
138,3392,3,CTX_B,M1,1,1.2217,0
138,3393,4,CTX_A,M1,1,1.1499,0
138,3394,5,CTX_A,M1,1,1.0732,1
138,3395,6,CTX_B,M1,1,1.1828,0
138,3396,7,CTX_A,M1,1,1.2129,0
138,3397,8,CTX_B,M1,1,1.1781,1
138,3398,9,CTX_B,M1,1,1.1124,1
138,3399,10,CTX_B,M1,1,0.7910,1
138,3400,11,CTX_A,M1,1,1.5341,0
138,3401,12,CTX_A,M1,1,1.2582,1
138,3402,13,CTX_A,M1,1,1.3492,0
138,3403,14,CTX_A,M1,1,1.3237,0
138,3404,15,CTX_A,M1,1,0.8440,1
138,3405,16,CTX_A,M1,1,1.0529,0
138,3406,17,CTX_B,M1,1,0.4693,1
138,3407,18,CTX_B,M1,1,0.8251,0
138,3408,19,CTX_A,M1,1,0.6979,0
138,3409,20,CTX_B,M1,1,0.7946,0
138,3410,21,CTX_A,M1,1,1.1814,0
138,3411,22,CTX_B,M1,1,1.2547,1
138,3412,23,CTX_A,M1,1,1.3507,0
138,3413,24,CTX_A,M1,1,0.5622,0
138,3414,25,CTX_B,M1,1,0.7709,0
138,3415,26,CTX_A,M1,1,1.4573,1
138,3416,27,CTX_B,M1,1,0.9553,1
138,3417,28,CTX_B,M1,1,0.4813,1
138,3418,29,CTX_B,M1,1,0.6668,0
138,3419,30,CTX_B,M1,1,1.2178,0
138,3420,31,CTX_A,M1,1,1.5280,1
138,3421,32,CTX_A,M1,1,1.0879,0
138,3422,33,CTX_B,M1,1,0.5657,0
138,3423,34,CTX_A,M1,1,1.1315,0
138,3424,35,CTX_B,M1,1,1.4628,1
138,3425,36,CTX_B,M1,1,1.1921,1
138,3426,37,CTX_A,M1,1,1.5003,0
138,3427,38,CTX_B,M1,1,0.6442,0
138,3428,39,CTX_A,M1,1,1.2871,0
139,3429,1,CTX_B,M1,1,1.0966,0
139,3430,2,CTX_B,M1,1,0.8832,0
139,3431,3,CTX_B,M1,1,1.1873,0
139,3432,4,CTX_A,M1,1,0.6964,0
139,3433,5,CTX_A,M1,1,0.9242,0
139,3434,6,CTX_A,M1,1,0.6986,0
139,3435,7,CTX_A,M1,1,0.8322,0
139,3436,8,CTX_B,M1,1,0.9028,1
139,3437,9,CTX_A,M1,1,1.2395,0
140,3438,1,CTX_A,M1,1,0.8953,0
140,3439,2,CTX_A,M1,1,0.8737,0
140,3440,3,CTX_B,M1,1,1.2701,0
140,3441,4,CTX_B,M1,1,1.0223,1
140,3442,5,CTX_A,M1,1,0.7604,0
140,3443,6,CTX_B,M1,1,1.0014,1
140,3444,7,CTX_A,M1,1,1.2965,0
140,3445,8,CTX_A,M1,1,0.6252,1
140,3446,9,CTX_B,M1,1,0.6146,1
140,3447,10,CTX_A,M1,1,0.6828,1
140,3448,11,CTX_A,M1,1,1.0880,1
141,3449,1,CTX_A,M1,1,0.6221,0
141,3450,2,CTX_B,M1,1,0.8685,1
141,3451,3,CTX_B,M1,1,1.3681,0
141,3452,4,CTX_B,M1,1,1.4739,0
141,3453,5,CTX_A,M1,1,0.5478,0
141,3454,6,CTX_A,M1,1,1.4222,0
141,3455,7,CTX_A,M1,1,0.9135,0
141,3456,8,CTX_B,M1,1,1.2727,0
141,3457,9,CTX_A,M1,1,0.7800,0
141,3458,10,CTX_A,M1,1,1.0485,0
141,3459,11,CTX_A,M1,1,0.9051,0
141,3460,12,CTX_B,M1,1,0.5211,0
141,3461,13,CTX_A,M1,1,1.3610,0
142,3462,1,CTX_A,M1,1,1.2421,0
142,3463,2,CTX_B,M1,1,0.9252,0
142,3464,3,CTX_B,M1,1,1.2721,0
142,3465,4,CTX_A,M1,1,0.9435,0
142,3466,5,CTX_A,M1,1,1.2476,0
142,3467,6,CTX_B,M1,1,0.8925,0
142,3468,7,CTX_A,M1,1,1.3170,0
142,3469,8,CTX_B,M1,1,0.9819,0
142,3470,9,CTX_B,M1,1,1.0053,0
142,3471,10,CTX_B,M1,1,1.3005,0
142,3472,11,CTX_A,M1,1,0.8116,0
142,3473,12,CTX_B,M1,1,0.9705,0
142,3474,13,CTX_A,M1,1,1.0236,0
142,3475,14,CTX_B,M1,1,1.1108,1
142,3476,15,CTX_A,M1,1,0.9295,0
143,3477,1,CTX_A,M1,1,1.0937,0
143,3478,2,CTX_A,M1,1,0.9210,0
143,3479,3,CTX_B,M1,1,1.3737,0
143,3480,4,CTX_A,M1,1,1.2829,0
143,3481,5,CTX_A,M1,1,1.1652,1
143,3482,6,CTX_A,M1,1,1.1993,0
143,3483,7,CTX_A,M1,1,1.0473,0
143,3484,8,CTX_A,M1,1,0.7418,0
143,3485,9,CTX_A,M1,1,1.1857,0
143,3486,10,CTX_B,M1,1,0.9011,0
143,3487,11,CTX_A,M1,1,0.6157,0
143,3488,12,CTX_A,M1,1,1.3043,0
143,3489,13,CTX_B,M1,1,0.7740,0
143,3490,14,CTX_A,M1,1,0.7133,0
143,3491,15,CTX_A,M1,1,0.7230,0
143,3492,16,CTX_A,M1,1,1.1079,0
143,3493,17,CTX_B,M1,1,0.7323,0
143,3494,18,CTX_B,M1,1,1.1148,0
144,3495,1,CTX_B,M1,1,0.8734,0
144,3496,2,CTX_B,M1,1,0.9212,0
144,3497,3,CTX_A,M1,1,0.5562,0
144,3498,4,CTX_A,M1,1,0.8138,0
144,3499,5,CTX_A,M1,1,1.0343,0
144,3500,6,CTX_B,M1,1,0.6899,0
144,3501,7,CTX_B,M1,1,0.6566,0
144,3502,8,CTX_B,M1,1,1.3514,0
144,3503,9,CTX_B,M1,1,1.4302,0
144,3504,10,CTX_A,M1,1,1.2697,0
144,3505,11,CTX_A,M1,1,1.2986,0
144,3506,12,CTX_A,M1,1,0.8254,0
144,3507,13,CTX_B,M1,1,1.3675,0
144,3508,14,CTX_B,M1,1,1.0992,0
144,3509,15,CTX_B,M1,1,1.3824,0
144,3510,16,CTX_B,M1,1,1.1434,0
144,3511,17,CTX_B,M1,1,1.0863,0
144,3512,18,CTX_A,M1,1,1.0057,0
144,3513,19,CTX_A,M1,1,0.5982,0
144,3514,20,CTX_A,M1,1,0.6204,0
145,3515,1,CTX_B,M1,1,0.5813,0
145,3516,2,CTX_A,M1,1,0.9257,1
145,3517,3,CTX_A,M1,1,0.5464,0
145,3518,4,CTX_B,M1,1,1.2630,0
145,3519,5,CTX_A,M1,1,0.8547,0
145,3520,6,CTX_A,M1,1,1.0910,0
145,3521,7,CTX_B,M1,1,1.2206,0
145,3522,8,CTX_B,M1,1,1.0841,0
145,3523,9,CTX_A,M1,1,0.6630,0
145,3524,10,CTX_A,M1,1,0.6798,0
145,3525,11,CTX_A,M1,1,1.1336,0
145,3526,12,CTX_B,M1,1,1.2606,0
145,3527,13,CTX_A,M1,1,1.0774,0
145,3528,14,CTX_B,M1,1,0.5419,0
145,3529,15,CTX_B,M1,1,1.1810,0
145,3530,16,CTX_B,M1,1,1.1840,0
145,3531,17,CTX_B,M1,1,0.4866,0
145,3532,18,CTX_A,M1,1,0.8573,0
145,3533,19,CTX_A,M1,1,0.8686,0
145,3534,20,CTX_B,M1,1,0.8825,0
145,3535,21,CTX_A,M1,1,0.8355,0
145,3536,22,CTX_B,M1,1,1.3158,0
146,3537,1,CTX_B,M1,1,1.2561,0
146,3538,2,CTX_A,M1,1,0.9615,0
146,3539,3,CTX_A,M1,1,0.7358,0
146,3540,4,CTX_B,M1,1,0.7764,0
146,3541,5,CTX_A,M1,1,0.7799,0
146,3542,6,CTX_B,M1,1,0.6422,0
146,3543,7,CTX_B,M1,1,0.8406,0
146,3544,8,CTX_A,M1,1,0.8423,0
146,3545,9,CTX_B,M1,1,0.9375,0
146,3546,10,CTX_B,M1,1,1.0831,0
146,3547,11,CTX_A,M1,1,0.9489,0
146,3548,12,CTX_B,M1,1,0.7643,0
146,3549,13,CTX_A,M1,1,0.8211,0
146,3550,14,CTX_A,M1,1,1.0302,0
146,3551,15,CTX_B,M1,1,0.9478,0
146,3552,16,CTX_B,M1,1,1.1352,0
146,3553,17,CTX_B,M1,1,0.9663,0
146,3554,18,CTX_B,M1,1,0.8053,0
146,3555,19,CTX_B,M1,1,1.1334,1
146,3556,20,CTX_B,M1,1,1.1348,0
146,3557,21,CTX_A,M1,1,1.2673,0
146,3558,22,CTX_A,M1,1,1.2166,0
146,3559,23,CTX_B,M1,1,0.8379,0
146,3560,24,CTX_A,M1,1,1.1406,0
146,3561,25,CTX_B,M1,1,0.9634,1
147,3562,1,CTX_A,M1,1,1.0888,0
147,3563,2,CTX_B,M1,1,0.9670,0
147,3564,3,CTX_A,M1,1,0.7296,0
147,3565,4,CTX_A,M1,1,1.1133,0
147,3566,5,CTX_A,M1,1,0.5889,0
147,3567,6,CTX_A,M1,1,0.9294,0
147,3568,7,CTX_B,M1,1,1.3009,0
147,3569,8,CTX_B,M1,1,1.4141,0
147,3570,9,CTX_B,M1,1,1.1194,0
147,3571,10,CTX_B,M1,1,0.5959,0
147,3572,11,CTX_A,M1,1,0.7709,0
147,3573,12,CTX_A,M1,1,1.0864,0
147,3574,13,CTX_B,M1,1,1.3685,0
147,3575,14,CTX_B,M1,1,0.5792,0
147,3576,15,CTX_B,M1,1,0.7304,0
147,3577,16,CTX_A,M1,1,1.1769,0
147,3578,17,CTX_A,M1,1,1.3291,0
147,3579,18,CTX_B,M1,1,0.6477,0
147,3580,19,CTX_A,M1,1,1.4242,0
147,3581,20,CTX_A,M1,1,1.4166,0
147,3582,21,CTX_A,M1,1,0.9128,0
147,3583,22,CTX_B,M1,1,1.2665,0
147,3584,23,CTX_B,M1,1,0.8543,0
147,3585,24,CTX_B,M1,1,0.9107,0
147,3586,25,CTX_A,M1,1,1.1881,0
147,3587,26,CTX_A,M1,1,0.6679,0
147,3588,27,CTX_B,M1,1,0.5786,0
148,3589,1,CTX_A,M1,1,0.8496,0
148,3590,2,CTX_A,M1,1,0.9769,0
148,3591,3,CTX_A,M1,1,0.7384,0
148,3592,4,CTX_A,M1,1,0.5756,0
148,3593,5,CTX_A,M1,1,1.3496,0
148,3594,6,CTX_A,M1,1,1.3344,0
148,3595,7,CTX_B,M1,1,0.9231,0
148,3596,8,CTX_B,M1,1,1.1842,0
148,3597,9,CTX_A,M1,1,1.3653,0
148,3598,10,CTX_B,M1,1,0.9430,0
148,3599,11,CTX_A,M1,1,0.5376,0
148,3600,12,CTX_A,M1,1,0.5296,0
148,3601,13,CTX_B,M1,1,1.1077,0
148,3602,14,CTX_B,M1,1,0.9780,0
148,3603,15,CTX_B,M1,1,1.4450,0
148,3604,16,CTX_A,M1,1,1.2235,0
148,3605,17,CTX_A,M1,1,0.8135,0
148,3606,18,CTX_A,M1,1,1.4511,0
148,3607,19,CTX_B,M1,1,0.8020,0
148,3608,20,CTX_B,M1,1,0.7822,0
148,3609,21,CTX_B,M1,1,1.4243,0
148,3610,22,CTX_B,M1,1,1.3189,0
148,3611,23,CTX_B,M1,1,0.8866,0
148,3612,24,CTX_B,M1,1,0.5959,0
148,3613,25,CTX_A,M1,1,1.4892,0
148,3614,26,CTX_A,M1,1,1.4126,0
148,3615,27,CTX_A,M1,1,0.7926,0
148,3616,28,CTX_A,M1,1,1.3313,0
148,3617,29,CTX_B,M1,1,0.9023,0
149,3618,1,CTX_A,M1,1,0.7407,0
149,3619,2,CTX_B,M1,1,0.9950,0
149,3620,3,CTX_A,M1,1,0.8664,1
149,3621,4,CTX_B,M1,1,1.0125,0
149,3622,5,CTX_A,M1,1,1.1141,0
149,3623,6,CTX_B,M1,1,0.8401,0
149,3624,7,CTX_B,M1,1,1.3183,0
149,3625,8,CTX_A,M1,1,0.9269,0
149,3626,9,CTX_B,M1,1,0.7377,0
149,3627,10,CTX_A,M1,1,1.2289,0
149,3628,11,CTX_A,M1,1,1.2197,0
149,3629,12,CTX_A,M1,1,0.9737,0
149,3630,13,CTX_A,M1,1,0.8628,0
149,3631,14,CTX_A,M1,1,1.2863,0
149,3632,15,CTX_B,M1,1,1.1308,0
149,3633,16,CTX_B,M1,1,1.1546,0
149,3634,17,CTX_A,M1,1,1.1565,0
149,3635,18,CTX_B,M1,1,1.2004,0
149,3636,19,CTX_A,M1,1,1.0707,0
149,3637,20,CTX_A,M1,1,1.0510,0
149,3638,21,CTX_B,M1,1,0.9678,0
149,3639,22,CTX_A,M1,1,1.2100,0
149,3640,23,CTX_A,M1,1,0.9634,0
149,3641,24,CTX_B,M1,1,1.1900,0
149,3642,25,CTX_A,M1,1,0.8453,0
149,3643,26,CTX_A,M1,1,1.1358,0
149,3644,27,CTX_A,M1,1,1.0488,0
149,3645,28,CTX_B,M1,1,0.8794,0
149,3646,29,CTX_A,M1,1,1.2075,1
149,3647,30,CTX_B,M1,1,0.8481,0
149,3648,31,CTX_B,M1,1,0.8450,0
150,3649,1,CTX_A,M1,1,1.2681,1
150,3650,2,CTX_A,M1,1,1.0059,0
150,3651,3,CTX_A,M1,1,0.8788,1
150,3652,4,CTX_B,M1,1,1.3629,0
150,3653,5,CTX_A,M1,1,1.0047,0
150,3654,6,CTX_A,M1,1,1.1312,0
150,3655,7,CTX_B,M1,1,1.0537,0
150,3656,8,CTX_B,M1,1,0.6773,1
150,3657,9,CTX_A,M1,1,0.8570,0
150,3658,10,CTX_A,M1,1,0.8200,0
150,3659,11,CTX_A,M1,1,1.1151,0
150,3660,12,CTX_B,M1,1,1.3041,0
150,3661,13,CTX_A,M1,1,1.3642,0
150,3662,14,CTX_B,M1,1,0.9326,0
150,3663,15,CTX_B,M1,1,0.9707,0
150,3664,16,CTX_B,M1,1,1.2024,0
150,3665,17,CTX_A,M1,1,0.7446,0
150,3666,18,CTX_B,M1,1,1.1359,0
150,3667,19,CTX_B,M1,1,1.3276,0
150,3668,20,CTX_B,M1,1,1.2951,0
150,3669,21,CTX_B,M1,1,1.3725,0
150,3670,22,CTX_A,M1,1,1.2629,1
150,3671,23,CTX_A,M1,1,0.9995,0
150,3672,24,CTX_B,M1,1,0.9968,1
150,3673,25,CTX_B,M1,1,1.0228,0
150,3674,26,CTX_B,M1,1,1.0083,0
150,3675,27,CTX_B,M1,1,1.2816,0
150,3676,28,CTX_A,M1,1,1.2296,0
150,3677,29,CTX_B,M1,1,0.7996,0
150,3678,30,CTX_B,M1,1,0.6410,0
150,3679,31,CTX_A,M1,1,0.8302,0
150,3680,32,CTX_B,M1,1,0.8581,0
150,3681,33,CTX_B,M1,1,0.7473,0
150,3682,34,CTX_B,M1,1,0.9093,0
151,3683,1,CTX_B,M1,1,1.0819,0
151,3684,2,CTX_A,M1,1,1.0211,0
151,3685,3,CTX_A,M1,1,0.9063,1
151,3686,4,CTX_A,M1,1,0.9140,0
151,3687,5,CTX_A,M1,1,0.8466,0
151,3688,6,CTX_B,M1,1,0.6153,0
151,3689,7,CTX_B,M1,1,0.6681,0
151,3690,8,CTX_B,M1,1,1.2684,1
151,3691,9,CTX_B,M1,1,1.0403,0
151,3692,10,CTX_B,M1,1,1.1700,0
151,3693,11,CTX_A,M1,1,0.9551,0
151,3694,12,CTX_B,M1,1,0.8310,0
151,3695,13,CTX_B,M1,1,1.1326,0
151,3696,14,CTX_A,M1,1,1.3532,0
151,3697,15,CTX_B,M1,1,0.7424,0
151,3698,16,CTX_B,M1,1,1.2551,0
151,3699,17,CTX_A,M1,1,1.0965,0
151,3700,18,CTX_A,M1,1,1.0321,0
151,3701,19,CTX_A,M1,1,0.7468,0
151,3702,20,CTX_B,M1,1,0.6982,0
151,3703,21,CTX_B,M1,1,1.0011,0
151,3704,22,CTX_B,M1,1,1.3182,0
151,3705,23,CTX_A,M1,1,1.0515,0
151,3706,24,CTX_A,M1,1,0.7187,0
151,3707,25,CTX_B,M1,1,1.2767,1
151,3708,26,CTX_B,M1,1,0.8240,0
151,3709,27,CTX_A,M1,1,0.6697,0
151,3710,28,CTX_B,M1,1,0.7909,1
151,3711,29,CTX_B,M1,1,1.1528,0
151,3712,30,CTX_B,M1,1,1.2962,0
151,3713,31,CTX_A,M1,1,0.8224,0
151,3714,32,CTX_A,M1,1,1.1205,0
151,3715,33,CTX_B,M1,1,1.3244,0
151,3716,34,CTX_A,M1,1,0.8746,0
151,3717,35,CTX_B,M1,1,0.9914,0
151,3718,36,CTX_B,M1,1,1.3749,0
152,3719,1,CTX_B,M1,1,0.8239,0
152,3720,2,CTX_B,M1,1,1.0406,0
152,3721,3,CTX_B,M1,1,0.9490,0
152,3722,4,CTX_A,M1,1,1.3741,0
152,3723,5,CTX_A,M1,1,0.6399,0
152,3724,6,CTX_A,M1,1,1.0007,0
152,3725,7,CTX_B,M1,1,1.2281,1
152,3726,8,CTX_A,M1,1,0.9916,0
152,3727,9,CTX_A,M1,1,1.2877,0
152,3728,10,CTX_B,M1,1,0.5705,0
152,3729,11,CTX_A,M1,1,0.7397,0
152,3730,12,CTX_A,M1,1,1.2629,0
152,3731,13,CTX_A,M1,1,0.8101,0
152,3732,14,CTX_A,M1,1,0.8398,0
152,3733,15,CTX_B,M1,1,1.5124,0
152,3734,16,CTX_A,M1,1,1.3128,0
152,3735,17,CTX_A,M1,1,0.5036,0
152,3736,18,CTX_A,M1,1,0.8889,0
152,3737,19,CTX_B,M1,1,1.0366,0
152,3738,20,CTX_A,M1,1,0.9690,0
152,3739,21,CTX_A,M1,1,0.4954,0
152,3740,22,CTX_B,M1,1,1.3758,0
152,3741,23,CTX_A,M1,1,1.1195,0
152,3742,24,CTX_A,M1,1,1.4223,0
152,3743,25,CTX_B,M1,1,0.5404,0
152,3744,26,CTX_A,M1,1,0.5827,0
152,3745,27,CTX_B,M1,1,0.9214,0
152,3746,28,CTX_A,M1,1,1.2718,0
152,3747,29,CTX_A,M1,1,0.5586,0
152,3748,30,CTX_A,M1,1,1.1052,0
152,3749,31,CTX_B,M1,1,0.8215,0
152,3750,32,CTX_A,M1,1,1.4712,0
152,3751,33,CTX_B,M1,1,1.0254,0
152,3752,34,CTX_B,M1,1,0.8344,0
152,3753,35,CTX_B,M1,1,1.3646,0
152,3754,36,CTX_B,M1,1,0.9587,0
152,3755,37,CTX_A,M1,1,1.4697,0
152,3756,38,CTX_B,M1,1,0.8149,0
153,3757,1,CTX_B,M1,1,0.7034,0
153,3758,2,CTX_A,M1,1,1.0378,0
153,3759,3,CTX_B,M1,1,1.0039,0
153,3760,4,CTX_B,M1,1,0.8545,0
153,3761,5,CTX_A,M1,1,1.3474,0
153,3762,6,CTX_B,M1,1,1.2955,0
153,3763,7,CTX_B,M1,1,0.8489,0
153,3764,8,CTX_B,M1,1,0.7834,0
153,3765,9,CTX_B,M1,1,1.3512,0
153,3766,10,CTX_A,M1,1,1.0077,0
153,3767,11,CTX_A,M1,1,0.6888,0
153,3768,12,CTX_A,M1,1,0.7703,0
153,3769,13,CTX_A,M1,1,0.6463,0
153,3770,14,CTX_B,M1,1,1.2250,0
153,3771,15,CTX_A,M1,1,1.1694,0
153,3772,16,CTX_A,M1,1,1.2201,0
153,3773,17,CTX_A,M1,1,0.9751,1
153,3774,18,CTX_B,M1,1,0.8280,0
153,3775,19,CTX_A,M1,1,1.2424,0
153,3776,20,CTX_B,M1,1,1.1899,0
153,3777,21,CTX_A,M1,1,1.0372,0
153,3778,22,CTX_A,M1,1,1.2554,0
153,3779,23,CTX_A,M1,1,1.1192,0
153,3780,24,CTX_A,M1,1,1.0679,0
153,3781,25,CTX_A,M1,1,0.8861,0
153,3782,26,CTX_A,M1,1,1.2888,0
153,3783,27,CTX_A,M1,1,1.1485,0
153,3784,28,CTX_B,M1,1,0.8129,0
153,3785,29,CTX_B,M1,1,1.0050,0
153,3786,30,CTX_A,M1,1,0.9129,0
153,3787,31,CTX_B,M1,1,0.8990,0
153,3788,32,CTX_A,M1,1,0.8253,0
153,3789,33,CTX_B,M1,1,0.7854,0
153,3790,34,CTX_A,M1,1,0.8761,0
153,3791,35,CTX_A,M1,1,0.7825,0
153,3792,36,CTX_B,M1,1,0.6582,0
153,3793,37,CTX_B,M1,1,1.3108,0
153,3794,38,CTX_B,M1,1,1.0367,0
153,3795,39,CTX_A,M1,1,0.9386,0
153,3796,40,CTX_A,M1,1,0.8692,0
154,3797,1,CTX_B,M1,1,1.2782,0
154,3798,2,CTX_B,M1,1,1.0584,0
154,3799,3,CTX_B,M1,1,1.0501,0
154,3800,4,CTX_B,M1,1,1.2024,0
154,3801,5,CTX_A,M1,1,1.2709,0
154,3802,6,CTX_A,M1,1,0.8588,0
154,3803,7,CTX_B,M1,1,1.3052,0
154,3804,8,CTX_B,M1,1,1.3366,0
154,3805,9,CTX_A,M1,1,0.7639,0
154,3806,10,CTX_A,M1,1,1.3607,0
155,3807,1,CTX_A,M1,1,1.0731,0
155,3808,2,CTX_B,M1,1,1.0833,0
155,3809,3,CTX_B,M1,1,1.1114,0
155,3810,4,CTX_A,M1,1,0.6848,0
155,3811,5,CTX_A,M1,1,1.1457,0
155,3812,6,CTX_B,M1,1,1.2482,1
155,3813,7,CTX_B,M1,1,0.9325,0
155,3814,8,CTX_A,M1,1,1.0973,0
155,3815,9,CTX_B,M1,1,0.9487,0
155,3816,10,CTX_B,M1,1,0.8395,1
155,3817,11,CTX_A,M1,1,1.1681,0
155,3818,12,CTX_B,M1,1,0.5381,0
156,3819,1,CTX_A,M1,1,0.8861,0
156,3820,2,CTX_A,M1,1,1.0628,0
156,3821,3,CTX_B,M1,1,1.1049,0
156,3822,4,CTX_A,M1,1,1.0796,1
156,3823,5,CTX_A,M1,1,0.9843,0
156,3824,6,CTX_A,M1,1,0.7893,0
156,3825,7,CTX_A,M1,1,0.6865,0
156,3826,8,CTX_B,M1,1,0.8735,0
156,3827,9,CTX_A,M1,1,1.1104,0
156,3828,10,CTX_B,M1,1,1.1592,0
156,3829,11,CTX_B,M1,1,0.9836,0
156,3830,12,CTX_B,M1,1,0.9767,0
156,3831,13,CTX_A,M1,1,0.7065,0
156,3832,14,CTX_B,M1,1,0.8239,0
157,3833,1,CTX_A,M1,1,0.6642,0
157,3834,2,CTX_B,M1,1,1.0888,0
157,3835,3,CTX_B,M1,1,1.1697,0
157,3836,4,CTX_B,M1,1,0.6666,0
157,3837,5,CTX_A,M1,1,0.8478,0
157,3838,6,CTX_B,M1,1,1.0647,0
157,3839,7,CTX_A,M1,1,1.0599,0
157,3840,8,CTX_B,M1,1,0.6145,0
157,3841,9,CTX_B,M1,1,1.3102,0
157,3842,10,CTX_A,M1,1,0.7408,1
157,3843,11,CTX_B,M1,1,0.8286,0
157,3844,12,CTX_A,M1,1,1.3038,0
157,3845,13,CTX_A,M1,1,1.1663,0
157,3846,14,CTX_A,M1,1,1.1468,0
157,3847,15,CTX_A,M1,1,1.2128,0
157,3848,16,CTX_A,M1,1,1.2947,0
157,3849,17,CTX_A,M1,1,0.7568,0
158,3850,1,CTX_A,M1,1,1.2863,0
158,3851,2,CTX_A,M1,1,1.1190,0
158,3852,3,CTX_B,M1,1,1.2497,0
158,3853,4,CTX_B,M1,1,1.0121,0
158,3854,5,CTX_A,M1,1,0.6626,0
158,3855,6,CTX_A,M1,1,0.5422,0
158,3856,7,CTX_A,M1,1,0.6794,0
158,3857,8,CTX_A,M1,1,1.1870,0
158,3858,9,CTX_A,M1,1,0.6581,0
158,3859,10,CTX_A,M1,1,1.0722,0
158,3860,11,CTX_B,M1,1,0.6182,0
158,3861,12,CTX_A,M1,1,0.8365,0
158,3862,13,CTX_B,M1,1,0.9023,0
158,3863,14,CTX_A,M1,1,0.6864,0
158,3864,15,CTX_A,M1,1,1.0308,0
158,3865,16,CTX_A,M1,1,1.3646,0
158,3866,17,CTX_A,M1,1,1.1065,0
158,3867,18,CTX_B,M1,1,1.0579,0
158,3868,19,CTX_A,M1,1,0.8925,0
159,3869,1,CTX_B,M1,1,1.0623,0
159,3870,2,CTX_A,M1,1,1.1536,0
159,3871,3,CTX_B,M1,1,1.3447,0
159,3872,4,CTX_A,M1,1,1.4833,0
159,3873,5,CTX_A,M1,1,1.4862,0
159,3874,6,CTX_B,M1,1,0.9120,0
159,3875,7,CTX_A,M1,1,1.2355,0
159,3876,8,CTX_B,M1,1,0.9007,0
159,3877,9,CTX_B,M1,1,0.8444,0
159,3878,10,CTX_B,M1,1,1.5207,0
159,3879,11,CTX_B,M1,1,1.4100,0
159,3880,12,CTX_B,M1,1,1.2651,0
159,3881,13,CTX_B,M1,1,0.5473,0
159,3882,14,CTX_B,M1,1,1.1327,0
159,3883,15,CTX_A,M1,1,0.7806,0
159,3884,16,CTX_A,M1,1,1.4395,0
159,3885,17,CTX_A,M1,1,0.5204,0
159,3886,18,CTX_A,M1,1,0.9201,0
159,3887,19,CTX_B,M1,1,1.2017,0
159,3888,20,CTX_A,M1,1,1.0540,0
159,3889,21,CTX_A,M1,1,1.2185,0
160,3890,1,CTX_B,M1,1,0.8638,0
160,3891,2,CTX_B,M1,1,1.1122,0
160,3892,3,CTX_A,M1,1,1.2652,0
160,3893,4,CTX_A,M1,1,0.9306,0
160,3894,5,CTX_A,M1,1,1.2013,0
160,3895,6,CTX_A,M1,1,1.2330,0
160,3896,7,CTX_A,M1,1,0.8570,0
160,3897,8,CTX_B,M1,1,0.7261,0
160,3898,9,CTX_A,M1,1,1.0552,0
160,3899,10,CTX_B,M1,1,0.9342,0
160,3900,11,CTX_B,M1,1,1.1344,0
160,3901,12,CTX_B,M1,1,0.7762,0
160,3902,13,CTX_A,M1,1,1.1751,0
160,3903,14,CTX_A,M1,1,0.7158,0
160,3904,15,CTX_A,M1,1,0.6864,0
160,3905,16,CTX_B,M1,1,1.3027,0
160,3906,17,CTX_B,M1,1,0.9838,0
160,3907,18,CTX_B,M1,1,0.8502,1
160,3908,19,CTX_A,M1,1,1.3486,0
160,3909,20,CTX_B,M1,1,1.2434,0
160,3910,21,CTX_A,M1,1,0.8129,0
160,3911,22,CTX_A,M1,1,1.2932,0
160,3912,23,CTX_B,M1,1,0.6943,0
161,3913,1,CTX_B,M1,1,0.1081,0
161,3914,2,CTX_A,M1,1,1.3497,0
161,3915,3,CTX_A,M1,1,1.8608,0
161,3916,4,CTX_A,M1,1,1.6851,0
161,3917,5,CTX_A,M1,1,1.2311,0
161,3918,6,CTX_B,M1,1,0.5027,0
161,3919,7,CTX_A,M1,1,1.7320,0
161,3920,8,CTX_A,M1,1,1.6167,0
161,3921,9,CTX_B,M1,1,1.6069,0
161,3922,10,CTX_A,M1,1,1.6354,0
161,3923,11,CTX_B,M1,1,0.9937,0
161,3924,12,CTX_B,M1,1,1.2168,0
161,3925,13,CTX_A,M1,1,0.8590,1
161,3926,14,CTX_B,M1,1,1.1222,0
161,3927,15,CTX_A,M1,1,1.6170,0
161,3928,16,CTX_B,M1,1,1.8959,0
161,3929,17,CTX_B,M1,1,1.8095,0
161,3930,18,CTX_B,M1,1,0.2978,0
161,3931,19,CTX_B,M1,1,0.6158,0
161,3932,20,CTX_B,M1,1,0.2949,0
161,3933,21,CTX_A,M1,1,1.5131,0
161,3934,22,CTX_B,M1,1,1.8509,0
161,3935,23,CTX_B,M1,1,0.2423,0
161,3936,24,CTX_A,M1,1,0.3946,0
161,3937,25,CTX_B,M1,1,0.9987,0
161,3938,26,CTX_B,M1,1,0.6033,0
162,3939,1,CTX_B,M1,1,1.6428,0
162,3940,2,CTX_B,M1,1,1.4126,0
162,3941,3,CTX_A,M1,1,2.0496,0
162,3942,4,CTX_B,M1,1,0.5430,0
162,3943,5,CTX_A,M1,1,0.8800,0
162,3944,6,CTX_A,M1,1,1.3594,0
162,3945,7,CTX_A,M1,1,0.8721,0
162,3946,8,CTX_A,M1,1,1.0261,0
162,3947,9,CTX_A,M1,1,-0.0116,0
162,3948,10,CTX_A,M1,1,0.4238,0
162,3949,11,CTX_B,M1,1,0.5712,0
162,3950,12,CTX_A,M1,1,0.0032,0
162,3951,13,CTX_B,M1,1,0.1531,0
162,3952,14,CTX_B,M1,1,-0.0158,0
162,3953,15,CTX_B,M1,1,1.1492,0
162,3954,16,CTX_A,M1,1,2.0102,0
162,3955,17,CTX_B,M1,1,0.6489,0
162,3956,18,CTX_A,M1,1,-0.0618,0
162,3957,19,CTX_A,M1,1,1.2480,0
162,3958,20,CTX_A,M1,1,0.8761,0
162,3959,21,CTX_B,M1,1,0.5331,0
162,3960,22,CTX_B,M1,1,1.9418,0
162,3961,23,CTX_A,M1,1,0.2992,0
162,3962,24,CTX_A,M1,1,1.8539,0
162,3963,25,CTX_B,M1,1,1.5815,0
162,3964,26,CTX_B,M1,1,0.1357,0
162,3965,27,CTX_A,M1,1,0.4823,0
162,3966,28,CTX_A,M1,1,1.1385,0
163,3967,1,CTX_A,M1,1,1.0762,0
163,3968,2,CTX_B,M1,1,1.3568,0
163,3969,3,CTX_A,M1,1,0.2043,0
163,3970,4,CTX_B,M1,1,1.4010,0
163,3971,5,CTX_A,M1,1,0.6070,0
163,3972,6,CTX_B,M1,1,0.2794,0
163,3973,7,CTX_A,M1,1,0.1590,0
163,3974,8,CTX_B,M1,1,0.5058,0
163,3975,9,CTX_A,M1,1,0.5808,0
163,3976,10,CTX_A,M1,1,1.2535,0
163,3977,11,CTX_B,M1,1,0.3188,0
163,3978,12,CTX_A,M1,1,0.9436,0
163,3979,13,CTX_A,M1,1,1.4947,1
163,3980,14,CTX_A,M1,1,0.9954,0
163,3981,15,CTX_B,M1,1,0.7027,0
163,3982,16,CTX_A,M1,1,1.8391,0
163,3983,17,CTX_B,M1,1,1.4625,0
163,3984,18,CTX_A,M1,1,1.6384,0
163,3985,19,CTX_A,M1,1,1.7310,0
163,3986,20,CTX_B,M1,1,1.4144,0
163,3987,21,CTX_B,M1,1,1.5347,0
163,3988,22,CTX_A,M1,1,1.7686,0
163,3989,23,CTX_A,M1,1,0.5362,0
163,3990,24,CTX_B,M1,1,1.1651,0
163,3991,25,CTX_B,M1,1,0.2039,0
163,3992,26,CTX_A,M1,1,1.6891,0
163,3993,27,CTX_B,M1,1,1.0753,1
163,3994,28,CTX_B,M1,1,0.2138,0
163,3995,29,CTX_B,M1,1,1.3742,0
163,3996,30,CTX_A,M1,1,0.4143,0
164,3997,1,CTX_A,M1,1,0.6021,0
164,3998,2,CTX_A,M1,1,1.4210,0
164,3999,3,CTX_A,M1,1,0.2275,0
164,4000,4,CTX_A,M1,1,0.3845,0
164,4001,5,CTX_A,M1,1,0.2423,0
164,4002,6,CTX_A,M1,1,0.9994,0
164,4003,7,CTX_A,M1,1,1.1635,0
164,4004,8,CTX_A,M1,1,1.7899,0
164,4005,9,CTX_B,M1,1,0.9690,0
164,4006,10,CTX_B,M1,1,0.1652,0
164,4007,11,CTX_B,M1,1,1.7792,0
164,4008,12,CTX_B,M1,1,1.7528,0
164,4009,13,CTX_A,M1,1,0.9332,0
164,4010,14,CTX_B,M1,1,1.8833,0
164,4011,15,CTX_B,M1,1,0.2157,0
164,4012,16,CTX_A,M1,1,0.0564,0
164,4013,17,CTX_B,M1,1,0.4265,0
164,4014,18,CTX_B,M1,1,1.4377,0
164,4015,19,CTX_B,M1,1,0.4893,0
164,4016,20,CTX_A,M1,1,0.1209,0
164,4017,21,CTX_B,M1,1,0.6869,0
164,4018,22,CTX_A,M1,1,1.8601,0
164,4019,23,CTX_A,M1,1,0.5975,0
164,4020,24,CTX_B,M1,1,0.6118,0
164,4021,25,CTX_A,M1,1,0.6382,0
164,4022,26,CTX_A,M1,1,1.3755,0
164,4023,27,CTX_A,M1,1,1.6206,0
164,4024,28,CTX_A,M1,1,1.0494,0
164,4025,29,CTX_A,M1,1,0.3118,0
164,4026,30,CTX_A,M1,1,1.8344,0
164,4027,31,CTX_A,M1,1,1.2452,0
164,4028,32,CTX_A,M1,1,1.3409,0
164,4029,33,CTX_B,M1,1,1.1931,0
165,4030,1,CTX_A,M1,1,0.0418,0
165,4031,2,CTX_B,M1,1,1.4903,0
165,4032,3,CTX_A,M1,1,0.2688,0
165,4033,4,CTX_A,M1,1,1.2472,1
165,4034,5,CTX_A,M1,1,1.8873,0
165,4035,6,CTX_B,M1,1,1.8609,0
165,4036,7,CTX_A,M1,1,0.2944,0
165,4037,8,CTX_A,M1,1,1.2442,1
165,4038,9,CTX_A,M1,1,1.4339,0
165,4039,10,CTX_B,M1,1,0.9458,0
165,4040,11,CTX_B,M1,1,1.4446,0
165,4041,12,CTX_B,M1,1,0.6395,0
165,4042,13,CTX_B,M1,1,0.2624,0
165,4043,14,CTX_B,M1,1,0.8620,0
165,4044,15,CTX_B,M1,1,1.7150,0
165,4045,16,CTX_B,M1,1,0.0080,0
165,4046,17,CTX_B,M1,1,1.2650,0
165,4047,18,CTX_B,M1,1,1.1898,0
165,4048,19,CTX_A,M1,1,1.0808,0
165,4049,20,CTX_B,M1,1,0.6568,0
165,4050,21,CTX_A,M1,1,1.7461,0
165,4051,22,CTX_B,M1,1,1.9544,0
165,4052,23,CTX_A,M1,1,0.6780,0
165,4053,24,CTX_B,M1,1,2.0247,0
165,4054,25,CTX_A,M1,1,1.1643,0
165,4055,26,CTX_A,M1,1,0.9935,0
165,4056,27,CTX_A,M1,1,0.1941,0
165,4057,28,CTX_B,M1,1,-0.0197,1
165,4058,29,CTX_A,M1,1,1.1208,0
165,4059,30,CTX_A,M1,1,1.4508,0
165,4060,31,CTX_B,M1,1,1.3182,1
165,4061,32,CTX_A,M1,1,2.0156,0
165,4062,33,CTX_B,M1,1,0.5344,0
165,4063,34,CTX_B,M1,1,0.1479,0
165,4064,35,CTX_A,M1,1,0.8055,0
166,4065,1,CTX_B,M1,1,1.6333,1
166,4066,2,CTX_A,M1,1,1.5648,0
166,4067,3,CTX_A,M1,1,0.3283,0
166,4068,4,CTX_B,M1,1,0.0226,0
166,4069,5,CTX_A,M1,1,1.5757,0
166,4070,6,CTX_A,M1,1,0.6259,0
166,4071,7,CTX_A,M1,1,1.5181,0
166,4072,8,CTX_B,M1,1,0.5973,0
166,4073,9,CTX_B,M1,1,1.9757,0
166,4074,10,CTX_A,M1,1,1.8670,0
166,4075,11,CTX_B,M1,1,1.0437,0
166,4076,12,CTX_B,M1,1,1.5705,0
166,4077,13,CTX_B,M1,1,1.7205,0
166,4078,14,CTX_A,M1,1,1.8980,0
166,4079,15,CTX_B,M1,1,1.2341,0
166,4080,16,CTX_B,M1,1,-0.0343,0
166,4081,17,CTX_B,M1,1,0.0117,0
166,4082,18,CTX_A,M1,1,0.8948,0
166,4083,19,CTX_B,M1,1,1.7768,1
166,4084,20,CTX_B,M1,1,1.2937,0
166,4085,21,CTX_A,M1,1,0.7458,0
166,4086,22,CTX_B,M1,1,2.0516,0
166,4087,23,CTX_A,M1,1,0.7777,1
166,4088,24,CTX_B,M1,1,1.4374,0
166,4089,25,CTX_A,M1,1,1.7821,0
166,4090,26,CTX_B,M1,1,0.5433,0
166,4091,27,CTX_B,M1,1,0.7621,0
166,4092,28,CTX_A,M1,1,0.9729,0
166,4093,29,CTX_B,M1,1,2.0728,0
166,4094,30,CTX_B,M1,1,0.9919,0
166,4095,31,CTX_B,M1,1,1.3997,1
166,4096,32,CTX_B,M1,1,0.5580,1
166,4097,33,CTX_B,M1,1,2.0027,0
166,4098,34,CTX_A,M1,1,0.0337,0
166,4099,35,CTX_A,M1,1,1.5752,0
166,4100,36,CTX_B,M1,1,0.4304,0
166,4101,37,CTX_B,M1,1,1.9392,0
167,4102,1,CTX_B,M1,1,1.0529,0
167,4103,2,CTX_B,M1,1,1.4839,0
167,4104,3,CTX_B,M1,1,0.5539,0
167,4105,4,CTX_B,M1,1,1.0127,0
167,4106,5,CTX_A,M1,1,1.1545,0
167,4107,6,CTX_B,M1,1,1.4509,0
167,4108,7,CTX_A,M1,1,0.6460,1
167,4109,8,CTX_A,M1,1,0.1360,0
167,4110,9,CTX_A,M1,1,0.3891,0
167,4111,10,CTX_A,M1,1,0.6401,0
167,4112,11,CTX_B,M1,1,0.6819,0
167,4113,12,CTX_A,M1,1,0.4288,0
167,4114,13,CTX_A,M1,1,1.0009,0
167,4115,14,CTX_B,M1,1,0.7635,0
167,4116,15,CTX_B,M1,1,0.7532,0
167,4117,16,CTX_A,M1,1,0.1960,0
167,4118,17,CTX_B,M1,1,0.9795,0
167,4119,18,CTX_A,M1,1,0.6641,0
167,4120,19,CTX_A,M1,1,0.3766,1
167,4121,20,CTX_A,M1,1,1.7745,0
167,4122,21,CTX_A,M1,1,1.7451,0
167,4123,22,CTX_A,M1,1,1.8647,0
167,4124,23,CTX_A,M1,1,0.9222,0
167,4125,24,CTX_A,M1,1,0.8109,0
167,4126,25,CTX_B,M1,1,0.3121,0
167,4127,26,CTX_B,M1,1,0.2679,0
167,4128,27,CTX_A,M1,1,1.3202,0
167,4129,28,CTX_B,M1,1,1.8476,0
167,4130,29,CTX_B,M1,1,0.8197,0
167,4131,30,CTX_B,M1,1,0.5928,0
167,4132,31,CTX_A,M1,1,1.3675,0
167,4133,32,CTX_B,M1,1,1.2061,0
167,4134,33,CTX_B,M1,1,1.2191,0
167,4135,34,CTX_B,M1,1,0.1837,0
167,4136,35,CTX_A,M1,1,0.2915,0
167,4137,36,CTX_B,M1,1,1.5451,1
167,4138,37,CTX_B,M1,1,1.7560,0
167,4139,38,CTX_B,M1,1,1.3729,0
167,4140,39,CTX_A,M1,1,0.3711,0
168,4141,1,CTX_B,M1,1,0.5561,0
168,4142,2,CTX_B,M1,1,1.5597,0
168,4143,3,CTX_B,M1,1,0.6177,0
168,4144,4,CTX_A,M1,1,1.8916,0
168,4145,5,CTX_A,M1,1,0.8292,0
168,4146,6,CTX_A,M1,1,0.3394,0
168,4147,7,CTX_B,M1,1,1.7454,0
168,4148,8,CTX_A,M1,1,1.4432,0
168,4149,9,CTX_B,M1,1,0.7790,0
169,4150,1,CTX_B,M1,1,-0.0269,0
169,4151,2,CTX_A,M1,1,1.6406,0
169,4152,3,CTX_B,M1,1,0.6995,0
169,4153,4,CTX_A,M1,1,0.7735,0
169,4154,5,CTX_A,M1,1,0.4456,0
169,4155,6,CTX_B,M1,1,1.1774,1
169,4156,7,CTX_B,M1,1,0.8917,0
169,4157,8,CTX_B,M1,1,0.8412,0
169,4158,9,CTX_A,M1,1,1.2458,0
169,4159,10,CTX_B,M1,1,0.2013,0
169,4160,11,CTX_B,M1,1,1.9303,0
170,4161,1,CTX_A,M1,1,1.4606,0
170,4162,2,CTX_B,M1,1,1.5386,0
170,4163,3,CTX_B,M1,1,0.8514,0
170,4164,4,CTX_B,M1,1,1.5810,0
170,4165,5,CTX_A,M1,1,0.2616,1
170,4166,6,CTX_A,M1,1,1.8574,0
170,4167,7,CTX_B,M1,1,0.1795,0
170,4168,8,CTX_A,M1,1,0.3612,0
170,4169,9,CTX_B,M1,1,1.5850,0
170,4170,10,CTX_A,M1,1,1.0716,0
170,4171,11,CTX_B,M1,1,1.4082,0
170,4172,12,CTX_B,M1,1,0.9512,0
170,4173,13,CTX_B,M1,1,1.0622,0
171,4174,1,CTX_A,M1,1,1.0273,0
171,4175,2,CTX_A,M1,1,1.6207,0
171,4176,3,CTX_B,M1,1,0.9376,0
171,4177,4,CTX_B,M1,1,0.5886,0
171,4178,5,CTX_A,M1,1,1.7517,0
171,4179,6,CTX_B,M1,1,0.8410,0
171,4180,7,CTX_B,M1,1,1.1792,0
171,4181,8,CTX_A,M1,1,1.6230,0
171,4182,9,CTX_A,M1,1,0.1823,0
171,4183,10,CTX_A,M1,1,1.8593,0
171,4184,11,CTX_B,M1,1,1.0797,0
171,4185,12,CTX_A,M1,1,1.7564,0
171,4186,13,CTX_A,M1,1,0.4617,0
171,4187,14,CTX_A,M1,1,0.5112,0
171,4188,15,CTX_A,M1,1,0.8093,0
172,4189,1,CTX_A,M1,1,0.5078,0
172,4190,2,CTX_A,M1,1,1.7081,0
172,4191,3,CTX_B,M1,1,1.0418,0
172,4192,4,CTX_A,M1,1,1.4645,0
172,4193,5,CTX_B,M1,1,1.4660,0
172,4194,6,CTX_A,M1,1,1.6837,0
172,4195,7,CTX_B,M1,1,0.3162,0
172,4196,8,CTX_B,M1,1,1.0660,0
172,4197,9,CTX_B,M1,1,0.5740,0
172,4198,10,CTX_B,M1,1,0.7301,0
172,4199,11,CTX_B,M1,1,0.6848,0
172,4200,12,CTX_A,M1,1,0.6501,0
172,4201,13,CTX_A,M1,1,1.8093,0
172,4202,14,CTX_A,M1,1,1.4299,0
172,4203,15,CTX_A,M1,1,0.2961,0
172,4204,16,CTX_A,M1,1,0.2648,0
172,4205,17,CTX_B,M1,1,1.2881,0
172,4206,18,CTX_B,M1,1,1.2476,0
173,4207,1,CTX_A,M1,1,-0.0979,0
173,4208,2,CTX_B,M1,1,1.8006,0
173,4209,3,CTX_B,M1,1,1.1642,0
173,4210,4,CTX_A,M1,1,0.2641,1
173,4211,5,CTX_B,M1,1,1.1218,0
173,4212,6,CTX_B,M1,1,0.4408,0
173,4213,7,CTX_B,M1,1,1.5352,0
173,4214,8,CTX_A,M1,1,0.4077,0
173,4215,9,CTX_A,M1,1,1.0425,0
173,4216,10,CTX_B,M1,1,1.6290,0
173,4217,11,CTX_B,M1,1,0.2234,0
173,4218,12,CTX_A,M1,1,1.5771,0
173,4219,13,CTX_B,M1,1,1.1602,0
173,4220,14,CTX_B,M1,1,0.2804,0
173,4221,15,CTX_A,M1,1,1.9281,0
173,4222,16,CTX_A,M1,1,0.2430,0
173,4223,17,CTX_B,M1,1,0.0430,0
173,4224,18,CTX_A,M1,1,0.9589,0
173,4225,19,CTX_B,M1,1,-0.1058,0
173,4226,20,CTX_B,M1,1,1.4708,0
174,4227,1,CTX_B,M1,1,1.4553,1
174,4228,2,CTX_A,M1,1,1.6735,1
174,4229,3,CTX_B,M1,1,1.2285,0
174,4230,4,CTX_B,M1,1,1.2036,0
174,4231,5,CTX_B,M1,1,0.7896,0
174,4232,6,CTX_A,M1,1,1.2974,0
174,4233,7,CTX_B,M1,1,0.6640,1
174,4234,8,CTX_A,M1,1,1.7836,0
174,4235,9,CTX_B,M1,1,1.4407,0
174,4236,10,CTX_A,M1,1,0.4537,1
174,4237,11,CTX_B,M1,1,1.8192,0
174,4238,12,CTX_B,M1,1,0.4398,0
174,4239,13,CTX_B,M1,1,0.5517,0
174,4240,14,CTX_A,M1,1,1.2603,0
174,4241,15,CTX_A,M1,1,1.3155,0
174,4242,16,CTX_A,M1,1,0.4206,0
174,4243,17,CTX_A,M1,1,1.0011,0
174,4244,18,CTX_A,M1,1,0.7175,0
174,4245,19,CTX_A,M1,1,0.6614,0
174,4246,20,CTX_A,M1,1,0.1169,0
174,4247,21,CTX_A,M1,1,1.1652,0
174,4248,22,CTX_A,M1,1,0.1680,1
175,4249,1,CTX_B,M1,1,0.9993,0
175,4250,2,CTX_B,M1,1,1.7673,0
175,4251,3,CTX_A,M1,1,1.3551,0
175,4252,4,CTX_B,M1,1,0.1288,0
175,4253,5,CTX_B,M1,1,0.4318,0
175,4254,6,CTX_B,M1,1,0.1780,0
175,4255,7,CTX_B,M1,1,1.7586,0
175,4256,8,CTX_B,M1,1,1.2715,0
175,4257,9,CTX_A,M1,1,1.9271,0
175,4258,10,CTX_A,M1,1,1.2155,0
175,4259,11,CTX_B,M1,1,1.5122,0
175,4260,12,CTX_B,M1,1,1.2310,0
175,4261,13,CTX_A,M1,1,1.8440,0
175,4262,14,CTX_A,M1,1,0.2385,0
175,4263,15,CTX_A,M1,1,0.8711,1
175,4264,16,CTX_B,M1,1,0.4002,0
175,4265,17,CTX_A,M1,1,1.8475,0
175,4266,18,CTX_B,M1,1,0.4178,0
175,4267,19,CTX_B,M1,1,1.2353,0
175,4268,20,CTX_B,M1,1,0.6179,0
175,4269,21,CTX_A,M1,1,0.2478,0
175,4270,22,CTX_B,M1,1,0.1059,0
175,4271,23,CTX_A,M1,1,1.8018,0
175,4272,24,CTX_A,M1,1,1.9739,0
175,4273,25,CTX_B,M1,1,0.5667,1
176,4274,1,CTX_B,M1,1,0.4571,0
176,4275,2,CTX_B,M1,1,1.8662,1
176,4276,3,CTX_A,M1,1,1.4999,0
176,4277,4,CTX_A,M1,1,1.0018,0
176,4278,5,CTX_B,M1,1,0.0156,0
176,4279,6,CTX_A,M1,1,0.9972,1
176,4280,7,CTX_B,M1,1,0.9111,0
176,4281,8,CTX_A,M1,1,0.6582,0
176,4282,9,CTX_B,M1,1,0.3537,1
176,4283,10,CTX_B,M1,1,-0.0190,0
176,4284,11,CTX_B,M1,1,1.1388,0
176,4285,12,CTX_A,M1,1,0.0312,0
176,4286,13,CTX_B,M1,1,1.2300,0
176,4287,14,CTX_B,M1,1,1.1726,0
176,4288,15,CTX_A,M1,1,0.3447,0
176,4289,16,CTX_B,M1,1,0.3857,0
176,4290,17,CTX_A,M1,1,0.7033,1
176,4291,18,CTX_B,M1,1,0.0710,1
176,4292,19,CTX_A,M1,1,1.9139,0
176,4293,20,CTX_B,M1,1,1.2198,0
176,4294,21,CTX_B,M1,1,1.3061,0
176,4295,22,CTX_B,M1,1,0.0466,0
176,4296,23,CTX_A,M1,1,1.9914,0
176,4297,24,CTX_A,M1,1,1.4169,0
176,4298,25,CTX_A,M1,1,1.1062,0
176,4299,26,CTX_B,M1,1,0.5445,0
176,4300,27,CTX_A,M1,1,0.4180,0
177,4301,1,CTX_B,M1,1,1.8401,0
177,4302,2,CTX_A,M1,1,1.7180,0
177,4303,3,CTX_A,M1,1,1.4904,0
177,4304,4,CTX_A,M1,1,1.7587,0
177,4305,5,CTX_B,M1,1,1.6272,0
177,4306,6,CTX_B,M1,1,1.7087,0
177,4307,7,CTX_B,M1,1,0.1997,0
177,4308,8,CTX_A,M1,1,0.2185,0
177,4309,9,CTX_A,M1,1,0.8698,0
177,4310,10,CTX_B,M1,1,0.8920,0
177,4311,11,CTX_B,M1,1,0.7773,0
177,4312,12,CTX_A,M1,1,0.9587,0
177,4313,13,CTX_B,M1,1,0.6352,0
177,4314,14,CTX_A,M1,1,0.2299,0
177,4315,15,CTX_A,M1,1,1.7717,1
177,4316,16,CTX_B,M1,1,0.5392,0
177,4317,17,CTX_A,M1,1,1.4973,0
177,4318,18,CTX_A,M1,1,1.7278,0
177,4319,19,CTX_B,M1,1,0.5490,0
177,4320,20,CTX_A,M1,1,1.6827,0
177,4321,21,CTX_B,M1,1,0.4350,0
177,4322,22,CTX_A,M1,1,0.2528,0
177,4323,23,CTX_A,M1,1,0.1813,0
177,4324,24,CTX_A,M1,1,0.8209,0
177,4325,25,CTX_A,M1,1,1.5457,0
177,4326,26,CTX_B,M1,1,0.2933,0
177,4327,27,CTX_B,M1,1,1.0188,0
177,4328,28,CTX_A,M1,1,1.4747,0
177,4329,29,CTX_A,M1,1,1.1873,0
178,4330,1,CTX_A,M1,1,1.4476,0
178,4331,2,CTX_B,M1,1,1.8182,0
178,4332,3,CTX_A,M1,1,1.6395,0
178,4333,4,CTX_A,M1,1,0.7904,0
178,4334,5,CTX_B,M1,1,1.3673,1
178,4335,6,CTX_A,M1,1,0.6845,0
178,4336,7,CTX_B,M1,1,1.1947,0
178,4337,8,CTX_B,M1,1,1.4580,0
178,4338,9,CTX_B,M1,1,1.2812,0
178,4339,10,CTX_A,M1,1,1.6573,0
178,4340,11,CTX_B,M1,1,0.3883,0
178,4341,12,CTX_B,M1,1,1.7599,0
178,4342,13,CTX_A,M1,1,1.8722,0
178,4343,14,CTX_A,M1,1,1.0313,0
178,4344,15,CTX_A,M1,1,1.3961,0
178,4345,16,CTX_A,M1,1,0.5261,0
178,4346,17,CTX_A,M1,1,0.4777,0
178,4347,18,CTX_A,M1,1,1.5398,0
178,4348,19,CTX_A,M1,1,1.0822,0
178,4349,20,CTX_B,M1,1,0.4318,0
178,4350,21,CTX_B,M1,1,1.3652,0
178,4351,22,CTX_A,M1,1,0.1942,0
178,4352,23,CTX_A,M1,1,0.2056,0
178,4353,24,CTX_A,M1,1,0.2401,0
178,4354,25,CTX_A,M1,1,0.2302,0
178,4355,26,CTX_B,M1,1,1.7224,0
178,4356,27,CTX_A,M1,1,1.5524,0
178,4357,28,CTX_B,M1,1,0.5479,0
178,4358,29,CTX_A,M1,1,0.1193,0
178,4359,30,CTX_B,M1,1,1.6330,0
178,4360,31,CTX_B,M1,1,1.8914,1
179,4361,1,CTX_A,M1,1,0.9689,0
179,4362,2,CTX_A,M1,1,1.9236,0
179,4363,3,CTX_A,M1,1,1.8067,0
179,4364,4,CTX_B,M1,1,1.6796,0
179,4365,5,CTX_B,M1,1,1.0490,0
179,4366,6,CTX_B,M1,1,1.5084,0
179,4367,7,CTX_B,M1,1,0.3379,0
179,4368,8,CTX_A,M1,1,0.8896,1
179,4369,9,CTX_B,M1,1,1.7694,0
179,4370,10,CTX_A,M1,1,0.5167,0
179,4371,11,CTX_A,M1,1,1.9793,0
179,4372,12,CTX_B,M1,1,0.6606,0
179,4373,13,CTX_A,M1,1,1.2934,0
179,4374,14,CTX_B,M1,1,1.9918,0
179,4375,15,CTX_B,M1,1,0.9385,0
179,4376,16,CTX_A,M1,1,0.5190,0
179,4377,17,CTX_A,M1,1,1.3109,0
179,4378,18,CTX_B,M1,1,1.3047,0
179,4379,19,CTX_B,M1,1,1.7200,0
179,4380,20,CTX_A,M1,1,0.9885,0
179,4381,21,CTX_A,M1,1,0.4277,0
179,4382,22,CTX_B,M1,1,0.1384,0
179,4383,23,CTX_A,M1,1,0.2489,0
179,4384,24,CTX_B,M1,1,1.6037,0
179,4385,25,CTX_B,M1,1,0.7131,0
179,4386,26,CTX_A,M1,1,1.3767,0
179,4387,27,CTX_B,M1,1,0.1360,0
179,4388,28,CTX_A,M1,1,1.4912,0
179,4389,29,CTX_B,M1,1,0.9010,0
179,4390,30,CTX_A,M1,1,1.2369,0
179,4391,31,CTX_A,M1,1,2.0227,1
179,4392,32,CTX_B,M1,1,0.6967,0
179,4393,33,CTX_A,M1,1,1.4074,0
179,4394,34,CTX_A,M1,1,1.6374,0
180,4395,1,CTX_A,M1,1,0.4041,0
180,4396,2,CTX_A,M1,1,2.0341,1
180,4397,3,CTX_A,M1,1,1.9920,0
180,4398,4,CTX_B,M1,1,0.5032,0
180,4399,5,CTX_B,M1,1,0.6723,0
180,4400,6,CTX_A,M1,1,0.2576,0
180,4401,7,CTX_A,M1,1,1.5522,0
180,4402,8,CTX_A,M1,1,0.2200,0
180,4403,9,CTX_A,M1,1,0.1183,1
180,4404,10,CTX_A,M1,1,1.3932,0
180,4405,11,CTX_A,M1,1,1.6274,0
180,4406,12,CTX_B,M1,1,1.5836,0
180,4407,13,CTX_B,M1,1,0.6054,0
180,4408,14,CTX_A,M1,1,0.8950,0
180,4409,15,CTX_B,M1,1,0.3990,0
180,4410,16,CTX_B,M1,1,0.5177,0
180,4411,17,CTX_A,M1,1,0.0741,0
180,4412,18,CTX_B,M1,1,1.0224,0
180,4413,19,CTX_A,M1,1,0.2463,0
180,4414,20,CTX_B,M1,1,1.6461,0
180,4415,21,CTX_A,M1,1,1.5452,0
180,4416,22,CTX_A,M1,1,0.0855,0
180,4417,23,CTX_A,M1,1,0.3114,0
180,4418,24,CTX_B,M1,1,0.9888,0
180,4419,25,CTX_B,M1,1,1.2877,0
180,4420,26,CTX_A,M1,1,0.9626,0
180,4421,27,CTX_A,M1,1,0.6923,1
180,4422,28,CTX_B,M1,1,0.3816,0
180,4423,29,CTX_A,M1,1,1.8257,0
180,4424,30,CTX_A,M1,1,0.7654,0
180,4425,31,CTX_A,M1,1,-0.0539,1
180,4426,32,CTX_B,M1,1,1.3618,0
180,4427,33,CTX_A,M1,1,0.7168,0
180,4428,34,CTX_B,M1,1,1.6466,0
180,4429,35,CTX_A,M1,1,1.3817,0
180,4430,36,CTX_B,M1,1,-0.0423,0
181,4431,1,CTX_B,M1,1,1.0187,0
181,4432,2,CTX_B,M1,1,1.3847,0
181,4433,3,CTX_B,M1,1,0.5501,1
181,4434,4,CTX_B,M1,1,0.7870,0
181,4435,5,CTX_B,M1,1,1.0839,0
181,4436,6,CTX_A,M1,1,1.1133,0
181,4437,7,CTX_B,M1,1,0.5464,0
181,4438,8,CTX_A,M1,1,1.3144,0
181,4439,9,CTX_A,M1,1,1.4492,0
181,4440,10,CTX_B,M1,1,1.2221,0
181,4441,11,CTX_A,M1,1,0.5288,0
181,4442,12,CTX_B,M1,1,0.6163,0
181,4443,13,CTX_B,M1,1,1.4001,1
181,4444,14,CTX_A,M1,1,1.0292,0
181,4445,15,CTX_B,M1,1,1.3615,0
181,4446,16,CTX_B,M1,1,1.2637,0
181,4447,17,CTX_A,M1,1,0.7018,0
181,4448,18,CTX_A,M1,1,0.7122,0
181,4449,19,CTX_A,M1,1,0.4929,0
181,4450,20,CTX_A,M1,1,1.0805,0
181,4451,21,CTX_B,M1,1,0.8664,0
181,4452,22,CTX_A,M1,1,0.6872,0
181,4453,23,CTX_A,M1,1,0.9658,0
181,4454,24,CTX_B,M1,1,1.3928,0
181,4455,25,CTX_A,M1,1,1.1103,0
181,4456,26,CTX_B,M1,1,0.5142,0
181,4457,27,CTX_B,M1,1,0.4831,0
181,4458,28,CTX_B,M1,1,0.6677,0
181,4459,29,CTX_B,M1,1,0.5816,0
181,4460,30,CTX_A,M1,1,0.5771,0
181,4461,31,CTX_B,M1,1,1.0276,0
181,4462,32,CTX_A,M1,1,0.9156,0
181,4463,33,CTX_A,M1,1,0.5762,0
181,4464,34,CTX_B,M1,1,1.5247,0
181,4465,35,CTX_A,M1,1,0.9040,1
181,4466,36,CTX_A,M1,1,1.1810,0
181,4467,37,CTX_A,M1,1,0.7270,0
181,4468,38,CTX_B,M1,1,0.9877,0
181,4469,39,CTX_A,M1,1,0.6373,0
181,4470,40,CTX_B,M1,1,0.6980,0
181,4471,41,CTX_A,M1,1,0.4810,0
181,4472,42,CTX_B,M1,1,1.2188,0
181,4473,43,CTX_A,M1,1,1.1224,0
181,4474,44,CTX_B,M1,1,1.4968,0
181,4475,45,CTX_B,M1,1,1.4470,0
181,4476,46,CTX_A,M1,1,1.0469,0
181,4477,47,CTX_B,M1,1,1.4699,0
181,4478,48,CTX_B,M1,1,0.5152,0
181,4479,49,CTX_B,M1,1,1.1356,0
181,4480,50,CTX_A,M1,1,1.2533,0
181,4481,51,CTX_B,M1,1,1.0644,0
181,4482,52,CTX_B,M1,1,0.9870,0
181,4483,53,CTX_B,M1,1,0.8651,0
181,4484,54,CTX_A,M1,1,0.4937,0
181,4485,55,CTX_A,M1,1,1.0192,0
181,4486,56,CTX_B,M1,1,0.6407,0
181,4487,57,CTX_B,M1,1,0.7617,0
181,4488,58,CTX_B,M1,1,0.7425,0
181,4489,59,CTX_B,M1,1,0.4806,0
181,4490,60,CTX_A,M1,1,0.8742,0
181,4491,61,CTX_B,M1,1,0.8954,0
181,4492,62,CTX_B,M1,1,0.9845,0
181,4493,63,CTX_A,M1,1,0.5590,0
181,4494,64,CTX_B,M1,1,1.3696,0
181,4495,65,CTX_A,M1,1,1.2047,0
181,4496,66,CTX_A,M1,1,0.7956,0
181,4497,67,CTX_B,M1,1,1.2097,0
181,4498,68,CTX_A,M1,1,1.3894,0
181,4499,69,CTX_B,M1,1,0.5940,0
181,4500,70,CTX_A,M1,1,0.5340,0
181,4501,71,CTX_A,M1,1,1.1761,0
181,4502,72,CTX_B,M1,1,0.4752,0
181,4503,73,CTX_B,M1,1,1.1837,0
181,4504,74,CTX_B,M1,1,1.1246,0
181,4505,75,CTX_A,M1,1,0.7121,0
181,4506,76,CTX_B,M1,1,1.1283,0
181,4507,77,CTX_B,M1,1,0.5043,0
181,4508,78,CTX_A,M1,1,1.3527,0
181,4509,79,CTX_A,M1,1,0.6692,0
181,4510,80,CTX_A,M1,1,1.3964,0
181,4511,81,CTX_B,M1,1,0.5381,1
181,4512,82,CTX_B,M1,1,1.5165,0
181,4513,83,CTX_B,M1,1,1.3976,0
181,4514,84,CTX_B,M1,1,0.7394,0
181,4515,85,CTX_B,M1,1,0.9398,0
181,4516,86,CTX_A,M1,1,1.2224,0
181,4517,87,CTX_A,M1,1,0.9108,0
181,4518,88,CTX_B,M1,1,1.2311,0
181,4519,89,CTX_B,M1,1,0.5419,0
181,4520,90,CTX_B,M1,1,0.7067,0
181,4521,91,CTX_B,M1,1,0.5608,0
181,4522,92,CTX_A,M1,1,1.3479,0
181,4523,93,CTX_A,M1,1,0.5985,0
181,4524,94,CTX_B,M1,1,1.4662,0
181,4525,95,CTX_B,M1,1,1.1477,0
181,4526,96,CTX_A,M1,1,1.1886,0
181,4527,97,CTX_A,M1,1,1.3528,0
181,4528,98,CTX_B,M1,1,1.1834,0
181,4529,99,CTX_B,M1,1,1.4411,0
181,4530,100,CTX_A,M1,1,0.9129,0
182,4531,1,CTX_A,M1,1,1.0902,0
182,4532,2,CTX_A,M1,1,0.8456,0
182,4533,3,CTX_A,M1,1,0.7072,1
182,4534,4,CTX_B,M1,1,0.7383,0
182,4535,5,CTX_A,M1,1,1.0521,1
182,4536,6,CTX_B,M1,1,0.7565,0
182,4537,7,CTX_A,M1,1,0.7694,0
182,4538,8,CTX_A,M1,1,0.9804,0
182,4539,9,CTX_A,M1,1,0.9337,0
182,4540,10,CTX_A,M1,1,1.2658,0
183,4541,1,CTX_A,M1,1,1.1796,0
183,4542,2,CTX_A,M1,1,1.0796,1
183,4543,3,CTX_B,M1,1,1.2842,0
183,4544,4,CTX_B,M1,1,1.2087,0
183,4545,5,CTX_A,M1,1,1.0603,0
183,4546,6,CTX_B,M1,1,1.0527,0
183,4547,7,CTX_A,M1,1,0.7826,0
183,4548,8,CTX_B,M1,1,0.7713,0
183,4549,9,CTX_A,M1,1,1.2274,0
183,4550,10,CTX_B,M1,1,0.7946,0
183,4551,11,CTX_A,M1,1,0.7470,0
183,4552,12,CTX_A,M1,1,1.0375,1
183,4553,13,CTX_A,M1,1,0.9469,0
183,4554,14,CTX_A,M1,1,0.8274,0
183,4555,15,CTX_A,M1,1,1.1414,0
183,4556,16,CTX_B,M1,1,0.9098,0
183,4557,17,CTX_A,M1,1,0.7753,0
183,4558,18,CTX_B,M1,1,1.1162,1
183,4559,19,CTX_A,M1,1,0.7689,1
183,4560,20,CTX_A,M1,1,1.1775,0
183,4561,21,CTX_B,M1,1,1.1072,0
183,4562,22,CTX_B,M1,1,1.0844,0
183,4563,23,CTX_A,M1,1,1.0764,0
183,4564,24,CTX_A,M1,1,0.7611,0
183,4565,25,CTX_A,M1,1,0.8510,0
183,4566,26,CTX_A,M1,1,1.1078,0
183,4567,27,CTX_B,M1,1,0.7699,0
183,4568,28,CTX_A,M1,1,0.8242,0
183,4569,29,CTX_A,M1,1,0.9856,0
183,4570,30,CTX_B,M1,1,1.1514,0
183,4571,31,CTX_B,M1,1,0.6869,1
183,4572,32,CTX_A,M1,1,0.7413,0
183,4573,33,CTX_B,M1,1,0.7599,0
183,4574,34,CTX_B,M1,1,1.2629,0
183,4575,35,CTX_B,M1,1,1.0489,0
183,4576,36,CTX_A,M1,1,1.1984,0
183,4577,37,CTX_A,M1,1,1.1373,0
183,4578,38,CTX_A,M1,1,1.1729,0
183,4579,39,CTX_A,M1,1,0.6922,0
183,4580,40,CTX_B,M1,1,1.2740,0
183,4581,41,CTX_A,M1,1,1.0212,0
183,4582,42,CTX_A,M1,1,0.8590,1
183,4583,43,CTX_B,M1,1,1.0458,0
183,4584,44,CTX_A,M1,1,1.2823,0
183,4585,45,CTX_B,M1,1,1.1820,0
183,4586,46,CTX_A,M1,1,0.9125,1
183,4587,47,CTX_A,M1,1,1.2694,0
183,4588,48,CTX_B,M1,1,1.0867,0
183,4589,49,CTX_B,M1,1,1.1043,0
183,4590,50,CTX_A,M1,1,1.0680,0
183,4591,51,CTX_A,M1,1,0.9772,0
183,4592,52,CTX_B,M1,1,0.8996,0
183,4593,53,CTX_B,M1,1,0.8155,0
183,4594,54,CTX_B,M1,1,1.1372,0
183,4595,55,CTX_A,M1,1,1.0891,0
183,4596,56,CTX_A,M1,1,0.9468,1
183,4597,57,CTX_A,M1,1,0.8564,0
183,4598,58,CTX_B,M1,1,1.1184,0
183,4599,59,CTX_B,M1,1,1.1313,1
183,4600,60,CTX_A,M1,1,0.9781,0
183,4601,61,CTX_B,M1,1,0.7014,0
183,4602,62,CTX_A,M1,1,1.2279,0
183,4603,63,CTX_B,M1,1,0.9971,0
183,4604,64,CTX_A,M1,1,0.7669,0
183,4605,65,CTX_A,M1,1,1.1768,0
183,4606,66,CTX_B,M1,1,0.8499,0
183,4607,67,CTX_B,M1,1,0.7248,0
183,4608,68,CTX_B,M1,1,0.9919,0
183,4609,69,CTX_B,M1,1,0.7034,0
183,4610,70,CTX_A,M1,1,1.2784,1
183,4611,71,CTX_A,M1,1,0.9056,0
183,4612,72,CTX_B,M1,1,0.8789,0
183,4613,73,CTX_B,M1,1,0.7591,0
183,4614,74,CTX_B,M1,1,0.7674,0
183,4615,75,CTX_B,M1,1,0.7701,0
183,4616,76,CTX_A,M1,1,1.2085,1
183,4617,77,CTX_B,M1,1,1.1741,0
183,4618,78,CTX_B,M1,1,1.0564,0
183,4619,79,CTX_B,M1,1,0.6962,0
183,4620,80,CTX_B,M1,1,1.1247,0
183,4621,81,CTX_B,M1,1,0.9742,0
183,4622,82,CTX_B,M1,1,0.8629,0
183,4623,83,CTX_B,M1,1,0.7888,0
183,4624,84,CTX_B,M1,1,0.8465,0
183,4625,85,CTX_B,M1,1,0.9488,0
183,4626,86,CTX_B,M1,1,0.9106,0
183,4627,87,CTX_B,M1,1,0.6841,0
183,4628,88,CTX_B,M1,1,0.9393,0
183,4629,89,CTX_B,M1,1,1.1046,0
183,4630,90,CTX_B,M1,1,0.7484,0
183,4631,91,CTX_B,M1,1,0.8055,0
183,4632,92,CTX_B,M1,1,1.0373,0
183,4633,93,CTX_B,M1,1,0.9376,0
183,4634,94,CTX_B,M1,1,0.8117,0
183,4635,95,CTX_B,M1,1,1.0124,0
183,4636,96,CTX_B,M1,1,1.0618,0
183,4637,97,CTX_A,M1,1,1.0822,0
183,4638,98,CTX_A,M1,1,1.0990,0
183,4639,99,CTX_B,M1,1,0.9991,0
183,4640,100,CTX_A,M1,1,1.1557,1
184,4641,1,CTX_B,M1,1,1.2782,0
184,4642,2,CTX_A,M1,1,0.6702,1
184,4643,3,CTX_A,M1,1,1.2558,0
184,4644,4,CTX_B,M1,1,1.0621,1
184,4645,5,CTX_A,M1,1,1.0690,0
184,4646,6,CTX_A,M1,1,0.7129,0
184,4647,7,CTX_B,M1,1,0.7986,1
184,4648,8,CTX_B,M1,1,1.2093,0
184,4649,9,CTX_A,M1,1,0.8836,1
184,4650,10,CTX_A,M1,1,0.9403,0
185,4651,1,CTX_B,M1,1,0.6816,0
185,4652,2,CTX_A,M1,1,0.9224,1
185,4653,3,CTX_B,M1,1,1.2229,0
185,4654,4,CTX_A,M1,1,0.8991,0
185,4655,5,CTX_A,M1,1,1.0782,0
185,4656,6,CTX_B,M1,1,1.0421,0
185,4657,7,CTX_B,M1,1,0.8175,0
185,4658,8,CTX_B,M1,1,0.9895,0
185,4659,9,CTX_A,M1,1,1.2075,0
185,4660,10,CTX_B,M1,1,1.1022,0
185,4661,11,CTX_A,M1,1,0.7503,0
185,4662,12,CTX_B,M1,1,1.3365,0
185,4663,13,CTX_B,M1,1,1.3223,0
185,4664,14,CTX_A,M1,1,1.3023,0
185,4665,15,CTX_A,M1,1,1.0746,1
185,4666,16,CTX_B,M1,1,1.3302,0
185,4667,17,CTX_A,M1,1,0.6986,0
185,4668,18,CTX_A,M1,1,0.7435,0
185,4669,19,CTX_B,M1,1,0.8226,0
185,4670,20,CTX_A,M1,1,1.3404,0
185,4671,21,CTX_B,M1,1,1.3260,0
185,4672,22,CTX_B,M1,1,0.6894,0
185,4673,23,CTX_B,M1,1,1.1920,0
185,4674,24,CTX_B,M1,1,0.9151,0
185,4675,25,CTX_B,M1,1,1.3012,0
185,4676,26,CTX_A,M1,1,0.8555,0
185,4677,27,CTX_B,M1,1,0.8312,0
185,4678,28,CTX_B,M1,1,0.8296,0
185,4679,29,CTX_B,M1,1,1.2444,0
185,4680,30,CTX_A,M1,1,0.9108,0
185,4681,31,CTX_A,M1,1,0.9918,0
185,4682,32,CTX_A,M1,1,1.1864,0
185,4683,33,CTX_B,M1,1,0.7475,0
185,4684,34,CTX_A,M1,1,1.2364,0
185,4685,35,CTX_A,M1,1,1.1719,0
185,4686,36,CTX_B,M1,1,1.3204,0
185,4687,37,CTX_A,M1,1,0.7804,0
185,4688,38,CTX_A,M1,1,0.6871,0
185,4689,39,CTX_B,M1,1,1.2613,0
185,4690,40,CTX_A,M1,1,1.1026,0
185,4691,41,CTX_A,M1,1,0.6855,0
185,4692,42,CTX_B,M1,1,1.2473,0
185,4693,43,CTX_A,M1,1,1.0206,0
185,4694,44,CTX_A,M1,1,1.2977,0
185,4695,45,CTX_B,M1,1,1.1082,0
185,4696,46,CTX_A,M1,1,0.7751,0
185,4697,47,CTX_B,M1,1,1.2868,0
185,4698,48,CTX_B,M1,1,0.8081,0
185,4699,49,CTX_B,M1,1,1.1416,0
185,4700,50,CTX_B,M1,1,0.9835,0
185,4701,51,CTX_B,M1,1,0.9069,0
185,4702,52,CTX_A,M1,1,0.7860,0
185,4703,53,CTX_B,M1,1,0.6800,0
185,4704,54,CTX_B,M1,1,0.9343,0
185,4705,55,CTX_A,M1,1,1.1849,0
185,4706,56,CTX_B,M1,1,1.1193,0
185,4707,57,CTX_B,M1,1,0.8391,0
185,4708,58,CTX_A,M1,1,0.7282,0
185,4709,59,CTX_A,M1,1,0.9300,0
185,4710,60,CTX_A,M1,1,1.0345,0
185,4711,61,CTX_A,M1,1,1.1114,0
185,4712,62,CTX_A,M1,1,0.8113,0
185,4713,63,CTX_A,M1,1,1.2847,0
185,4714,64,CTX_B,M1,1,0.9433,0
185,4715,65,CTX_A,M1,1,1.2568,0
185,4716,66,CTX_A,M1,1,0.8022,0
185,4717,67,CTX_A,M1,1,0.9556,0
185,4718,68,CTX_A,M1,1,0.7247,0
185,4719,69,CTX_A,M1,1,1.3149,0
185,4720,70,CTX_A,M1,1,1.2208,0
185,4721,71,CTX_B,M1,1,0.6744,0
185,4722,72,CTX_A,M1,1,1.0781,0
185,4723,73,CTX_B,M1,1,1.0487,0
185,4724,74,CTX_A,M1,1,1.1064,0
185,4725,75,CTX_A,M1,1,0.6805,0
185,4726,76,CTX_B,M1,1,0.6732,0
185,4727,77,CTX_A,M1,1,1.0091,0
185,4728,78,CTX_B,M1,1,0.8921,0
185,4729,79,CTX_A,M1,1,1.2491,0
185,4730,80,CTX_A,M1,1,1.0147,0
185,4731,81,CTX_A,M1,1,1.2480,0
185,4732,82,CTX_A,M1,1,1.0592,0
185,4733,83,CTX_B,M1,1,0.9734,0
185,4734,84,CTX_A,M1,1,0.8318,0
185,4735,85,CTX_A,M1,1,0.9262,0
185,4736,86,CTX_A,M1,1,0.6549,0
185,4737,87,CTX_B,M1,1,1.0628,0
185,4738,88,CTX_B,M1,1,0.7129,0
185,4739,89,CTX_B,M1,1,0.8302,0
185,4740,90,CTX_B,M1,1,1.3402,0
185,4741,91,CTX_A,M1,1,0.8588,0
185,4742,92,CTX_B,M1,1,0.8528,0
185,4743,93,CTX_B,M1,1,1.1269,0
185,4744,94,CTX_A,M1,1,0.9788,0
185,4745,95,CTX_B,M1,1,0.9299,0
185,4746,96,CTX_A,M1,1,1.0123,0
185,4747,97,CTX_A,M1,1,0.9491,0
185,4748,98,CTX_A,M1,1,1.0984,0
185,4749,99,CTX_B,M1,1,0.7067,0
185,4750,100,CTX_A,M1,1,0.6985,0
186,4751,1,CTX_A,M1,1,0.7640,0
186,4752,2,CTX_A,M1,1,1.2010,1
186,4753,3,CTX_A,M1,1,1.1856,0
186,4754,4,CTX_A,M1,1,0.7199,0
186,4755,5,CTX_B,M1,1,1.0880,0
186,4756,6,CTX_B,M1,1,0.6662,0
186,4757,7,CTX_A,M1,1,0.8392,0
186,4758,8,CTX_A,M1,1,0.7470,0
186,4759,9,CTX_B,M1,1,0.8248,0
186,4760,10,CTX_A,M1,1,1.2802,0
187,4761,1,CTX_A,M1,1,0.8555,0
187,4762,2,CTX_B,M1,1,0.7327,1
187,4763,3,CTX_B,M1,1,1.1437,0
187,4764,4,CTX_A,M1,1,1.2978,0
187,4765,5,CTX_B,M1,1,1.0984,0
187,4766,6,CTX_A,M1,1,1.0283,1
187,4767,7,CTX_B,M1,1,0.8639,0
187,4768,8,CTX_A,M1,1,1.2553,1
187,4769,9,CTX_B,M1,1,1.1788,0
187,4770,10,CTX_B,M1,1,0.7011,0
187,4771,11,CTX_A,M1,1,0.7596,0
187,4772,12,CTX_A,M1,1,0.9201,0
187,4773,13,CTX_A,M1,1,0.9991,1
187,4774,14,CTX_A,M1,1,1.1006,0
187,4775,15,CTX_A,M1,1,0.9919,0
187,4776,16,CTX_B,M1,1,1.0615,0
187,4777,17,CTX_A,M1,1,1.3851,1
187,4778,18,CTX_B,M1,1,1.0686,0
187,4779,19,CTX_A,M1,1,0.8917,0
187,4780,20,CTX_A,M1,1,0.7581,0
187,4781,21,CTX_A,M1,1,0.8120,0
187,4782,22,CTX_A,M1,1,0.9886,0
187,4783,23,CTX_A,M1,1,1.3286,0
187,4784,24,CTX_B,M1,1,1.1044,0
187,4785,25,CTX_B,M1,1,1.0694,0
187,4786,26,CTX_A,M1,1,1.3249,1
187,4787,27,CTX_A,M1,1,0.9094,0
187,4788,28,CTX_A,M1,1,0.8398,0
187,4789,29,CTX_A,M1,1,0.7809,0
187,4790,30,CTX_B,M1,1,0.6197,0
187,4791,31,CTX_A,M1,1,1.3631,0
187,4792,32,CTX_A,M1,1,0.9509,0
187,4793,33,CTX_A,M1,1,0.7379,1
187,4794,34,CTX_B,M1,1,1.1990,0
187,4795,35,CTX_B,M1,1,1.3180,0
187,4796,36,CTX_B,M1,1,0.6887,0
187,4797,37,CTX_A,M1,1,1.1239,0
187,4798,38,CTX_B,M1,1,0.8757,0
187,4799,39,CTX_B,M1,1,1.1753,0
187,4800,40,CTX_A,M1,1,0.8918,0
187,4801,41,CTX_A,M1,1,1.0569,0
187,4802,42,CTX_A,M1,1,0.9412,0
187,4803,43,CTX_A,M1,1,0.9896,1
187,4804,44,CTX_B,M1,1,1.3101,0
187,4805,45,CTX_B,M1,1,1.0162,0
187,4806,46,CTX_A,M1,1,1.3859,0
187,4807,47,CTX_B,M1,1,1.3020,0
187,4808,48,CTX_B,M1,1,1.2464,1
187,4809,49,CTX_B,M1,1,1.1841,0
187,4810,50,CTX_B,M1,1,0.8810,0
187,4811,51,CTX_B,M1,1,0.8233,0
187,4812,52,CTX_A,M1,1,0.6522,0
187,4813,53,CTX_B,M1,1,1.2952,0
187,4814,54,CTX_A,M1,1,0.6887,0
187,4815,55,CTX_B,M1,1,1.2976,0
187,4816,56,CTX_B,M1,1,1.3268,0
187,4817,57,CTX_B,M1,1,0.8214,1
187,4818,58,CTX_B,M1,1,1.0324,1
187,4819,59,CTX_A,M1,1,0.6864,1
187,4820,60,CTX_A,M1,1,1.1025,0
187,4821,61,CTX_A,M1,1,0.8347,1
187,4822,62,CTX_A,M1,1,1.0815,0
187,4823,63,CTX_B,M1,1,0.8556,0
187,4824,64,CTX_A,M1,1,1.1593,0
187,4825,65,CTX_A,M1,1,1.3486,0
187,4826,66,CTX_B,M1,1,0.7484,1
187,4827,67,CTX_A,M1,1,1.2375,0
187,4828,68,CTX_B,M1,1,1.1787,1
187,4829,69,CTX_A,M1,1,1.2792,0
187,4830,70,CTX_A,M1,1,1.1460,0
187,4831,71,CTX_B,M1,1,1.1733,0
187,4832,72,CTX_B,M1,1,1.3190,0
187,4833,73,CTX_B,M1,1,0.6269,0
187,4834,74,CTX_B,M1,1,0.7434,0
187,4835,75,CTX_B,M1,1,1.3515,0
187,4836,76,CTX_A,M1,1,0.8019,0
187,4837,77,CTX_B,M1,1,0.8081,0
187,4838,78,CTX_B,M1,1,0.6943,1
187,4839,79,CTX_B,M1,1,1.1436,0
187,4840,80,CTX_B,M1,1,0.8805,0
187,4841,81,CTX_B,M1,1,0.8026,0
187,4842,82,CTX_A,M1,1,1.2969,0
187,4843,83,CTX_A,M1,1,1.1986,0
187,4844,84,CTX_A,M1,1,0.8174,0
187,4845,85,CTX_A,M1,1,0.9002,0
187,4846,86,CTX_B,M1,1,1.1244,0
187,4847,87,CTX_B,M1,1,0.7491,0
187,4848,88,CTX_B,M1,1,1.2166,0
187,4849,89,CTX_A,M1,1,1.2731,0
187,4850,90,CTX_A,M1,1,1.2800,1
187,4851,91,CTX_A,M1,1,0.9267,0
187,4852,92,CTX_B,M1,1,0.6314,1
187,4853,93,CTX_B,M1,1,1.3546,0
187,4854,94,CTX_A,M1,1,1.1828,0
187,4855,95,CTX_B,M1,1,0.8310,0
187,4856,96,CTX_B,M1,1,0.9519,0
187,4857,97,CTX_A,M1,1,0.7883,1
187,4858,98,CTX_A,M1,1,1.0956,0
187,4859,99,CTX_B,M1,1,1.1303,0
187,4860,100,CTX_A,M1,1,0.9216,0
188,4861,1,CTX_A,M1,1,0.9562,0
188,4862,2,CTX_B,M1,1,1.0296,0
188,4863,3,CTX_A,M1,1,1.0973,0
188,4864,4,CTX_A,M1,1,1.1206,0
188,4865,5,CTX_B,M1,1,1.1093,0
188,4866,6,CTX_B,M1,1,0.6162,0
188,4867,7,CTX_B,M1,1,0.8914,0
188,4868,8,CTX_A,M1,1,1.0022,0
188,4869,9,CTX_B,M1,1,0.7573,0
188,4870,10,CTX_A,M1,1,0.8770,0
189,4871,1,CTX_B,M1,1,1.0660,0
189,4872,2,CTX_B,M1,1,1.3528,0
189,4873,3,CTX_B,M1,1,1.0463,0
189,4874,4,CTX_A,M1,1,0.9270,0
189,4875,5,CTX_B,M1,1,1.1208,0
189,4876,6,CTX_A,M1,1,1.0112,0
189,4877,7,CTX_A,M1,1,0.9217,0
189,4878,8,CTX_A,M1,1,0.7265,0
189,4879,9,CTX_B,M1,1,1.1414,0
189,4880,10,CTX_B,M1,1,1.0690,0
189,4881,11,CTX_A,M1,1,0.7749,1
189,4882,12,CTX_B,M1,1,1.2658,0
189,4883,13,CTX_B,M1,1,0.6126,0
189,4884,14,CTX_A,M1,1,0.8576,0
189,4885,15,CTX_A,M1,1,0.8930,1
189,4886,16,CTX_B,M1,1,0.7391,0
189,4887,17,CTX_A,M1,1,1.3571,0
189,4888,18,CTX_A,M1,1,0.6138,0
189,4889,19,CTX_B,M1,1,0.9762,0
189,4890,20,CTX_B,M1,1,0.9083,0
189,4891,21,CTX_A,M1,1,1.0429,0
189,4892,22,CTX_B,M1,1,1.3465,0
189,4893,23,CTX_A,M1,1,0.6439,0
189,4894,24,CTX_A,M1,1,1.3290,0
189,4895,25,CTX_B,M1,1,0.7910,1
189,4896,26,CTX_B,M1,1,1.0383,0
189,4897,27,CTX_A,M1,1,1.0046,0
189,4898,28,CTX_A,M1,1,0.8549,0
189,4899,29,CTX_B,M1,1,1.0728,0
189,4900,30,CTX_A,M1,1,1.1206,0
189,4901,31,CTX_B,M1,1,0.9584,0
189,4902,32,CTX_B,M1,1,0.6701,0
189,4903,33,CTX_B,M1,1,0.7309,0
189,4904,34,CTX_B,M1,1,1.1509,0
189,4905,35,CTX_B,M1,1,0.6447,0
189,4906,36,CTX_B,M1,1,0.7810,1
189,4907,37,CTX_A,M1,1,0.6903,0
189,4908,38,CTX_A,M1,1,1.1035,0
189,4909,39,CTX_A,M1,1,1.0693,0
189,4910,40,CTX_A,M1,1,0.6417,0
189,4911,41,CTX_A,M1,1,0.6577,0
189,4912,42,CTX_B,M1,1,1.4186,0
189,4913,43,CTX_B,M1,1,0.9526,0
189,4914,44,CTX_A,M1,1,1.3195,0
189,4915,45,CTX_B,M1,1,0.9057,0
189,4916,46,CTX_A,M1,1,1.2673,0
189,4917,47,CTX_A,M1,1,1.3149,0
189,4918,48,CTX_B,M1,1,0.9239,1
189,4919,49,CTX_B,M1,1,1.2317,0
189,4920,50,CTX_A,M1,1,0.7605,0
189,4921,51,CTX_A,M1,1,0.7263,0
189,4922,52,CTX_B,M1,1,1.3407,0
189,4923,53,CTX_A,M1,1,1.1835,0
189,4924,54,CTX_B,M1,1,1.2427,0
189,4925,55,CTX_B,M1,1,0.5847,0
189,4926,56,CTX_A,M1,1,0.7269,0
189,4927,57,CTX_A,M1,1,0.8033,0
189,4928,58,CTX_A,M1,1,1.3957,0
189,4929,59,CTX_A,M1,1,1.2428,1
189,4930,60,CTX_A,M1,1,1.1820,0
189,4931,61,CTX_A,M1,1,1.3490,0
189,4932,62,CTX_A,M1,1,1.4033,0
189,4933,63,CTX_A,M1,1,1.1871,0
189,4934,64,CTX_B,M1,1,1.4148,0
189,4935,65,CTX_B,M1,1,0.6101,0
189,4936,66,CTX_A,M1,1,0.6885,0
189,4937,67,CTX_A,M1,1,0.7282,0
189,4938,68,CTX_B,M1,1,0.8762,0
189,4939,69,CTX_B,M1,1,1.2316,0
189,4940,70,CTX_B,M1,1,1.0539,0
189,4941,71,CTX_B,M1,1,0.9245,0
189,4942,72,CTX_B,M1,1,0.7591,0
189,4943,73,CTX_A,M1,1,0.9714,0
189,4944,74,CTX_A,M1,1,1.1561,0
189,4945,75,CTX_A,M1,1,1.3055,0
189,4946,76,CTX_B,M1,1,0.9593,0
189,4947,77,CTX_A,M1,1,1.4134,0
189,4948,78,CTX_A,M1,1,1.3055,0
189,4949,79,CTX_B,M1,1,1.0149,0
189,4950,80,CTX_A,M1,1,0.7220,0
189,4951,81,CTX_B,M1,1,1.1157,0
189,4952,82,CTX_A,M1,1,0.7337,0
189,4953,83,CTX_A,M1,1,0.6222,0
189,4954,84,CTX_B,M1,1,0.8035,0
189,4955,85,CTX_A,M1,1,0.8710,0
189,4956,86,CTX_A,M1,1,0.8413,0
189,4957,87,CTX_A,M1,1,1.2207,0
189,4958,88,CTX_A,M1,1,0.9730,0
189,4959,89,CTX_A,M1,1,0.9556,0
189,4960,90,CTX_A,M1,1,1.2031,0
189,4961,91,CTX_B,M1,1,1.0092,0
189,4962,92,CTX_A,M1,1,1.2154,0
189,4963,93,CTX_B,M1,1,0.7784,1
189,4964,94,CTX_A,M1,1,0.5811,0
189,4965,95,CTX_B,M1,1,0.7156,0
189,4966,96,CTX_A,M1,1,0.8805,0
189,4967,97,CTX_B,M1,1,0.5996,0
189,4968,98,CTX_B,M1,1,1.0905,0
189,4969,99,CTX_B,M1,1,0.7924,0
189,4970,100,CTX_B,M1,1,1.1899,0
190,4971,1,CTX_B,M1,1,1.1850,0
190,4972,2,CTX_B,M1,1,0.8256,0
190,4973,3,CTX_A,M1,1,0.9909,0
190,4974,4,CTX_A,M1,1,0.7172,0
190,4975,5,CTX_A,M1,1,1.1328,0
190,4976,6,CTX_A,M1,1,0.5630,0
190,4977,7,CTX_A,M1,1,0.9550,0
190,4978,8,CTX_B,M1,1,1.3050,0
190,4979,9,CTX_B,M1,1,0.6810,0
190,4980,10,CTX_A,M1,1,1.2772,0
191,4981,1,CTX_A,M1,1,1.3132,0
191,4982,2,CTX_A,M1,1,1.1671,1
191,4983,3,CTX_B,M1,1,0.9310,0
191,4984,4,CTX_A,M1,1,1.4025,0
191,4985,5,CTX_A,M1,1,1.1454,0
191,4986,6,CTX_B,M1,1,0.9909,0
191,4987,7,CTX_B,M1,1,0.9911,1
191,4988,8,CTX_B,M1,1,1.0186,0
191,4989,9,CTX_B,M1,1,1.0953,0
191,4990,10,CTX_B,M1,1,0.5902,0
191,4991,11,CTX_A,M1,1,0.7962,0
191,4992,12,CTX_A,M1,1,0.7580,0
191,4993,13,CTX_B,M1,1,1.0741,0
191,4994,14,CTX_A,M1,1,0.5733,0
191,4995,15,CTX_A,M1,1,0.7780,0
191,4996,16,CTX_B,M1,1,1.2744,0
191,4997,17,CTX_B,M1,1,1.3188,0
191,4998,18,CTX_B,M1,1,0.9949,0
191,4999,19,CTX_B,M1,1,1.0762,0
191,5000,20,CTX_B,M1,1,1.0867,1
191,5001,21,CTX_A,M1,1,1.3144,0
191,5002,22,CTX_A,M1,1,0.8520,0
191,5003,23,CTX_B,M1,1,0.7536,0
191,5004,24,CTX_B,M1,1,0.6775,0
191,5005,25,CTX_A,M1,1,1.3774,0
191,5006,26,CTX_B,M1,1,0.6999,0
191,5007,27,CTX_A,M1,1,1.1166,0
191,5008,28,CTX_B,M1,1,0.8747,0
191,5009,29,CTX_B,M1,1,1.4157,0
191,5010,30,CTX_B,M1,1,0.7978,0
191,5011,31,CTX_B,M1,1,1.3936,0
191,5012,32,CTX_B,M1,1,1.2554,1
191,5013,33,CTX_B,M1,1,0.7267,0
191,5014,34,CTX_A,M1,1,1.0919,0
191,5015,35,CTX_A,M1,1,0.7679,0
191,5016,36,CTX_B,M1,1,0.8931,0
191,5017,37,CTX_A,M1,1,1.0952,0
191,5018,38,CTX_B,M1,1,1.3705,1
191,5019,39,CTX_A,M1,1,0.9433,0
191,5020,40,CTX_B,M1,1,1.2635,1
191,5021,41,CTX_A,M1,1,1.1037,0
191,5022,42,CTX_A,M1,1,1.0637,0
191,5023,43,CTX_A,M1,1,0.9098,0
191,5024,44,CTX_B,M1,1,1.3260,1
191,5025,45,CTX_B,M1,1,0.7770,0
191,5026,46,CTX_A,M1,1,1.1237,0
191,5027,47,CTX_B,M1,1,1.3255,0
191,5028,48,CTX_B,M1,1,0.5450,1
191,5029,49,CTX_B,M1,1,1.2844,0
191,5030,50,CTX_B,M1,1,0.6219,0
191,5031,51,CTX_B,M1,1,0.6161,1
191,5032,52,CTX_B,M1,1,1.2357,0
191,5033,53,CTX_A,M1,1,1.0491,1
191,5034,54,CTX_B,M1,1,0.9808,0
191,5035,55,CTX_B,M1,1,0.6621,0
191,5036,56,CTX_A,M1,1,0.9353,0
191,5037,57,CTX_B,M1,1,0.7849,1
191,5038,58,CTX_B,M1,1,0.9066,0
191,5039,59,CTX_A,M1,1,0.9837,1
191,5040,60,CTX_A,M1,1,1.2730,0
191,5041,61,CTX_B,M1,1,1.0386,1
191,5042,62,CTX_A,M1,1,0.8651,0
191,5043,63,CTX_B,M1,1,0.6638,0
191,5044,64,CTX_A,M1,1,0.7985,0
191,5045,65,CTX_B,M1,1,0.6567,1
191,5046,66,CTX_B,M1,1,0.6224,0
191,5047,67,CTX_B,M1,1,1.0433,0
191,5048,68,CTX_A,M1,1,1.4329,0
191,5049,69,CTX_B,M1,1,1.1722,1
191,5050,70,CTX_B,M1,1,0.9447,0
191,5051,71,CTX_A,M1,1,0.6324,0
191,5052,72,CTX_A,M1,1,1.0142,0
191,5053,73,CTX_A,M1,1,1.3777,0
191,5054,74,CTX_A,M1,1,0.7287,0
191,5055,75,CTX_B,M1,1,1.2468,0
191,5056,76,CTX_A,M1,1,1.1454,0
191,5057,77,CTX_A,M1,1,1.2093,0
191,5058,78,CTX_A,M1,1,1.1100,0
191,5059,79,CTX_A,M1,1,0.8630,0
191,5060,80,CTX_B,M1,1,1.4508,0
191,5061,81,CTX_A,M1,1,0.5716,0
191,5062,82,CTX_A,M1,1,0.9851,1
191,5063,83,CTX_B,M1,1,0.8598,0
191,5064,84,CTX_B,M1,1,0.7899,0
191,5065,85,CTX_B,M1,1,0.8384,0
191,5066,86,CTX_B,M1,1,1.4214,0
191,5067,87,CTX_A,M1,1,0.8619,0
191,5068,88,CTX_A,M1,1,0.6862,0
191,5069,89,CTX_A,M1,1,0.5822,0
191,5070,90,CTX_A,M1,1,1.1096,0
191,5071,91,CTX_A,M1,1,1.1063,0
191,5072,92,CTX_A,M1,1,0.9891,0
191,5073,93,CTX_B,M1,1,1.0140,1
191,5074,94,CTX_A,M1,1,0.7896,0
191,5075,95,CTX_A,M1,1,0.5838,0
191,5076,96,CTX_B,M1,1,0.7981,0
191,5077,97,CTX_B,M1,1,1.2945,0
191,5078,98,CTX_B,M1,1,1.0832,0
191,5079,99,CTX_B,M1,1,1.3085,0
191,5080,100,CTX_B,M1,1,0.5918,0
192,5081,1,CTX_A,M1,1,1.4504,0
192,5082,2,CTX_A,M1,1,0.5891,0
192,5083,3,CTX_A,M1,1,0.8665,0
192,5084,4,CTX_A,M1,1,1.1947,0
192,5085,5,CTX_A,M1,1,1.1585,0
192,5086,6,CTX_A,M1,1,1.4526,0
192,5087,7,CTX_B,M1,1,1.0301,0
192,5088,8,CTX_B,M1,1,0.7095,0
192,5089,9,CTX_B,M1,1,0.5960,0
192,5090,10,CTX_A,M1,1,0.7962,0
193,5091,1,CTX_A,M1,1,0.6165,0
193,5092,2,CTX_A,M1,1,0.9489,0
193,5093,3,CTX_B,M1,1,0.7975,0
193,5094,4,CTX_A,M1,1,0.9705,1
193,5095,5,CTX_A,M1,1,1.1722,0
193,5096,6,CTX_B,M1,1,0.9675,0
193,5097,7,CTX_A,M1,1,1.0719,0
193,5098,8,CTX_B,M1,1,1.3583,0
193,5099,9,CTX_A,M1,1,1.0404,1
193,5100,10,CTX_B,M1,1,1.0184,1
193,5101,11,CTX_B,M1,1,0.8236,0
193,5102,12,CTX_B,M1,1,1.1503,0
193,5103,13,CTX_A,M1,1,0.6299,0
193,5104,14,CTX_A,M1,1,1.2282,0
193,5105,15,CTX_A,M1,1,0.6469,0
193,5106,16,CTX_B,M1,1,0.9135,0
193,5107,17,CTX_B,M1,1,1.2702,0
193,5108,18,CTX_A,M1,1,1.4385,0
193,5109,19,CTX_A,M1,1,1.1916,0
193,5110,20,CTX_B,M1,1,1.2932,0
193,5111,21,CTX_A,M1,1,0.6461,0
193,5112,22,CTX_A,M1,1,1.2586,0
193,5113,23,CTX_A,M1,1,0.8842,0
193,5114,24,CTX_B,M1,1,0.9036,0
193,5115,25,CTX_A,M1,1,1.0747,0
193,5116,26,CTX_B,M1,1,1.2901,0
193,5117,27,CTX_A,M1,1,1.2456,1
193,5118,28,CTX_A,M1,1,0.8994,0
193,5119,29,CTX_A,M1,1,0.8293,0
193,5120,30,CTX_A,M1,1,1.4050,0
193,5121,31,CTX_B,M1,1,0.9147,0
193,5122,32,CTX_B,M1,1,0.9531,0
193,5123,33,CTX_A,M1,1,0.7251,0
193,5124,34,CTX_A,M1,1,1.0222,0
193,5125,35,CTX_B,M1,1,0.9141,0
193,5126,36,CTX_B,M1,1,1.0247,0
193,5127,37,CTX_A,M1,1,0.5849,0
193,5128,38,CTX_B,M1,1,0.6962,0
193,5129,39,CTX_B,M1,1,0.7975,0
193,5130,40,CTX_B,M1,1,1.0035,0
193,5131,41,CTX_A,M1,1,0.6410,0
193,5132,42,CTX_B,M1,1,0.6499,1
193,5133,43,CTX_B,M1,1,0.8610,0
193,5134,44,CTX_A,M1,1,1.3295,0
193,5135,45,CTX_B,M1,1,0.6299,0
193,5136,46,CTX_A,M1,1,0.9550,1
193,5137,47,CTX_A,M1,1,1.3337,1
193,5138,48,CTX_B,M1,1,1.0901,1
193,5139,49,CTX_B,M1,1,1.3422,0
193,5140,50,CTX_B,M1,1,1.4458,0
193,5141,51,CTX_B,M1,1,1.4731,0
193,5142,52,CTX_A,M1,1,1.1105,0
193,5143,53,CTX_A,M1,1,0.8922,0
193,5144,54,CTX_A,M1,1,0.6761,0
193,5145,55,CTX_B,M1,1,0.7564,0
193,5146,56,CTX_B,M1,1,1.1786,0
193,5147,57,CTX_A,M1,1,0.7661,0
193,5148,58,CTX_A,M1,1,1.3190,0
193,5149,59,CTX_B,M1,1,0.6823,1
193,5150,60,CTX_A,M1,1,1.3755,0
193,5151,61,CTX_B,M1,1,0.6769,0
193,5152,62,CTX_A,M1,1,1.2209,0
193,5153,63,CTX_A,M1,1,1.0392,0
193,5154,64,CTX_B,M1,1,1.0641,0
193,5155,65,CTX_B,M1,1,0.7153,1
193,5156,66,CTX_A,M1,1,0.5501,0
193,5157,67,CTX_B,M1,1,1.4095,0
193,5158,68,CTX_B,M1,1,1.0951,0
193,5159,69,CTX_B,M1,1,1.1009,0
193,5160,70,CTX_B,M1,1,0.8182,0
193,5161,71,CTX_A,M1,1,1.2774,0
193,5162,72,CTX_B,M1,1,1.3109,0
193,5163,73,CTX_A,M1,1,0.8656,0
193,5164,74,CTX_B,M1,1,1.2152,0
193,5165,75,CTX_A,M1,1,1.1755,0
193,5166,76,CTX_B,M1,1,1.3601,0
193,5167,77,CTX_B,M1,1,0.9691,0
193,5168,78,CTX_B,M1,1,0.8810,0
193,5169,79,CTX_B,M1,1,0.6879,0
193,5170,80,CTX_A,M1,1,1.3129,1
193,5171,81,CTX_B,M1,1,0.9241,0
193,5172,82,CTX_A,M1,1,1.2780,0
193,5173,83,CTX_B,M1,1,1.1380,0
193,5174,84,CTX_B,M1,1,0.7767,0
193,5175,85,CTX_B,M1,1,0.8024,0
193,5176,86,CTX_A,M1,1,1.1109,0
193,5177,87,CTX_A,M1,1,1.4264,0
193,5178,88,CTX_A,M1,1,1.3368,1
193,5179,89,CTX_B,M1,1,1.1332,0
193,5180,90,CTX_B,M1,1,0.9993,0
193,5181,91,CTX_A,M1,1,1.2180,1
193,5182,92,CTX_A,M1,1,0.7258,0
193,5183,93,CTX_A,M1,1,1.2880,0
193,5184,94,CTX_B,M1,1,1.0348,1
193,5185,95,CTX_A,M1,1,1.4160,0
193,5186,96,CTX_A,M1,1,0.7047,0
193,5187,97,CTX_B,M1,1,1.1192,0
193,5188,98,CTX_A,M1,1,1.0737,0
193,5189,99,CTX_B,M1,1,0.9249,0
193,5190,100,CTX_B,M1,1,0.8813,0
194,5191,1,CTX_B,M1,1,0.7375,0
194,5192,2,CTX_A,M1,1,1.3351,0
194,5193,3,CTX_A,M1,1,0.7240,0
194,5194,4,CTX_A,M1,1,0.7301,0
194,5195,5,CTX_B,M1,1,1.1865,0
194,5196,6,CTX_B,M1,1,1.4620,0
194,5197,7,CTX_A,M1,1,1.1166,0
194,5198,8,CTX_A,M1,1,1.0386,0
194,5199,9,CTX_A,M1,1,0.5022,0
194,5200,10,CTX_A,M1,1,1.2567,0
195,5201,1,CTX_B,M1,1,0.8678,0
195,5202,2,CTX_B,M1,1,0.6982,0
195,5203,3,CTX_B,M1,1,0.6460,0
195,5204,4,CTX_A,M1,1,1.5229,0
195,5205,5,CTX_B,M1,1,1.2013,0
195,5206,6,CTX_A,M1,1,0.9408,0
195,5207,7,CTX_B,M1,1,1.1642,0
195,5208,8,CTX_A,M1,1,0.6963,0
195,5209,9,CTX_A,M1,1,0.9768,0
195,5210,10,CTX_A,M1,1,1.5112,0
195,5211,11,CTX_B,M1,1,0.8570,0
195,5212,12,CTX_A,M1,1,0.5510,0
195,5213,13,CTX_B,M1,1,1.1719,0
195,5214,14,CTX_B,M1,1,0.9304,0
195,5215,15,CTX_B,M1,1,0.4998,0
195,5216,16,CTX_B,M1,1,0.4989,0
195,5217,17,CTX_B,M1,1,1.2115,0
195,5218,18,CTX_A,M1,1,0.8952,0
195,5219,19,CTX_B,M1,1,1.3225,0
195,5220,20,CTX_B,M1,1,0.4784,0
195,5221,21,CTX_A,M1,1,0.9298,0
195,5222,22,CTX_B,M1,1,0.6746,0
195,5223,23,CTX_A,M1,1,1.0360,0
195,5224,24,CTX_A,M1,1,1.1651,0
195,5225,25,CTX_B,M1,1,0.7254,0
195,5226,26,CTX_A,M1,1,0.9173,0
195,5227,27,CTX_A,M1,1,1.3916,0
195,5228,28,CTX_B,M1,1,0.9289,0
195,5229,29,CTX_B,M1,1,1.2052,0
195,5230,30,CTX_B,M1,1,1.0504,0
195,5231,31,CTX_A,M1,1,1.4137,0
195,5232,32,CTX_B,M1,1,0.6054,0
195,5233,33,CTX_B,M1,1,0.7263,0
195,5234,34,CTX_B,M1,1,0.9416,0
195,5235,35,CTX_A,M1,1,1.0834,0
195,5236,36,CTX_A,M1,1,1.1761,0
195,5237,37,CTX_A,M1,1,1.0511,0
195,5238,38,CTX_A,M1,1,0.9724,1
195,5239,39,CTX_B,M1,1,0.6317,0
195,5240,40,CTX_B,M1,1,0.7041,0
195,5241,41,CTX_A,M1,1,1.1615,0
195,5242,42,CTX_A,M1,1,1.2265,0
195,5243,43,CTX_B,M1,1,0.8064,0
195,5244,44,CTX_B,M1,1,1.3299,0
195,5245,45,CTX_B,M1,1,1.5139,0
195,5246,46,CTX_A,M1,1,0.7612,0
195,5247,47,CTX_B,M1,1,1.3397,0
195,5248,48,CTX_B,M1,1,0.6673,0
195,5249,49,CTX_B,M1,1,1.4051,0
195,5250,50,CTX_A,M1,1,1.3402,0
195,5251,51,CTX_A,M1,1,1.4053,0
195,5252,52,CTX_A,M1,1,0.9653,0
195,5253,53,CTX_B,M1,1,0.7125,0
195,5254,54,CTX_A,M1,1,1.3782,0
195,5255,55,CTX_B,M1,1,0.8675,0
195,5256,56,CTX_A,M1,1,1.4569,0
195,5257,57,CTX_B,M1,1,0.7470,0
195,5258,58,CTX_A,M1,1,0.7409,0
195,5259,59,CTX_B,M1,1,1.3881,1
195,5260,60,CTX_B,M1,1,1.4896,0
195,5261,61,CTX_A,M1,1,1.3133,0
195,5262,62,CTX_B,M1,1,0.5788,0
195,5263,63,CTX_B,M1,1,1.4711,0
195,5264,64,CTX_A,M1,1,1.3693,0
195,5265,65,CTX_B,M1,1,0.7858,1
195,5266,66,CTX_B,M1,1,1.5212,0
195,5267,67,CTX_B,M1,1,0.7773,0
195,5268,68,CTX_A,M1,1,0.7050,0
195,5269,69,CTX_A,M1,1,1.0177,0
195,5270,70,CTX_B,M1,1,0.6745,0
195,5271,71,CTX_A,M1,1,0.9677,0
195,5272,72,CTX_B,M1,1,0.5998,0
195,5273,73,CTX_B,M1,1,1.3267,0
195,5274,74,CTX_A,M1,1,0.7236,0
195,5275,75,CTX_B,M1,1,1.0915,0
195,5276,76,CTX_A,M1,1,0.5542,0
195,5277,77,CTX_A,M1,1,0.6930,0
195,5278,78,CTX_B,M1,1,0.6187,0
195,5279,79,CTX_A,M1,1,0.4896,0
195,5280,80,CTX_B,M1,1,1.1508,0
195,5281,81,CTX_B,M1,1,1.3308,0
195,5282,82,CTX_A,M1,1,0.5628,0
195,5283,83,CTX_B,M1,1,1.4569,0
195,5284,84,CTX_A,M1,1,0.7638,0
195,5285,85,CTX_A,M1,1,0.7632,0
195,5286,86,CTX_B,M1,1,0.7522,0
195,5287,87,CTX_B,M1,1,1.0223,0
195,5288,88,CTX_A,M1,1,1.0328,0
195,5289,89,CTX_B,M1,1,0.7167,0
195,5290,90,CTX_B,M1,1,0.8723,0
195,5291,91,CTX_B,M1,1,1.3443,0
195,5292,92,CTX_B,M1,1,1.4751,0
195,5293,93,CTX_A,M1,1,0.5509,0
195,5294,94,CTX_B,M1,1,1.3168,0
195,5295,95,CTX_A,M1,1,1.3204,0
195,5296,96,CTX_B,M1,1,0.6003,0
195,5297,97,CTX_A,M1,1,0.9161,0
195,5298,98,CTX_A,M1,1,1.0619,0
195,5299,99,CTX_B,M1,1,0.4841,0
195,5300,100,CTX_B,M1,1,1.2158,0
196,5301,1,CTX_A,M1,1,1.0072,0
196,5302,2,CTX_B,M1,1,1.1026,0
196,5303,3,CTX_A,M1,1,0.5635,0
196,5304,4,CTX_A,M1,1,1.2844,0
196,5305,5,CTX_B,M1,1,1.2167,0
196,5306,6,CTX_B,M1,1,1.4682,0
196,5307,7,CTX_A,M1,1,1.2147,0
196,5308,8,CTX_A,M1,1,1.4153,0
196,5309,9,CTX_A,M1,1,1.4837,0
196,5310,10,CTX_B,M1,1,0.6980,0
197,5311,1,CTX_A,M1,1,1.0861,0
197,5312,2,CTX_B,M1,1,1.2950,0
197,5313,3,CTX_B,M1,1,0.7105,0
197,5314,4,CTX_A,M1,1,1.0164,0
197,5315,5,CTX_B,M1,1,1.1286,0
197,5316,6,CTX_A,M1,1,0.9507,0
197,5317,7,CTX_A,M1,1,1.1482,0
197,5318,8,CTX_A,M1,1,1.0344,1
197,5319,9,CTX_A,M1,1,0.9472,0
197,5320,10,CTX_A,M1,1,0.9725,0
197,5321,11,CTX_B,M1,1,0.9427,0
197,5322,12,CTX_B,M1,1,0.9945,1
197,5323,13,CTX_A,M1,1,0.8175,0
197,5324,14,CTX_B,M1,1,0.7740,0
197,5325,15,CTX_B,M1,1,1.2516,0
197,5326,16,CTX_B,M1,1,1.0824,0
197,5327,17,CTX_B,M1,1,1.0788,0
197,5328,18,CTX_B,M1,1,1.2184,0
197,5329,19,CTX_A,M1,1,1.2592,0
197,5330,20,CTX_B,M1,1,0.8187,0
197,5331,21,CTX_A,M1,1,1.1405,0
197,5332,22,CTX_A,M1,1,1.0718,0
197,5333,23,CTX_B,M1,1,1.1154,0
197,5334,24,CTX_B,M1,1,1.2553,0
197,5335,25,CTX_B,M1,1,1.2477,0
197,5336,26,CTX_A,M1,1,0.7195,1
197,5337,27,CTX_A,M1,1,1.3066,0
197,5338,28,CTX_A,M1,1,0.9796,0
197,5339,29,CTX_A,M1,1,0.7311,1
197,5340,30,CTX_A,M1,1,0.8039,0
197,5341,31,CTX_A,M1,1,0.9229,0
197,5342,32,CTX_B,M1,1,1.1830,0
197,5343,33,CTX_B,M1,1,0.8508,0
197,5344,34,CTX_B,M1,1,0.9172,0
197,5345,35,CTX_B,M1,1,1.1525,0
197,5346,36,CTX_A,M1,1,1.1920,0
197,5347,37,CTX_A,M1,1,0.7036,0
197,5348,38,CTX_B,M1,1,1.1591,0
197,5349,39,CTX_A,M1,1,0.6936,0
197,5350,40,CTX_A,M1,1,1.2675,0
197,5351,41,CTX_B,M1,1,0.7984,0
197,5352,42,CTX_B,M1,1,0.8694,0
197,5353,43,CTX_A,M1,1,0.8594,0
197,5354,44,CTX_B,M1,1,1.1810,0
197,5355,45,CTX_B,M1,1,1.2208,0
197,5356,46,CTX_A,M1,1,0.7469,0
197,5357,47,CTX_A,M1,1,1.1898,0
197,5358,48,CTX_B,M1,1,1.1695,0
197,5359,49,CTX_B,M1,1,1.2616,0
197,5360,50,CTX_A,M1,1,1.1198,0
197,5361,51,CTX_B,M1,1,1.1793,0
197,5362,52,CTX_B,M1,1,0.8893,0
197,5363,53,CTX_B,M1,1,0.7292,0
197,5364,54,CTX_B,M1,1,1.0316,0
197,5365,55,CTX_A,M1,1,0.9975,0
197,5366,56,CTX_A,M1,1,0.8074,1
197,5367,57,CTX_A,M1,1,0.8494,0
197,5368,58,CTX_B,M1,1,1.1119,0
197,5369,59,CTX_B,M1,1,1.0394,0
197,5370,60,CTX_B,M1,1,0.7217,0
197,5371,61,CTX_A,M1,1,0.9546,0
197,5372,62,CTX_B,M1,1,0.9827,1
197,5373,63,CTX_A,M1,1,0.9121,0
197,5374,64,CTX_B,M1,1,0.7763,1
197,5375,65,CTX_B,M1,1,0.9271,0
197,5376,66,CTX_A,M1,1,1.2796,0
197,5377,67,CTX_A,M1,1,1.0977,1
197,5378,68,CTX_B,M1,1,1.2108,0
197,5379,69,CTX_A,M1,1,0.9572,0
197,5380,70,CTX_A,M1,1,0.7310,0
197,5381,71,CTX_B,M1,1,0.7869,0
197,5382,72,CTX_A,M1,1,0.9507,0
197,5383,73,CTX_B,M1,1,0.8514,0
197,5384,74,CTX_B,M1,1,1.1569,0
197,5385,75,CTX_A,M1,1,0.9971,0
197,5386,76,CTX_B,M1,1,0.8658,0
197,5387,77,CTX_A,M1,1,1.2760,1
197,5388,78,CTX_B,M1,1,1.2441,0
197,5389,79,CTX_B,M1,1,1.2137,0
197,5390,80,CTX_A,M1,1,0.9804,0
197,5391,81,CTX_A,M1,1,0.8193,0
197,5392,82,CTX_B,M1,1,0.9278,0
197,5393,83,CTX_A,M1,1,0.8330,0
197,5394,84,CTX_A,M1,1,0.8625,0
197,5395,85,CTX_A,M1,1,0.8455,0
197,5396,86,CTX_A,M1,1,1.2564,0
197,5397,87,CTX_B,M1,1,0.7574,1
197,5398,88,CTX_A,M1,1,0.8262,0
197,5399,89,CTX_B,M1,1,1.2006,0
197,5400,90,CTX_B,M1,1,0.8500,0
197,5401,91,CTX_B,M1,1,1.2683,0
197,5402,92,CTX_B,M1,1,1.1144,0
197,5403,93,CTX_A,M1,1,0.9075,0
197,5404,94,CTX_B,M1,1,0.7330,0
197,5405,95,CTX_A,M1,1,1.1152,0
197,5406,96,CTX_A,M1,1,0.7151,0
197,5407,97,CTX_A,M1,1,0.8259,0
197,5408,98,CTX_B,M1,1,1.0265,0
197,5409,99,CTX_B,M1,1,1.0577,0
197,5410,100,CTX_B,M1,1,0.7108,1
198,5411,1,CTX_A,M1,1,1.1775,0
198,5412,2,CTX_B,M1,1,0.9080,0
198,5413,3,CTX_A,M1,1,1.3047,0
198,5414,4,CTX_A,M1,1,0.8633,0
198,5415,5,CTX_A,M1,1,1.1411,0
198,5416,6,CTX_A,M1,1,1.2669,0
198,5417,7,CTX_B,M1,1,1.1836,1
198,5418,8,CTX_B,M1,1,0.8226,0
198,5419,9,CTX_A,M1,1,1.2500,0
198,5420,10,CTX_B,M1,1,1.1239,1
199,5421,1,CTX_B,M1,1,1.2780,0
199,5422,2,CTX_A,M1,1,1.1660,0
199,5423,3,CTX_B,M1,1,1.2758,0
199,5424,4,CTX_A,M1,1,0.6939,0
199,5425,5,CTX_A,M1,1,1.1541,0
199,5426,6,CTX_B,M1,1,0.9293,0
199,5427,7,CTX_B,M1,1,1.2219,0
199,5428,8,CTX_B,M1,1,1.2756,0
199,5429,9,CTX_A,M1,1,0.8977,0
199,5430,10,CTX_A,M1,1,1.2915,0
199,5431,11,CTX_B,M1,1,0.9664,0
199,5432,12,CTX_A,M1,1,1.2818,0
199,5433,13,CTX_B,M1,1,1.1693,0
199,5434,14,CTX_B,M1,1,1.2306,0
199,5435,15,CTX_B,M1,1,1.1996,0
199,5436,16,CTX_B,M1,1,0.8240,0
199,5437,17,CTX_B,M1,1,1.0366,0
199,5438,18,CTX_A,M1,1,0.8666,0
199,5439,19,CTX_A,M1,1,0.6775,1
199,5440,20,CTX_A,M1,1,0.9387,0
199,5441,21,CTX_A,M1,1,0.6708,0
199,5442,22,CTX_A,M1,1,0.6853,0
199,5443,23,CTX_A,M1,1,1.2330,0
199,5444,24,CTX_B,M1,1,0.7720,0
199,5445,25,CTX_B,M1,1,1.0430,0
199,5446,26,CTX_A,M1,1,1.1181,0
199,5447,27,CTX_A,M1,1,0.7375,0
199,5448,28,CTX_B,M1,1,1.0013,0
199,5449,29,CTX_B,M1,1,0.9553,0
199,5450,30,CTX_A,M1,1,1.2185,0
199,5451,31,CTX_A,M1,1,1.2452,0
199,5452,32,CTX_B,M1,1,0.9778,0
199,5453,33,CTX_A,M1,1,0.8475,0
199,5454,34,CTX_A,M1,1,0.8541,0
199,5455,35,CTX_A,M1,1,1.2843,0
199,5456,36,CTX_A,M1,1,1.3114,0
199,5457,37,CTX_A,M1,1,0.9951,0
199,5458,38,CTX_A,M1,1,0.6844,0
199,5459,39,CTX_B,M1,1,1.2476,0
199,5460,40,CTX_A,M1,1,1.1010,0
199,5461,41,CTX_B,M1,1,1.1335,0
199,5462,42,CTX_A,M1,1,1.2487,0
199,5463,43,CTX_B,M1,1,0.8144,0
199,5464,44,CTX_A,M1,1,1.1864,0
199,5465,45,CTX_B,M1,1,1.1541,0
199,5466,46,CTX_A,M1,1,1.2813,0
199,5467,47,CTX_B,M1,1,1.1995,0
199,5468,48,CTX_B,M1,1,0.9073,0
199,5469,49,CTX_B,M1,1,1.3162,0
199,5470,50,CTX_B,M1,1,1.0435,0
199,5471,51,CTX_A,M1,1,1.1331,0
199,5472,52,CTX_A,M1,1,0.7767,0
199,5473,53,CTX_B,M1,1,1.2738,0
199,5474,54,CTX_B,M1,1,0.8225,0
199,5475,55,CTX_A,M1,1,1.0813,0
199,5476,56,CTX_B,M1,1,0.9600,0
199,5477,57,CTX_B,M1,1,0.8308,0
199,5478,58,CTX_A,M1,1,0.7310,0
199,5479,59,CTX_A,M1,1,0.8333,0
199,5480,60,CTX_B,M1,1,0.7481,0
199,5481,61,CTX_B,M1,1,0.6939,0
199,5482,62,CTX_B,M1,1,1.2374,0
199,5483,63,CTX_B,M1,1,1.1834,0
199,5484,64,CTX_B,M1,1,0.9483,0
199,5485,65,CTX_B,M1,1,0.9783,0
199,5486,66,CTX_B,M1,1,1.2802,0
199,5487,67,CTX_A,M1,1,0.6756,0
199,5488,68,CTX_A,M1,1,0.9745,0
199,5489,69,CTX_B,M1,1,0.8933,0
199,5490,70,CTX_A,M1,1,1.3027,0
199,5491,71,CTX_B,M1,1,1.2350,0
199,5492,72,CTX_B,M1,1,1.1525,0
199,5493,73,CTX_B,M1,1,1.1431,0
199,5494,74,CTX_B,M1,1,0.8424,0
199,5495,75,CTX_B,M1,1,0.9337,0
199,5496,76,CTX_B,M1,1,0.9937,0
199,5497,77,CTX_B,M1,1,1.1273,0
199,5498,78,CTX_A,M1,1,1.1049,0
199,5499,79,CTX_A,M1,1,1.1221,0
199,5500,80,CTX_B,M1,1,0.8576,0
199,5501,81,CTX_B,M1,1,1.0691,0
199,5502,82,CTX_B,M1,1,1.1259,0
199,5503,83,CTX_A,M1,1,1.0170,0
199,5504,84,CTX_B,M1,1,0.8491,1
199,5505,85,CTX_B,M1,1,0.8116,0
199,5506,86,CTX_B,M1,1,1.0449,0
199,5507,87,CTX_A,M1,1,1.1335,0
199,5508,88,CTX_A,M1,1,1.2797,0
199,5509,89,CTX_A,M1,1,0.9440,0
199,5510,90,CTX_B,M1,1,0.7501,0
199,5511,91,CTX_A,M1,1,0.6834,0
199,5512,92,CTX_B,M1,1,0.9432,0
199,5513,93,CTX_A,M1,1,1.0886,0
199,5514,94,CTX_A,M1,1,0.8863,0
199,5515,95,CTX_A,M1,1,1.0462,0
199,5516,96,CTX_B,M1,1,1.3161,0
199,5517,97,CTX_A,M1,1,0.6679,0
199,5518,98,CTX_B,M1,1,1.0183,1
199,5519,99,CTX_B,M1,1,0.7789,0
199,5520,100,CTX_B,M1,1,0.9032,0
200,5521,1,CTX_B,M1,1,0.6657,0
200,5522,2,CTX_A,M1,1,0.7283,0
200,5523,3,CTX_A,M1,1,1.2425,1
200,5524,4,CTX_A,M1,1,1.2303,0
200,5525,5,CTX_A,M1,1,1.1677,0
200,5526,6,CTX_A,M1,1,1.2783,0
200,5527,7,CTX_A,M1,1,1.2630,0
200,5528,8,CTX_B,M1,1,1.0530,0
200,5529,9,CTX_B,M1,1,1.2307,0
200,5530,10,CTX_B,M1,1,0.7532,0
